// esp32-S3-ws4-caravan v1.0
/* font_latin1: the Latin-1 letters LVGL's built-in Montserrat fonts lack
 * (U+00A1-U+00FF, OE, oe, euro), rendered from Montserrat Medium, 4 bpp.
 * Each font falls back to the built-in Montserrat of the same size, and has a
 * slightly taller line so accents and the ring on the A are not clipped.
 * Used only when a translation is active. Generated by tools/gen_font_latin1.py. */
#include <lvgl.h>

#if LV_FONT_MONTSERRAT_14
static LV_ATTRIBUTE_LARGE_CONST const uint8_t font_latin1_14_bitmap[] = {
    0x0c, 0x80, 0x0b, 0x70, 0x00, 0x00, 0x0a, 0x60, 0x0b, 0x70, 0x0b, 0x80, 0x0c, 0x80, 0x0c, 0x90,
    0x0d, 0x90, 0x0d, 0xa0, 0x00, 0x01, 0xd0, 0x00, 0x00, 0x01, 0xd0, 0x00, 0x00, 0x8e, 0xfd, 0x60,
    0x09, 0xf9, 0xea, 0xf5, 0x2f, 0x71, 0xd0, 0x40, 0x5f, 0x11, 0xd0, 0x00, 0x6f, 0x01, 0xd0, 0x00,
    0x3f, 0x41, 0xd0, 0x00, 0x0b, 0xd4, 0xd4, 0xd4, 0x01, 0xbf, 0xff, 0xa0, 0x00, 0x02, 0xd2, 0x00,
    0x00, 0x01, 0xd0, 0x00, 0x00, 0x06, 0xce, 0xec, 0x60, 0x08, 0xf8, 0x55, 0x76, 0x00, 0xe8, 0x00,
    0x00, 0x00, 0x1f, 0x50, 0x00, 0x00, 0x9f, 0xff, 0xff, 0xf1, 0x02, 0x4f, 0x73, 0x33, 0x00, 0x01,
    0xf5, 0x00, 0x00, 0x00, 0x1f, 0x50, 0x00, 0x00, 0x24, 0xf7, 0x44, 0x44, 0x29, 0xff, 0xff, 0xff,
    0xf9, 0x27, 0x00, 0x00, 0x00, 0x81, 0x3e, 0x7a, 0xee, 0x99, 0xd1, 0x06, 0xfa, 0x45, 0xcf, 0x30,
    0x08, 0xb0, 0x00, 0x1d, 0x50, 0x0c, 0x50, 0x00, 0x07, 0x90, 0x0c, 0x40, 0x00, 0x06, 0xa0, 0x09,
    0x90, 0x00, 0x0c, 0x60, 0x04, 0xf8, 0x12, 0x9f, 0x10, 0x1d, 0xbd, 0xff, 0xcc, 0xb0, 0x4a, 0x00,
    0x22, 0x01, 0xc2, 0x00, 0x00, 0x00, 0x00, 0x00, 0x0a, 0xc0, 0x00, 0x00, 0x1c, 0x80, 0x1d, 0x90,
    0x00, 0x0a, 0xb0, 0x00, 0x2e, 0x60, 0x06, 0xe1, 0x00, 0x00, 0x5e, 0x33, 0xe3, 0x00, 0x00, 0x00,
    0x8d, 0xe7, 0x00, 0x00, 0x0b, 0xff, 0xff, 0xff, 0x90, 0x00, 0x34, 0x4c, 0xb4, 0x42, 0x00, 0x0b,
    0xff, 0xff, 0xff, 0x90, 0x00, 0x23, 0x3c, 0xb3, 0x32, 0x00, 0x00, 0x00, 0xba, 0x00, 0x00, 0x08,
    0xb0, 0x08, 0xb0, 0x08, 0xb0, 0x08, 0xb0, 0x08, 0xb0, 0x00, 0x00, 0x00, 0x00, 0x00, 0x00, 0x00,
    0x00, 0x08, 0xb0, 0x08, 0xb0, 0x08, 0xb0, 0x08, 0xb0, 0x08, 0xb0, 0x03, 0xbe, 0xeb, 0x30, 0xda,
    0x45, 0xa5, 0x2f, 0x10, 0x00, 0x00, 0xdb, 0x40, 0x00, 0x0b, 0xde, 0xe8, 0x06, 0xc0, 0x04, 0xe5,
    0x7d, 0x10, 0x0b, 0x71, 0xcf, 0xba, 0xe2, 0x00, 0x38, 0xdc, 0x00, 0x00, 0x01, 0xf2, 0x57, 0x21,
    0x6f, 0x14, 0xdf, 0xfe, 0x60, 0x00, 0x23, 0x10, 0x00, 0x00, 0x00, 0x00, 0x00, 0x00, 0xa7, 0x2e,
    0x10, 0x00, 0x11, 0x02, 0x00, 0x00, 0x00, 0x00, 0x00, 0x00, 0x00, 0x00, 0x00, 0x00, 0x00, 0x00,
    0x00, 0x00, 0x00, 0x00, 0x00, 0x00, 0x00, 0x00, 0x00, 0x00, 0x00, 0x00, 0x00, 0x00, 0x00, 0x00,
    0x00, 0x00, 0x00, 0x00, 0x00, 0x00, 0x00, 0x00, 0x00, 0x00, 0x00, 0x00, 0x00, 0x00, 0x00, 0x00,
    0x7d, 0xfe, 0x91, 0x00, 0x00, 0xbc, 0x64, 0x5a, 0xd2, 0x00, 0x89, 0x00, 0x00, 0x05, 0xb0, 0x0c,
    0x02, 0xbf, 0xd4, 0x09, 0x33, 0x70, 0xca, 0x47, 0xa0, 0x47, 0x55, 0x2e, 0x00, 0x00, 0x02, 0x84,
    0x62, 0xe0, 0x00, 0x00, 0x37, 0x1b, 0x0d, 0x81, 0x48, 0x08, 0x40, 0x97, 0x3e, 0xff, 0x74, 0xc0,
    0x01, 0xda, 0x34, 0x48, 0xe3, 0x00, 0x02, 0xaf, 0xff, 0xc3, 0x00, 0x00, 0x00, 0x13, 0x20, 0x00,
    0x00, 0x1a, 0xed, 0x30, 0x13, 0x06, 0xa0, 0x2c, 0xef, 0xb0, 0x79, 0x06, 0xb0, 0x2c, 0xe9, 0xb0,
    0x00, 0x00, 0x00, 0x00, 0x00, 0x00, 0x00, 0x00, 0x00, 0x00, 0x00, 0x00, 0x00, 0x00, 0x00, 0x00,
    0x00, 0x00, 0x00, 0xa8, 0x1e, 0x40, 0x5d, 0x1a, 0x90, 0x1e, 0x45, 0xe1, 0x02, 0xe3, 0x5d, 0x10,
    0x06, 0xd1, 0xa9, 0x00, 0x0a, 0x81, 0xe4, 0x00, 0x00, 0x00, 0x00, 0x00, 0x00, 0x00, 0x00, 0x1f,
    0xff, 0xff, 0xf3, 0x03, 0x33, 0x33, 0xf3, 0x00, 0x00, 0x00, 0xf3, 0x00, 0x00, 0x00, 0xa2, 0x00,
    0x00, 0x00, 0x00, 0x00, 0x00, 0x00, 0x00, 0x00, 0x00, 0x00, 0x00, 0x00, 0x00, 0x00, 0x7d, 0xfe,
    0x91, 0x00, 0x00, 0xbc, 0x64, 0x5a, 0xd2, 0x00, 0x89, 0x00, 0x00, 0x05, 0xb0, 0x0c, 0x06, 0xff,
    0xe6, 0x09, 0x33, 0x70, 0x6a, 0x35, 0xe1, 0x47, 0x55, 0x06, 0x90, 0x2e, 0x12, 0x84, 0x60, 0x6f,
    0xff, 0x70, 0x37, 0x1b, 0x06, 0xa3, 0xa5, 0x08, 0x40, 0x97, 0x46, 0x01, 0x94, 0xc0, 0x01, 0xda,
    0x31, 0x28, 0xe3, 0x00, 0x02, 0xaf, 0xff, 0xc3, 0x00, 0x00, 0x00, 0x13, 0x20, 0x00, 0x00, 0x00,
    0x00, 0x00, 0x00, 0x01, 0xff, 0xff, 0x70, 0x00, 0x33, 0x33, 0x20, 0x00, 0x00, 0x00, 0x00, 0x00,
    0x00, 0x00, 0x00, 0x00, 0x00, 0x00, 0x00, 0x00, 0x00, 0x00, 0x00, 0x00, 0x00, 0x00, 0x00, 0x00,
    0x00, 0x00, 0x00, 0x00, 0x00, 0x00, 0x00, 0x00, 0x00, 0x00, 0x00, 0x00, 0x00, 0x00, 0x00, 0x00,
    0x08, 0xa0, 0x00, 0x00, 0x08, 0xa0, 0x00, 0x1f, 0xff, 0xff, 0xf3, 0x03, 0x39, 0xb3, 0x31, 0x00,
    0x08, 0xa0, 0x00, 0x00, 0x08, 0xa0, 0x00, 0x00, 0x00, 0x00, 0x00, 0x04, 0x44, 0x44, 0x41, 0x1f,
    0xff, 0xff, 0xf3, 0x00, 0x00, 0x00, 0x1b, 0xfe, 0x70, 0x48, 0x46, 0xe0, 0x00, 0x03, 0xa0, 0x00,
    0x58, 0x00, 0x09, 0xa4, 0x41, 0x5f, 0xff, 0xf5, 0x00, 0x00, 0x00, 0x00, 0x00, 0x00, 0x00, 0x00,
    0x00, 0x00, 0x00, 0x00, 0x00, 0x00, 0x00, 0x00, 0x00, 0x00, 0x7f, 0xff, 0xf1, 0x13, 0x3b, 0x70,
    0x00, 0x8c, 0x20, 0x00, 0x24, 0xc2, 0x57, 0x45, 0xd4, 0x2b, 0xfe, 0x80, 0x00, 0x00, 0x00, 0x00,
    0x00, 0x00, 0x00, 0x00, 0x00, 0x00, 0x00, 0x00, 0x00, 0x00, 0x00, 0x00, 0x00, 0x6e, 0x40, 0x00,
    0x06, 0xd2, 0x00, 0x00, 0x00, 0x00, 0x00, 0x00, 0x00, 0x00, 0x00, 0x00, 0x00, 0x00, 0x00, 0x00,
    0x00, 0x00, 0x00, 0x00, 0x00, 0x00, 0x00, 0x00, 0x00, 0x00, 0x00, 0x00, 0x00, 0x00, 0x00, 0x00,
    0x00, 0x00, 0x00, 0x00, 0x00, 0x00, 0x00, 0x0b, 0x90, 0x00, 0x1f, 0x40, 0x0b, 0x90, 0x00, 0x1f,
    0x40, 0x0b, 0x90, 0x00, 0x1f, 0x40, 0x0b, 0x90, 0x00, 0x1f, 0x40, 0x0b, 0xa0, 0x00, 0x2f, 0x40,
    0x0b, 0xc0, 0x00, 0x6f, 0x40, 0x0b, 0xf9, 0x57, 0xef, 0x40, 0x0b, 0xbb, 0xed, 0x5f, 0x40, 0x0b,
    0x90, 0x00, 0x00, 0x00, 0x0b, 0x90, 0x00, 0x00, 0x00, 0x0b, 0x90, 0x00, 0x00, 0x00, 0x07, 0xdf,
    0xff, 0xf9, 0x06, 0xff, 0xf7, 0x4a, 0x90, 0xaf, 0xff, 0x40, 0x89, 0x09, 0xff, 0xf4, 0x08, 0x90,
    0x3e, 0xff, 0x40, 0x89, 0x00, 0x16, 0xe4, 0x08, 0x90, 0x00, 0x0c, 0x40, 0x89, 0x00, 0x00, 0xc4,
    0x08, 0x90, 0x00, 0x0c, 0x40, 0x89, 0x00, 0x00, 0xc4, 0x08, 0x90, 0x00, 0x0c, 0x40, 0x89, 0x00,
    0x00, 0xc4, 0x08, 0x90, 0x00, 0x09, 0x30, 0x67, 0x00, 0x00, 0x00, 0x0d, 0x90, 0x0d, 0x90, 0x00,
    0x00, 0x00, 0x00, 0x00, 0x00, 0x00, 0x00, 0x00, 0x00, 0x00, 0x05, 0x90, 0x00, 0x00, 0x03, 0xa7,
    0x00, 0x00, 0x4f, 0xf5, 0x00, 0x00, 0x02, 0x20, 0x00, 0x00, 0x00, 0x00, 0x0b, 0xfb, 0x00, 0x02,
    0x6b, 0x00, 0x00, 0x4b, 0x00, 0x00, 0x4b, 0x00, 0x03, 0x6c, 0x41, 0x0d, 0xff, 0xf3, 0x00, 0x00,
    0x00, 0x00, 0x00, 0x00, 0x00, 0x00, 0x00, 0x00, 0x00, 0x00, 0x00, 0x00, 0x00, 0x08, 0xee, 0x70,
    0x5b, 0x12, 0xd3, 0x86, 0x00, 0x96, 0x5b, 0x12, 0xd3, 0x07, 0xee, 0x60, 0x00, 0x00, 0x00, 0x00,
    0x00, 0x00, 0x00, 0x00, 0x00, 0x00, 0x00, 0x00, 0x00, 0x00, 0x00, 0x00, 0x00, 0x00, 0x3e, 0x18,
    0xb0, 0x00, 0x8a, 0x0d, 0x60, 0x01, 0xd5, 0x3e, 0x20, 0x0c, 0x63, 0xe2, 0x08, 0xb0, 0xc6, 0x03,
    0xe2, 0x8b, 0x00, 0x00, 0x00, 0x00, 0x00, 0x00, 0x00, 0x00, 0x00, 0x00, 0x00, 0x00, 0x00, 0xbf,
    0xb0, 0x00, 0x00, 0x4b, 0x00, 0x00, 0x02, 0x6b, 0x00, 0x00, 0x1d, 0x20, 0x00, 0x00, 0x04, 0xb0,
    0x00, 0x09, 0x70, 0x00, 0x00, 0x00, 0x4b, 0x00, 0x04, 0xb0, 0x00, 0x00, 0x00, 0x36, 0xc4, 0x11,
    0xd2, 0x00, 0xb5, 0x00, 0x0d, 0xff, 0xf3, 0xa6, 0x00, 0x6a, 0x00, 0x00, 0x00, 0x00, 0x5b, 0x00,
    0x2d, 0x17, 0x00, 0x00, 0x00, 0x1d, 0x20, 0x0b, 0x50, 0xd0, 0x00, 0x00, 0x0a, 0x60, 0x03, 0xed,
    0xdf, 0xd1, 0x00, 0x05, 0xb0, 0x00, 0x00, 0x00, 0xf0, 0x00, 0x00, 0x00, 0x00, 0x00, 0x00, 0x00,
    0x00, 0x0b, 0xfb, 0x00, 0x00, 0x04, 0xb0, 0x00, 0x02, 0x6b, 0x00, 0x00, 0x1d, 0x20, 0x00, 0x00,
    0x4b, 0x00, 0x00, 0x97, 0x00, 0x00, 0x00, 0x4b, 0x00, 0x04, 0xb0, 0x00, 0x00, 0x03, 0x6c, 0x41,
    0x1d, 0x26, 0xef, 0xb1, 0x0d, 0xff, 0xf3, 0xa6, 0x0a, 0x54, 0xc7, 0x00, 0x00, 0x05, 0xb0, 0x00,
    0x00, 0xa2, 0x00, 0x00, 0x1d, 0x20, 0x00, 0x2a, 0x30, 0x00, 0x00, 0xa6, 0x00, 0x04, 0xd5, 0x43,
    0x00, 0x05, 0xb0, 0x00, 0x0e, 0xff, 0xfc, 0x00, 0x00, 0x00, 0x00, 0x00, 0x00, 0x00, 0x07, 0xff,
    0xff, 0x10, 0x00, 0x4b, 0x00, 0x00, 0x13, 0x3b, 0x70, 0x00, 0x1d, 0x20, 0x00, 0x00, 0x08, 0xc2,
    0x00, 0x09, 0x70, 0x00, 0x00, 0x00, 0x24, 0xc2, 0x04, 0xb0, 0x00, 0x00, 0x05, 0x74, 0x5d, 0x41,
    0xd2, 0x00, 0xb5, 0x00, 0x2b, 0xfe, 0x80, 0xa6, 0x00, 0x6a, 0x00, 0x00, 0x00, 0x00, 0x5b, 0x00,
    0x2d, 0x17, 0x00, 0x00, 0x00, 0x1d, 0x20, 0x0b, 0x50, 0xd0, 0x00, 0x00, 0x0a, 0x60, 0x03, 0xed,
    0xdf, 0xd1, 0x00, 0x05, 0xb0, 0x00, 0x00, 0x00, 0xf0, 0x00, 0x00, 0x08, 0xd0, 0x00, 0x00, 0x07,
    0xb0, 0x00, 0x00, 0x00, 0x00, 0x00, 0x00, 0x06, 0x80, 0x00, 0x00, 0x2e, 0x70, 0x00, 0x02, 0xda,
    0x00, 0x00, 0x0b, 0xb0, 0x00, 0x00, 0x0f, 0x60, 0x00, 0x00, 0x0d, 0xc3, 0x14, 0xc9, 0x03, 0xdf,
    0xff, 0xb2, 0x00, 0x02, 0x31, 0x00, 0x00, 0x01, 0xcb, 0x00, 0x00, 0x00, 0x00, 0x00, 0x0a, 0xa0,
    0x00, 0x00, 0x00, 0x00, 0x00, 0x00, 0x00, 0x00, 0x00, 0x00, 0x0c, 0xe1, 0x00, 0x00, 0x00, 0x00,
    0x4f, 0xd7, 0x00, 0x00, 0x00, 0x00, 0xa9, 0x6e, 0x00, 0x00, 0x00, 0x02, 0xf2, 0x0e, 0x60, 0x00,
    0x00, 0x09, 0xa0, 0x07, 0xc0, 0x00, 0x00, 0x1e, 0x30, 0x01, 0xe4, 0x00, 0x00, 0x7f, 0xff, 0xff,
    0xfb, 0x00, 0x00, 0xd7, 0x33, 0x33, 0x4f, 0x20, 0x05, 0xe1, 0x00, 0x00, 0x0c, 0x90, 0x0c, 0x90,
    0x00, 0x00, 0x06, 0xe1, 0x00, 0x00, 0x00, 0x8d, 0x30, 0x00, 0x00, 0x00, 0x07, 0xc2, 0x00, 0x00,
    0x00, 0x00, 0x00, 0x00, 0x00, 0x00, 0x00, 0x00, 0x0c, 0xe1, 0x00, 0x00, 0x00, 0x00, 0x4f, 0xd7,
    0x00, 0x00, 0x00, 0x00, 0xa9, 0x6e, 0x00, 0x00, 0x00, 0x02, 0xf2, 0x0e, 0x60, 0x00, 0x00, 0x09,
    0xa0, 0x07, 0xc0, 0x00, 0x00, 0x1e, 0x30, 0x01, 0xe4, 0x00, 0x00, 0x7f, 0xff, 0xff, 0xfb, 0x00,
    0x00, 0xd7, 0x33, 0x33, 0x4f, 0x20, 0x05, 0xe1, 0x00, 0x00, 0x0c, 0x90, 0x0c, 0x90, 0x00, 0x00,
    0x06, 0xe1, 0x00, 0x00, 0x2d, 0xe4, 0x00, 0x00, 0x00, 0x01, 0xc6, 0x3d, 0x30, 0x00, 0x00, 0x00,
    0x00, 0x00, 0x00, 0x00, 0x00, 0x00, 0x0c, 0xe1, 0x00, 0x00, 0x00, 0x00, 0x4f, 0xd7, 0x00, 0x00,
    0x00, 0x00, 0xa9, 0x6e, 0x00, 0x00, 0x00, 0x02, 0xf2, 0x0e, 0x60, 0x00, 0x00, 0x09, 0xa0, 0x07,
    0xc0, 0x00, 0x00, 0x1e, 0x30, 0x01, 0xe4, 0x00, 0x00, 0x7f, 0xff, 0xff, 0xfb, 0x00, 0x00, 0xd7,
    0x33, 0x33, 0x4f, 0x20, 0x05, 0xe1, 0x00, 0x00, 0x0c, 0x90, 0x0c, 0x90, 0x00, 0x00, 0x06, 0xe1,
    0x00, 0x01, 0xcd, 0x45, 0x90, 0x00, 0x00, 0x05, 0x92, 0xbd, 0x30, 0x00, 0x00, 0x00, 0x00, 0x00,
    0x00, 0x00, 0x00, 0x00, 0x0c, 0xe1, 0x00, 0x00, 0x00, 0x00, 0x4f, 0xd7, 0x00, 0x00, 0x00, 0x00,
    0xa9, 0x6e, 0x00, 0x00, 0x00, 0x02, 0xf2, 0x0e, 0x60, 0x00, 0x00, 0x09, 0xa0, 0x07, 0xc0, 0x00,
    0x00, 0x1e, 0x30, 0x01, 0xe4, 0x00, 0x00, 0x7f, 0xff, 0xff, 0xfb, 0x00, 0x00, 0xd7, 0x33, 0x33,
    0x4f, 0x20, 0x05, 0xe1, 0x00, 0x00, 0x0c, 0x90, 0x0c, 0x90, 0x00, 0x00, 0x06, 0xe1, 0x00, 0x00,
    0x00, 0x00, 0x00, 0x00, 0x00, 0x00, 0xb6, 0x3e, 0x10, 0x00, 0x00, 0x00, 0x20, 0x02, 0x00, 0x00,
    0x00, 0x00, 0x00, 0x00, 0x00, 0x00, 0x00, 0x00, 0x0c, 0xe1, 0x00, 0x00, 0x00, 0x00, 0x4f, 0xd7,
    0x00, 0x00, 0x00, 0x00, 0xa9, 0x6e, 0x00, 0x00, 0x00, 0x02, 0xf2, 0x0e, 0x60, 0x00, 0x00, 0x09,
    0xa0, 0x07, 0xc0, 0x00, 0x00, 0x1e, 0x30, 0x01, 0xe4, 0x00, 0x00, 0x7f, 0xff, 0xff, 0xfb, 0x00,
    0x00, 0xd7, 0x33, 0x33, 0x4f, 0x20, 0x05, 0xe1, 0x00, 0x00, 0x0c, 0x90, 0x0c, 0x90, 0x00, 0x00,
    0x06, 0xe1, 0x00, 0x00, 0x00, 0x00, 0x00, 0x00, 0x00, 0x00, 0x1d, 0xe3, 0x00, 0x00, 0x00, 0x00,
    0x69, 0x69, 0x00, 0x00, 0x00, 0x00, 0x2e, 0xf5, 0x00, 0x00, 0x00, 0x00, 0x01, 0x20, 0x00, 0x00,
    0x00, 0x00, 0x0c, 0xe1, 0x00, 0x00, 0x00, 0x00, 0x4f, 0xd7, 0x00, 0x00, 0x00, 0x00, 0xa9, 0x6e,
    0x00, 0x00, 0x00, 0x02, 0xf2, 0x0e, 0x60, 0x00, 0x00, 0x09, 0xa0, 0x07, 0xc0, 0x00, 0x00, 0x1e,
    0x30, 0x01, 0xe4, 0x00, 0x00, 0x7f, 0xff, 0xff, 0xfb, 0x00, 0x00, 0xd7, 0x33, 0x33, 0x4f, 0x20,
    0x05, 0xe1, 0x00, 0x00, 0x0c, 0x90, 0x0c, 0x90, 0x00, 0x00, 0x06, 0xe1, 0x00, 0x00, 0x00, 0x7f,
    0xff, 0xff, 0xff, 0xa0, 0x00, 0x00, 0x01, 0xe9, 0xf5, 0x44, 0x44, 0x30, 0x00, 0x00, 0x0a, 0xb4,
    0xf2, 0x00, 0x00, 0x00, 0x00, 0x00, 0x3e, 0x24, 0xf2, 0x00, 0x00, 0x00, 0x00, 0x00, 0xc7, 0x04,
    0xff, 0xff, 0xff, 0x10, 0x00, 0x06, 0xc1, 0x04, 0xf5, 0x33, 0x33, 0x00, 0x00, 0x1e, 0xff, 0xff,
    0xf2, 0x00, 0x00, 0x00, 0x00, 0x8b, 0x33, 0x36, 0xf2, 0x00, 0x00, 0x00, 0x02, 0xf3, 0x00, 0x04,
    0xf5, 0x44, 0x44, 0x30, 0x0b, 0xa0, 0x00, 0x04, 0xff, 0xff, 0xff, 0xd0, 0x00, 0x17, 0xcf, 0xeb,
    0x40, 0x01, 0xce, 0x85, 0x59, 0xf5, 0x0a, 0xe2, 0x00, 0x00, 0x40, 0x1f, 0x60, 0x00, 0x00, 0x00,
    0x4f, 0x20, 0x00, 0x00, 0x00, 0x4f, 0x20, 0x00, 0x00, 0x00, 0x1f, 0x60, 0x00, 0x00, 0x00, 0x0a,
    0xe2, 0x00, 0x00, 0x30, 0x01, 0xce, 0x84, 0x59, 0xf5, 0x00, 0x17, 0xcf, 0xeb, 0x50, 0x00, 0x00,
    0x0c, 0x20, 0x00, 0x00, 0x00, 0x15, 0xe1, 0x00, 0x00, 0x00, 0xaf, 0xd1, 0x00, 0x00, 0x00, 0x13,
    0x10, 0x00, 0x00, 0x3d, 0x80, 0x00, 0x00, 0x00, 0x1c, 0x80, 0x00, 0x00, 0x00, 0x00, 0x00, 0x00,
    0x8f, 0xff, 0xff, 0xf6, 0x08, 0xe4, 0x44, 0x44, 0x10, 0x8d, 0x00, 0x00, 0x00, 0x08, 0xd0, 0x00,
    0x00, 0x00, 0x8f, 0xff, 0xff, 0xc0, 0x08, 0xe3, 0x33, 0x33, 0x00, 0x8d, 0x00, 0x00, 0x00, 0x08,
    0xd0, 0x00, 0x00, 0x00, 0x8e, 0x44, 0x44, 0x42, 0x08, 0xff, 0xff, 0xff, 0x90, 0x00, 0x00, 0x0a,
    0xc2, 0x00, 0x00, 0x09, 0xa1, 0x00, 0x00, 0x00, 0x00, 0x00, 0x00, 0x8f, 0xff, 0xff, 0xf6, 0x08,
    0xe4, 0x44, 0x44, 0x10, 0x8d, 0x00, 0x00, 0x00, 0x08, 0xd0, 0x00, 0x00, 0x00, 0x8f, 0xff, 0xff,
    0xc0, 0x08, 0xe3, 0x33, 0x33, 0x00, 0x8d, 0x00, 0x00, 0x00, 0x08, 0xd0, 0x00, 0x00, 0x00, 0x8e,
    0x44, 0x44, 0x42, 0x08, 0xff, 0xff, 0xff, 0x90, 0x00, 0x03, 0xed, 0x20, 0x00, 0x03, 0xd4, 0x5d,
    0x20, 0x00, 0x00, 0x00, 0x00, 0x00, 0x8f, 0xff, 0xff, 0xf6, 0x08, 0xe4, 0x44, 0x44, 0x10, 0x8d,
    0x00, 0x00, 0x00, 0x08, 0xd0, 0x00, 0x00, 0x00, 0x8f, 0xff, 0xff, 0xc0, 0x08, 0xe3, 0x33, 0x33,
    0x00, 0x8d, 0x00, 0x00, 0x00, 0x08, 0xd0, 0x00, 0x00, 0x00, 0x8e, 0x44, 0x44, 0x42, 0x08, 0xff,
    0xff, 0xff, 0x90, 0x00, 0x00, 0x00, 0x00, 0x00, 0x00, 0xe3, 0x5c, 0x00, 0x00, 0x02, 0x00, 0x20,
    0x00, 0x00, 0x00, 0x00, 0x00, 0x08, 0xff, 0xff, 0xff, 0x60, 0x8e, 0x44, 0x44, 0x41, 0x08, 0xd0,
    0x00, 0x00, 0x00, 0x8d, 0x00, 0x00, 0x00, 0x08, 0xff, 0xff, 0xfc, 0x00, 0x8e, 0x33, 0x33, 0x30,
    0x08, 0xd0, 0x00, 0x00, 0x00, 0x8d, 0x00, 0x00, 0x00, 0x08, 0xe4, 0x44, 0x44, 0x20, 0x8f, 0xff,
    0xff, 0xf9, 0x1b, 0xb1, 0x00, 0x09, 0xb0, 0x00, 0x00, 0x00, 0x08, 0xd0, 0x00, 0x8d, 0x00, 0x08,
    0xd0, 0x00, 0x8d, 0x00, 0x08, 0xd0, 0x00, 0x8d, 0x00, 0x08, 0xd0, 0x00, 0x8d, 0x00, 0x08, 0xd0,
    0x00, 0x8d, 0x00, 0x00, 0x7e, 0x30, 0x6d, 0x20, 0x00, 0x00, 0x00, 0x8d, 0x00, 0x08, 0xd0, 0x00,
    0x8d, 0x00, 0x08, 0xd0, 0x00, 0x8d, 0x00, 0x08, 0xd0, 0x00, 0x8d, 0x00, 0x08, 0xd0, 0x00, 0x8d,
    0x00, 0x08, 0xd0, 0x00, 0x01, 0xde, 0x40, 0x1c, 0x63, 0xd4, 0x00, 0x00, 0x00, 0x00, 0x8d, 0x00,
    0x00, 0x8d, 0x00, 0x00, 0x8d, 0x00, 0x00, 0x8d, 0x00, 0x00, 0x8d, 0x00, 0x00, 0x8d, 0x00, 0x00,
    0x8d, 0x00, 0x00, 0x8d, 0x00, 0x00, 0x8d, 0x00, 0x00, 0x8d, 0x00, 0x00, 0x00, 0x0a, 0x62, 0xe1,
    0x11, 0x02, 0x00, 0x00, 0x00, 0x08, 0xd0, 0x00, 0x8d, 0x00, 0x08, 0xd0, 0x00, 0x8d, 0x00, 0x08,
    0xd0, 0x00, 0x8d, 0x00, 0x08, 0xd0, 0x00, 0x8d, 0x00, 0x08, 0xd0, 0x00, 0x8d, 0x00, 0x06, 0xff,
    0xff, 0xeb, 0x50, 0x00, 0x06, 0xf4, 0x44, 0x5a, 0xf9, 0x00, 0x06, 0xf0, 0x00, 0x00, 0x5f, 0x50,
    0x07, 0xf0, 0x00, 0x00, 0x0b, 0xb0, 0xdf, 0xff, 0xfb, 0x00, 0x07, 0xe0, 0x3a, 0xf3, 0x32, 0x00,
    0x07, 0xe0, 0x06, 0xf0, 0x00, 0x00, 0x0b, 0xc0, 0x06, 0xf0, 0x00, 0x00, 0x5f, 0x50, 0x06, 0xf4,
    0x44, 0x5a, 0xf9, 0x00, 0x06, 0xff, 0xff, 0xeb, 0x50, 0x00, 0x00, 0x05, 0xea, 0x1c, 0x20, 0x00,
    0x00, 0xc2, 0x6e, 0xa0, 0x00, 0x00, 0x00, 0x00, 0x00, 0x00, 0x00, 0x8e, 0x20, 0x00, 0x08, 0xd0,
    0x08, 0xfc, 0x00, 0x00, 0x8d, 0x00, 0x8e, 0xf9, 0x00, 0x08, 0xd0, 0x08, 0xd6, 0xf6, 0x00, 0x8d,
    0x00, 0x8d, 0x09, 0xe3, 0x08, 0xd0, 0x08, 0xd0, 0x0c, 0xd1, 0x8d, 0x00, 0x8d, 0x00, 0x2e, 0xb8,
    0xd0, 0x08, 0xd0, 0x00, 0x4f, 0xed, 0x00, 0x8d, 0x00, 0x00, 0x7f, 0xd0, 0x08, 0xd0, 0x00, 0x00,
    0xad, 0x00, 0x00, 0x03, 0xd8, 0x00, 0x00, 0x00, 0x00, 0x00, 0x2c, 0x70, 0x00, 0x00, 0x00, 0x00,
    0x00, 0x00, 0x00, 0x00, 0x00, 0x17, 0xce, 0xeb, 0x50, 0x00, 0x01, 0xce, 0x84, 0x59, 0xf9, 0x00,
    0x0a, 0xe2, 0x00, 0x00, 0x4f, 0x60, 0x1f, 0x60, 0x00, 0x00, 0x0a, 0xd0, 0x4f, 0x20, 0x00, 0x00,
    0x06, 0xf1, 0x4f, 0x20, 0x00, 0x00, 0x06, 0xf1, 0x1f, 0x60, 0x00, 0x00, 0x0a, 0xd0, 0x0a, 0xe2,
    0x00, 0x00, 0x4f, 0x60, 0x01, 0xce, 0x84, 0x59, 0xfa, 0x00, 0x00, 0x17, 0xcf, 0xeb, 0x50, 0x00,
    0x00, 0x00, 0x00, 0xbc, 0x10, 0x00, 0x00, 0x00, 0x0a, 0xa0, 0x00, 0x00, 0x00, 0x00, 0x00, 0x00,
    0x00, 0x00, 0x00, 0x17, 0xce, 0xeb, 0x50, 0x00, 0x01, 0xce, 0x84, 0x59, 0xf9, 0x00, 0x0a, 0xe2,
    0x00, 0x00, 0x4f, 0x60, 0x1f, 0x60, 0x00, 0x00, 0x0a, 0xd0, 0x4f, 0x20, 0x00, 0x00, 0x06, 0xf1,
    0x4f, 0x20, 0x00, 0x00, 0x06, 0xf1, 0x1f, 0x60, 0x00, 0x00, 0x0a, 0xd0, 0x0a, 0xe2, 0x00, 0x00,
    0x4f, 0x60, 0x01, 0xce, 0x84, 0x59, 0xfa, 0x00, 0x00, 0x17, 0xcf, 0xeb, 0x50, 0x00, 0x00, 0x00,
    0x4e, 0xd2, 0x00, 0x00, 0x00, 0x03, 0xd3, 0x6c, 0x10, 0x00, 0x00, 0x00, 0x00, 0x00, 0x00, 0x00,
    0x00, 0x17, 0xce, 0xeb, 0x50, 0x00, 0x01, 0xce, 0x84, 0x59, 0xf9, 0x00, 0x0a, 0xe2, 0x00, 0x00,
    0x4f, 0x60, 0x1f, 0x60, 0x00, 0x00, 0x0a, 0xd0, 0x4f, 0x20, 0x00, 0x00, 0x06, 0xf1, 0x4f, 0x20,
    0x00, 0x00, 0x06, 0xf1, 0x1f, 0x60, 0x00, 0x00, 0x0a, 0xd0, 0x0a, 0xe2, 0x00, 0x00, 0x4f, 0x60,
    0x01, 0xce, 0x84, 0x59, 0xfa, 0x00, 0x00, 0x17, 0xcf, 0xeb, 0x50, 0x00, 0x00, 0x03, 0xdb, 0x29,
    0x50, 0x00, 0x00, 0x09, 0x54, 0xdc, 0x10, 0x00, 0x00, 0x00, 0x00, 0x00, 0x00, 0x00, 0x00, 0x17,
    0xce, 0xeb, 0x50, 0x00, 0x01, 0xce, 0x84, 0x59, 0xf9, 0x00, 0x0a, 0xe2, 0x00, 0x00, 0x4f, 0x60,
    0x1f, 0x60, 0x00, 0x00, 0x0a, 0xd0, 0x4f, 0x20, 0x00, 0x00, 0x06, 0xf1, 0x4f, 0x20, 0x00, 0x00,
    0x06, 0xf1, 0x1f, 0x60, 0x00, 0x00, 0x0a, 0xd0, 0x0a, 0xe2, 0x00, 0x00, 0x4f, 0x60, 0x01, 0xce,
    0x84, 0x59, 0xfa, 0x00, 0x00, 0x17, 0xcf, 0xeb, 0x50, 0x00, 0x00, 0x00, 0x00, 0x00, 0x00, 0x00,
    0x00, 0x00, 0xe2, 0x6b, 0x00, 0x00, 0x00, 0x00, 0x20, 0x02, 0x00, 0x00, 0x00, 0x00, 0x00, 0x00,
    0x00, 0x00, 0x00, 0x17, 0xce, 0xeb, 0x50, 0x00, 0x01, 0xce, 0x84, 0x59, 0xf9, 0x00, 0x0a, 0xe2,
    0x00, 0x00, 0x4f, 0x60, 0x1f, 0x60, 0x00, 0x00, 0x0a, 0xd0, 0x4f, 0x20, 0x00, 0x00, 0x06, 0xf1,
    0x4f, 0x20, 0x00, 0x00, 0x06, 0xf1, 0x1f, 0x60, 0x00, 0x00, 0x0a, 0xd0, 0x0a, 0xe2, 0x00, 0x00,
    0x4f, 0x60, 0x01, 0xce, 0x84, 0x59, 0xfa, 0x00, 0x00, 0x17, 0xcf, 0xeb, 0x50, 0x00, 0x00, 0x30,
    0x03, 0x10, 0x03, 0xe4, 0x3e, 0x50, 0x00, 0x5e, 0xe7, 0x00, 0x00, 0x3e, 0xf4, 0x00, 0x02, 0xe7,
    0x5e, 0x40, 0x02, 0x60, 0x05, 0x30, 0x00, 0x00, 0x00, 0x00, 0x00, 0x00, 0x00, 0x00, 0x00, 0x00,
    0x00, 0x00, 0x44, 0x00, 0x00, 0x00, 0x00, 0x01, 0xe3, 0x00, 0x00, 0x17, 0xce, 0xef, 0xf0, 0x00,
    0x01, 0xce, 0x84, 0x6f, 0xf9, 0x00, 0x0a, 0xe2, 0x00, 0x8a, 0x4f, 0x60, 0x1f, 0x60, 0x01, 0xe2,
    0x0a, 0xd0, 0x4f, 0x20, 0x09, 0x90, 0x06, 0xf1, 0x4f, 0x20, 0x2e, 0x20, 0x06, 0xf1, 0x1f, 0x60,
    0x99, 0x00, 0x0a, 0xd0, 0x0a, 0xe4, 0xe1, 0x00, 0x4f, 0x60, 0x01, 0xcf, 0xf4, 0x59, 0xfa, 0x00,
    0x00, 0x3f, 0xdf, 0xeb, 0x50, 0x00, 0x00, 0xa8, 0x00, 0x00, 0x00, 0x00, 0x00, 0x07, 0xe3, 0x00,
    0x00, 0x00, 0x00, 0x05, 0xd3, 0x00, 0x00, 0x00, 0x00, 0x00, 0x00, 0x00, 0x00, 0x9c, 0x00, 0x00,
    0x0a, 0xa0, 0x09, 0xc0, 0x00, 0x00, 0xaa, 0x00, 0x9c, 0x00, 0x00, 0x0a, 0xa0, 0x09, 0xc0, 0x00,
    0x00, 0xaa, 0x00, 0x9c, 0x00, 0x00, 0x0a, 0xa0, 0x09, 0xc0, 0x00, 0x00, 0xba, 0x00, 0x8e, 0x00,
    0x00, 0x0c, 0x90, 0x05, 0xf4, 0x00, 0x02, 0xf6, 0x00, 0x0c, 0xe7, 0x46, 0xdc, 0x00, 0x00, 0x19,
    0xdf, 0xe9, 0x10, 0x00, 0x00, 0x00, 0x02, 0xe8, 0x00, 0x00, 0x00, 0x02, 0xd5, 0x00, 0x00, 0x00,
    0x00, 0x00, 0x00, 0x00, 0x00, 0x9c, 0x00, 0x00, 0x0a, 0xa0, 0x09, 0xc0, 0x00, 0x00, 0xaa, 0x00,
    0x9c, 0x00, 0x00, 0x0a, 0xa0, 0x09, 0xc0, 0x00, 0x00, 0xaa, 0x00, 0x9c, 0x00, 0x00, 0x0a, 0xa0,
    0x09, 0xc0, 0x00, 0x00, 0xba, 0x00, 0x8e, 0x00, 0x00, 0x0c, 0x90, 0x05, 0xf4, 0x00, 0x02, 0xf6,
    0x00, 0x0c, 0xe7, 0x46, 0xdc, 0x00, 0x00, 0x19, 0xdf, 0xe9, 0x10, 0x00, 0x00, 0x00, 0x8e, 0xa0,
    0x00, 0x00, 0x00, 0x8b, 0x1a, 0x90, 0x00, 0x00, 0x00, 0x00, 0x00, 0x00, 0x00, 0x9c, 0x00, 0x00,
    0x0a, 0xa0, 0x09, 0xc0, 0x00, 0x00, 0xaa, 0x00, 0x9c, 0x00, 0x00, 0x0a, 0xa0, 0x09, 0xc0, 0x00,
    0x00, 0xaa, 0x00, 0x9c, 0x00, 0x00, 0x0a, 0xa0, 0x09, 0xc0, 0x00, 0x00, 0xba, 0x00, 0x8e, 0x00,
    0x00, 0x0c, 0x90, 0x05, 0xf4, 0x00, 0x02, 0xf6, 0x00, 0x0c, 0xe7, 0x46, 0xdc, 0x00, 0x00, 0x19,
    0xdf, 0xe9, 0x10, 0x00, 0x00, 0x00, 0x00, 0x00, 0x00, 0x00, 0x00, 0x5c, 0x0b, 0x60, 0x00, 0x00,
    0x00, 0x20, 0x11, 0x00, 0x00, 0x00, 0x00, 0x00, 0x00, 0x00, 0x09, 0xc0, 0x00, 0x00, 0xaa, 0x00,
    0x9c, 0x00, 0x00, 0x0a, 0xa0, 0x09, 0xc0, 0x00, 0x00, 0xaa, 0x00, 0x9c, 0x00, 0x00, 0x0a, 0xa0,
    0x09, 0xc0, 0x00, 0x00, 0xaa, 0x00, 0x9c, 0x00, 0x00, 0x0b, 0xa0, 0x08, 0xe0, 0x00, 0x00, 0xc9,
    0x00, 0x5f, 0x40, 0x00, 0x2f, 0x60, 0x00, 0xce, 0x74, 0x6d, 0xc0, 0x00, 0x01, 0x9d, 0xfe, 0x91,
    0x00, 0x00, 0x00, 0x02, 0xe8, 0x00, 0x00, 0x00, 0x02, 0xd5, 0x00, 0x00, 0x00, 0x00, 0x00, 0x00,
    0x00, 0x00, 0xbb, 0x00, 0x00, 0x09, 0xc0, 0x03, 0xf5, 0x00, 0x03, 0xf3, 0x00, 0x09, 0xd1, 0x00,
    0xb9, 0x00, 0x00, 0x1e, 0x80, 0x5e, 0x10, 0x00, 0x00, 0x6f, 0x3e, 0x60, 0x00, 0x00, 0x00, 0xbe,
    0xc0, 0x00, 0x00, 0x00, 0x04, 0xf4, 0x00, 0x00, 0x00, 0x00, 0x2f, 0x30, 0x00, 0x00, 0x00, 0x02,
    0xf3, 0x00, 0x00, 0x00, 0x00, 0x2f, 0x30, 0x00, 0x00, 0x08, 0xd0, 0x00, 0x00, 0x00, 0x08, 0xff,
    0xff, 0xd8, 0x10, 0x08, 0xe3, 0x34, 0x7e, 0xb0, 0x08, 0xd0, 0x00, 0x05, 0xf3, 0x08, 0xd0, 0x00,
    0x01, 0xf5, 0x08, 0xd0, 0x00, 0x03, 0xf4, 0x08, 0xd0, 0x01, 0x4d, 0xd0, 0x08, 0xff, 0xff, 0xfb,
    0x20, 0x08, 0xe3, 0x33, 0x10, 0x00, 0x08, 0xd0, 0x00, 0x00, 0x00, 0x00, 0x3c, 0xee, 0x91, 0x00,
    0x2e, 0xa5, 0x6e, 0x90, 0x08, 0xd0, 0x00, 0x6f, 0x00, 0xaa, 0x00, 0x06, 0xe0, 0x0b, 0x90, 0x04,
    0xd8, 0x00, 0xb9, 0x08, 0xfe, 0x50, 0x0b, 0x90, 0x24, 0x7f, 0x60, 0xb9, 0x00, 0x00, 0x9c, 0x0b,
    0x90, 0x00, 0x09, 0xc0, 0xb9, 0x05, 0x47, 0xf7, 0x0b, 0x91, 0xef, 0xd7, 0x00, 0x01, 0xca, 0x00,
    0x00, 0x00, 0x1a, 0xa0, 0x00, 0x00, 0x00, 0x00, 0x00, 0x04, 0xce, 0xea, 0x20, 0x0a, 0x75, 0x5c,
    0xb0, 0x00, 0x00, 0x04, 0xf1, 0x05, 0xdf, 0xff, 0xf2, 0x2f, 0x94, 0x35, 0xf2, 0x4f, 0x10, 0x04,
    0xf2, 0x1e, 0xa4, 0x6d, 0xf2, 0x04, 0xdf, 0xc5, 0xf2, 0x00, 0x00, 0x8d, 0x30, 0x00, 0x07, 0xc1,
    0x00, 0x00, 0x00, 0x00, 0x00, 0x04, 0xce, 0xea, 0x20, 0x0a, 0x75, 0x5c, 0xb0, 0x00, 0x00, 0x04,
    0xf1, 0x05, 0xdf, 0xff, 0xf2, 0x2f, 0x94, 0x35, 0xf2, 0x4f, 0x10, 0x04, 0xf2, 0x1e, 0xa4, 0x6d,
    0xf2, 0x04, 0xdf, 0xc5, 0xf2, 0x00, 0x2d, 0xe3, 0x00, 0x02, 0xd5, 0x4d, 0x30, 0x00, 0x00, 0x00,
    0x00, 0x04, 0xce, 0xea, 0x20, 0x0a, 0x75, 0x5c, 0xb0, 0x00, 0x00, 0x04, 0xf1, 0x05, 0xdf, 0xff,
    0xf2, 0x2f, 0x94, 0x35, 0xf2, 0x4f, 0x10, 0x04, 0xf2, 0x1e, 0xa4, 0x6d, 0xf2, 0x04, 0xdf, 0xc5,
    0xf2, 0x00, 0x00, 0x00, 0x00, 0x00, 0xbd, 0x48, 0x50, 0x03, 0xa3, 0xee, 0x10, 0x01, 0x20, 0x11,
    0x00, 0x04, 0xce, 0xea, 0x20, 0x0a, 0x75, 0x5c, 0xb0, 0x00, 0x00, 0x04, 0xf1, 0x05, 0xdf, 0xff,
    0xf2, 0x2f, 0x94, 0x35, 0xf2, 0x4f, 0x10, 0x04, 0xf2, 0x1e, 0xa4, 0x6d, 0xf2, 0x04, 0xdf, 0xc5,
    0xf2, 0x00, 0x00, 0x00, 0x00, 0x00, 0xc5, 0x3e, 0x00, 0x00, 0x20, 0x02, 0x00, 0x00, 0x00, 0x00,
    0x00, 0x04, 0xce, 0xea, 0x20, 0x0a, 0x75, 0x5c, 0xb0, 0x00, 0x00, 0x04, 0xf1, 0x05, 0xdf, 0xff,
    0xf2, 0x2f, 0x94, 0x35, 0xf2, 0x4f, 0x10, 0x04, 0xf2, 0x1e, 0xa4, 0x6d, 0xf2, 0x04, 0xdf, 0xc5,
    0xf2, 0x00, 0x00, 0x00, 0x00, 0x00, 0x2d, 0xe3, 0x00, 0x00, 0x78, 0x78, 0x00, 0x00, 0x3f, 0xf4,
    0x00, 0x00, 0x01, 0x20, 0x00, 0x04, 0xce, 0xea, 0x20, 0x0a, 0x75, 0x5c, 0xb0, 0x00, 0x00, 0x04,
    0xf1, 0x05, 0xdf, 0xff, 0xf2, 0x2f, 0x94, 0x35, 0xf2, 0x4f, 0x10, 0x04, 0xf2, 0x1e, 0xa4, 0x6d,
    0xf2, 0x04, 0xdf, 0xc5, 0xf2, 0x04, 0xce, 0xea, 0x25, 0xcf, 0xd7, 0x00, 0x0a, 0x75, 0x5c, 0xde,
    0x84, 0x7e, 0x80, 0x00, 0x00, 0x04, 0xf6, 0x00, 0x04, 0xf1, 0x05, 0xdf, 0xff, 0xff, 0xff, 0xff,
    0xf3, 0x2f, 0x94, 0x36, 0xf6, 0x33, 0x33, 0x31, 0x4f, 0x10, 0x06, 0xf9, 0x00, 0x01, 0x00, 0x1e,
    0xa4, 0x6e, 0xaf, 0xa5, 0x5c, 0x80, 0x04, 0xcf, 0xd7, 0x05, 0xcf, 0xea, 0x10, 0x00, 0x7d, 0xfd,
    0x60, 0x09, 0xe7, 0x48, 0xf4, 0x2f, 0x50, 0x00, 0x20, 0x5f, 0x00, 0x00, 0x00, 0x5f, 0x00, 0x00,
    0x00, 0x2f, 0x50, 0x00, 0x20, 0x09, 0xe7, 0x48, 0xf4, 0x00, 0x7d, 0xfd, 0x60, 0x00, 0x04, 0xa0,
    0x00, 0x00, 0x03, 0x98, 0x00, 0x00, 0x2f, 0xf7, 0x00, 0x00, 0x02, 0x20, 0x00, 0x00, 0xac, 0x10,
    0x00, 0x00, 0x00, 0x8c, 0x10, 0x00, 0x00, 0x00, 0x00, 0x00, 0x00, 0x08, 0xdf, 0xc4, 0x00, 0x09,
    0xd6, 0x48, 0xf4, 0x02, 0xf2, 0x00, 0x08, 0xb0, 0x5f, 0xff, 0xff, 0xfe, 0x05, 0xf4, 0x33, 0x33,
    0x30, 0x2f, 0x60, 0x00, 0x10, 0x00, 0x9f, 0x84, 0x6d, 0x40, 0x00, 0x7d, 0xfd, 0x80, 0x00, 0x00,
    0x00, 0x5e, 0x50, 0x00, 0x00, 0x4d, 0x30, 0x00, 0x00, 0x00, 0x00, 0x00, 0x00, 0x08, 0xdf, 0xc4,
    0x00, 0x09, 0xd6, 0x48, 0xf4, 0x02, 0xf2, 0x00, 0x08, 0xb0, 0x5f, 0xff, 0xff, 0xfe, 0x05, 0xf4,
    0x33, 0x33, 0x30, 0x2f, 0x60, 0x00, 0x10, 0x00, 0x9f, 0x84, 0x6d, 0x40, 0x00, 0x7d, 0xfd, 0x80,
    0x00, 0x00, 0x1c, 0xe6, 0x00, 0x00, 0x0b, 0x82, 0xd5, 0x00, 0x00, 0x00, 0x00, 0x00, 0x00, 0x08,
    0xdf, 0xc4, 0x00, 0x09, 0xd6, 0x48, 0xf4, 0x02, 0xf2, 0x00, 0x08, 0xb0, 0x5f, 0xff, 0xff, 0xfe,
    0x05, 0xf4, 0x33, 0x33, 0x30, 0x2f, 0x60, 0x00, 0x10, 0x00, 0x9f, 0x84, 0x6d, 0x40, 0x00, 0x7d,
    0xfd, 0x80, 0x00, 0x00, 0x00, 0x00, 0x00, 0x00, 0x09, 0x80, 0xe3, 0x00, 0x00, 0x11, 0x02, 0x00,
    0x00, 0x00, 0x00, 0x00, 0x00, 0x00, 0x8d, 0xfc, 0x40, 0x00, 0x9d, 0x64, 0x8f, 0x40, 0x2f, 0x20,
    0x00, 0x8b, 0x05, 0xff, 0xff, 0xff, 0xe0, 0x5f, 0x43, 0x33, 0x33, 0x02, 0xf6, 0x00, 0x01, 0x00,
    0x09, 0xf8, 0x46, 0xd4, 0x00, 0x07, 0xdf, 0xd8, 0x00, 0x2d, 0x80, 0x00, 0x1c, 0x80, 0x00, 0x00,
    0x00, 0x0b, 0x90, 0x00, 0xb9, 0x00, 0x0b, 0x90, 0x00, 0xb9, 0x00, 0x0b, 0x90, 0x00, 0xb9, 0x00,
    0x0b, 0x90, 0x00, 0xb9, 0x00, 0x00, 0xac, 0x20, 0x9a, 0x10, 0x00, 0x00, 0x00, 0xb9, 0x00, 0x0b,
    0x90, 0x00, 0xb9, 0x00, 0x0b, 0x90, 0x00, 0xb9, 0x00, 0x0b, 0x90, 0x00, 0xb9, 0x00, 0x0b, 0x90,
    0x00, 0x02, 0xed, 0x10, 0x0c, 0x67, 0xb0, 0x00, 0x00, 0x00, 0x00, 0xb9, 0x00, 0x00, 0xb9, 0x00,
    0x00, 0xb9, 0x00, 0x00, 0xb9, 0x00, 0x00, 0xb9, 0x00, 0x00, 0xb9, 0x00, 0x00, 0xb9, 0x00, 0x00,
    0xb9, 0x00, 0x97, 0x97, 0x11, 0x11, 0x00, 0x00, 0x0b, 0x90, 0x0b, 0x90, 0x0b, 0x90, 0x0b, 0x90,
    0x0b, 0x90, 0x0b, 0x90, 0x0b, 0x90, 0x0b, 0x90, 0x00, 0x52, 0x00, 0x00, 0x00, 0x9e, 0x68, 0xc0,
    0x00, 0x1b, 0xfb, 0x10, 0x03, 0xd6, 0x4f, 0x40, 0x00, 0x00, 0x08, 0xc0, 0x03, 0xcf, 0xd7, 0xe4,
    0x1e, 0xc5, 0x4b, 0xe8, 0x5f, 0x20, 0x01, 0xea, 0x6e, 0x00, 0x00, 0xca, 0x4f, 0x20, 0x01, 0xe7,
    0x0d, 0xd5, 0x5c, 0xd1, 0x02, 0xae, 0xea, 0x20, 0x00, 0x00, 0x00, 0x00, 0x00, 0x00, 0x2d, 0xc2,
    0xc1, 0x00, 0x00, 0x76, 0x6f, 0xb0, 0x00, 0x00, 0x21, 0x02, 0x10, 0x00, 0x0b, 0x98, 0xee, 0xb2,
    0x00, 0x0b, 0xfc, 0x55, 0xdd, 0x00, 0x0b, 0xe1, 0x00, 0x4f, 0x30, 0x0b, 0xa0, 0x00, 0x1f, 0x50,
    0x0b, 0x90, 0x00, 0x0f, 0x50, 0x0b, 0x90, 0x00, 0x0f, 0x50, 0x0b, 0x90, 0x00, 0x0f, 0x50, 0x0b,
    0x90, 0x00, 0x0f, 0x50, 0x00, 0x8e, 0x20, 0x00, 0x00, 0x00, 0x6d, 0x20, 0x00, 0x00, 0x00, 0x00,
    0x00, 0x00, 0x07, 0xdf, 0xd6, 0x00, 0x09, 0xe7, 0x48, 0xf7, 0x02, 0xf5, 0x00, 0x07, 0xe1, 0x5f,
    0x00, 0x00, 0x2f, 0x45, 0xf0, 0x00, 0x02, 0xf4, 0x2f, 0x50, 0x00, 0x7e, 0x10, 0x9e, 0x74, 0x8f,
    0x70, 0x00, 0x7d, 0xfd, 0x60, 0x00, 0x00, 0x00, 0x3e, 0x60, 0x00, 0x00, 0x3d, 0x40, 0x00, 0x00,
    0x00, 0x00, 0x00, 0x00, 0x07, 0xdf, 0xd6, 0x00, 0x09, 0xe7, 0x48, 0xf7, 0x02, 0xf5, 0x00, 0x07,
    0xe1, 0x5f, 0x00, 0x00, 0x2f, 0x45, 0xf0, 0x00, 0x02, 0xf4, 0x2f, 0x50, 0x00, 0x7e, 0x10, 0x9e,
    0x74, 0x8f, 0x70, 0x00, 0x7d, 0xfd, 0x60, 0x00, 0x00, 0x0a, 0xe8, 0x00, 0x00, 0x09, 0xa1, 0xb7,
    0x00, 0x00, 0x00, 0x00, 0x00, 0x00, 0x07, 0xdf, 0xd6, 0x00, 0x09, 0xe7, 0x48, 0xf7, 0x02, 0xf5,
    0x00, 0x07, 0xe1, 0x5f, 0x00, 0x00, 0x2f, 0x45, 0xf0, 0x00, 0x02, 0xf4, 0x2f, 0x50, 0x00, 0x7e,
    0x10, 0x9e, 0x74, 0x8f, 0x70, 0x00, 0x7d, 0xfd, 0x60, 0x00, 0x00, 0x00, 0x00, 0x00, 0x00, 0x06,
    0xe8, 0x3b, 0x00, 0x00, 0xc1, 0xbf, 0x60, 0x00, 0x02, 0x00, 0x20, 0x00, 0x00, 0x7d, 0xfd, 0x60,
    0x00, 0x9e, 0x74, 0x8f, 0x70, 0x2f, 0x50, 0x00, 0x7e, 0x15, 0xf0, 0x00, 0x02, 0xf4, 0x5f, 0x00,
    0x00, 0x2f, 0x42, 0xf5, 0x00, 0x07, 0xe1, 0x09, 0xe7, 0x48, 0xf7, 0x00, 0x07, 0xdf, 0xd6, 0x00,
    0x00, 0x00, 0x00, 0x00, 0x00, 0x06, 0xa0, 0xc5, 0x00, 0x00, 0x11, 0x02, 0x00, 0x00, 0x00, 0x00,
    0x00, 0x00, 0x00, 0x7d, 0xfd, 0x60, 0x00, 0x9e, 0x74, 0x8f, 0x70, 0x2f, 0x50, 0x00, 0x7e, 0x15,
    0xf0, 0x00, 0x02, 0xf4, 0x5f, 0x00, 0x00, 0x2f, 0x42, 0xf5, 0x00, 0x07, 0xe1, 0x09, 0xe7, 0x48,
    0xf7, 0x00, 0x07, 0xdf, 0xd6, 0x00, 0x00, 0x00, 0x00, 0x00, 0x00, 0x08, 0xb0, 0x00, 0x00, 0x01,
    0x10, 0x00, 0x00, 0x00, 0x00, 0x00, 0x1f, 0xff, 0xff, 0xf3, 0x03, 0x33, 0x33, 0x31, 0x00, 0x00,
    0x00, 0x00, 0x00, 0x08, 0xb0, 0x00, 0x00, 0x01, 0x10, 0x00, 0x00, 0x00, 0x00, 0x00, 0x00, 0x00,
    0x00, 0xd2, 0x00, 0x07, 0xdf, 0xff, 0x00, 0x09, 0xe7, 0x5f, 0xf7, 0x02, 0xf5, 0x06, 0x97, 0xe1,
    0x5f, 0x00, 0xd2, 0x2f, 0x45, 0xf0, 0x5a, 0x02, 0xf4, 0x2f, 0x5d, 0x20, 0x7e, 0x10, 0x9f, 0xf4,
    0x8f, 0x70, 0x00, 0xff, 0xfd, 0x60, 0x00, 0x5a, 0x00, 0x00, 0x00, 0x00, 0x5e, 0x50, 0x00, 0x00,
    0x00, 0x3d, 0x40, 0x00, 0x00, 0x00, 0x00, 0x00, 0x00, 0xc8, 0x00, 0x02, 0xf3, 0x0c, 0x80, 0x00,
    0x2f, 0x30, 0xc8, 0x00, 0x02, 0xf3, 0x0c, 0x80, 0x00, 0x2f, 0x30, 0xc9, 0x00, 0x03, 0xf3, 0x0a,
    0xb0, 0x00, 0x7f, 0x30, 0x5f, 0x84, 0x7e, 0xf3, 0x00, 0x6d, 0xfc, 0x5f, 0x30, 0x00, 0x00, 0x1d,
    0xa0, 0x00, 0x00, 0x1c, 0x70, 0x00, 0x00, 0x00, 0x00, 0x00, 0x00, 0xc8, 0x00, 0x02, 0xf3, 0x0c,
    0x80, 0x00, 0x2f, 0x30, 0xc8, 0x00, 0x02, 0xf3, 0x0c, 0x80, 0x00, 0x2f, 0x30, 0xc9, 0x00, 0x03,
    0xf3, 0x0a, 0xb0, 0x00, 0x7f, 0x30, 0x5f, 0x84, 0x7e, 0xf3, 0x00, 0x6d, 0xfc, 0x5f, 0x30, 0x00,
    0x06, 0xec, 0x10, 0x00, 0x05, 0xc2, 0x8b, 0x00, 0x00, 0x00, 0x00, 0x00, 0x00, 0xc8, 0x00, 0x02,
    0xf3, 0x0c, 0x80, 0x00, 0x2f, 0x30, 0xc8, 0x00, 0x02, 0xf3, 0x0c, 0x80, 0x00, 0x2f, 0x30, 0xc9,
    0x00, 0x03, 0xf3, 0x0a, 0xb0, 0x00, 0x7f, 0x30, 0x5f, 0x84, 0x7e, 0xf3, 0x00, 0x6d, 0xfc, 0x5f,
    0x30, 0x00, 0x00, 0x00, 0x00, 0x00, 0x03, 0xe0, 0x98, 0x00, 0x00, 0x02, 0x01, 0x10, 0x00, 0x00,
    0x00, 0x00, 0x00, 0x0c, 0x80, 0x00, 0x2f, 0x30, 0xc8, 0x00, 0x02, 0xf3, 0x0c, 0x80, 0x00, 0x2f,
    0x30, 0xc8, 0x00, 0x02, 0xf3, 0x0c, 0x90, 0x00, 0x3f, 0x30, 0xab, 0x00, 0x07, 0xf3, 0x05, 0xf8,
    0x47, 0xef, 0x30, 0x06, 0xdf, 0xc5, 0xf3, 0x00, 0x00, 0x1c, 0xa1, 0x00, 0x00, 0x1c, 0x80, 0x00,
    0x00, 0x00, 0x00, 0x00, 0x00, 0xc9, 0x00, 0x00, 0xaa, 0x06, 0xe1, 0x00, 0x1f, 0x30, 0x1e, 0x60,
    0x07, 0xc0, 0x00, 0x9c, 0x00, 0xd6, 0x00, 0x03, 0xf3, 0x4e, 0x10, 0x00, 0x0c, 0x9a, 0x90, 0x00,
    0x00, 0x6e, 0xf3, 0x00, 0x00, 0x01, 0xeb, 0x00, 0x00, 0x00, 0x1e, 0x50, 0x00, 0x08, 0x4a, 0xd0,
    0x00, 0x01, 0xbe, 0xc3, 0x00, 0x00, 0x0b, 0x90, 0x00, 0x00, 0x00, 0x0b, 0x90, 0x00, 0x00, 0x00,
    0x0b, 0x90, 0x00, 0x00, 0x00, 0x0b, 0xa8, 0xee, 0xb3, 0x00, 0x0b, 0xfc, 0x55, 0xbf, 0x30, 0x0b,
    0xe1, 0x00, 0x0c, 0xa0, 0x0b, 0xa0, 0x00, 0x07, 0xe0, 0x0b, 0xa0, 0x00, 0x07, 0xd0, 0x0b, 0xe1,
    0x00, 0x0c, 0xa0, 0x0b, 0xfc, 0x55, 0xbf, 0x30, 0x0b, 0xa8, 0xee, 0xb3, 0x00, 0x0b, 0x90, 0x00,
    0x00, 0x00, 0x0b, 0x90, 0x00, 0x00, 0x00, 0x0b, 0x90, 0x00, 0x00, 0x00, 0x00, 0x00, 0x00, 0x00,
    0x00, 0x02, 0xe1, 0x89, 0x00, 0x00, 0x02, 0x01, 0x10, 0x00, 0x00, 0x00, 0x00, 0x00, 0x0c, 0x90,
    0x00, 0x0a, 0xa0, 0x6e, 0x10, 0x01, 0xf3, 0x01, 0xe6, 0x00, 0x7c, 0x00, 0x09, 0xc0, 0x0d, 0x60,
    0x00, 0x3f, 0x34, 0xe1, 0x00, 0x00, 0xc9, 0xa9, 0x00, 0x00, 0x06, 0xef, 0x30, 0x00, 0x00, 0x1e,
    0xb0, 0x00, 0x00, 0x01, 0xe5, 0x00, 0x00, 0x84, 0xad, 0x00, 0x00, 0x1b, 0xec, 0x30, 0x00, 0x00,
    0x00, 0x17, 0xce, 0xff, 0xff, 0xff, 0xff, 0xc0, 0x01, 0xce, 0x85, 0x45, 0xf6, 0x44, 0x44, 0x30,
    0x0a, 0xd2, 0x00, 0x02, 0xf4, 0x00, 0x00, 0x00, 0x2f, 0x60, 0x00, 0x02, 0xf4, 0x00, 0x00, 0x00,
    0x4f, 0x20, 0x00, 0x02, 0xff, 0xff, 0xff, 0x30, 0x4f, 0x20, 0x00, 0x02, 0xf6, 0x33, 0x33, 0x10,
    0x2f, 0x60, 0x00, 0x02, 0xf4, 0x00, 0x00, 0x00, 0x0a, 0xd2, 0x00, 0x02, 0xf4, 0x00, 0x00, 0x00,
    0x01, 0xde, 0x85, 0x45, 0xf6, 0x44, 0x44, 0x40, 0x00, 0x17, 0xce, 0xff, 0xff, 0xff, 0xff, 0xf0,
    0x00, 0x7d, 0xfd, 0x60, 0x4c, 0xfd, 0x80, 0x00, 0x9e, 0x74, 0x8f, 0xaf, 0x84, 0x6d, 0x90, 0x2f,
    0x50, 0x00, 0x7f, 0x80, 0x00, 0x3f, 0x25, 0xf0, 0x00, 0x02, 0xff, 0xff, 0xff, 0xf4, 0x5f, 0x00,
    0x00, 0x2f, 0x83, 0x33, 0x33, 0x12, 0xf5, 0x00, 0x07, 0xfb, 0x00, 0x00, 0x10, 0x09, 0xe7, 0x48,
    0xf8, 0xfb, 0x55, 0xb9, 0x00, 0x07, 0xdf, 0xc5, 0x03, 0xbe, 0xea, 0x20, 0x00, 0x01, 0x7c, 0xee,
    0xc7, 0x00, 0x02, 0xdd, 0x85, 0x57, 0xd7, 0x00, 0xbc, 0x10, 0x00, 0x00, 0x09, 0xff, 0xff, 0xff,
    0xe0, 0x00, 0x25, 0xf7, 0x44, 0x44, 0x00, 0x09, 0xff, 0xff, 0xff, 0xe0, 0x00, 0x23, 0xdb, 0x33,
    0x33, 0x00, 0x00, 0x06, 0xf5, 0x00, 0x00, 0x31, 0x00, 0x0a, 0xf9, 0x54, 0x8e, 0x80, 0x00, 0x05,
    0xce, 0xec, 0x60,
};
static const lv_font_fmt_txt_glyph_dsc_t font_latin1_14_glyphs[] = {
    {.bitmap_index = 0, .adv_w = 0, .box_w = 0, .box_h = 0, .ofs_x = 0, .ofs_y = 0},
    {.bitmap_index = 0, .adv_w = 60, .box_w = 4, .box_h = 10, .ofs_x = 0, .ofs_y = -2}, /* U+00A1 */
    {.bitmap_index = 20, .adv_w = 128, .box_w = 8, .box_h = 12, .ofs_x = 0, .ofs_y = -2}, /* U+00A2 */
    {.bitmap_index = 68, .adv_w = 145, .box_w = 9, .box_h = 10, .ofs_x = 0, .ofs_y = 0}, /* U+00A3 */
    {.bitmap_index = 113, .adv_w = 157, .box_w = 10, .box_h = 11, .ofs_x = 0, .ofs_y = -1}, /* U+00A4 */
    {.bitmap_index = 168, .adv_w = 158, .box_w = 11, .box_h = 10, .ofs_x = -1, .ofs_y = 0}, /* U+00A5 */
    {.bitmap_index = 223, .adv_w = 67, .box_w = 4, .box_h = 14, .ofs_x = 0, .ofs_y = -3}, /* U+00A6 */
    {.bitmap_index = 251, .adv_w = 112, .box_w = 7, .box_h = 13, .ofs_x = 0, .ofs_y = -3}, /* U+00A7 */
    {.bitmap_index = 297, .adv_w = 134, .box_w = 8, .box_h = 12, .ofs_x = 0, .ofs_y = 0}, /* U+00A8 */
    {.bitmap_index = 345, .adv_w = 180, .box_w = 11, .box_h = 13, .ofs_x = 0, .ofs_y = -1}, /* U+00A9 */
    {.bitmap_index = 417, .adv_w = 90, .box_w = 6, .box_h = 11, .ofs_x = 0, .ofs_y = 0}, /* U+00AA */
    {.bitmap_index = 450, .adv_w = 113, .box_w = 7, .box_h = 7, .ofs_x = 0, .ofs_y = 0}, /* U+00AB */
    {.bitmap_index = 475, .adv_w = 130, .box_w = 8, .box_h = 7, .ofs_x = 0, .ofs_y = 0}, /* U+00AC */
    {.bitmap_index = 503, .adv_w = 180, .box_w = 11, .box_h = 13, .ofs_x = 0, .ofs_y = -1}, /* U+00AE */
    {.bitmap_index = 575, .adv_w = 134, .box_w = 8, .box_h = 12, .ofs_x = 0, .ofs_y = 0}, /* U+00AF */
    {.bitmap_index = 623, .adv_w = 130, .box_w = 8, .box_h = 9, .ofs_x = 0, .ofs_y = 0}, /* U+00B1 */
    {.bitmap_index = 659, .adv_w = 96, .box_w = 6, .box_h = 12, .ofs_x = 0, .ofs_y = 0}, /* U+00B2 */
    {.bitmap_index = 695, .adv_w = 96, .box_w = 6, .box_h = 12, .ofs_x = 0, .ofs_y = 0}, /* U+00B3 */
    {.bitmap_index = 731, .adv_w = 134, .box_w = 8, .box_h = 11, .ofs_x = 0, .ofs_y = 0}, /* U+00B4 */
    {.bitmap_index = 775, .adv_w = 153, .box_w = 10, .box_h = 11, .ofs_x = 0, .ofs_y = -3}, /* U+00B5 */
    {.bitmap_index = 830, .adv_w = 145, .box_w = 9, .box_h = 13, .ofs_x = 0, .ofs_y = -2}, /* U+00B6 */
    {.bitmap_index = 889, .adv_w = 60, .box_w = 4, .box_h = 6, .ofs_x = 0, .ofs_y = 0}, /* U+00B7 */
    {.bitmap_index = 901, .adv_w = 134, .box_w = 8, .box_h = 5, .ofs_x = 0, .ofs_y = -4}, /* U+00B8 */
    {.bitmap_index = 921, .adv_w = 96, .box_w = 6, .box_h = 12, .ofs_x = 0, .ofs_y = 0}, /* U+00B9 */
    {.bitmap_index = 957, .adv_w = 94, .box_w = 6, .box_h = 11, .ofs_x = 0, .ofs_y = 0}, /* U+00BA */
    {.bitmap_index = 990, .adv_w = 113, .box_w = 7, .box_h = 7, .ofs_x = 0, .ofs_y = 0}, /* U+00BB */
    {.bitmap_index = 1015, .adv_w = 232, .box_w = 15, .box_h = 11, .ofs_x = 0, .ofs_y = 0}, /* U+00BC */
    {.bitmap_index = 1098, .adv_w = 232, .box_w = 14, .box_h = 11, .ofs_x = 0, .ofs_y = 0}, /* U+00BD */
    {.bitmap_index = 1175, .adv_w = 232, .box_w = 15, .box_h = 11, .ofs_x = 0, .ofs_y = 0}, /* U+00BE */
    {.bitmap_index = 1258, .adv_w = 128, .box_w = 8, .box_h = 11, .ofs_x = 0, .ofs_y = -3}, /* U+00BF */
    {.bitmap_index = 1302, .adv_w = 164, .box_w = 12, .box_h = 13, .ofs_x = -1, .ofs_y = 0}, /* U+00C0 */
    {.bitmap_index = 1380, .adv_w = 164, .box_w = 12, .box_h = 13, .ofs_x = -1, .ofs_y = 0}, /* U+00C1 */
    {.bitmap_index = 1458, .adv_w = 164, .box_w = 12, .box_h = 13, .ofs_x = -1, .ofs_y = 0}, /* U+00C2 */
    {.bitmap_index = 1536, .adv_w = 164, .box_w = 12, .box_h = 13, .ofs_x = -1, .ofs_y = 0}, /* U+00C3 */
    {.bitmap_index = 1614, .adv_w = 164, .box_w = 12, .box_h = 14, .ofs_x = -1, .ofs_y = 0}, /* U+00C4 */
    {.bitmap_index = 1698, .adv_w = 164, .box_w = 12, .box_h = 15, .ofs_x = -1, .ofs_y = 0}, /* U+00C5 */
    {.bitmap_index = 1788, .adv_w = 234, .box_w = 16, .box_h = 10, .ofs_x = -1, .ofs_y = 0}, /* U+00C6 */
    {.bitmap_index = 1868, .adv_w = 160, .box_w = 10, .box_h = 14, .ofs_x = 0, .ofs_y = -4}, /* U+00C7 */
    {.bitmap_index = 1938, .adv_w = 150, .box_w = 9, .box_h = 13, .ofs_x = 0, .ofs_y = 0}, /* U+00C8 */
    {.bitmap_index = 1997, .adv_w = 150, .box_w = 9, .box_h = 13, .ofs_x = 0, .ofs_y = 0}, /* U+00C9 */
    {.bitmap_index = 2056, .adv_w = 150, .box_w = 9, .box_h = 13, .ofs_x = 0, .ofs_y = 0}, /* U+00CA */
    {.bitmap_index = 2115, .adv_w = 150, .box_w = 9, .box_h = 14, .ofs_x = 0, .ofs_y = 0}, /* U+00CB */
    {.bitmap_index = 2178, .adv_w = 70, .box_w = 5, .box_h = 13, .ofs_x = -1, .ofs_y = 0}, /* U+00CC */
    {.bitmap_index = 2211, .adv_w = 70, .box_w = 5, .box_h = 13, .ofs_x = 0, .ofs_y = 0}, /* U+00CD */
    {.bitmap_index = 2244, .adv_w = 70, .box_w = 6, .box_h = 13, .ofs_x = -1, .ofs_y = 0}, /* U+00CE */
    {.bitmap_index = 2283, .adv_w = 70, .box_w = 5, .box_h = 14, .ofs_x = 0, .ofs_y = 0}, /* U+00CF */
    {.bitmap_index = 2318, .adv_w = 187, .box_w = 12, .box_h = 10, .ofs_x = 0, .ofs_y = 0}, /* U+00D0 */
    {.bitmap_index = 2378, .adv_w = 182, .box_w = 11, .box_h = 13, .ofs_x = 0, .ofs_y = 0}, /* U+00D1 */
    {.bitmap_index = 2450, .adv_w = 188, .box_w = 12, .box_h = 13, .ofs_x = 0, .ofs_y = 0}, /* U+00D2 */
    {.bitmap_index = 2528, .adv_w = 188, .box_w = 12, .box_h = 13, .ofs_x = 0, .ofs_y = 0}, /* U+00D3 */
    {.bitmap_index = 2606, .adv_w = 188, .box_w = 12, .box_h = 13, .ofs_x = 0, .ofs_y = 0}, /* U+00D4 */
    {.bitmap_index = 2684, .adv_w = 188, .box_w = 12, .box_h = 13, .ofs_x = 0, .ofs_y = 0}, /* U+00D5 */
    {.bitmap_index = 2762, .adv_w = 188, .box_w = 12, .box_h = 14, .ofs_x = 0, .ofs_y = 0}, /* U+00D6 */
    {.bitmap_index = 2846, .adv_w = 130, .box_w = 8, .box_h = 8, .ofs_x = 0, .ofs_y = 0}, /* U+00D7 */
    {.bitmap_index = 2878, .adv_w = 188, .box_w = 12, .box_h = 13, .ofs_x = 0, .ofs_y = -1}, /* U+00D8 */
    {.bitmap_index = 2956, .adv_w = 177, .box_w = 11, .box_h = 13, .ofs_x = 0, .ofs_y = 0}, /* U+00D9 */
    {.bitmap_index = 3028, .adv_w = 177, .box_w = 11, .box_h = 13, .ofs_x = 0, .ofs_y = 0}, /* U+00DA */
    {.bitmap_index = 3100, .adv_w = 177, .box_w = 11, .box_h = 13, .ofs_x = 0, .ofs_y = 0}, /* U+00DB */
    {.bitmap_index = 3172, .adv_w = 177, .box_w = 11, .box_h = 14, .ofs_x = 0, .ofs_y = 0}, /* U+00DC */
    {.bitmap_index = 3249, .adv_w = 145, .box_w = 11, .box_h = 13, .ofs_x = -1, .ofs_y = 0}, /* U+00DD */
    {.bitmap_index = 3321, .adv_w = 162, .box_w = 10, .box_h = 10, .ofs_x = 0, .ofs_y = 0}, /* U+00DE */
    {.bitmap_index = 3371, .adv_w = 152, .box_w = 9, .box_h = 11, .ofs_x = 0, .ofs_y = 0}, /* U+00DF */
    {.bitmap_index = 3421, .adv_w = 134, .box_w = 8, .box_h = 11, .ofs_x = 0, .ofs_y = 0}, /* U+00E0 */
    {.bitmap_index = 3465, .adv_w = 134, .box_w = 8, .box_h = 11, .ofs_x = 0, .ofs_y = 0}, /* U+00E1 */
    {.bitmap_index = 3509, .adv_w = 134, .box_w = 8, .box_h = 11, .ofs_x = 0, .ofs_y = 0}, /* U+00E2 */
    {.bitmap_index = 3553, .adv_w = 134, .box_w = 8, .box_h = 12, .ofs_x = 0, .ofs_y = 0}, /* U+00E3 */
    {.bitmap_index = 3601, .adv_w = 134, .box_w = 8, .box_h = 12, .ofs_x = 0, .ofs_y = 0}, /* U+00E4 */
    {.bitmap_index = 3649, .adv_w = 134, .box_w = 8, .box_h = 13, .ofs_x = 0, .ofs_y = 0}, /* U+00E5 */
    {.bitmap_index = 3701, .adv_w = 222, .box_w = 14, .box_h = 8, .ofs_x = 0, .ofs_y = 0}, /* U+00E6 */
    {.bitmap_index = 3757, .adv_w = 128, .box_w = 8, .box_h = 12, .ofs_x = 0, .ofs_y = -4}, /* U+00E7 */
    {.bitmap_index = 3805, .adv_w = 137, .box_w = 9, .box_h = 11, .ofs_x = 0, .ofs_y = 0}, /* U+00E8 */
    {.bitmap_index = 3855, .adv_w = 137, .box_w = 9, .box_h = 11, .ofs_x = 0, .ofs_y = 0}, /* U+00E9 */
    {.bitmap_index = 3905, .adv_w = 137, .box_w = 9, .box_h = 11, .ofs_x = 0, .ofs_y = 0}, /* U+00EA */
    {.bitmap_index = 3955, .adv_w = 137, .box_w = 9, .box_h = 12, .ofs_x = 0, .ofs_y = 0}, /* U+00EB */
    {.bitmap_index = 4009, .adv_w = 62, .box_w = 5, .box_h = 11, .ofs_x = -1, .ofs_y = 0}, /* U+00EC */
    {.bitmap_index = 4037, .adv_w = 62, .box_w = 5, .box_h = 11, .ofs_x = 0, .ofs_y = 0}, /* U+00ED */
    {.bitmap_index = 4065, .adv_w = 62, .box_w = 6, .box_h = 11, .ofs_x = -1, .ofs_y = 0}, /* U+00EE */
    {.bitmap_index = 4098, .adv_w = 62, .box_w = 4, .box_h = 11, .ofs_x = 0, .ofs_y = 0}, /* U+00EF */
    {.bitmap_index = 4120, .adv_w = 134, .box_w = 8, .box_h = 12, .ofs_x = 0, .ofs_y = 0}, /* U+00F0 */
    {.bitmap_index = 4168, .adv_w = 152, .box_w = 10, .box_h = 12, .ofs_x = 0, .ofs_y = 0}, /* U+00F1 */
    {.bitmap_index = 4228, .adv_w = 142, .box_w = 9, .box_h = 11, .ofs_x = 0, .ofs_y = 0}, /* U+00F2 */
    {.bitmap_index = 4278, .adv_w = 142, .box_w = 9, .box_h = 11, .ofs_x = 0, .ofs_y = 0}, /* U+00F3 */
    {.bitmap_index = 4328, .adv_w = 142, .box_w = 9, .box_h = 11, .ofs_x = 0, .ofs_y = 0}, /* U+00F4 */
    {.bitmap_index = 4378, .adv_w = 142, .box_w = 9, .box_h = 12, .ofs_x = 0, .ofs_y = 0}, /* U+00F5 */
    {.bitmap_index = 4432, .adv_w = 142, .box_w = 9, .box_h = 12, .ofs_x = 0, .ofs_y = 0}, /* U+00F6 */
    {.bitmap_index = 4486, .adv_w = 130, .box_w = 8, .box_h = 10, .ofs_x = 0, .ofs_y = 0}, /* U+00F7 */
    {.bitmap_index = 4526, .adv_w = 142, .box_w = 9, .box_h = 10, .ofs_x = 0, .ofs_y = -1}, /* U+00F8 */
    {.bitmap_index = 4571, .adv_w = 152, .box_w = 9, .box_h = 11, .ofs_x = 0, .ofs_y = 0}, /* U+00F9 */
    {.bitmap_index = 4621, .adv_w = 152, .box_w = 9, .box_h = 11, .ofs_x = 0, .ofs_y = 0}, /* U+00FA */
    {.bitmap_index = 4671, .adv_w = 152, .box_w = 9, .box_h = 11, .ofs_x = 0, .ofs_y = 0}, /* U+00FB */
    {.bitmap_index = 4721, .adv_w = 152, .box_w = 9, .box_h = 12, .ofs_x = 0, .ofs_y = 0}, /* U+00FC */
    {.bitmap_index = 4775, .adv_w = 125, .box_w = 9, .box_h = 14, .ofs_x = -1, .ofs_y = -3}, /* U+00FD */
    {.bitmap_index = 4838, .adv_w = 153, .box_w = 10, .box_h = 14, .ofs_x = 0, .ofs_y = -3}, /* U+00FE */
    {.bitmap_index = 4908, .adv_w = 125, .box_w = 9, .box_h = 15, .ofs_x = -1, .ofs_y = -3}, /* U+00FF */
    {.bitmap_index = 4976, .adv_w = 252, .box_w = 16, .box_h = 10, .ofs_x = 0, .ofs_y = 0}, /* U+0152 */
    {.bitmap_index = 5056, .adv_w = 239, .box_w = 15, .box_h = 8, .ofs_x = 0, .ofs_y = 0}, /* U+0153 */
    {.bitmap_index = 5116, .adv_w = 178, .box_w = 11, .box_h = 10, .ofs_x = 0, .ofs_y = 0}, /* U+20AC */
};
static const uint16_t font_latin1_14_list[] = {0, 1, 2, 3, 4, 5, 6, 7, 8, 9, 10, 11, 13, 14, 16, 17, 18, 19, 20, 21, 22, 23, 24, 25, 26, 27, 28, 29, 30, 31, 32, 33, 34, 35, 36, 37, 38, 39, 40, 41, 42, 43, 44, 45, 46, 47, 48, 49, 50, 51, 52, 53, 54, 55, 56, 57, 58, 59, 60, 61, 62, 63, 64, 65, 66, 67, 68, 69, 70, 71, 72, 73, 74, 75, 76, 77, 78, 79, 80, 81, 82, 83, 84, 85, 86, 87, 88, 89, 90, 91, 92, 93, 94, 177, 178, 8203};
static const lv_font_fmt_txt_cmap_t font_latin1_14_cmaps[] = {
    {.range_start = 161, .range_length = 8204, .glyph_id_start = 1,
     .unicode_list = font_latin1_14_list, .glyph_id_ofs_list = NULL, .list_length = 96, .type = LV_FONT_FMT_TXT_CMAP_SPARSE_TINY}
};
static lv_font_fmt_txt_glyph_cache_t font_latin1_14_cache;
static const lv_font_fmt_txt_dsc_t font_latin1_14_dsc = {
    .glyph_bitmap = font_latin1_14_bitmap, .glyph_dsc = font_latin1_14_glyphs, .cmaps = font_latin1_14_cmaps, .kern_dsc = NULL,
    .kern_scale = 0, .cmap_num = 1, .bpp = 4, .kern_classes = 0, .bitmap_format = 0, .cache = &font_latin1_14_cache
};
const lv_font_t font_latin1_14 = {
    .get_glyph_dsc = lv_font_get_glyph_dsc_fmt_txt,
    .get_glyph_bitmap = lv_font_get_bitmap_fmt_txt,
    .line_height = 18,
    .base_line = 3,
    .subpx = LV_FONT_SUBPX_NONE,
    .underline_position = -1,
    .underline_thickness = 1,
    .dsc = &font_latin1_14_dsc,
    .fallback = &lv_font_montserrat_14,
};
#endif

#if LV_FONT_MONTSERRAT_16
static LV_ATTRIBUTE_LARGE_CONST const uint8_t font_latin1_16_bitmap[] = {
    0x09, 0xd1, 0x0b, 0xe1, 0x00, 0x10, 0x00, 0x00, 0x07, 0xc0, 0x08, 0xc0, 0x08, 0xd0, 0x09, 0xd0,
    0x09, 0xe0, 0x0a, 0xe0, 0x0b, 0xf0, 0x0b, 0xf1, 0x00, 0x00, 0x78, 0x00, 0x00, 0x00, 0x07, 0x80,
    0x00, 0x00, 0x3b, 0xff, 0xd5, 0x00, 0x4f, 0xdc, 0xcc, 0xf5, 0x0d, 0xd1, 0x78, 0x07, 0x13, 0xf6,
    0x07, 0x80, 0x00, 0x5f, 0x40, 0x78, 0x00, 0x03, 0xf6, 0x07, 0x80, 0x00, 0x0d, 0xc1, 0x78, 0x06,
    0x00, 0x5f, 0xcb, 0xbb, 0xf5, 0x00, 0x4c, 0xff, 0xd6, 0x00, 0x00, 0x07, 0x80, 0x00, 0x00, 0x00,
    0x78, 0x00, 0x00, 0x00, 0x00, 0x6c, 0xee, 0xc7, 0x00, 0x00, 0xaf, 0xa7, 0x8a, 0xc0, 0x00, 0x5f,
    0x70, 0x00, 0x01, 0x00, 0x0a, 0xe0, 0x00, 0x00, 0x00, 0x00, 0xbd, 0x00, 0x00, 0x00, 0x01, 0x2c,
    0xd2, 0x22, 0x20, 0x00, 0x8f, 0xff, 0xff, 0xff, 0x10, 0x02, 0x4d, 0xd4, 0x44, 0x40, 0x00, 0x00,
    0xcc, 0x00, 0x00, 0x00, 0x00, 0x0c, 0xc0, 0x00, 0x00, 0x00, 0x36, 0xdd, 0x66, 0x66, 0x65, 0x08,
    0xff, 0xff, 0xff, 0xff, 0xd0, 0x2b, 0x10, 0x01, 0x00, 0x09, 0x42, 0xeb, 0x7d, 0xfe, 0x89, 0xf4,
    0x03, 0xff, 0x85, 0x7e, 0xf6, 0x00, 0x3f, 0x40, 0x00, 0x2e, 0x60, 0x08, 0xb0, 0x00, 0x00, 0x7c,
    0x00, 0xa8, 0x00, 0x00, 0x05, 0xe0, 0x09, 0xa0, 0x00, 0x00, 0x6c, 0x00, 0x5f, 0x20, 0x00, 0x1d,
    0x80, 0x01, 0xfe, 0x52, 0x4c, 0xf4, 0x01, 0xcd, 0xaf, 0xff, 0xcc, 0xd2, 0x4e, 0x20, 0x24, 0x20,
    0x1c, 0x60, 0x10, 0x00, 0x00, 0x00, 0x10, 0x0b, 0xd1, 0x00, 0x00, 0x00, 0x9e, 0x20, 0x2e, 0x90,
    0x00, 0x00, 0x3f, 0x60, 0x00, 0x7f, 0x40, 0x00, 0x0d, 0xb0, 0x00, 0x00, 0xcd, 0x00, 0x08, 0xf2,
    0x00, 0x00, 0x03, 0xf8, 0x03, 0xf7, 0x00, 0x00, 0x00, 0x08, 0xf3, 0xcc, 0x00, 0x00, 0x00, 0x12,
    0x2d, 0xef, 0x52, 0x10, 0x00, 0x08, 0xff, 0xff, 0xff, 0xfc, 0x00, 0x00, 0x36, 0x67, 0xfa, 0x66,
    0x50, 0x00, 0x08, 0xff, 0xff, 0xff, 0xfc, 0x00, 0x00, 0x24, 0x46, 0xf9, 0x44, 0x40, 0x00, 0x00,
    0x00, 0x2f, 0x70, 0x00, 0x00, 0x05, 0xf2, 0x00, 0x5f, 0x20, 0x05, 0xf2, 0x00, 0x5f, 0x20, 0x05,
    0xf2, 0x00, 0x5f, 0x20, 0x00, 0x00, 0x00, 0x00, 0x00, 0x00, 0x00, 0x00, 0x5f, 0x20, 0x05, 0xf2,
    0x00, 0x5f, 0x20, 0x05, 0xf2, 0x00, 0x5f, 0x20, 0x05, 0xf2, 0x00, 0x01, 0x8d, 0xfd, 0x92, 0x0a,
    0xe8, 0x78, 0xe5, 0x0f, 0x60, 0x00, 0x10, 0x0e, 0xa2, 0x00, 0x00, 0x07, 0xff, 0xc7, 0x10, 0x2e,
    0x94, 0x9e, 0xd1, 0x6e, 0x00, 0x01, 0xf6, 0x4f, 0x71, 0x02, 0xf5, 0x05, 0xdf, 0xbe, 0x90, 0x00,
    0x02, 0x6d, 0xb0, 0x00, 0x00, 0x05, 0xf1, 0x5a, 0x42, 0x3b, 0xe0, 0x3c, 0xff, 0xfd, 0x40, 0x00,
    0x24, 0x30, 0x00, 0x00, 0x00, 0x00, 0x00, 0x00, 0x00, 0x6e, 0x06, 0xe0, 0x00, 0x00, 0x13, 0x01,
    0x30, 0x00, 0x00, 0x00, 0x00, 0x00, 0x00, 0x00, 0x00, 0x00, 0x00, 0x00, 0x00, 0x00, 0x00, 0x00,
    0x00, 0x00, 0x00, 0x00, 0x00, 0x00, 0x00, 0x00, 0x00, 0x00, 0x00, 0x00, 0x00, 0x00, 0x00, 0x00,
    0x00, 0x00, 0x00, 0x00, 0x00, 0x00, 0x00, 0x00, 0x00, 0x00, 0x00, 0x00, 0x00, 0x00, 0x00, 0x00,
    0x00, 0x00, 0x00, 0x00, 0x00, 0x00, 0x00, 0x10, 0x00, 0x00, 0x00, 0x00, 0x3b, 0xff, 0xfa, 0x20,
    0x00, 0x00, 0x6f, 0xa6, 0x57, 0xbe, 0x40, 0x00, 0x3e, 0x40, 0x01, 0x00, 0x5e, 0x20, 0x0b, 0x40,
    0x5e, 0xfe, 0x50, 0x78, 0x01, 0xc0, 0x3f, 0x95, 0x9d, 0x01, 0xc0, 0x39, 0x0a, 0xa0, 0x00, 0x10,
    0x0b, 0x03, 0x80, 0xc7, 0x00, 0x00, 0x00, 0xb0, 0x1b, 0x0a, 0x90, 0x00, 0x00, 0x0c, 0x00, 0xc3,
    0x5f, 0x72, 0x6b, 0x05, 0x90, 0x05, 0xd2, 0x8f, 0xff, 0x73, 0xe2, 0x00, 0x09, 0xe7, 0x56, 0x69,
    0xf6, 0x00, 0x00, 0x06, 0xef, 0xff, 0xd4, 0x00, 0x00, 0x00, 0x00, 0x34, 0x20, 0x00, 0x00, 0x19,
    0xde, 0x80, 0x05, 0x22, 0xd4, 0x09, 0xee, 0xf6, 0x5d, 0x32, 0xb6, 0x5c, 0x13, 0xe6, 0x1c, 0xfd,
    0xb6, 0x00, 0x10, 0x11, 0x00, 0x00, 0x00, 0x00, 0x00, 0x00, 0x00, 0x00, 0x00, 0x00, 0x00, 0x00,
    0x00, 0x00, 0x00, 0x00, 0x5e, 0x24, 0xe3, 0x02, 0xe5, 0x2e, 0x60, 0x0c, 0x90, 0xba, 0x00, 0x1d,
    0x80, 0xc9, 0x00, 0x03, 0xe5, 0x2e, 0x60, 0x00, 0x5e, 0x24, 0xe3, 0x00, 0x00, 0x00, 0x00, 0x01,
    0x22, 0x22, 0x22, 0x00, 0xef, 0xff, 0xff, 0xf4, 0x04, 0x44, 0x44, 0x6f, 0x40, 0x00, 0x00, 0x02,
    0xf4, 0x00, 0x00, 0x00, 0x2f, 0x40, 0x00, 0x00, 0x01, 0x41, 0x00, 0x00, 0x00, 0x00, 0x00, 0x00,
    0x00, 0x00, 0x10, 0x00, 0x00, 0x00, 0x00, 0x3b, 0xff, 0xfa, 0x20, 0x00, 0x00, 0x6f, 0xa6, 0x57,
    0xbe, 0x40, 0x00, 0x3e, 0x41, 0x22, 0x00, 0x5e, 0x20, 0x0b, 0x40, 0xdf, 0xfe, 0x60, 0x78, 0x01,
    0xc0, 0x0d, 0x75, 0x8f, 0x11, 0xc0, 0x39, 0x00, 0xd3, 0x00, 0xc4, 0x0b, 0x03, 0x80, 0x0d, 0x52,
    0x5f, 0x20, 0xb0, 0x1b, 0x00, 0xdf, 0xff, 0x80, 0x0c, 0x00, 0xc3, 0x0d, 0x74, 0xc6, 0x05, 0x90,
    0x05, 0xd2, 0x92, 0x01, 0xa5, 0xe2, 0x00, 0x09, 0xe7, 0x32, 0x49, 0xf6, 0x00, 0x00, 0x06, 0xef,
    0xff, 0xd4, 0x00, 0x00, 0x00, 0x00, 0x34, 0x20, 0x00, 0x00, 0x00, 0x12, 0x22, 0x21, 0x00, 0x00,
    0xcf, 0xff, 0xf6, 0x00, 0x00, 0x44, 0x44, 0x42, 0x00, 0x00, 0x00, 0x00, 0x00, 0x00, 0x00, 0x00,
    0x00, 0x00, 0x00, 0x00, 0x00, 0x00, 0x00, 0x00, 0x00, 0x00, 0x00, 0x00, 0x00, 0x00, 0x00, 0x00,
    0x00, 0x00, 0x00, 0x00, 0x00, 0x00, 0x00, 0x00, 0x00, 0x00, 0x00, 0x00, 0x00, 0x00, 0x00, 0x00,
    0x00, 0x00, 0x00, 0x00, 0x00, 0x00, 0x00, 0x00, 0x00, 0x00, 0x00, 0x00, 0x00, 0xf5, 0x00, 0x00,
    0x00, 0x0f, 0x50, 0x00, 0x01, 0x22, 0xf6, 0x22, 0x00, 0xef, 0xff, 0xff, 0xf4, 0x04, 0x45, 0xf8,
    0x44, 0x10, 0x00, 0x0f, 0x50, 0x00, 0x00, 0x00, 0xf5, 0x00, 0x00, 0x00, 0x00, 0x00, 0x00, 0x06,
    0x66, 0x66, 0x66, 0x10, 0xef, 0xff, 0xff, 0xf4, 0x00, 0x11, 0x00, 0x01, 0xaf, 0xfd, 0x30, 0x4b,
    0x65, 0xcb, 0x00, 0x00, 0x07, 0x80, 0x00, 0x05, 0xb1, 0x00, 0x07, 0xa0, 0x00, 0x1a, 0xd6, 0x66,
    0x04, 0xff, 0xff, 0xf1, 0x00, 0x00, 0x00, 0x00, 0x00, 0x00, 0x00, 0x00, 0x00, 0x00, 0x00, 0x00,
    0x00, 0x00, 0x00, 0x00, 0x00, 0x00, 0x12, 0x22, 0x21, 0x05, 0xff, 0xff, 0xc0, 0x24, 0x46, 0xe4,
    0x00, 0x02, 0xc5, 0x00, 0x00, 0x5a, 0xc6, 0x00, 0x00, 0x02, 0xf0, 0x6b, 0x77, 0xbe, 0x01, 0x9e,
    0xec, 0x40, 0x00, 0x00, 0x00, 0x00, 0x00, 0x00, 0x00, 0x00, 0x00, 0x00, 0x00, 0x00, 0x00, 0x00,
    0x00, 0x00, 0x00, 0x00, 0x00, 0x00, 0x1b, 0xd3, 0x00, 0x00, 0x01, 0xca, 0x10, 0x00, 0x00, 0x00,
    0x00, 0x00, 0x00, 0x00, 0x00, 0x00, 0x00, 0x00, 0x00, 0x00, 0x00, 0x00, 0x00, 0x00, 0x00, 0x00,
    0x00, 0x00, 0x00, 0x00, 0x00, 0x00, 0x00, 0x00, 0x00, 0x00, 0x00, 0x00, 0x00, 0x00, 0x00, 0x00,
    0x00, 0x00, 0x00, 0x00, 0x00, 0x00, 0x00, 0x00, 0x00, 0x00, 0x00, 0x00, 0x00, 0x00, 0x00, 0x00,
    0x08, 0xf0, 0x00, 0x01, 0xf7, 0x00, 0x8f, 0x00, 0x00, 0x1f, 0x70, 0x08, 0xf0, 0x00, 0x01, 0xf7,
    0x00, 0x8f, 0x00, 0x00, 0x1f, 0x70, 0x08, 0xf0, 0x00, 0x02, 0xf7, 0x00, 0x8f, 0x10, 0x00, 0x3f,
    0x70, 0x08, 0xf5, 0x00, 0x0a, 0xf7, 0x00, 0x8f, 0xf9, 0x7b, 0xef, 0x70, 0x08, 0xf6, 0xde, 0xb3,
    0xf7, 0x00, 0x8f, 0x00, 0x00, 0x00, 0x00, 0x08, 0xf0, 0x00, 0x00, 0x00, 0x00, 0x8f, 0x00, 0x00,
    0x00, 0x00, 0x04, 0xce, 0xff, 0xff, 0xa0, 0x3f, 0xff, 0xe6, 0x6b, 0xa0, 0x9f, 0xff, 0xe0, 0x09,
    0xa0, 0xaf, 0xff, 0xe0, 0x09, 0xa0, 0x5f, 0xff, 0xe0, 0x09, 0xa0, 0x08, 0xff, 0xe0, 0x09, 0xa0,
    0x00, 0x17, 0xe0, 0x09, 0xa0, 0x00, 0x06, 0xe0, 0x09, 0xa0, 0x00, 0x06, 0xe0, 0x09, 0xa0, 0x00,
    0x06, 0xe0, 0x09, 0xa0, 0x00, 0x06, 0xe0, 0x09, 0xa0, 0x00, 0x06, 0xe0, 0x09, 0xa0, 0x00, 0x06,
    0xe0, 0x09, 0xa0, 0x00, 0x06, 0xe0, 0x09, 0xa0, 0x00, 0x02, 0x50, 0x03, 0x40, 0x00, 0x10, 0x0c,
    0xe1, 0x0a, 0xd1, 0x00, 0x00, 0x00, 0x00, 0x00, 0x00, 0x00, 0x00, 0x10, 0x00, 0x00, 0x00, 0x00,
    0xc3, 0x00, 0x00, 0x00, 0x02, 0x7e, 0x40, 0x00, 0x00, 0x0d, 0xff, 0x30, 0x00, 0x00, 0x01, 0x41,
    0x00, 0x00, 0x01, 0x22, 0x00, 0x00, 0x9f, 0xf4, 0x00, 0x03, 0x4d, 0x40, 0x00, 0x00, 0xd4, 0x00,
    0x00, 0x0d, 0x40, 0x00, 0x00, 0xd4, 0x00, 0x04, 0x6e, 0x96, 0x00, 0xbf, 0xff, 0xe0, 0x00, 0x00,
    0x00, 0x00, 0x00, 0x00, 0x00, 0x00, 0x00, 0x00, 0x00, 0x00, 0x00, 0x00, 0x00, 0x00, 0x00, 0x00,
    0x06, 0xdf, 0xc3, 0x03, 0xe4, 0x27, 0xd0, 0x79, 0x00, 0x0e, 0x24, 0xd2, 0x05, 0xe0, 0x07, 0xef,
    0xd4, 0x00, 0x00, 0x10, 0x00, 0x00, 0x00, 0x00, 0x00, 0x00, 0x00, 0x00, 0x00, 0x00, 0x00, 0x00,
    0x00, 0x00, 0x00, 0x00, 0x00, 0x00, 0x00, 0x00, 0x00, 0x00, 0x2e, 0x51, 0xe6, 0x00, 0x05, 0xe2,
    0x4e, 0x30, 0x00, 0x9c, 0x08, 0xd1, 0x00, 0x8d, 0x17, 0xd1, 0x05, 0xe2, 0x4e, 0x30, 0x2e, 0x51,
    0xe6, 0x00, 0x00, 0x00, 0x00, 0x00, 0x01, 0x22, 0x00, 0x00, 0x00, 0x00, 0x00, 0x00, 0x00, 0x9f,
    0xf4, 0x00, 0x00, 0x00, 0xc6, 0x00, 0x00, 0x03, 0x4d, 0x40, 0x00, 0x00, 0x7b, 0x00, 0x00, 0x00,
    0x00, 0xd4, 0x00, 0x00, 0x2e, 0x20, 0x00, 0x00, 0x00, 0x0d, 0x40, 0x00, 0x0b, 0x70, 0x00, 0x00,
    0x00, 0x00, 0xd4, 0x00, 0x06, 0xc0, 0x00, 0x00, 0x00, 0x04, 0x6e, 0x96, 0x01, 0xe3, 0x00, 0x3e,
    0x20, 0x00, 0xbf, 0xff, 0xe0, 0xa8, 0x00, 0x1d, 0x50, 0x00, 0x00, 0x00, 0x00, 0x5d, 0x10, 0x0a,
    0x80, 0x00, 0x00, 0x00, 0x00, 0x1d, 0x40, 0x07, 0xb0, 0x3c, 0x00, 0x00, 0x00, 0x09, 0xa0, 0x00,
    0xef, 0xff, 0xff, 0x20, 0x00, 0x03, 0xe1, 0x00, 0x00, 0x00, 0x4c, 0x00, 0x00, 0x00, 0xc5, 0x00,
    0x00, 0x00, 0x04, 0xc0, 0x00, 0x01, 0x22, 0x00, 0x00, 0x00, 0x00, 0x00, 0x00, 0x00, 0x9f, 0xf4,
    0x00, 0x00, 0x00, 0xc6, 0x00, 0x00, 0x03, 0x4d, 0x40, 0x00, 0x00, 0x7b, 0x00, 0x00, 0x00, 0x00,
    0xd4, 0x00, 0x00, 0x2e, 0x20, 0x00, 0x00, 0x00, 0x0d, 0x40, 0x00, 0x0b, 0x70, 0x00, 0x00, 0x00,
    0x00, 0xd4, 0x00, 0x06, 0xc0, 0x01, 0x00, 0x00, 0x04, 0x6e, 0x96, 0x01, 0xe3, 0x3c, 0xff, 0xa0,
    0x00, 0xbf, 0xff, 0xe0, 0xa8, 0x08, 0x95, 0x6e, 0x50, 0x00, 0x00, 0x00, 0x5d, 0x10, 0x00, 0x00,
    0xc3, 0x00, 0x00, 0x00, 0x1d, 0x40, 0x00, 0x00, 0x97, 0x00, 0x00, 0x00, 0x09, 0xa0, 0x00, 0x01,
    0xb6, 0x00, 0x00, 0x00, 0x03, 0xe1, 0x00, 0x03, 0xda, 0x66, 0x40, 0x00, 0x00, 0xc5, 0x00, 0x00,
    0x9f, 0xff, 0xfb, 0x00, 0x12, 0x22, 0x21, 0x00, 0x00, 0x00, 0x00, 0x00, 0x05, 0xff, 0xff, 0xc0,
    0x00, 0x00, 0xc6, 0x00, 0x00, 0x24, 0x46, 0xe4, 0x00, 0x00, 0x7b, 0x00, 0x00, 0x00, 0x02, 0xc5,
    0x00, 0x00, 0x2e, 0x20, 0x00, 0x00, 0x00, 0x5a, 0xc6, 0x00, 0x0b, 0x70, 0x00, 0x00, 0x00, 0x00,
    0x02, 0xf0, 0x06, 0xc0, 0x00, 0x00, 0x00, 0x6b, 0x77, 0xbe, 0x01, 0xe3, 0x00, 0x3e, 0x20, 0x01,
    0x9e, 0xec, 0x40, 0xa8, 0x00, 0x1d, 0x50, 0x00, 0x00, 0x00, 0x00, 0x5d, 0x10, 0x0a, 0x80, 0x00,
    0x00, 0x00, 0x00, 0x1d, 0x40, 0x07, 0xb0, 0x3c, 0x00, 0x00, 0x00, 0x09, 0xa0, 0x00, 0xef, 0xff,
    0xff, 0x20, 0x00, 0x03, 0xe1, 0x00, 0x00, 0x00, 0x4c, 0x00, 0x00, 0x00, 0xc5, 0x00, 0x00, 0x00,
    0x04, 0xc0, 0x00, 0x00, 0x02, 0xe8, 0x00, 0x00, 0x00, 0x03, 0xf9, 0x00, 0x00, 0x00, 0x00, 0x10,
    0x00, 0x00, 0x00, 0x00, 0x42, 0x00, 0x00, 0x00, 0x04, 0xf6, 0x00, 0x00, 0x00, 0x2e, 0xc0, 0x00,
    0x00, 0x02, 0xeb, 0x10, 0x00, 0x00, 0x0a, 0xd1, 0x00, 0x00, 0x00, 0x0d, 0xc0, 0x00, 0x02, 0x10,
    0x0a, 0xf8, 0x33, 0x6e, 0xb0, 0x02, 0xbf, 0xff, 0xfb, 0x20, 0x00, 0x02, 0x44, 0x10, 0x00, 0x00,
    0x00, 0x6f, 0x70, 0x00, 0x00, 0x00, 0x00, 0x00, 0x3d, 0x80, 0x00, 0x00, 0x00, 0x00, 0x02, 0xfd,
    0x00, 0x00, 0x00, 0x00, 0x00, 0x9f, 0xf4, 0x00, 0x00, 0x00, 0x00, 0x1e, 0x9d, 0xb0, 0x00, 0x00,
    0x00, 0x06, 0xf3, 0x8f, 0x20, 0x00, 0x00, 0x00, 0xdc, 0x02, 0xf8, 0x00, 0x00, 0x00, 0x4f, 0x60,
    0x0b, 0xe1, 0x00, 0x00, 0x0a, 0xe1, 0x00, 0x5f, 0x60, 0x00, 0x02, 0xfa, 0x11, 0x11, 0xec, 0x00,
    0x00, 0x8f, 0xff, 0xff, 0xff, 0xf4, 0x00, 0x0e, 0xc4, 0x44, 0x44, 0x5f, 0xa0, 0x06, 0xf5, 0x00,
    0x00, 0x00, 0xaf, 0x20, 0xcd, 0x00, 0x00, 0x00, 0x03, 0xf8, 0x00, 0x00, 0x00, 0x0a, 0xd4, 0x00,
    0x00, 0x00, 0x00, 0x1b, 0xb1, 0x00, 0x00, 0x00, 0x00, 0x02, 0xfd, 0x00, 0x00, 0x00, 0x00, 0x00,
    0x9f, 0xf4, 0x00, 0x00, 0x00, 0x00, 0x1e, 0x9d, 0xb0, 0x00, 0x00, 0x00, 0x06, 0xf3, 0x8f, 0x20,
    0x00, 0x00, 0x00, 0xdc, 0x02, 0xf8, 0x00, 0x00, 0x00, 0x4f, 0x60, 0x0b, 0xe1, 0x00, 0x00, 0x0a,
    0xe1, 0x00, 0x5f, 0x60, 0x00, 0x02, 0xfa, 0x11, 0x11, 0xec, 0x00, 0x00, 0x8f, 0xff, 0xff, 0xff,
    0xf4, 0x00, 0x0e, 0xc4, 0x44, 0x44, 0x5f, 0xa0, 0x06, 0xf5, 0x00, 0x00, 0x00, 0xaf, 0x20, 0xcd,
    0x00, 0x00, 0x00, 0x03, 0xf8, 0x00, 0x00, 0x06, 0xee, 0x30, 0x00, 0x00, 0x00, 0x07, 0xd3, 0x5e,
    0x40, 0x00, 0x00, 0x00, 0x02, 0xfd, 0x00, 0x00, 0x00, 0x00, 0x00, 0x9f, 0xf4, 0x00, 0x00, 0x00,
    0x00, 0x1e, 0x9d, 0xb0, 0x00, 0x00, 0x00, 0x06, 0xf3, 0x8f, 0x20, 0x00, 0x00, 0x00, 0xdc, 0x02,
    0xf8, 0x00, 0x00, 0x00, 0x4f, 0x60, 0x0b, 0xe1, 0x00, 0x00, 0x0a, 0xe1, 0x00, 0x5f, 0x60, 0x00,
    0x02, 0xfa, 0x11, 0x11, 0xec, 0x00, 0x00, 0x8f, 0xff, 0xff, 0xff, 0xf4, 0x00, 0x0e, 0xc4, 0x44,
    0x44, 0x5f, 0xa0, 0x06, 0xf5, 0x00, 0x00, 0x00, 0xaf, 0x20, 0xcd, 0x00, 0x00, 0x00, 0x03, 0xf8,
    0x00, 0x00, 0x6d, 0xa2, 0x5a, 0x00, 0x00, 0x00, 0x0e, 0x36, 0xef, 0x40, 0x00, 0x00, 0x00, 0x20,
    0x00, 0x10, 0x00, 0x00, 0x00, 0x00, 0x2f, 0xd0, 0x00, 0x00, 0x00, 0x00, 0x09, 0xff, 0x40, 0x00,
    0x00, 0x00, 0x01, 0xe9, 0xdb, 0x00, 0x00, 0x00, 0x00, 0x6f, 0x38, 0xf2, 0x00, 0x00, 0x00, 0x0d,
    0xc0, 0x2f, 0x80, 0x00, 0x00, 0x04, 0xf6, 0x00, 0xbe, 0x10, 0x00, 0x00, 0xae, 0x10, 0x05, 0xf6,
    0x00, 0x00, 0x2f, 0xa1, 0x11, 0x1e, 0xc0, 0x00, 0x08, 0xff, 0xff, 0xff, 0xff, 0x40, 0x00, 0xec,
    0x44, 0x44, 0x45, 0xfa, 0x00, 0x6f, 0x50, 0x00, 0x00, 0x0a, 0xf2, 0x0c, 0xd0, 0x00, 0x00, 0x00,
    0x3f, 0x80, 0x00, 0x00, 0x00, 0x00, 0x00, 0x00, 0x00, 0x00, 0x05, 0xf1, 0x5f, 0x10, 0x00, 0x00,
    0x00, 0x03, 0x01, 0x30, 0x00, 0x00, 0x00, 0x00, 0x2f, 0xd0, 0x00, 0x00, 0x00, 0x00, 0x09, 0xff,
    0x40, 0x00, 0x00, 0x00, 0x01, 0xe9, 0xdb, 0x00, 0x00, 0x00, 0x00, 0x6f, 0x38, 0xf2, 0x00, 0x00,
    0x00, 0x0d, 0xc0, 0x2f, 0x80, 0x00, 0x00, 0x04, 0xf6, 0x00, 0xbe, 0x10, 0x00, 0x00, 0xae, 0x10,
    0x05, 0xf6, 0x00, 0x00, 0x2f, 0xa1, 0x11, 0x1e, 0xc0, 0x00, 0x08, 0xff, 0xff, 0xff, 0xff, 0x40,
    0x00, 0xec, 0x44, 0x44, 0x45, 0xfa, 0x00, 0x6f, 0x50, 0x00, 0x00, 0x0a, 0xf2, 0x0c, 0xd0, 0x00,
    0x00, 0x00, 0x3f, 0x80, 0x00, 0x00, 0x00, 0x10, 0x00, 0x00, 0x00, 0x00, 0x00, 0x5f, 0xd2, 0x00,
    0x00, 0x00, 0x00, 0x0b, 0x69, 0x80, 0x00, 0x00, 0x00, 0x00, 0xc3, 0x68, 0x00, 0x00, 0x00, 0x00,
    0x07, 0xff, 0x30, 0x00, 0x00, 0x00, 0x00, 0x2f, 0xf0, 0x00, 0x00, 0x00, 0x00, 0x09, 0xff, 0x40,
    0x00, 0x00, 0x00, 0x01, 0xe9, 0xdb, 0x00, 0x00, 0x00, 0x00, 0x6f, 0x38, 0xf2, 0x00, 0x00, 0x00,
    0x0d, 0xc0, 0x2f, 0x80, 0x00, 0x00, 0x04, 0xf6, 0x00, 0xbe, 0x10, 0x00, 0x00, 0xae, 0x10, 0x05,
    0xf6, 0x00, 0x00, 0x2f, 0xa1, 0x11, 0x1e, 0xc0, 0x00, 0x08, 0xff, 0xff, 0xff, 0xff, 0x40, 0x00,
    0xec, 0x44, 0x44, 0x45, 0xfa, 0x00, 0x6f, 0x50, 0x00, 0x00, 0x0a, 0xf2, 0x0c, 0xd0, 0x00, 0x00,
    0x00, 0x3f, 0x80, 0x00, 0x00, 0x00, 0x09, 0xff, 0xff, 0xff, 0xff, 0x90, 0x00, 0x00, 0x00, 0x3f,
    0xbf, 0x96, 0x66, 0x66, 0x40, 0x00, 0x00, 0x00, 0xbc, 0x4f, 0x50, 0x00, 0x00, 0x00, 0x00, 0x00,
    0x04, 0xf5, 0x4f, 0x50, 0x00, 0x00, 0x00, 0x00, 0x00, 0x0d, 0xc0, 0x4f, 0x62, 0x22, 0x21, 0x00,
    0x00, 0x00, 0x6f, 0x40, 0x4f, 0xff, 0xff, 0xfe, 0x00, 0x00, 0x01, 0xeb, 0x00, 0x4f, 0x84, 0x44,
    0x44, 0x00, 0x00, 0x08, 0xf5, 0x22, 0x5f, 0x50, 0x00, 0x00, 0x00, 0x00, 0x2e, 0xff, 0xff, 0xff,
    0x50, 0x00, 0x00, 0x00, 0x00, 0x9f, 0x54, 0x44, 0x7f, 0x50, 0x00, 0x00, 0x00, 0x03, 0xf8, 0x00,
    0x00, 0x4f, 0x96, 0x66, 0x66, 0x50, 0x0b, 0xd1, 0x00, 0x00, 0x4f, 0xff, 0xff, 0xff, 0xd0, 0x00,
    0x02, 0x9d, 0xfe, 0xb4, 0x00, 0x05, 0xee, 0x97, 0x7c, 0xf8, 0x03, 0xfc, 0x20, 0x00, 0x08, 0x50,
    0xbe, 0x20, 0x00, 0x00, 0x00, 0x1f, 0x90, 0x00, 0x00, 0x00, 0x03, 0xf6, 0x00, 0x00, 0x00, 0x00,
    0x3f, 0x60, 0x00, 0x00, 0x00, 0x01, 0xf9, 0x00, 0x00, 0x00, 0x00, 0x0b, 0xe2, 0x00, 0x00, 0x00,
    0x00, 0x3f, 0xc1, 0x00, 0x00, 0x64, 0x00, 0x5e, 0xe9, 0x77, 0xcf, 0x90, 0x00, 0x29, 0xdf, 0xeb,
    0x50, 0x00, 0x00, 0x00, 0x10, 0x00, 0x00, 0x00, 0x00, 0x1d, 0x10, 0x00, 0x00, 0x00, 0x03, 0x7e,
    0x10, 0x00, 0x00, 0x01, 0xff, 0xe1, 0x00, 0x00, 0x00, 0x02, 0x41, 0x00, 0x00, 0x00, 0x09, 0xe4,
    0x00, 0x00, 0x00, 0x00, 0x05, 0xe5, 0x00, 0x00, 0x05, 0xff, 0xff, 0xff, 0xf9, 0x00, 0x5f, 0x96,
    0x66, 0x66, 0x40, 0x05, 0xf4, 0x00, 0x00, 0x00, 0x00, 0x5f, 0x40, 0x00, 0x00, 0x00, 0x05, 0xf5,
    0x22, 0x22, 0x10, 0x00, 0x5f, 0xff, 0xff, 0xfd, 0x00, 0x05, 0xf7, 0x44, 0x44, 0x40, 0x00, 0x5f,
    0x40, 0x00, 0x00, 0x00, 0x05, 0xf4, 0x00, 0x00, 0x00, 0x00, 0x5f, 0x40, 0x00, 0x00, 0x00, 0x05,
    0xf9, 0x66, 0x66, 0x65, 0x00, 0x5f, 0xff, 0xff, 0xff, 0xc0, 0x00, 0x00, 0x02, 0xcc, 0x20, 0x00,
    0x00, 0x02, 0xd8, 0x00, 0x00, 0x05, 0xff, 0xff, 0xff, 0xf9, 0x00, 0x5f, 0x96, 0x66, 0x66, 0x40,
    0x05, 0xf4, 0x00, 0x00, 0x00, 0x00, 0x5f, 0x40, 0x00, 0x00, 0x00, 0x05, 0xf5, 0x22, 0x22, 0x10,
    0x00, 0x5f, 0xff, 0xff, 0xfd, 0x00, 0x05, 0xf7, 0x44, 0x44, 0x40, 0x00, 0x5f, 0x40, 0x00, 0x00,
    0x00, 0x05, 0xf4, 0x00, 0x00, 0x00, 0x00, 0x5f, 0x40, 0x00, 0x00, 0x00, 0x05, 0xf9, 0x66, 0x66,
    0x65, 0x00, 0x5f, 0xff, 0xff, 0xff, 0xc0, 0x00, 0x00, 0x9f, 0xc1, 0x00, 0x00, 0x00, 0xab, 0x18,
    0xd2, 0x00, 0x05, 0xff, 0xff, 0xff, 0xf9, 0x00, 0x5f, 0x96, 0x66, 0x66, 0x40, 0x05, 0xf4, 0x00,
    0x00, 0x00, 0x00, 0x5f, 0x40, 0x00, 0x00, 0x00, 0x05, 0xf5, 0x22, 0x22, 0x10, 0x00, 0x5f, 0xff,
    0xff, 0xfd, 0x00, 0x05, 0xf7, 0x44, 0x44, 0x40, 0x00, 0x5f, 0x40, 0x00, 0x00, 0x00, 0x05, 0xf4,
    0x00, 0x00, 0x00, 0x00, 0x5f, 0x40, 0x00, 0x00, 0x00, 0x05, 0xf9, 0x66, 0x66, 0x65, 0x00, 0x5f,
    0xff, 0xff, 0xff, 0xc0, 0x00, 0x00, 0x00, 0x00, 0x00, 0x00, 0x00, 0x8c, 0x09, 0xc0, 0x00, 0x00,
    0x01, 0x20, 0x12, 0x00, 0x00, 0x5f, 0xff, 0xff, 0xff, 0x90, 0x05, 0xf9, 0x66, 0x66, 0x64, 0x00,
    0x5f, 0x40, 0x00, 0x00, 0x00, 0x05, 0xf4, 0x00, 0x00, 0x00, 0x00, 0x5f, 0x52, 0x22, 0x21, 0x00,
    0x05, 0xff, 0xff, 0xff, 0xd0, 0x00, 0x5f, 0x74, 0x44, 0x44, 0x00, 0x05, 0xf4, 0x00, 0x00, 0x00,
    0x00, 0x5f, 0x40, 0x00, 0x00, 0x00, 0x05, 0xf4, 0x00, 0x00, 0x00, 0x00, 0x5f, 0x96, 0x66, 0x66,
    0x50, 0x05, 0xff, 0xff, 0xff, 0xfc, 0x00, 0x1a, 0xd2, 0x00, 0x00, 0x7e, 0x30, 0x00, 0x5f, 0x40,
    0x00, 0x5f, 0x40, 0x00, 0x5f, 0x40, 0x00, 0x5f, 0x40, 0x00, 0x5f, 0x40, 0x00, 0x5f, 0x40, 0x00,
    0x5f, 0x40, 0x00, 0x5f, 0x40, 0x00, 0x5f, 0x40, 0x00, 0x5f, 0x40, 0x00, 0x5f, 0x40, 0x00, 0x5f,
    0x40, 0x00, 0x3e, 0xa1, 0x04, 0xe6, 0x00, 0x05, 0xf4, 0x00, 0x05, 0xf4, 0x00, 0x05, 0xf4, 0x00,
    0x05, 0xf4, 0x00, 0x05, 0xf4, 0x00, 0x05, 0xf4, 0x00, 0x05, 0xf4, 0x00, 0x05, 0xf4, 0x00, 0x05,
    0xf4, 0x00, 0x05, 0xf4, 0x00, 0x05, 0xf4, 0x00, 0x05, 0xf4, 0x00, 0x01, 0xbf, 0xb1, 0x01, 0xc9,
    0x1a, 0xb1, 0x00, 0x5f, 0x40, 0x00, 0x05, 0xf4, 0x00, 0x00, 0x5f, 0x40, 0x00, 0x05, 0xf4, 0x00,
    0x00, 0x5f, 0x40, 0x00, 0x05, 0xf4, 0x00, 0x00, 0x5f, 0x40, 0x00, 0x05, 0xf4, 0x00, 0x00, 0x5f,
    0x40, 0x00, 0x05, 0xf4, 0x00, 0x00, 0x5f, 0x40, 0x00, 0x05, 0xf4, 0x00, 0x00, 0x00, 0x0a, 0xa0,
    0xba, 0x22, 0x02, 0x20, 0x5f, 0x40, 0x05, 0xf4, 0x00, 0x5f, 0x40, 0x05, 0xf4, 0x00, 0x5f, 0x40,
    0x05, 0xf4, 0x00, 0x5f, 0x40, 0x05, 0xf4, 0x00, 0x5f, 0x40, 0x05, 0xf4, 0x00, 0x5f, 0x40, 0x05,
    0xf4, 0x00, 0x03, 0xff, 0xff, 0xfd, 0xa4, 0x00, 0x00, 0x3f, 0xa6, 0x66, 0x8d, 0xf9, 0x00, 0x03,
    0xf6, 0x00, 0x00, 0x08, 0xf8, 0x00, 0x3f, 0x60, 0x00, 0x00, 0x0a, 0xf1, 0x14, 0xf8, 0x22, 0x10,
    0x00, 0x4f, 0x6d, 0xff, 0xff, 0xf8, 0x00, 0x01, 0xf8, 0x47, 0xfb, 0x44, 0x20, 0x00, 0x1f, 0x80,
    0x3f, 0x60, 0x00, 0x00, 0x04, 0xf6, 0x03, 0xf6, 0x00, 0x00, 0x00, 0xaf, 0x10, 0x3f, 0x60, 0x00,
    0x00, 0x8f, 0x80, 0x03, 0xfa, 0x66, 0x68, 0xdf, 0x90, 0x00, 0x3f, 0xff, 0xff, 0xda, 0x40, 0x00,
    0x00, 0x00, 0xad, 0x81, 0xb4, 0x00, 0x00, 0x00, 0x5b, 0x2a, 0xfc, 0x10, 0x00, 0x00, 0x01, 0x10,
    0x01, 0x00, 0x00, 0x00, 0x5f, 0x50, 0x00, 0x00, 0x4f, 0x50, 0x05, 0xfe, 0x20, 0x00, 0x04, 0xf5,
    0x00, 0x5f, 0xfc, 0x10, 0x00, 0x4f, 0x50, 0x05, 0xfa, 0xf9, 0x00, 0x04, 0xf5, 0x00, 0x5f, 0x4a,
    0xf5, 0x00, 0x4f, 0x50, 0x05, 0xf4, 0x1d, 0xe2, 0x04, 0xf5, 0x00, 0x5f, 0x40, 0x3e, 0xc1, 0x4f,
    0x50, 0x05, 0xf4, 0x00, 0x6f, 0x94, 0xf5, 0x00, 0x5f, 0x40, 0x00, 0xaf, 0xaf, 0x50, 0x05, 0xf4,
    0x00, 0x01, 0xdf, 0xf5, 0x00, 0x5f, 0x40, 0x00, 0x03, 0xef, 0x50, 0x05, 0xf4, 0x00, 0x00, 0x06,
    0xf5, 0x00, 0x00, 0x00, 0x8f, 0x50, 0x00, 0x00, 0x00, 0x00, 0x00, 0x4d, 0x60, 0x00, 0x00, 0x00,
    0x02, 0x9d, 0xfe, 0xb5, 0x00, 0x00, 0x05, 0xee, 0x97, 0x8c, 0xfa, 0x00, 0x03, 0xfc, 0x20, 0x00,
    0x07, 0xf9, 0x00, 0xbe, 0x20, 0x00, 0x00, 0x09, 0xf2, 0x1f, 0x90, 0x00, 0x00, 0x00, 0x3f, 0x73,
    0xf6, 0x00, 0x00, 0x00, 0x00, 0xf9, 0x3f, 0x60, 0x00, 0x00, 0x00, 0x0f, 0x91, 0xf9, 0x00, 0x00,
    0x00, 0x03, 0xf7, 0x0b, 0xe2, 0x00, 0x00, 0x00, 0x9f, 0x20, 0x3f, 0xc1, 0x00, 0x00, 0x7f, 0x90,
    0x00, 0x5e, 0xe9, 0x78, 0xcf, 0xa0, 0x00, 0x00, 0x29, 0xdf, 0xeb, 0x50, 0x00, 0x00, 0x00, 0x00,
    0x1b, 0xd3, 0x00, 0x00, 0x00, 0x00, 0x1c, 0x91, 0x00, 0x00, 0x00, 0x02, 0x9d, 0xfe, 0xb5, 0x00,
    0x00, 0x05, 0xee, 0x97, 0x8c, 0xfa, 0x00, 0x03, 0xfc, 0x20, 0x00, 0x07, 0xf9, 0x00, 0xbe, 0x20,
    0x00, 0x00, 0x09, 0xf2, 0x1f, 0x90, 0x00, 0x00, 0x00, 0x3f, 0x73, 0xf6, 0x00, 0x00, 0x00, 0x00,
    0xf9, 0x3f, 0x60, 0x00, 0x00, 0x00, 0x0f, 0x91, 0xf9, 0x00, 0x00, 0x00, 0x03, 0xf7, 0x0b, 0xe2,
    0x00, 0x00, 0x00, 0x9f, 0x20, 0x3f, 0xc1, 0x00, 0x00, 0x7f, 0x90, 0x00, 0x5e, 0xe9, 0x78, 0xcf,
    0xa0, 0x00, 0x00, 0x29, 0xdf, 0xeb, 0x50, 0x00, 0x00, 0x00, 0x08, 0xfd, 0x20, 0x00, 0x00, 0x00,
    0x09, 0xc2, 0x7d, 0x20, 0x00, 0x00, 0x02, 0x9d, 0xfe, 0xb5, 0x00, 0x00, 0x05, 0xee, 0x97, 0x8c,
    0xfa, 0x00, 0x03, 0xfc, 0x20, 0x00, 0x07, 0xf9, 0x00, 0xbe, 0x20, 0x00, 0x00, 0x09, 0xf2, 0x1f,
    0x90, 0x00, 0x00, 0x00, 0x3f, 0x73, 0xf6, 0x00, 0x00, 0x00, 0x00, 0xf9, 0x3f, 0x60, 0x00, 0x00,
    0x00, 0x0f, 0x91, 0xf9, 0x00, 0x00, 0x00, 0x03, 0xf7, 0x0b, 0xe2, 0x00, 0x00, 0x00, 0x9f, 0x20,
    0x3f, 0xc1, 0x00, 0x00, 0x7f, 0x90, 0x00, 0x5e, 0xe9, 0x78, 0xcf, 0xa0, 0x00, 0x00, 0x29, 0xdf,
    0xeb, 0x50, 0x00, 0x00, 0x00, 0x8e, 0xa2, 0x78, 0x00, 0x00, 0x00, 0x1e, 0x27, 0xfe, 0x30, 0x00,
    0x00, 0x00, 0x10, 0x01, 0x00, 0x00, 0x00, 0x00, 0x29, 0xdf, 0xeb, 0x50, 0x00, 0x00, 0x5e, 0xe9,
    0x78, 0xcf, 0xa0, 0x00, 0x3f, 0xc2, 0x00, 0x00, 0x7f, 0x90, 0x0b, 0xe2, 0x00, 0x00, 0x00, 0x9f,
    0x21, 0xf9, 0x00, 0x00, 0x00, 0x03, 0xf7, 0x3f, 0x60, 0x00, 0x00, 0x00, 0x0f, 0x93, 0xf6, 0x00,
    0x00, 0x00, 0x00, 0xf9, 0x1f, 0x90, 0x00, 0x00, 0x00, 0x3f, 0x70, 0xbe, 0x20, 0x00, 0x00, 0x09,
    0xf2, 0x03, 0xfc, 0x10, 0x00, 0x07, 0xf9, 0x00, 0x05, 0xee, 0x97, 0x8c, 0xfa, 0x00, 0x00, 0x02,
    0x9d, 0xfe, 0xb5, 0x00, 0x00, 0x00, 0x00, 0x00, 0x00, 0x00, 0x00, 0x00, 0x00, 0x06, 0xe0, 0x7e,
    0x00, 0x00, 0x00, 0x00, 0x13, 0x01, 0x30, 0x00, 0x00, 0x00, 0x29, 0xdf, 0xeb, 0x50, 0x00, 0x00,
    0x5e, 0xe9, 0x78, 0xcf, 0xa0, 0x00, 0x3f, 0xc2, 0x00, 0x00, 0x7f, 0x90, 0x0b, 0xe2, 0x00, 0x00,
    0x00, 0x9f, 0x21, 0xf9, 0x00, 0x00, 0x00, 0x03, 0xf7, 0x3f, 0x60, 0x00, 0x00, 0x00, 0x0f, 0x93,
    0xf6, 0x00, 0x00, 0x00, 0x00, 0xf9, 0x1f, 0x90, 0x00, 0x00, 0x00, 0x3f, 0x70, 0xbe, 0x20, 0x00,
    0x00, 0x09, 0xf2, 0x03, 0xfc, 0x10, 0x00, 0x07, 0xf9, 0x00, 0x05, 0xee, 0x97, 0x8c, 0xfa, 0x00,
    0x00, 0x02, 0x9d, 0xfe, 0xb5, 0x00, 0x00, 0x00, 0x50, 0x00, 0x51, 0x00, 0x1e, 0xa0, 0x5f, 0x50,
    0x00, 0x3e, 0xbf, 0x70, 0x00, 0x00, 0x7f, 0xc0, 0x00, 0x00, 0x5f, 0x9e, 0x90, 0x00, 0x1e, 0x70,
    0x3e, 0x60, 0x00, 0x20, 0x00, 0x20, 0x00, 0x00, 0x00, 0x00, 0x00, 0x00, 0x00, 0x00, 0x00, 0x00,
    0x00, 0x00, 0x00, 0x00, 0x08, 0xd0, 0x00, 0x00, 0x29, 0xdf, 0xec, 0xf5, 0x00, 0x00, 0x5e, 0xe9,
    0x78, 0xff, 0xa0, 0x00, 0x3f, 0xc2, 0x00, 0x2f, 0xbf, 0x90, 0x0b, 0xe2, 0x00, 0x0a, 0xb0, 0x9f,
    0x21, 0xf9, 0x00, 0x03, 0xf3, 0x03, 0xf7, 0x3f, 0x60, 0x00, 0xaa, 0x00, 0x0f, 0x93, 0xf6, 0x00,
    0x3f, 0x20, 0x00, 0xf9, 0x1f, 0x90, 0x0b, 0x90, 0x00, 0x3f, 0x70, 0xbe, 0x24, 0xf2, 0x00, 0x09,
    0xf2, 0x03, 0xfc, 0xd8, 0x00, 0x07, 0xf9, 0x00, 0x05, 0xff, 0xa7, 0x8c, 0xfa, 0x00, 0x00, 0x0f,
    0xfd, 0xfe, 0xb5, 0x00, 0x00, 0x06, 0xe1, 0x00, 0x00, 0x00, 0x00, 0x00, 0x02, 0xcc, 0x10, 0x00,
    0x00, 0x00, 0x00, 0x00, 0x8d, 0x20, 0x00, 0x00, 0x06, 0xf3, 0x00, 0x00, 0x08, 0xf1, 0x00, 0x6f,
    0x30, 0x00, 0x00, 0x8f, 0x10, 0x06, 0xf3, 0x00, 0x00, 0x08, 0xf1, 0x00, 0x6f, 0x30, 0x00, 0x00,
    0x8f, 0x10, 0x06, 0xf3, 0x00, 0x00, 0x08, 0xf1, 0x00, 0x6f, 0x30, 0x00, 0x00, 0x8f, 0x10, 0x06,
    0xf3, 0x00, 0x00, 0x08, 0xf1, 0x00, 0x6f, 0x40, 0x00, 0x00, 0x8f, 0x00, 0x03, 0xf6, 0x00, 0x00,
    0x0b, 0xd0, 0x00, 0x0d, 0xd1, 0x00, 0x04, 0xf8, 0x00, 0x00, 0x4f, 0xe8, 0x79, 0xfd, 0x10, 0x00,
    0x00, 0x3a, 0xef, 0xd8, 0x10, 0x00, 0x00, 0x00, 0x00, 0x4e, 0x90, 0x00, 0x00, 0x00, 0x00, 0x5e,
    0x50, 0x00, 0x00, 0x06, 0xf3, 0x00, 0x00, 0x08, 0xf1, 0x00, 0x6f, 0x30, 0x00, 0x00, 0x8f, 0x10,
    0x06, 0xf3, 0x00, 0x00, 0x08, 0xf1, 0x00, 0x6f, 0x30, 0x00, 0x00, 0x8f, 0x10, 0x06, 0xf3, 0x00,
    0x00, 0x08, 0xf1, 0x00, 0x6f, 0x30, 0x00, 0x00, 0x8f, 0x10, 0x06, 0xf3, 0x00, 0x00, 0x08, 0xf1,
    0x00, 0x6f, 0x40, 0x00, 0x00, 0x8f, 0x00, 0x03, 0xf6, 0x00, 0x00, 0x0b, 0xd0, 0x00, 0x0d, 0xd1,
    0x00, 0x04, 0xf8, 0x00, 0x00, 0x4f, 0xe8, 0x79, 0xfd, 0x10, 0x00, 0x00, 0x3a, 0xef, 0xd8, 0x10,
    0x00, 0x00, 0x00, 0x2d, 0xf9, 0x00, 0x00, 0x00, 0x00, 0x2d, 0x71, 0xba, 0x00, 0x00, 0x06, 0xf3,
    0x00, 0x00, 0x08, 0xf1, 0x00, 0x6f, 0x30, 0x00, 0x00, 0x8f, 0x10, 0x06, 0xf3, 0x00, 0x00, 0x08,
    0xf1, 0x00, 0x6f, 0x30, 0x00, 0x00, 0x8f, 0x10, 0x06, 0xf3, 0x00, 0x00, 0x08, 0xf1, 0x00, 0x6f,
    0x30, 0x00, 0x00, 0x8f, 0x10, 0x06, 0xf3, 0x00, 0x00, 0x08, 0xf1, 0x00, 0x6f, 0x40, 0x00, 0x00,
    0x8f, 0x00, 0x03, 0xf6, 0x00, 0x00, 0x0b, 0xd0, 0x00, 0x0d, 0xd1, 0x00, 0x04, 0xf8, 0x00, 0x00,
    0x4f, 0xe8, 0x79, 0xfd, 0x10, 0x00, 0x00, 0x3a, 0xef, 0xd8, 0x10, 0x00, 0x00, 0x00, 0x00, 0x00,
    0x00, 0x00, 0x00, 0x00, 0x0d, 0x80, 0xd8, 0x00, 0x00, 0x00, 0x00, 0x21, 0x03, 0x10, 0x00, 0x00,
    0x6f, 0x30, 0x00, 0x00, 0x8f, 0x10, 0x06, 0xf3, 0x00, 0x00, 0x08, 0xf1, 0x00, 0x6f, 0x30, 0x00,
    0x00, 0x8f, 0x10, 0x06, 0xf3, 0x00, 0x00, 0x08, 0xf1, 0x00, 0x6f, 0x30, 0x00, 0x00, 0x8f, 0x10,
    0x06, 0xf3, 0x00, 0x00, 0x08, 0xf1, 0x00, 0x6f, 0x30, 0x00, 0x00, 0x8f, 0x10, 0x06, 0xf4, 0x00,
    0x00, 0x08, 0xf0, 0x00, 0x3f, 0x60, 0x00, 0x00, 0xbd, 0x00, 0x00, 0xdd, 0x10, 0x00, 0x4f, 0x80,
    0x00, 0x04, 0xfe, 0x87, 0x9f, 0xd1, 0x00, 0x00, 0x03, 0xae, 0xfd, 0x81, 0x00, 0x00, 0x00, 0x00,
    0x00, 0x6f, 0x70, 0x00, 0x00, 0x00, 0x07, 0xd3, 0x00, 0x00, 0x0c, 0xd1, 0x00, 0x00, 0x07, 0xf2,
    0x03, 0xf7, 0x00, 0x00, 0x1e, 0x90, 0x00, 0xae, 0x20, 0x00, 0x9e, 0x10, 0x00, 0x2e, 0x90, 0x03,
    0xf6, 0x00, 0x00, 0x08, 0xf3, 0x0b, 0xd0, 0x00, 0x00, 0x01, 0xdb, 0x4f, 0x40, 0x00, 0x00, 0x00,
    0x6f, 0xeb, 0x00, 0x00, 0x00, 0x00, 0x0c, 0xf3, 0x00, 0x00, 0x00, 0x00, 0x09, 0xf0, 0x00, 0x00,
    0x00, 0x00, 0x09, 0xf0, 0x00, 0x00, 0x00, 0x00, 0x09, 0xf0, 0x00, 0x00, 0x00, 0x00, 0x09, 0xf0,
    0x00, 0x00, 0x05, 0xf4, 0x00, 0x00, 0x00, 0x00, 0x05, 0xf5, 0x22, 0x10, 0x00, 0x00, 0x05, 0xff,
    0xff, 0xfe, 0x91, 0x00, 0x05, 0xf7, 0x44, 0x59, 0xfc, 0x10, 0x05, 0xf4, 0x00, 0x00, 0x5f, 0x60,
    0x05, 0xf4, 0x00, 0x00, 0x0f, 0xa0, 0x05, 0xf4, 0x00, 0x00, 0x0e, 0xa0, 0x05, 0xf4, 0x00, 0x00,
    0x4f, 0x80, 0x05, 0xf5, 0x22, 0x36, 0xee, 0x10, 0x05, 0xff, 0xff, 0xff, 0xc3, 0x00, 0x05, 0xf7,
    0x44, 0x42, 0x00, 0x00, 0x05, 0xf4, 0x00, 0x00, 0x00, 0x00, 0x00, 0x18, 0xdf, 0xd8, 0x10, 0x00,
    0x0b, 0xf9, 0x79, 0xfb, 0x00, 0x04, 0xf6, 0x00, 0x07, 0xf2, 0x00, 0x7f, 0x10, 0x00, 0x6f, 0x10,
    0x08, 0xf0, 0x02, 0x6e, 0x80, 0x00, 0x8f, 0x00, 0xdf, 0xe5, 0x00, 0x08, 0xf0, 0x04, 0x5a, 0xf7,
    0x00, 0x8f, 0x00, 0x00, 0x0a, 0xe0, 0x08, 0xf0, 0x00, 0x00, 0x7f, 0x10, 0x8f, 0x00, 0x00, 0x0b,
    0xe0, 0x08, 0xf0, 0x37, 0x7b, 0xf7, 0x00, 0x8f, 0x06, 0xef, 0xc6, 0x00, 0x00, 0x9e, 0x40, 0x00,
    0x00, 0x00, 0x05, 0xe5, 0x00, 0x00, 0x00, 0x00, 0x00, 0x00, 0x00, 0x03, 0xad, 0xfd, 0x81, 0x00,
    0x0b, 0xd8, 0x7a, 0xf9, 0x00, 0x02, 0x00, 0x00, 0x9f, 0x00, 0x00, 0x01, 0x22, 0x7f, 0x20, 0x04,
    0xdf, 0xff, 0xff, 0x30, 0x1e, 0xc6, 0x44, 0x8f, 0x30, 0x2f, 0x60, 0x00, 0x8f, 0x30, 0x0d, 0xe7,
    0x7a, 0xef, 0x30, 0x03, 0xbe, 0xea, 0x5f, 0x30, 0x00, 0x00, 0x1c, 0xc2, 0x00, 0x00, 0x02, 0xd8,
    0x00, 0x00, 0x00, 0x00, 0x00, 0x00, 0x00, 0x03, 0xad, 0xfd, 0x81, 0x00, 0x0b, 0xd8, 0x7a, 0xf9,
    0x00, 0x02, 0x00, 0x00, 0x9f, 0x00, 0x00, 0x01, 0x22, 0x7f, 0x20, 0x04, 0xdf, 0xff, 0xff, 0x30,
    0x1e, 0xc6, 0x44, 0x8f, 0x30, 0x2f, 0x60, 0x00, 0x8f, 0x30, 0x0d, 0xe7, 0x7a, 0xef, 0x30, 0x03,
    0xbe, 0xea, 0x5f, 0x30, 0x00, 0x09, 0xfc, 0x10, 0x00, 0x00, 0xab, 0x18, 0xd2, 0x00, 0x00, 0x00,
    0x00, 0x00, 0x00, 0x03, 0xad, 0xfd, 0x81, 0x00, 0x0b, 0xd8, 0x7a, 0xf9, 0x00, 0x02, 0x00, 0x00,
    0x9f, 0x00, 0x00, 0x01, 0x22, 0x7f, 0x20, 0x04, 0xdf, 0xff, 0xff, 0x30, 0x1e, 0xc6, 0x44, 0x8f,
    0x30, 0x2f, 0x60, 0x00, 0x8f, 0x30, 0x0d, 0xe7, 0x7a, 0xef, 0x30, 0x03, 0xbe, 0xea, 0x5f, 0x30,
    0x00, 0x01, 0x00, 0x11, 0x00, 0x00, 0x7f, 0xb3, 0xc4, 0x00, 0x00, 0xd1, 0x8f, 0xd0, 0x00, 0x00,
    0x40, 0x03, 0x10, 0x00, 0x03, 0xad, 0xfd, 0x81, 0x00, 0x0b, 0xd8, 0x7a, 0xf9, 0x00, 0x02, 0x00,
    0x00, 0x9f, 0x00, 0x00, 0x01, 0x22, 0x7f, 0x20, 0x04, 0xdf, 0xff, 0xff, 0x30, 0x1e, 0xc6, 0x44,
    0x8f, 0x30, 0x2f, 0x60, 0x00, 0x8f, 0x30, 0x0d, 0xe7, 0x7a, 0xef, 0x30, 0x03, 0xbe, 0xea, 0x5f,
    0x30, 0x00, 0x00, 0x00, 0x00, 0x00, 0x00, 0x8d, 0x08, 0xc0, 0x00, 0x00, 0x12, 0x01, 0x20, 0x00,
    0x00, 0x00, 0x00, 0x00, 0x00, 0x03, 0xad, 0xfd, 0x81, 0x00, 0x0b, 0xd8, 0x7a, 0xf9, 0x00, 0x02,
    0x00, 0x00, 0x9f, 0x00, 0x00, 0x01, 0x22, 0x7f, 0x20, 0x04, 0xdf, 0xff, 0xff, 0x30, 0x1e, 0xc6,
    0x44, 0x8f, 0x30, 0x2f, 0x60, 0x00, 0x8f, 0x30, 0x0d, 0xe7, 0x7a, 0xef, 0x30, 0x03, 0xbe, 0xea,
    0x5f, 0x30, 0x00, 0x00, 0x10, 0x00, 0x00, 0x00, 0x07, 0xfb, 0x00, 0x00, 0x00, 0x0d, 0x6b, 0x50,
    0x00, 0x00, 0x1c, 0x38, 0x50, 0x00, 0x00, 0x0a, 0xfd, 0x10, 0x00, 0x00, 0x00, 0x41, 0x00, 0x00,
    0x03, 0xad, 0xfd, 0x81, 0x00, 0x0b, 0xd8, 0x7a, 0xf9, 0x00, 0x02, 0x00, 0x00, 0x9f, 0x00, 0x00,
    0x01, 0x22, 0x7f, 0x20, 0x04, 0xdf, 0xff, 0xff, 0x30, 0x1e, 0xc6, 0x44, 0x8f, 0x30, 0x2f, 0x60,
    0x00, 0x8f, 0x30, 0x0d, 0xe7, 0x7a, 0xef, 0x30, 0x03, 0xbe, 0xea, 0x5f, 0x30, 0x03, 0xad, 0xfd,
    0x81, 0x3b, 0xee, 0xa2, 0x00, 0x0b, 0xd8, 0x7a, 0xfb, 0xfc, 0x78, 0xde, 0x20, 0x02, 0x10, 0x00,
    0x9f, 0xb0, 0x00, 0x1d, 0xa0, 0x00, 0x01, 0x22, 0x7f, 0x62, 0x22, 0x28, 0xf0, 0x04, 0xdf, 0xff,
    0xff, 0xff, 0xff, 0xff, 0xf2, 0x1e, 0xc6, 0x44, 0x8f, 0x84, 0x44, 0x44, 0x41, 0x2f, 0x60, 0x00,
    0x9f, 0xb0, 0x00, 0x02, 0x00, 0x0d, 0xe8, 0x7a, 0xf8, 0xfd, 0x87, 0xaf, 0x50, 0x02, 0xae, 0xec,
    0x50, 0x4b, 0xef, 0xc6, 0x00, 0x00, 0x3a, 0xee, 0xc4, 0x00, 0x4f, 0xd8, 0x7c, 0xf5, 0x0d, 0xc1,
    0x00, 0x07, 0x13, 0xf6, 0x00, 0x00, 0x00, 0x4f, 0x40, 0x00, 0x00, 0x03, 0xf6, 0x00, 0x00, 0x00,
    0x0d, 0xc1, 0x00, 0x07, 0x10, 0x4f, 0xd7, 0x7c, 0xf4, 0x00, 0x3a, 0xee, 0xc4, 0x00, 0x00, 0x01,
    0x10, 0x00, 0x00, 0x00, 0xb5, 0x00, 0x00, 0x00, 0x26, 0xd5, 0x00, 0x00, 0x0c, 0xff, 0x40, 0x00,
    0x00, 0x14, 0x20, 0x00, 0x00, 0x6e, 0x70, 0x00, 0x00, 0x00, 0x03, 0xd8, 0x00, 0x00, 0x00, 0x00,
    0x00, 0x00, 0x00, 0x00, 0x3b, 0xee, 0xa2, 0x00, 0x04, 0xfc, 0x78, 0xde, 0x20, 0x0d, 0xc0, 0x00,
    0x1d, 0x90, 0x3f, 0x62, 0x22, 0x28, 0xe0, 0x5f, 0xff, 0xff, 0xff, 0xf1, 0x3f, 0x84, 0x44, 0x44,
    0x40, 0x0d, 0xb0, 0x00, 0x02, 0x00, 0x04, 0xfd, 0x87, 0xaf, 0x50, 0x00, 0x3a, 0xef, 0xc6, 0x00,
    0x00, 0x00, 0x0a, 0xe4, 0x00, 0x00, 0x01, 0xbb, 0x10, 0x00, 0x00, 0x00, 0x00, 0x00, 0x00, 0x00,
    0x3b, 0xee, 0xa2, 0x00, 0x04, 0xfc, 0x78, 0xde, 0x20, 0x0d, 0xc0, 0x00, 0x1d, 0x90, 0x3f, 0x62,
    0x22, 0x28, 0xe0, 0x5f, 0xff, 0xff, 0xff, 0xf1, 0x3f, 0x84, 0x44, 0x44, 0x40, 0x0d, 0xb0, 0x00,
    0x02, 0x00, 0x04, 0xfd, 0x87, 0xaf, 0x50, 0x00, 0x3a, 0xef, 0xc6, 0x00, 0x00, 0x06, 0xee, 0x30,
    0x00, 0x00, 0x6d, 0x35, 0xe4, 0x00, 0x00, 0x00, 0x00, 0x00, 0x00, 0x00, 0x3b, 0xee, 0xa2, 0x00,
    0x04, 0xfc, 0x78, 0xde, 0x20, 0x0d, 0xc0, 0x00, 0x1d, 0x90, 0x3f, 0x62, 0x22, 0x28, 0xe0, 0x5f,
    0xff, 0xff, 0xff, 0xf1, 0x3f, 0x84, 0x44, 0x44, 0x40, 0x0d, 0xb0, 0x00, 0x02, 0x00, 0x04, 0xfd,
    0x87, 0xaf, 0x50, 0x00, 0x3a, 0xef, 0xc6, 0x00, 0x00, 0x00, 0x00, 0x00, 0x00, 0x00, 0x4f, 0x24,
    0xf1, 0x00, 0x00, 0x03, 0x00, 0x30, 0x00, 0x00, 0x00, 0x00, 0x00, 0x00, 0x00, 0x3b, 0xee, 0xa2,
    0x00, 0x04, 0xfc, 0x78, 0xde, 0x20, 0x0d, 0xc0, 0x00, 0x1d, 0x90, 0x3f, 0x62, 0x22, 0x28, 0xe0,
    0x5f, 0xff, 0xff, 0xff, 0xf1, 0x3f, 0x84, 0x44, 0x44, 0x40, 0x0d, 0xb0, 0x00, 0x02, 0x00, 0x04,
    0xfd, 0x87, 0xaf, 0x50, 0x00, 0x3a, 0xef, 0xc6, 0x00, 0x3d, 0xb1, 0x00, 0x1a, 0xc1, 0x00, 0x00,
    0x00, 0x08, 0xf0, 0x00, 0x8f, 0x00, 0x08, 0xf0, 0x00, 0x8f, 0x00, 0x08, 0xf0, 0x00, 0x8f, 0x00,
    0x08, 0xf0, 0x00, 0x8f, 0x00, 0x08, 0xf0, 0x00, 0x5f, 0x70, 0x07, 0xd4, 0x00, 0x00, 0x00, 0x00,
    0x08, 0xf0, 0x00, 0x08, 0xf0, 0x00, 0x08, 0xf0, 0x00, 0x08, 0xf0, 0x00, 0x08, 0xf0, 0x00, 0x08,
    0xf0, 0x00, 0x08, 0xf0, 0x00, 0x08, 0xf0, 0x00, 0x08, 0xf0, 0x00, 0x01, 0xdf, 0x60, 0x0b, 0x83,
    0xd4, 0x00, 0x00, 0x00, 0x00, 0x8f, 0x00, 0x00, 0x8f, 0x00, 0x00, 0x8f, 0x00, 0x00, 0x8f, 0x00,
    0x00, 0x8f, 0x00, 0x00, 0x8f, 0x00, 0x00, 0x8f, 0x00, 0x00, 0x8f, 0x00, 0x00, 0x8f, 0x00, 0x8a,
    0x4d, 0x12, 0x31, 0x50, 0x00, 0x00, 0x00, 0x8f, 0x00, 0x08, 0xf0, 0x00, 0x8f, 0x00, 0x08, 0xf0,
    0x00, 0x8f, 0x00, 0x08, 0xf0, 0x00, 0x8f, 0x00, 0x08, 0xf0, 0x00, 0x8f, 0x00, 0x00, 0x01, 0x00,
    0x00, 0x00, 0x00, 0x9e, 0x50, 0x27, 0x00, 0x00, 0x07, 0xfc, 0xe7, 0x00, 0x00, 0x3a, 0xde, 0x90,
    0x00, 0x01, 0xc6, 0x04, 0xf5, 0x00, 0x00, 0x00, 0x10, 0x9d, 0x10, 0x02, 0xbf, 0xfd, 0x6f, 0x50,
    0x0d, 0xe8, 0x57, 0xde, 0xa0, 0x4f, 0x60, 0x00, 0x3f, 0xb0, 0x5f, 0x30, 0x00, 0x0e, 0xb0, 0x3f,
    0x70, 0x00, 0x3f, 0x70, 0x0b, 0xfa, 0x78, 0xed, 0x10, 0x01, 0x8d, 0xfd, 0x91, 0x00, 0x00, 0x00,
    0x10, 0x01, 0x00, 0x00, 0x00, 0xae, 0xa3, 0xd1, 0x00, 0x00, 0x1c, 0x0a, 0xfb, 0x00, 0x00, 0x01,
    0x30, 0x03, 0x10, 0x00, 0x08, 0xe3, 0xbe, 0xea, 0x20, 0x00, 0x8f, 0xea, 0x79, 0xfd, 0x00, 0x08,
    0xf8, 0x00, 0x06, 0xf5, 0x00, 0x8f, 0x20, 0x00, 0x2f, 0x70, 0x08, 0xf0, 0x00, 0x00, 0xf8, 0x00,
    0x8f, 0x00, 0x00, 0x0f, 0x80, 0x08, 0xf0, 0x00, 0x00, 0xf8, 0x00, 0x8f, 0x00, 0x00, 0x0f, 0x80,
    0x08, 0xf0, 0x00, 0x00, 0xf8, 0x00, 0x00, 0x4e, 0x90, 0x00, 0x00, 0x00, 0x01, 0xba, 0x00, 0x00,
    0x00, 0x00, 0x00, 0x00, 0x00, 0x00, 0x3a, 0xee, 0xb4, 0x00, 0x04, 0xfd, 0x77, 0xcf, 0x60, 0x0d,
    0xc1, 0x00, 0x0b, 0xf1, 0x3f, 0x60, 0x00, 0x03, 0xf5, 0x4f, 0x40, 0x00, 0x01, 0xf7, 0x3f, 0x60,
    0x00, 0x03, 0xf5, 0x0d, 0xc1, 0x00, 0x0b, 0xf1, 0x04, 0xfd, 0x77, 0xcf, 0x60, 0x00, 0x3b, 0xee,
    0xb4, 0x00, 0x00, 0x00, 0x07, 0xe6, 0x00, 0x00, 0x00, 0x9c, 0x20, 0x00, 0x00, 0x00, 0x00, 0x00,
    0x00, 0x00, 0x3a, 0xee, 0xb4, 0x00, 0x04, 0xfd, 0x77, 0xcf, 0x60, 0x0d, 0xc1, 0x00, 0x0b, 0xf1,
    0x3f, 0x60, 0x00, 0x03, 0xf5, 0x4f, 0x40, 0x00, 0x01, 0xf7, 0x3f, 0x60, 0x00, 0x03, 0xf5, 0x0d,
    0xc1, 0x00, 0x0b, 0xf1, 0x04, 0xfd, 0x77, 0xcf, 0x60, 0x00, 0x3b, 0xee, 0xb4, 0x00, 0x00, 0x04,
    0xee, 0x50, 0x00, 0x00, 0x4e, 0x43, 0xd6, 0x00, 0x00, 0x00, 0x00, 0x00, 0x00, 0x00, 0x3a, 0xee,
    0xb4, 0x00, 0x04, 0xfd, 0x77, 0xcf, 0x60, 0x0d, 0xc1, 0x00, 0x0b, 0xf1, 0x3f, 0x60, 0x00, 0x03,
    0xf5, 0x4f, 0x40, 0x00, 0x01, 0xf7, 0x3f, 0x60, 0x00, 0x03, 0xf5, 0x0d, 0xc1, 0x00, 0x0b, 0xf1,
    0x04, 0xfd, 0x77, 0xcf, 0x60, 0x00, 0x3b, 0xee, 0xb4, 0x00, 0x00, 0x00, 0x00, 0x01, 0x00, 0x00,
    0x2e, 0xe6, 0x6a, 0x00, 0x00, 0x86, 0x3e, 0xf5, 0x00, 0x00, 0x31, 0x01, 0x30, 0x00, 0x00, 0x3a,
    0xee, 0xb4, 0x00, 0x04, 0xfd, 0x77, 0xcf, 0x60, 0x0d, 0xc1, 0x00, 0x0b, 0xf1, 0x3f, 0x60, 0x00,
    0x03, 0xf5, 0x4f, 0x40, 0x00, 0x01, 0xf7, 0x3f, 0x60, 0x00, 0x03, 0xf5, 0x0d, 0xc1, 0x00, 0x0b,
    0xf1, 0x04, 0xfd, 0x77, 0xcf, 0x60, 0x00, 0x3b, 0xee, 0xb4, 0x00, 0x00, 0x00, 0x00, 0x00, 0x00,
    0x00, 0x2f, 0x42, 0xf4, 0x00, 0x00, 0x03, 0x00, 0x30, 0x00, 0x00, 0x00, 0x00, 0x00, 0x00, 0x00,
    0x3a, 0xee, 0xb4, 0x00, 0x04, 0xfd, 0x77, 0xcf, 0x60, 0x0d, 0xc1, 0x00, 0x0b, 0xf1, 0x3f, 0x60,
    0x00, 0x03, 0xf5, 0x4f, 0x40, 0x00, 0x01, 0xf7, 0x3f, 0x60, 0x00, 0x03, 0xf5, 0x0d, 0xc1, 0x00,
    0x0b, 0xf1, 0x04, 0xfd, 0x77, 0xcf, 0x60, 0x00, 0x3b, 0xee, 0xb4, 0x00, 0x00, 0x01, 0xe6, 0x00,
    0x00, 0x00, 0x1e, 0x60, 0x00, 0x00, 0x00, 0x00, 0x00, 0x00, 0x12, 0x22, 0x22, 0x20, 0x0e, 0xff,
    0xff, 0xff, 0x40, 0x44, 0x44, 0x44, 0x41, 0x00, 0x00, 0x00, 0x00, 0x00, 0x00, 0x1e, 0x60, 0x00,
    0x00, 0x01, 0xe6, 0x00, 0x00, 0x00, 0x00, 0x00, 0x00, 0x00, 0x00, 0x00, 0x00, 0x00, 0x00, 0x00,
    0x00, 0x07, 0x20, 0x00, 0x00, 0x00, 0x4d, 0x00, 0x00, 0x3a, 0xee, 0xfa, 0x00, 0x04, 0xfd, 0x7a,
    0xff, 0x60, 0x0d, 0xc1, 0x0b, 0x7b, 0xf1, 0x3f, 0x60, 0x3e, 0x03, 0xf5, 0x4f, 0x40, 0xa7, 0x01,
    0xf7, 0x3f, 0x63, 0xe1, 0x03, 0xf5, 0x0d, 0xcb, 0x70, 0x0b, 0xf1, 0x04, 0xff, 0x87, 0xcf, 0x60,
    0x00, 0xcf, 0xee, 0xb4, 0x00, 0x02, 0xe1, 0x00, 0x00, 0x00, 0x00, 0x2c, 0xd2, 0x00, 0x00, 0x00,
    0x00, 0x08, 0xd2, 0x00, 0x00, 0x00, 0x00, 0x00, 0x00, 0x00, 0x00, 0x9e, 0x00, 0x00, 0x3f, 0x50,
    0x09, 0xe0, 0x00, 0x03, 0xf5, 0x00, 0x9e, 0x00, 0x00, 0x3f, 0x50, 0x09, 0xe0, 0x00, 0x03, 0xf5,
    0x00, 0x9e, 0x00, 0x00, 0x3f, 0x50, 0x09, 0xf0, 0x00, 0x04, 0xf5, 0x00, 0x6f, 0x40, 0x00, 0xbf,
    0x50, 0x01, 0xee, 0x87, 0xbe, 0xf5, 0x00, 0x02, 0xae, 0xea, 0x3f, 0x50, 0x00, 0x00, 0x04, 0xe9,
    0x10, 0x00, 0x00, 0x05, 0xe5, 0x00, 0x00, 0x00, 0x00, 0x00, 0x00, 0x00, 0x00, 0x9e, 0x00, 0x00,
    0x3f, 0x50, 0x09, 0xe0, 0x00, 0x03, 0xf5, 0x00, 0x9e, 0x00, 0x00, 0x3f, 0x50, 0x09, 0xe0, 0x00,
    0x03, 0xf5, 0x00, 0x9e, 0x00, 0x00, 0x3f, 0x50, 0x09, 0xf0, 0x00, 0x04, 0xf5, 0x00, 0x6f, 0x40,
    0x00, 0xbf, 0x50, 0x01, 0xee, 0x87, 0xbe, 0xf5, 0x00, 0x02, 0xae, 0xea, 0x3f, 0x50, 0x00, 0x01,
    0xcf, 0x90, 0x00, 0x00, 0x02, 0xd8, 0x1b, 0xa0, 0x00, 0x00, 0x00, 0x00, 0x00, 0x00, 0x00, 0x9e,
    0x00, 0x00, 0x3f, 0x50, 0x09, 0xe0, 0x00, 0x03, 0xf5, 0x00, 0x9e, 0x00, 0x00, 0x3f, 0x50, 0x09,
    0xe0, 0x00, 0x03, 0xf5, 0x00, 0x9e, 0x00, 0x00, 0x3f, 0x50, 0x09, 0xf0, 0x00, 0x04, 0xf5, 0x00,
    0x6f, 0x40, 0x00, 0xbf, 0x50, 0x01, 0xee, 0x87, 0xbe, 0xf5, 0x00, 0x02, 0xae, 0xea, 0x3f, 0x50,
    0x00, 0x00, 0x00, 0x00, 0x00, 0x00, 0x00, 0xc8, 0x0c, 0x80, 0x00, 0x00, 0x02, 0x10, 0x21, 0x00,
    0x00, 0x00, 0x00, 0x00, 0x00, 0x00, 0x09, 0xe0, 0x00, 0x03, 0xf5, 0x00, 0x9e, 0x00, 0x00, 0x3f,
    0x50, 0x09, 0xe0, 0x00, 0x03, 0xf5, 0x00, 0x9e, 0x00, 0x00, 0x3f, 0x50, 0x09, 0xe0, 0x00, 0x03,
    0xf5, 0x00, 0x9f, 0x00, 0x00, 0x4f, 0x50, 0x06, 0xf4, 0x00, 0x0b, 0xf5, 0x00, 0x1e, 0xe8, 0x7b,
    0xef, 0x50, 0x00, 0x2a, 0xee, 0xa3, 0xf5, 0x00, 0x00, 0x00, 0x05, 0xf8, 0x00, 0x00, 0x00, 0x6d,
    0x40, 0x00, 0x00, 0x00, 0x00, 0x00, 0x00, 0x0c, 0xc0, 0x00, 0x00, 0xbb, 0x06, 0xf3, 0x00, 0x03,
    0xf5, 0x00, 0xe9, 0x00, 0x09, 0xd0, 0x00, 0x8f, 0x10, 0x1e, 0x70, 0x00, 0x2f, 0x70, 0x7e, 0x10,
    0x00, 0x0a, 0xd0, 0xd9, 0x00, 0x00, 0x04, 0xf9, 0xf2, 0x00, 0x00, 0x00, 0xcf, 0xb0, 0x00, 0x00,
    0x00, 0x6f, 0x50, 0x00, 0x00, 0x00, 0xad, 0x00, 0x00, 0x1b, 0x79, 0xf5, 0x00, 0x00, 0x1a, 0xed,
    0x70, 0x00, 0x00, 0x08, 0xf0, 0x00, 0x00, 0x00, 0x00, 0x8f, 0x00, 0x00, 0x00, 0x00, 0x08, 0xf0,
    0x00, 0x00, 0x00, 0x00, 0x8f, 0x3b, 0xee, 0xb3, 0x00, 0x08, 0xfe, 0xb7, 0x8e, 0xf3, 0x00, 0x8f,
    0x90, 0x00, 0x1d, 0xc0, 0x08, 0xf2, 0x00, 0x00, 0x7f, 0x20, 0x8f, 0x00, 0x00, 0x05, 0xf3, 0x08,
    0xf2, 0x00, 0x00, 0x7f, 0x20, 0x8f, 0xa0, 0x00, 0x1d, 0xc0, 0x08, 0xfe, 0xb7, 0x8e, 0xf3, 0x00,
    0x8f, 0x2b, 0xee, 0xb3, 0x00, 0x08, 0xf0, 0x00, 0x00, 0x00, 0x00, 0x8f, 0x00, 0x00, 0x00, 0x00,
    0x08, 0xf0, 0x00, 0x00, 0x00, 0x00, 0x00, 0x00, 0x00, 0x00, 0x00, 0x00, 0x0e, 0x70, 0xe6, 0x00,
    0x00, 0x03, 0x10, 0x31, 0x00, 0x00, 0x00, 0x00, 0x00, 0x00, 0x0c, 0xc0, 0x00, 0x00, 0xbb, 0x06,
    0xf3, 0x00, 0x03, 0xf5, 0x00, 0xe9, 0x00, 0x09, 0xd0, 0x00, 0x8f, 0x10, 0x1e, 0x70, 0x00, 0x2f,
    0x70, 0x7e, 0x10, 0x00, 0x0a, 0xd0, 0xd9, 0x00, 0x00, 0x04, 0xf9, 0xf2, 0x00, 0x00, 0x00, 0xcf,
    0xb0, 0x00, 0x00, 0x00, 0x6f, 0x50, 0x00, 0x00, 0x00, 0xad, 0x00, 0x00, 0x1b, 0x79, 0xf5, 0x00,
    0x00, 0x1a, 0xed, 0x70, 0x00, 0x00, 0x00, 0x02, 0x8d, 0xef, 0xff, 0xff, 0xff, 0xff, 0xd0, 0x00,
    0x5e, 0xe9, 0x76, 0x6f, 0xb6, 0x66, 0x66, 0x50, 0x03, 0xfc, 0x10, 0x00, 0x0f, 0x80, 0x00, 0x00,
    0x00, 0x0b, 0xe1, 0x00, 0x00, 0x0f, 0x80, 0x00, 0x00, 0x00, 0x1f, 0x90, 0x00, 0x00, 0x0f, 0x92,
    0x22, 0x22, 0x00, 0x3f, 0x60, 0x00, 0x00, 0x0f, 0xff, 0xff, 0xff, 0x30, 0x3f, 0x60, 0x00, 0x00,
    0x0f, 0xa4, 0x44, 0x44, 0x10, 0x1f, 0x90, 0x00, 0x00, 0x0f, 0x80, 0x00, 0x00, 0x00, 0x0b, 0xe1,
    0x00, 0x00, 0x0f, 0x80, 0x00, 0x00, 0x00, 0x03, 0xfc, 0x10, 0x00, 0x0f, 0x80, 0x00, 0x00, 0x00,
    0x00, 0x5e, 0xe9, 0x76, 0x6f, 0xb6, 0x66, 0x66, 0x61, 0x00, 0x02, 0x9d, 0xef, 0xff, 0xff, 0xff,
    0xff, 0xf2, 0x00, 0x3a, 0xee, 0xb4, 0x01, 0x9e, 0xeb, 0x40, 0x00, 0x4f, 0xd7, 0x7c, 0xf6, 0xde,
    0x87, 0xcf, 0x40, 0x0d, 0xc1, 0x00, 0x0b, 0xfe, 0x20, 0x00, 0xad, 0x03, 0xf6, 0x00, 0x00, 0x3f,
    0xa2, 0x22, 0x24, 0xf3, 0x4f, 0x40, 0x00, 0x01, 0xff, 0xff, 0xff, 0xff, 0x53, 0xf6, 0x00, 0x00,
    0x3f, 0xb4, 0x44, 0x44, 0x42, 0x0d, 0xc1, 0x00, 0x0b, 0xfe, 0x20, 0x00, 0x11, 0x00, 0x4f, 0xd7,
    0x7c, 0xf7, 0xde, 0x97, 0x8e, 0x90, 0x00, 0x3b, 0xee, 0xb4, 0x01, 0x9d, 0xfd, 0x81, 0x00, 0x00,
    0x00, 0x17, 0xce, 0xec, 0x81, 0x00, 0x00, 0x3e, 0xfa, 0x77, 0x9e, 0xd1, 0x00, 0x1e, 0xd3, 0x00,
    0x00, 0x15, 0x01, 0x28, 0xf5, 0x22, 0x22, 0x00, 0x00, 0x8f, 0xff, 0xff, 0xff, 0xf1, 0x00, 0x02,
    0x4e, 0xc4, 0x44, 0x44, 0x00, 0x00, 0x12, 0xdc, 0x22, 0x22, 0x20, 0x00, 0x08, 0xff, 0xff, 0xff,
    0xff, 0x10, 0x00, 0x24, 0xaf, 0x74, 0x44, 0x40, 0x00, 0x00, 0x02, 0xec, 0x20, 0x00, 0x01, 0x40,
    0x00, 0x04, 0xef, 0xa7, 0x79, 0xed, 0x10, 0x00, 0x01, 0x8c, 0xee, 0xc8, 0x10,
};
static const lv_font_fmt_txt_glyph_dsc_t font_latin1_16_glyphs[] = {
    {.bitmap_index = 0, .adv_w = 0, .box_w = 0, .box_h = 0, .ofs_x = 0, .ofs_y = 0},
    {.bitmap_index = 0, .adv_w = 68, .box_w = 4, .box_h = 12, .ofs_x = 0, .ofs_y = -3}, /* U+00A1 */
    {.bitmap_index = 24, .adv_w = 146, .box_w = 9, .box_h = 13, .ofs_x = 0, .ofs_y = -2}, /* U+00A2 */
    {.bitmap_index = 83, .adv_w = 166, .box_w = 11, .box_h = 12, .ofs_x = 0, .ofs_y = 0}, /* U+00A3 */
    {.bitmap_index = 149, .adv_w = 179, .box_w = 11, .box_h = 12, .ofs_x = 0, .ofs_y = -1}, /* U+00A4 */
    {.bitmap_index = 215, .adv_w = 181, .box_w = 13, .box_h = 12, .ofs_x = -1, .ofs_y = 0}, /* U+00A5 */
    {.bitmap_index = 293, .adv_w = 76, .box_w = 5, .box_h = 15, .ofs_x = 0, .ofs_y = -3}, /* U+00A6 */
    {.bitmap_index = 331, .adv_w = 128, .box_w = 8, .box_h = 14, .ofs_x = 0, .ofs_y = -2}, /* U+00A7 */
    {.bitmap_index = 387, .adv_w = 154, .box_w = 10, .box_h = 13, .ofs_x = 0, .ofs_y = 0}, /* U+00A8 */
    {.bitmap_index = 452, .adv_w = 205, .box_w = 13, .box_h = 14, .ofs_x = 0, .ofs_y = -1}, /* U+00A9 */
    {.bitmap_index = 543, .adv_w = 104, .box_w = 6, .box_h = 12, .ofs_x = 0, .ofs_y = 0}, /* U+00AA */
    {.bitmap_index = 579, .adv_w = 129, .box_w = 8, .box_h = 7, .ofs_x = 0, .ofs_y = 0}, /* U+00AB */
    {.bitmap_index = 607, .adv_w = 149, .box_w = 9, .box_h = 7, .ofs_x = 0, .ofs_y = 0}, /* U+00AC */
    {.bitmap_index = 639, .adv_w = 205, .box_w = 13, .box_h = 14, .ofs_x = 0, .ofs_y = -1}, /* U+00AE */
    {.bitmap_index = 730, .adv_w = 154, .box_w = 10, .box_h = 13, .ofs_x = 0, .ofs_y = 0}, /* U+00AF */
    {.bitmap_index = 795, .adv_w = 149, .box_w = 9, .box_h = 10, .ofs_x = 0, .ofs_y = 0}, /* U+00B1 */
    {.bitmap_index = 840, .adv_w = 110, .box_w = 7, .box_h = 13, .ofs_x = 0, .ofs_y = 0}, /* U+00B2 */
    {.bitmap_index = 886, .adv_w = 110, .box_w = 7, .box_h = 13, .ofs_x = 0, .ofs_y = 0}, /* U+00B3 */
    {.bitmap_index = 932, .adv_w = 154, .box_w = 10, .box_h = 12, .ofs_x = 0, .ofs_y = 0}, /* U+00B4 */
    {.bitmap_index = 992, .adv_w = 174, .box_w = 11, .box_h = 12, .ofs_x = 0, .ofs_y = -3}, /* U+00B5 */
    {.bitmap_index = 1058, .adv_w = 166, .box_w = 10, .box_h = 15, .ofs_x = 0, .ofs_y = -3}, /* U+00B6 */
    {.bitmap_index = 1133, .adv_w = 68, .box_w = 4, .box_h = 6, .ofs_x = 0, .ofs_y = 0}, /* U+00B7 */
    {.bitmap_index = 1145, .adv_w = 154, .box_w = 10, .box_h = 5, .ofs_x = 0, .ofs_y = -5}, /* U+00B8 */
    {.bitmap_index = 1170, .adv_w = 110, .box_w = 7, .box_h = 13, .ofs_x = 0, .ofs_y = 0}, /* U+00B9 */
    {.bitmap_index = 1216, .adv_w = 107, .box_w = 7, .box_h = 12, .ofs_x = 0, .ofs_y = 0}, /* U+00BA */
    {.bitmap_index = 1258, .adv_w = 129, .box_w = 8, .box_h = 7, .ofs_x = 0, .ofs_y = 0}, /* U+00BB */
    {.bitmap_index = 1286, .adv_w = 265, .box_w = 17, .box_h = 13, .ofs_x = 0, .ofs_y = 0}, /* U+00BC */
    {.bitmap_index = 1397, .adv_w = 265, .box_w = 17, .box_h = 13, .ofs_x = 0, .ofs_y = 0}, /* U+00BD */
    {.bitmap_index = 1508, .adv_w = 265, .box_w = 17, .box_h = 13, .ofs_x = 0, .ofs_y = 0}, /* U+00BE */
    {.bitmap_index = 1619, .adv_w = 147, .box_w = 10, .box_h = 12, .ofs_x = 0, .ofs_y = -3}, /* U+00BF */
    {.bitmap_index = 1679, .adv_w = 188, .box_w = 13, .box_h = 14, .ofs_x = -1, .ofs_y = 0}, /* U+00C0 */
    {.bitmap_index = 1770, .adv_w = 188, .box_w = 13, .box_h = 14, .ofs_x = -1, .ofs_y = 0}, /* U+00C1 */
    {.bitmap_index = 1861, .adv_w = 188, .box_w = 13, .box_h = 14, .ofs_x = -1, .ofs_y = 0}, /* U+00C2 */
    {.bitmap_index = 1952, .adv_w = 188, .box_w = 13, .box_h = 15, .ofs_x = -1, .ofs_y = 0}, /* U+00C3 */
    {.bitmap_index = 2050, .adv_w = 188, .box_w = 13, .box_h = 15, .ofs_x = -1, .ofs_y = 0}, /* U+00C4 */
    {.bitmap_index = 2148, .adv_w = 188, .box_w = 13, .box_h = 17, .ofs_x = -1, .ofs_y = 0}, /* U+00C5 */
    {.bitmap_index = 2259, .adv_w = 268, .box_w = 18, .box_h = 12, .ofs_x = -1, .ofs_y = 0}, /* U+00C6 */
    {.bitmap_index = 2367, .adv_w = 182, .box_w = 11, .box_h = 17, .ofs_x = 0, .ofs_y = -5}, /* U+00C7 */
    {.bitmap_index = 2461, .adv_w = 172, .box_w = 11, .box_h = 14, .ofs_x = 0, .ofs_y = 0}, /* U+00C8 */
    {.bitmap_index = 2538, .adv_w = 172, .box_w = 11, .box_h = 14, .ofs_x = 0, .ofs_y = 0}, /* U+00C9 */
    {.bitmap_index = 2615, .adv_w = 172, .box_w = 11, .box_h = 14, .ofs_x = 0, .ofs_y = 0}, /* U+00CA */
    {.bitmap_index = 2692, .adv_w = 172, .box_w = 11, .box_h = 15, .ofs_x = 0, .ofs_y = 0}, /* U+00CB */
    {.bitmap_index = 2775, .adv_w = 79, .box_w = 6, .box_h = 14, .ofs_x = -1, .ofs_y = 0}, /* U+00CC */
    {.bitmap_index = 2817, .adv_w = 79, .box_w = 6, .box_h = 14, .ofs_x = 0, .ofs_y = 0}, /* U+00CD */
    {.bitmap_index = 2859, .adv_w = 79, .box_w = 7, .box_h = 14, .ofs_x = -1, .ofs_y = 0}, /* U+00CE */
    {.bitmap_index = 2908, .adv_w = 79, .box_w = 5, .box_h = 15, .ofs_x = 0, .ofs_y = 0}, /* U+00CF */
    {.bitmap_index = 2946, .adv_w = 214, .box_w = 13, .box_h = 12, .ofs_x = 0, .ofs_y = 0}, /* U+00D0 */
    {.bitmap_index = 3024, .adv_w = 208, .box_w = 13, .box_h = 15, .ofs_x = 0, .ofs_y = 0}, /* U+00D1 */
    {.bitmap_index = 3122, .adv_w = 215, .box_w = 13, .box_h = 14, .ofs_x = 0, .ofs_y = 0}, /* U+00D2 */
    {.bitmap_index = 3213, .adv_w = 215, .box_w = 13, .box_h = 14, .ofs_x = 0, .ofs_y = 0}, /* U+00D3 */
    {.bitmap_index = 3304, .adv_w = 215, .box_w = 13, .box_h = 14, .ofs_x = 0, .ofs_y = 0}, /* U+00D4 */
    {.bitmap_index = 3395, .adv_w = 215, .box_w = 13, .box_h = 15, .ofs_x = 0, .ofs_y = 0}, /* U+00D5 */
    {.bitmap_index = 3493, .adv_w = 215, .box_w = 13, .box_h = 15, .ofs_x = 0, .ofs_y = 0}, /* U+00D6 */
    {.bitmap_index = 3591, .adv_w = 149, .box_w = 9, .box_h = 9, .ofs_x = 0, .ofs_y = 0}, /* U+00D7 */
    {.bitmap_index = 3632, .adv_w = 215, .box_w = 13, .box_h = 14, .ofs_x = 0, .ofs_y = -1}, /* U+00D8 */
    {.bitmap_index = 3723, .adv_w = 202, .box_w = 13, .box_h = 14, .ofs_x = 0, .ofs_y = 0}, /* U+00D9 */
    {.bitmap_index = 3814, .adv_w = 202, .box_w = 13, .box_h = 14, .ofs_x = 0, .ofs_y = 0}, /* U+00DA */
    {.bitmap_index = 3905, .adv_w = 202, .box_w = 13, .box_h = 14, .ofs_x = 0, .ofs_y = 0}, /* U+00DB */
    {.bitmap_index = 3996, .adv_w = 202, .box_w = 13, .box_h = 15, .ofs_x = 0, .ofs_y = 0}, /* U+00DC */
    {.bitmap_index = 4094, .adv_w = 166, .box_w = 12, .box_h = 14, .ofs_x = -1, .ofs_y = 0}, /* U+00DD */
    {.bitmap_index = 4178, .adv_w = 185, .box_w = 12, .box_h = 12, .ofs_x = 0, .ofs_y = 0}, /* U+00DE */
    {.bitmap_index = 4250, .adv_w = 173, .box_w = 11, .box_h = 12, .ofs_x = 0, .ofs_y = 0}, /* U+00DF */
    {.bitmap_index = 4316, .adv_w = 153, .box_w = 10, .box_h = 12, .ofs_x = 0, .ofs_y = 0}, /* U+00E0 */
    {.bitmap_index = 4376, .adv_w = 153, .box_w = 10, .box_h = 12, .ofs_x = 0, .ofs_y = 0}, /* U+00E1 */
    {.bitmap_index = 4436, .adv_w = 153, .box_w = 10, .box_h = 12, .ofs_x = 0, .ofs_y = 0}, /* U+00E2 */
    {.bitmap_index = 4496, .adv_w = 153, .box_w = 10, .box_h = 13, .ofs_x = 0, .ofs_y = 0}, /* U+00E3 */
    {.bitmap_index = 4561, .adv_w = 153, .box_w = 10, .box_h = 13, .ofs_x = 0, .ofs_y = 0}, /* U+00E4 */
    {.bitmap_index = 4626, .adv_w = 153, .box_w = 10, .box_h = 15, .ofs_x = 0, .ofs_y = 0}, /* U+00E5 */
    {.bitmap_index = 4701, .adv_w = 253, .box_w = 16, .box_h = 9, .ofs_x = 0, .ofs_y = 0}, /* U+00E6 */
    {.bitmap_index = 4773, .adv_w = 146, .box_w = 9, .box_h = 14, .ofs_x = 0, .ofs_y = -5}, /* U+00E7 */
    {.bitmap_index = 4836, .adv_w = 157, .box_w = 10, .box_h = 12, .ofs_x = 0, .ofs_y = 0}, /* U+00E8 */
    {.bitmap_index = 4896, .adv_w = 157, .box_w = 10, .box_h = 12, .ofs_x = 0, .ofs_y = 0}, /* U+00E9 */
    {.bitmap_index = 4956, .adv_w = 157, .box_w = 10, .box_h = 12, .ofs_x = 0, .ofs_y = 0}, /* U+00EA */
    {.bitmap_index = 5016, .adv_w = 157, .box_w = 10, .box_h = 13, .ofs_x = 0, .ofs_y = 0}, /* U+00EB */
    {.bitmap_index = 5081, .adv_w = 72, .box_w = 5, .box_h = 12, .ofs_x = -1, .ofs_y = 0}, /* U+00EC */
    {.bitmap_index = 5111, .adv_w = 72, .box_w = 6, .box_h = 12, .ofs_x = 0, .ofs_y = 0}, /* U+00ED */
    {.bitmap_index = 5147, .adv_w = 72, .box_w = 6, .box_h = 12, .ofs_x = -1, .ofs_y = 0}, /* U+00EE */
    {.bitmap_index = 5183, .adv_w = 72, .box_w = 5, .box_h = 12, .ofs_x = 0, .ofs_y = 0}, /* U+00EF */
    {.bitmap_index = 5213, .adv_w = 153, .box_w = 10, .box_h = 13, .ofs_x = 0, .ofs_y = 0}, /* U+00F0 */
    {.bitmap_index = 5278, .adv_w = 174, .box_w = 11, .box_h = 13, .ofs_x = 0, .ofs_y = 0}, /* U+00F1 */
    {.bitmap_index = 5350, .adv_w = 162, .box_w = 10, .box_h = 12, .ofs_x = 0, .ofs_y = 0}, /* U+00F2 */
    {.bitmap_index = 5410, .adv_w = 162, .box_w = 10, .box_h = 12, .ofs_x = 0, .ofs_y = 0}, /* U+00F3 */
    {.bitmap_index = 5470, .adv_w = 162, .box_w = 10, .box_h = 12, .ofs_x = 0, .ofs_y = 0}, /* U+00F4 */
    {.bitmap_index = 5530, .adv_w = 162, .box_w = 10, .box_h = 13, .ofs_x = 0, .ofs_y = 0}, /* U+00F5 */
    {.bitmap_index = 5595, .adv_w = 162, .box_w = 10, .box_h = 13, .ofs_x = 0, .ofs_y = 0}, /* U+00F6 */
    {.bitmap_index = 5660, .adv_w = 149, .box_w = 9, .box_h = 11, .ofs_x = 0, .ofs_y = 0}, /* U+00F7 */
    {.bitmap_index = 5710, .adv_w = 162, .box_w = 10, .box_h = 12, .ofs_x = 0, .ofs_y = -1}, /* U+00F8 */
    {.bitmap_index = 5770, .adv_w = 173, .box_w = 11, .box_h = 12, .ofs_x = 0, .ofs_y = 0}, /* U+00F9 */
    {.bitmap_index = 5836, .adv_w = 173, .box_w = 11, .box_h = 12, .ofs_x = 0, .ofs_y = 0}, /* U+00FA */
    {.bitmap_index = 5902, .adv_w = 173, .box_w = 11, .box_h = 12, .ofs_x = 0, .ofs_y = 0}, /* U+00FB */
    {.bitmap_index = 5968, .adv_w = 173, .box_w = 11, .box_h = 13, .ofs_x = 0, .ofs_y = 0}, /* U+00FC */
    {.bitmap_index = 6040, .adv_w = 143, .box_w = 10, .box_h = 15, .ofs_x = -1, .ofs_y = -3}, /* U+00FD */
    {.bitmap_index = 6115, .adv_w = 174, .box_w = 11, .box_h = 15, .ofs_x = 0, .ofs_y = -3}, /* U+00FE */
    {.bitmap_index = 6198, .adv_w = 143, .box_w = 10, .box_h = 16, .ofs_x = -1, .ofs_y = -3}, /* U+00FF */
    {.bitmap_index = 6278, .adv_w = 288, .box_w = 18, .box_h = 12, .ofs_x = 0, .ofs_y = 0}, /* U+0152 */
    {.bitmap_index = 6386, .adv_w = 273, .box_w = 17, .box_h = 9, .ofs_x = 0, .ofs_y = 0}, /* U+0153 */
    {.bitmap_index = 6463, .adv_w = 204, .box_w = 13, .box_h = 12, .ofs_x = 0, .ofs_y = 0}, /* U+20AC */
};
static const uint16_t font_latin1_16_list[] = {0, 1, 2, 3, 4, 5, 6, 7, 8, 9, 10, 11, 13, 14, 16, 17, 18, 19, 20, 21, 22, 23, 24, 25, 26, 27, 28, 29, 30, 31, 32, 33, 34, 35, 36, 37, 38, 39, 40, 41, 42, 43, 44, 45, 46, 47, 48, 49, 50, 51, 52, 53, 54, 55, 56, 57, 58, 59, 60, 61, 62, 63, 64, 65, 66, 67, 68, 69, 70, 71, 72, 73, 74, 75, 76, 77, 78, 79, 80, 81, 82, 83, 84, 85, 86, 87, 88, 89, 90, 91, 92, 93, 94, 177, 178, 8203};
static const lv_font_fmt_txt_cmap_t font_latin1_16_cmaps[] = {
    {.range_start = 161, .range_length = 8204, .glyph_id_start = 1,
     .unicode_list = font_latin1_16_list, .glyph_id_ofs_list = NULL, .list_length = 96, .type = LV_FONT_FMT_TXT_CMAP_SPARSE_TINY}
};
static lv_font_fmt_txt_glyph_cache_t font_latin1_16_cache;
static const lv_font_fmt_txt_dsc_t font_latin1_16_dsc = {
    .glyph_bitmap = font_latin1_16_bitmap, .glyph_dsc = font_latin1_16_glyphs, .cmaps = font_latin1_16_cmaps, .kern_dsc = NULL,
    .kern_scale = 0, .cmap_num = 1, .bpp = 4, .kern_classes = 0, .bitmap_format = 0, .cache = &font_latin1_16_cache
};
const lv_font_t font_latin1_16 = {
    .get_glyph_dsc = lv_font_get_glyph_dsc_fmt_txt,
    .get_glyph_bitmap = lv_font_get_bitmap_fmt_txt,
    .line_height = 20,
    .base_line = 3,
    .subpx = LV_FONT_SUBPX_NONE,
    .underline_position = -1,
    .underline_thickness = 1,
    .dsc = &font_latin1_16_dsc,
    .fallback = &lv_font_montserrat_16,
};
#endif

#if LV_FONT_MONTSERRAT_20
static LV_ATTRIBUTE_LARGE_CONST const uint8_t font_latin1_20_bitmap[] = {
    0x04, 0xe9, 0x00, 0x9f, 0xe0, 0x03, 0xc7, 0x00, 0x00, 0x00, 0x00, 0x00, 0x00, 0x2f, 0x70, 0x02,
    0xf7, 0x00, 0x3f, 0x80, 0x03, 0xf9, 0x00, 0x4f, 0x90, 0x05, 0xfa, 0x00, 0x5f, 0xb0, 0x06, 0xfb,
    0x00, 0x6f, 0xc0, 0x00, 0x00, 0x05, 0xe0, 0x00, 0x00, 0x00, 0x00, 0x5e, 0x00, 0x00, 0x00, 0x00,
    0x05, 0xe0, 0x00, 0x00, 0x00, 0x5b, 0xef, 0xea, 0x30, 0x00, 0x8f, 0xfd, 0xfc, 0xff, 0x40, 0x5f,
    0xd3, 0x5e, 0x05, 0xe5, 0x0c, 0xf4, 0x05, 0xe0, 0x00, 0x01, 0xfe, 0x00, 0x5e, 0x00, 0x00, 0x2f,
    0xc0, 0x05, 0xe0, 0x00, 0x00, 0xfe, 0x00, 0x5e, 0x00, 0x00, 0x0b, 0xf6, 0x05, 0xe0, 0x03, 0x00,
    0x3f, 0xf7, 0x6e, 0x29, 0xf7, 0x00, 0x4e, 0xff, 0xff, 0xfc, 0x10, 0x00, 0x16, 0xbf, 0x95, 0x00,
    0x00, 0x00, 0x05, 0xe0, 0x00, 0x00, 0x00, 0x00, 0x5e, 0x00, 0x00, 0x00, 0x00, 0x05, 0xbd, 0xfe,
    0xc7, 0x10, 0x00, 0x1b, 0xff, 0xdb, 0xce, 0xf6, 0x00, 0x09, 0xfb, 0x20, 0x00, 0x05, 0x10, 0x01,
    0xff, 0x10, 0x00, 0x00, 0x00, 0x00, 0x3f, 0xc0, 0x00, 0x00, 0x00, 0x00, 0x03, 0xfc, 0x00, 0x00,
    0x00, 0x00, 0x6f, 0xff, 0xff, 0xff, 0xff, 0x10, 0x04, 0xbc, 0xfe, 0xbb, 0xbb, 0xb1, 0x00, 0x00,
    0x3f, 0xc0, 0x00, 0x00, 0x00, 0x00, 0x03, 0xfc, 0x00, 0x00, 0x00, 0x00, 0x00, 0x3f, 0xc0, 0x00,
    0x00, 0x00, 0x00, 0x03, 0xfc, 0x00, 0x00, 0x00, 0x00, 0x4b, 0xcf, 0xeb, 0xbb, 0xbb, 0xbb, 0x36,
    0xff, 0xff, 0xff, 0xff, 0xff, 0xf5, 0x00, 0x00, 0x00, 0x00, 0x00, 0x00, 0x00, 0x1b, 0x40, 0x00,
    0x00, 0x00, 0x05, 0xb1, 0x2e, 0xf4, 0x4b, 0xee, 0xb4, 0x4f, 0xe2, 0x03, 0xef, 0xff, 0xcc, 0xff,
    0xfe, 0x30, 0x00, 0x8f, 0xa1, 0x00, 0x1a, 0xf8, 0x00, 0x01, 0xec, 0x00, 0x00, 0x00, 0xbe, 0x10,
    0x04, 0xf5, 0x00, 0x00, 0x00, 0x4f, 0x50, 0x06, 0xf3, 0x00, 0x00, 0x00, 0x2f, 0x60, 0x05, 0xf5,
    0x00, 0x00, 0x00, 0x4f, 0x50, 0x01, 0xec, 0x00, 0x00, 0x00, 0xbe, 0x10, 0x00, 0x8f, 0xa1, 0x00,
    0x1a, 0xf8, 0x00, 0x02, 0xdf, 0xff, 0xcc, 0xff, 0xfd, 0x20, 0x1d, 0xf5, 0x4b, 0xee, 0xb4, 0x5f,
    0xd1, 0x1c, 0x50, 0x00, 0x00, 0x00, 0x06, 0xc1, 0x00, 0x00, 0x00, 0x00, 0x00, 0x00, 0x00, 0x0a,
    0xf6, 0x00, 0x00, 0x00, 0x00, 0x3f, 0xc0, 0x01, 0xdf, 0x30, 0x00, 0x00, 0x01, 0xde, 0x20, 0x00,
    0x3f, 0xd1, 0x00, 0x00, 0x0b, 0xf5, 0x00, 0x00, 0x06, 0xfb, 0x00, 0x00, 0x8f, 0x80, 0x00, 0x00,
    0x00, 0xaf, 0x70, 0x04, 0xfb, 0x00, 0x00, 0x00, 0x00, 0x1d, 0xf4, 0x2e, 0xe2, 0x00, 0x00, 0x00,
    0x00, 0x02, 0xed, 0xcf, 0x40, 0x00, 0x00, 0x00, 0x1b, 0xbb, 0xdf, 0xfe, 0xbb, 0xb3, 0x00, 0x00,
    0x2f, 0xff, 0xff, 0xff, 0xff, 0xf4, 0x00, 0x00, 0x00, 0x00, 0x0e, 0xf1, 0x00, 0x00, 0x00, 0x00,
    0x1b, 0xbb, 0xbf, 0xfb, 0xbb, 0xb3, 0x00, 0x00, 0x2f, 0xff, 0xff, 0xff, 0xff, 0xf4, 0x00, 0x00,
    0x00, 0x00, 0x0e, 0xf1, 0x00, 0x00, 0x00, 0x00, 0x00, 0x00, 0x0e, 0xf1, 0x00, 0x00, 0x00, 0x00,
    0xed, 0x00, 0x00, 0xed, 0x00, 0x00, 0xed, 0x00, 0x00, 0xed, 0x00, 0x00, 0xed, 0x00, 0x00, 0xed,
    0x00, 0x00, 0xed, 0x00, 0x00, 0x00, 0x00, 0x00, 0x00, 0x00, 0x00, 0x00, 0x00, 0x00, 0x00, 0x00,
    0x00, 0x00, 0x00, 0x00, 0xed, 0x00, 0x00, 0xed, 0x00, 0x00, 0xed, 0x00, 0x00, 0xed, 0x00, 0x00,
    0xed, 0x00, 0x00, 0xed, 0x00, 0x00, 0xed, 0x00, 0x00, 0x29, 0xde, 0xeb, 0x60, 0x03, 0xef, 0xdb,
    0xdf, 0xf4, 0x0a, 0xf4, 0x00, 0x01, 0x60, 0x0c, 0xe0, 0x00, 0x00, 0x00, 0x09, 0xf8, 0x10, 0x00,
    0x00, 0x01, 0xef, 0xfc, 0x72, 0x00, 0x0a, 0xf9, 0x8c, 0xff, 0x70, 0x2f, 0x90, 0x00, 0x3d, 0xf2,
    0x4f, 0x70, 0x00, 0x06, 0xf4, 0x1e, 0xe7, 0x10, 0x0b, 0xf2, 0x04, 0xdf, 0xfc, 0xdf, 0x80, 0x00,
    0x03, 0x7b, 0xff, 0x30, 0x00, 0x00, 0x00, 0x3f, 0xb0, 0x00, 0x00, 0x00, 0x0e, 0xd0, 0x2d, 0x72,
    0x01, 0x8f, 0xa0, 0x3e, 0xff, 0xff, 0xfd, 0x20, 0x01, 0x59, 0xa9, 0x60, 0x00, 0x00, 0x06, 0x90,
    0x09, 0x60, 0x00, 0x00, 0x0a, 0xd1, 0x1d, 0xa0, 0x00, 0x00, 0x00, 0x00, 0x00, 0x00, 0x00, 0x00,
    0x00, 0x00, 0x00, 0x00, 0x00, 0x00, 0x00, 0x00, 0x00, 0x00, 0x00, 0x00, 0x00, 0x00, 0x00, 0x00,
    0x00, 0x00, 0x00, 0x00, 0x00, 0x00, 0x00, 0x00, 0x00, 0x00, 0x00, 0x00, 0x00, 0x00, 0x00, 0x00,
    0x00, 0x00, 0x00, 0x00, 0x00, 0x00, 0x00, 0x00, 0x00, 0x00, 0x00, 0x00, 0x00, 0x00, 0x00, 0x00,
    0x00, 0x00, 0x00, 0x00, 0x00, 0x00, 0x00, 0x00, 0x00, 0x00, 0x00, 0x00, 0x00, 0x00, 0x00, 0x00,
    0x00, 0x00, 0x00, 0x00, 0x00, 0x00, 0x00, 0x00, 0x00, 0x17, 0xce, 0xec, 0x82, 0x00, 0x00, 0x00,
    0x04, 0xe9, 0x31, 0x13, 0x9e, 0x50, 0x00, 0x00, 0x4d, 0x30, 0x00, 0x00, 0x03, 0xd5, 0x00, 0x01,
    0xd3, 0x00, 0x59, 0xa7, 0x10, 0x3e, 0x10, 0x07, 0x90, 0x0b, 0xff, 0xff, 0xc1, 0x08, 0x80, 0x0c,
    0x30, 0x7f, 0x92, 0x15, 0xd3, 0x02, 0xc0, 0x0e, 0x00, 0xdc, 0x00, 0x00, 0x00, 0x00, 0xe0, 0x0e,
    0x00, 0xf8, 0x00, 0x00, 0x00, 0x00, 0xd1, 0x0e, 0x00, 0xea, 0x00, 0x00, 0x00, 0x00, 0xe0, 0x0c,
    0x30, 0x9f, 0x50, 0x01, 0x81, 0x03, 0xc0, 0x07, 0x90, 0x1d, 0xfd, 0xce, 0xe2, 0x08, 0x70, 0x01,
    0xd3, 0x02, 0x9e, 0xeb, 0x30, 0x3d, 0x10, 0x00, 0x4d, 0x30, 0x00, 0x00, 0x03, 0xd4, 0x00, 0x00,
    0x05, 0xe8, 0x31, 0x13, 0x9e, 0x50, 0x00, 0x00, 0x00, 0x18, 0xce, 0xec, 0x81, 0x00, 0x00, 0x05,
    0xcf, 0xd8, 0x00, 0x0b, 0x86, 0x8f, 0x70, 0x00, 0x01, 0x1a, 0xb0, 0x08, 0xef, 0xff, 0xc0, 0x2f,
    0x84, 0x4b, 0xc0, 0x3f, 0x62, 0x4d, 0xc0, 0x0a, 0xff, 0xea, 0xc0, 0x00, 0x23, 0x12, 0x30, 0x00,
    0x00, 0x00, 0x00, 0x00, 0x00, 0x00, 0x00, 0x00, 0x00, 0x00, 0x00, 0x00, 0x00, 0x00, 0x00, 0x00,
    0x00, 0x00, 0x00, 0x00, 0x00, 0x00, 0x00, 0x00, 0x00, 0x00, 0x00, 0x00, 0x08, 0xf3, 0x0b, 0xe2,
    0x00, 0x4f, 0x80, 0x7f, 0x50, 0x01, 0xec, 0x03, 0xfa, 0x00, 0x0b, 0xe2, 0x0c, 0xd1, 0x00, 0x0b,
    0xe2, 0x1d, 0xd1, 0x00, 0x01, 0xec, 0x03, 0xf9, 0x00, 0x00, 0x4f, 0x70, 0x7f, 0x50, 0x00, 0x08,
    0xf3, 0x0b, 0xe2, 0x00, 0x00, 0x00, 0x00, 0x00, 0x00, 0x00, 0x00, 0x00, 0x00, 0x07, 0xbb, 0xbb,
    0xbb, 0xbb, 0x30, 0x0a, 0xff, 0xff, 0xff, 0xff, 0x40, 0x00, 0x00, 0x00, 0x00, 0x6f, 0x40, 0x00,
    0x00, 0x00, 0x00, 0x6f, 0x40, 0x00, 0x00, 0x00, 0x00, 0x6f, 0x40, 0x00, 0x00, 0x00, 0x00, 0x37,
    0x20, 0x00, 0x00, 0x00, 0x00, 0x00, 0x00, 0x00, 0x00, 0x00, 0x00, 0x00, 0x00, 0x00, 0x00, 0x17,
    0xce, 0xec, 0x82, 0x00, 0x00, 0x00, 0x04, 0xe9, 0x31, 0x13, 0x9e, 0x50, 0x00, 0x00, 0x4d, 0x30,
    0x00, 0x00, 0x03, 0xd5, 0x00, 0x01, 0xd3, 0x09, 0xbb, 0xa8, 0x10, 0x3e, 0x10, 0x07, 0x90, 0x0c,
    0xff, 0xff, 0xe1, 0x08, 0x80, 0x0c, 0x30, 0x0c, 0x80, 0x04, 0xe7, 0x02, 0xc0, 0x0e, 0x00, 0x0c,
    0x80, 0x00, 0xb9, 0x00, 0xe0, 0x0e, 0x00, 0x0c, 0x80, 0x04, 0xe7, 0x00, 0xd1, 0x0e, 0x00, 0x0c,
    0xff, 0xff, 0xd1, 0x00, 0xe0, 0x0c, 0x30, 0x0c, 0xdb, 0xcf, 0x30, 0x03, 0xc0, 0x07, 0x90, 0x0c,
    0x80, 0x0b, 0xb0, 0x08, 0x70, 0x01, 0xd3, 0x0c, 0x80, 0x01, 0xe6, 0x3d, 0x10, 0x00, 0x4d, 0x30,
    0x00, 0x00, 0x03, 0xd4, 0x00, 0x00, 0x05, 0xe8, 0x31, 0x13, 0x9e, 0x50, 0x00, 0x00, 0x00, 0x18,
    0xce, 0xec, 0x81, 0x00, 0x00, 0x00, 0x3b, 0xbb, 0xbb, 0xb3, 0x00, 0x00, 0x4f, 0xff, 0xff, 0xf4,
    0x00, 0x00, 0x00, 0x00, 0x00, 0x00, 0x00, 0x00, 0x00, 0x00, 0x00, 0x00, 0x00, 0x00, 0x00, 0x00,
    0x00, 0x00, 0x00, 0x00, 0x00, 0x00, 0x00, 0x00, 0x00, 0x00, 0x00, 0x00, 0x00, 0x00, 0x00, 0x00,
    0x00, 0x00, 0x00, 0x00, 0x00, 0x00, 0x00, 0x00, 0x00, 0x00, 0x00, 0x00, 0x00, 0x00, 0x00, 0x00,
    0x00, 0x00, 0x00, 0x00, 0x00, 0x00, 0x00, 0x00, 0x00, 0x00, 0x00, 0x00, 0x00, 0x00, 0x00, 0x00,
    0x00, 0x00, 0x00, 0x00, 0x00, 0x00, 0x00, 0x00, 0x00, 0x00, 0x00, 0x00, 0x00, 0x00, 0x00, 0x00,
    0x00, 0x0f, 0xa0, 0x00, 0x00, 0x00, 0x00, 0x0f, 0xa0, 0x00, 0x00, 0x00, 0x00, 0x0f, 0xa0, 0x00,
    0x00, 0x00, 0x00, 0x0f, 0xa0, 0x00, 0x00, 0x0a, 0xff, 0xff, 0xff, 0xff, 0x40, 0x07, 0xbb, 0xbf,
    0xeb, 0xbb, 0x30, 0x00, 0x00, 0x0f, 0xa0, 0x00, 0x00, 0x00, 0x00, 0x0f, 0xa0, 0x00, 0x00, 0x00,
    0x00, 0x0f, 0xa0, 0x00, 0x00, 0x00, 0x00, 0x00, 0x00, 0x00, 0x00, 0x00, 0x00, 0x00, 0x00, 0x00,
    0x00, 0x07, 0xbb, 0xbb, 0xbb, 0xbb, 0x30, 0x0a, 0xff, 0xff, 0xff, 0xff, 0x40, 0x03, 0xbe, 0xeb,
    0x30, 0x03, 0xee, 0xcc, 0xfe, 0x10, 0x06, 0x10, 0x06, 0xf3, 0x00, 0x00, 0x00, 0x6d, 0x00, 0x00,
    0x00, 0x5e, 0x30, 0x00, 0x00, 0x7d, 0x30, 0x00, 0x00, 0x9c, 0x20, 0x00, 0x00, 0xcf, 0xcb, 0xbb,
    0x60, 0x1f, 0xff, 0xff, 0xf9, 0x00, 0x00, 0x00, 0x00, 0x00, 0x00, 0x00, 0x00, 0x00, 0x00, 0x00,
    0x00, 0x00, 0x00, 0x00, 0x00, 0x00, 0x00, 0x00, 0x00, 0x00, 0x00, 0x00, 0x00, 0x00, 0x00, 0x00,
    0x00, 0x00, 0x00, 0x00, 0x00, 0x3f, 0xff, 0xff, 0xf3, 0x00, 0x00, 0x01, 0xd9, 0x00, 0x00, 0x00,
    0xcb, 0x00, 0x00, 0x00, 0x9f, 0x40, 0x00, 0x00, 0x0b, 0xef, 0xc1, 0x00, 0x00, 0x00, 0x4f, 0x70,
    0x00, 0x00, 0x00, 0xd8, 0x02, 0xb4, 0x11, 0x6f, 0x30, 0x29, 0xce, 0xec, 0x40, 0x00, 0x00, 0x00,
    0x00, 0x00, 0x00, 0x00, 0x00, 0x00, 0x00, 0x00, 0x00, 0x00, 0x00, 0x00, 0x00, 0x00, 0x00, 0x00,
    0x00, 0x00, 0x00, 0x00, 0x00, 0x00, 0x00, 0x00, 0x00, 0x00, 0x00, 0x00, 0x00, 0x00, 0x00, 0x00,
    0x17, 0x72, 0x00, 0x00, 0x00, 0x01, 0xce, 0x50, 0x00, 0x00, 0x00, 0x2d, 0xc2, 0x00, 0x00, 0x00,
    0x00, 0x00, 0x00, 0x00, 0x00, 0x00, 0x00, 0x00, 0x00, 0x00, 0x00, 0x00, 0x00, 0x00, 0x00, 0x00,
    0x00, 0x00, 0x00, 0x00, 0x00, 0x00, 0x00, 0x00, 0x00, 0x00, 0x00, 0x00, 0x00, 0x00, 0x00, 0x00,
    0x00, 0x00, 0x00, 0x00, 0x00, 0x00, 0x00, 0x00, 0x00, 0x00, 0x00, 0x00, 0x00, 0x00, 0x00, 0x00,
    0x00, 0x00, 0x00, 0x00, 0x00, 0x00, 0x00, 0x00, 0x00, 0x00, 0x00, 0x00, 0x00, 0x00, 0x00, 0x00,
    0x00, 0x00, 0x00, 0x00, 0x00, 0x00, 0x00, 0x03, 0xfb, 0x00, 0x00, 0x02, 0xfc, 0x00, 0x03, 0xfb,
    0x00, 0x00, 0x02, 0xfc, 0x00, 0x03, 0xfb, 0x00, 0x00, 0x02, 0xfc, 0x00, 0x03, 0xfb, 0x00, 0x00,
    0x02, 0xfc, 0x00, 0x03, 0xfb, 0x00, 0x00, 0x02, 0xfc, 0x00, 0x03, 0xfb, 0x00, 0x00, 0x02, 0xfc,
    0x00, 0x03, 0xfc, 0x00, 0x00, 0x04, 0xfc, 0x00, 0x03, 0xfe, 0x10, 0x00, 0x08, 0xfc, 0x00, 0x03,
    0xff, 0x90, 0x00, 0x5f, 0xfc, 0x00, 0x03, 0xff, 0xfe, 0xce, 0xfb, 0xfc, 0x00, 0x03, 0xfb, 0x7d,
    0xfd, 0x81, 0xfc, 0x00, 0x03, 0xfb, 0x00, 0x00, 0x00, 0x00, 0x00, 0x03, 0xfb, 0x00, 0x00, 0x00,
    0x00, 0x00, 0x03, 0xfb, 0x00, 0x00, 0x00, 0x00, 0x00, 0x03, 0xfb, 0x00, 0x00, 0x00, 0x00, 0x00,
    0x01, 0x7c, 0xef, 0xff, 0xff, 0xd0, 0x01, 0xcf, 0xff, 0xfb, 0xbb, 0xed, 0x00, 0x6f, 0xff, 0xff,
    0x20, 0x0b, 0xd0, 0x09, 0xff, 0xff, 0xf2, 0x00, 0xbd, 0x00, 0x8f, 0xff, 0xff, 0x20, 0x0b, 0xd0,
    0x03, 0xff, 0xff, 0xf2, 0x00, 0xbd, 0x00, 0x05, 0xef, 0xff, 0x20, 0x0b, 0xd0, 0x00, 0x01, 0x5a,
    0xf2, 0x00, 0xbd, 0x00, 0x00, 0x00, 0x7f, 0x20, 0x0b, 0xd0, 0x00, 0x00, 0x07, 0xf2, 0x00, 0xbd,
    0x00, 0x00, 0x00, 0x7f, 0x20, 0x0b, 0xd0, 0x00, 0x00, 0x07, 0xf2, 0x00, 0xbd, 0x00, 0x00, 0x00,
    0x7f, 0x20, 0x0b, 0xd0, 0x00, 0x00, 0x07, 0xf2, 0x00, 0xbd, 0x00, 0x00, 0x00, 0x7f, 0x20, 0x0b,
    0xd0, 0x00, 0x00, 0x07, 0xf2, 0x00, 0xbd, 0x00, 0x00, 0x00, 0x7f, 0x20, 0x0b, 0xd0, 0x00, 0x00,
    0x01, 0x30, 0x00, 0x23, 0x00, 0x03, 0xc7, 0x00, 0xaf, 0xe0, 0x05, 0xe9, 0x00, 0x00, 0x00, 0x00,
    0x00, 0x00, 0x00, 0x00, 0x00, 0x00, 0x00, 0x00, 0x00, 0x07, 0x50, 0x00, 0x00, 0x00, 0x00, 0x0e,
    0xb3, 0x00, 0x00, 0x00, 0x00, 0x00, 0x9d, 0x00, 0x00, 0x00, 0x00, 0x30, 0x9d, 0x00, 0x00, 0x00,
    0x02, 0xdf, 0xc4, 0x00, 0x00, 0x02, 0xbb, 0xb4, 0x00, 0x00, 0x3f, 0xff, 0x50, 0x00, 0x00, 0x01,
    0xf5, 0x00, 0x00, 0x00, 0x1f, 0x50, 0x00, 0x00, 0x01, 0xf5, 0x00, 0x00, 0x00, 0x1f, 0x50, 0x00,
    0x00, 0x01, 0xf5, 0x00, 0x00, 0x4b, 0xbf, 0xcb, 0x40, 0x06, 0xff, 0xff, 0xf6, 0x00, 0x00, 0x00,
    0x00, 0x00, 0x00, 0x00, 0x00, 0x00, 0x00, 0x00, 0x00, 0x00, 0x00, 0x00, 0x00, 0x00, 0x00, 0x00,
    0x00, 0x00, 0x00, 0x00, 0x00, 0x00, 0x00, 0x00, 0x00, 0x00, 0x00, 0x00, 0x00, 0x01, 0x8e, 0xeb,
    0x30, 0x0b, 0xe8, 0x6c, 0xe2, 0x3f, 0x40, 0x01, 0xd8, 0x5f, 0x00, 0x00, 0xaa, 0x4f, 0x30, 0x00,
    0xc9, 0x0d, 0xc4, 0x28, 0xf3, 0x02, 0xcf, 0xfe, 0x60, 0x00, 0x03, 0x31, 0x00, 0x00, 0x00, 0x00,
    0x00, 0x00, 0x00, 0x00, 0x00, 0x00, 0x00, 0x00, 0x00, 0x00, 0x00, 0x00, 0x00, 0x00, 0x00, 0x00,
    0x00, 0x00, 0x00, 0x00, 0x00, 0x00, 0x00, 0x00, 0x00, 0x1d, 0xc0, 0x2e, 0xa0, 0x00, 0x04, 0xf8,
    0x06, 0xf5, 0x00, 0x00, 0x8f, 0x40, 0xbe, 0x20, 0x00, 0x0c, 0xd1, 0x1e, 0xc0, 0x00, 0x0c, 0xd1,
    0x1e, 0xc0, 0x00, 0x8f, 0x40, 0xbe, 0x20, 0x04, 0xf8, 0x06, 0xf5, 0x00, 0x1d, 0xc0, 0x2e, 0xa0,
    0x00, 0x00, 0x00, 0x00, 0x00, 0x00, 0x00, 0x00, 0x00, 0x00, 0x00, 0x02, 0xbb, 0xb4, 0x00, 0x00,
    0x00, 0x00, 0x00, 0x00, 0x00, 0x00, 0x3f, 0xff, 0x50, 0x00, 0x00, 0x00, 0x1e, 0x80, 0x00, 0x00,
    0x00, 0x01, 0xf5, 0x00, 0x00, 0x00, 0x0a, 0xc0, 0x00, 0x00, 0x00, 0x00, 0x1f, 0x50, 0x00, 0x00,
    0x05, 0xf3, 0x00, 0x00, 0x00, 0x00, 0x01, 0xf5, 0x00, 0x00, 0x02, 0xe7, 0x00, 0x00, 0x00, 0x00,
    0x00, 0x1f, 0x50, 0x00, 0x00, 0xbc, 0x00, 0x00, 0x00, 0x00, 0x00, 0x01, 0xf5, 0x00, 0x00, 0x6e,
    0x20, 0x00, 0x57, 0x00, 0x00, 0x4b, 0xbf, 0xcb, 0x40, 0x2e, 0x60, 0x00, 0x3f, 0x60, 0x00, 0x06,
    0xff, 0xff, 0xf6, 0x0b, 0xb0, 0x00, 0x1d, 0xa0, 0x00, 0x00, 0x00, 0x00, 0x00, 0x07, 0xe2, 0x00,
    0x09, 0xe1, 0x00, 0x00, 0x00, 0x00, 0x00, 0x02, 0xf6, 0x00, 0x04, 0xf4, 0x0b, 0x80, 0x00, 0x00,
    0x00, 0x00, 0xcb, 0x00, 0x01, 0xe9, 0x00, 0xb8, 0x00, 0x00, 0x00, 0x00, 0x7e, 0x10, 0x00, 0x7f,
    0xff, 0xff, 0xff, 0x20, 0x00, 0x00, 0x3f, 0x50, 0x00, 0x01, 0x33, 0x33, 0xd9, 0x30, 0x00, 0x00,
    0x0d, 0xa0, 0x00, 0x00, 0x00, 0x00, 0x0d, 0x80, 0x00, 0x02, 0xbb, 0xb4, 0x00, 0x00, 0x00, 0x00,
    0x00, 0x00, 0x00, 0x00, 0x3f, 0xff, 0x50, 0x00, 0x00, 0x00, 0x1e, 0x80, 0x00, 0x00, 0x00, 0x01,
    0xf5, 0x00, 0x00, 0x00, 0x0a, 0xc0, 0x00, 0x00, 0x00, 0x00, 0x1f, 0x50, 0x00, 0x00, 0x05, 0xf3,
    0x00, 0x00, 0x00, 0x00, 0x01, 0xf5, 0x00, 0x00, 0x02, 0xe7, 0x00, 0x00, 0x00, 0x00, 0x00, 0x1f,
    0x50, 0x00, 0x00, 0xbc, 0x00, 0x00, 0x00, 0x00, 0x00, 0x01, 0xf5, 0x00, 0x00, 0x6e, 0x22, 0xbe,
    0xeb, 0x30, 0x00, 0x4b, 0xbf, 0xcb, 0x40, 0x2e, 0x62, 0xee, 0xcc, 0xfe, 0x10, 0x06, 0xff, 0xff,
    0xf6, 0x0b, 0xb0, 0x06, 0x10, 0x04, 0xf4, 0x00, 0x00, 0x00, 0x00, 0x07, 0xe2, 0x00, 0x00, 0x00,
    0x5e, 0x10, 0x00, 0x00, 0x00, 0x02, 0xf6, 0x00, 0x00, 0x00, 0x4e, 0x40, 0x00, 0x00, 0x00, 0x00,
    0xcb, 0x00, 0x00, 0x00, 0x6d, 0x30, 0x00, 0x00, 0x00, 0x00, 0x7e, 0x10, 0x00, 0x00, 0x9d, 0x20,
    0x00, 0x00, 0x00, 0x00, 0x3f, 0x50, 0x00, 0x00, 0xbf, 0xcb, 0xbb, 0x70, 0x00, 0x00, 0x0d, 0xa0,
    0x00, 0x00, 0x0f, 0xff, 0xff, 0xfa, 0x00, 0x3f, 0xff, 0xff, 0xf3, 0x00, 0x00, 0x00, 0x00, 0x00,
    0x00, 0x00, 0x00, 0x01, 0xd9, 0x00, 0x00, 0x00, 0x1e, 0x80, 0x00, 0x00, 0x00, 0x00, 0xcb, 0x00,
    0x00, 0x00, 0x0a, 0xc0, 0x00, 0x00, 0x00, 0x00, 0x9f, 0x40, 0x00, 0x00, 0x05, 0xf3, 0x00, 0x00,
    0x00, 0x00, 0x0b, 0xef, 0xc1, 0x00, 0x02, 0xe7, 0x00, 0x00, 0x00, 0x00, 0x00, 0x00, 0x4f, 0x70,
    0x00, 0xbc, 0x00, 0x00, 0x00, 0x00, 0x00, 0x00, 0x00, 0xd8, 0x00, 0x6e, 0x20, 0x00, 0x57, 0x00,
    0x02, 0xb4, 0x11, 0x6f, 0x30, 0x2e, 0x60, 0x00, 0x3f, 0x60, 0x00, 0x29, 0xce, 0xec, 0x40, 0x0b,
    0xb0, 0x00, 0x1d, 0xa0, 0x00, 0x00, 0x00, 0x00, 0x00, 0x07, 0xe2, 0x00, 0x09, 0xe1, 0x00, 0x00,
    0x00, 0x00, 0x00, 0x02, 0xf6, 0x00, 0x04, 0xf4, 0x0b, 0x80, 0x00, 0x00, 0x00, 0x00, 0xcb, 0x00,
    0x01, 0xe9, 0x00, 0xb8, 0x00, 0x00, 0x00, 0x00, 0x7e, 0x10, 0x00, 0x7f, 0xff, 0xff, 0xff, 0x20,
    0x00, 0x00, 0x3f, 0x50, 0x00, 0x01, 0x33, 0x33, 0xd9, 0x30, 0x00, 0x00, 0x0d, 0xa0, 0x00, 0x00,
    0x00, 0x00, 0x0d, 0x80, 0x00, 0x00, 0x00, 0x2d, 0xc0, 0x00, 0x00, 0x00, 0x00, 0x5f, 0xf2, 0x00,
    0x00, 0x00, 0x00, 0x1b, 0x90, 0x00, 0x00, 0x00, 0x00, 0x00, 0x00, 0x00, 0x00, 0x00, 0x00, 0x01,
    0x10, 0x00, 0x00, 0x00, 0x00, 0x3f, 0xd0, 0x00, 0x00, 0x00, 0x00, 0xaf, 0x80, 0x00, 0x00, 0x00,
    0x09, 0xfc, 0x00, 0x00, 0x00, 0x00, 0x8f, 0xc1, 0x00, 0x00, 0x00, 0x04, 0xfd, 0x10, 0x00, 0x00,
    0x00, 0x08, 0xf7, 0x00, 0x00, 0x00, 0x00, 0x09, 0xf8, 0x00, 0x00, 0x05, 0x30, 0x05, 0xff, 0x71,
    0x02, 0x8f, 0xe1, 0x00, 0x9f, 0xff, 0xff, 0xfd, 0x40, 0x00, 0x03, 0x8a, 0xb9, 0x51, 0x00, 0x00,
    0x00, 0x17, 0x83, 0x00, 0x00, 0x00, 0x00, 0x00, 0x00, 0x03, 0xde, 0x40, 0x00, 0x00, 0x00, 0x00,
    0x00, 0x00, 0x19, 0xe5, 0x00, 0x00, 0x00, 0x00, 0x00, 0x00, 0x00, 0x00, 0x00, 0x00, 0x00, 0x00,
    0x00, 0x00, 0x0d, 0xf8, 0x00, 0x00, 0x00, 0x00, 0x00, 0x00, 0x6f, 0xfe, 0x10, 0x00, 0x00, 0x00,
    0x00, 0x00, 0xcf, 0x9f, 0x60, 0x00, 0x00, 0x00, 0x00, 0x04, 0xfa, 0x1f, 0xd0, 0x00, 0x00, 0x00,
    0x00, 0x0b, 0xf4, 0x0a, 0xf5, 0x00, 0x00, 0x00, 0x00, 0x3f, 0xc0, 0x03, 0xfc, 0x00, 0x00, 0x00,
    0x00, 0x9f, 0x50, 0x00, 0xcf, 0x40, 0x00, 0x00, 0x02, 0xfe, 0x00, 0x00, 0x5f, 0xb0, 0x00, 0x00,
    0x08, 0xf7, 0x00, 0x00, 0x0d, 0xf2, 0x00, 0x00, 0x1e, 0xff, 0xff, 0xff, 0xff, 0xf9, 0x00, 0x00,
    0x7f, 0xca, 0xaa, 0xaa, 0xaa, 0xff, 0x10, 0x00, 0xdf, 0x30, 0x00, 0x00, 0x00, 0x9f, 0x80, 0x05,
    0xfb, 0x00, 0x00, 0x00, 0x00, 0x2f, 0xe1, 0x0c, 0xf4, 0x00, 0x00, 0x00, 0x00, 0x0a, 0xf6, 0x00,
    0x00, 0x00, 0x00, 0x06, 0x85, 0x00, 0x00, 0x00, 0x00, 0x00, 0x00, 0x8f, 0x90, 0x00, 0x00, 0x00,
    0x00, 0x00, 0x09, 0xe5, 0x00, 0x00, 0x00, 0x00, 0x00, 0x00, 0x00, 0x00, 0x00, 0x00, 0x00, 0x00,
    0x00, 0x00, 0x0d, 0xf8, 0x00, 0x00, 0x00, 0x00, 0x00, 0x00, 0x6f, 0xfe, 0x10, 0x00, 0x00, 0x00,
    0x00, 0x00, 0xcf, 0x9f, 0x60, 0x00, 0x00, 0x00, 0x00, 0x04, 0xfa, 0x1f, 0xd0, 0x00, 0x00, 0x00,
    0x00, 0x0b, 0xf4, 0x0a, 0xf5, 0x00, 0x00, 0x00, 0x00, 0x3f, 0xc0, 0x03, 0xfc, 0x00, 0x00, 0x00,
    0x00, 0x9f, 0x50, 0x00, 0xcf, 0x40, 0x00, 0x00, 0x02, 0xfe, 0x00, 0x00, 0x5f, 0xb0, 0x00, 0x00,
    0x08, 0xf7, 0x00, 0x00, 0x0d, 0xf2, 0x00, 0x00, 0x1e, 0xff, 0xff, 0xff, 0xff, 0xf9, 0x00, 0x00,
    0x7f, 0xca, 0xaa, 0xaa, 0xaa, 0xff, 0x10, 0x00, 0xdf, 0x30, 0x00, 0x00, 0x00, 0x9f, 0x80, 0x05,
    0xfb, 0x00, 0x00, 0x00, 0x00, 0x2f, 0xe1, 0x0c, 0xf4, 0x00, 0x00, 0x00, 0x00, 0x0a, 0xf6, 0x00,
    0x00, 0x00, 0x06, 0x84, 0x00, 0x00, 0x00, 0x00, 0x00, 0x00, 0xaf, 0xbf, 0x50, 0x00, 0x00, 0x00,
    0x00, 0x0b, 0xd3, 0x07, 0xf6, 0x00, 0x00, 0x00, 0x00, 0x00, 0x00, 0x00, 0x00, 0x00, 0x00, 0x00,
    0x00, 0x00, 0x0d, 0xf8, 0x00, 0x00, 0x00, 0x00, 0x00, 0x00, 0x6f, 0xfe, 0x10, 0x00, 0x00, 0x00,
    0x00, 0x00, 0xcf, 0x9f, 0x60, 0x00, 0x00, 0x00, 0x00, 0x04, 0xfa, 0x1f, 0xd0, 0x00, 0x00, 0x00,
    0x00, 0x0b, 0xf4, 0x0a, 0xf5, 0x00, 0x00, 0x00, 0x00, 0x3f, 0xc0, 0x03, 0xfc, 0x00, 0x00, 0x00,
    0x00, 0x9f, 0x50, 0x00, 0xcf, 0x40, 0x00, 0x00, 0x02, 0xfe, 0x00, 0x00, 0x5f, 0xb0, 0x00, 0x00,
    0x08, 0xf7, 0x00, 0x00, 0x0d, 0xf2, 0x00, 0x00, 0x1e, 0xff, 0xff, 0xff, 0xff, 0xf9, 0x00, 0x00,
    0x7f, 0xca, 0xaa, 0xaa, 0xaa, 0xff, 0x10, 0x00, 0xdf, 0x30, 0x00, 0x00, 0x00, 0x9f, 0x80, 0x05,
    0xfb, 0x00, 0x00, 0x00, 0x00, 0x2f, 0xe1, 0x0c, 0xf4, 0x00, 0x00, 0x00, 0x00, 0x0a, 0xf6, 0x00,
    0x00, 0x00, 0x00, 0x00, 0x01, 0x00, 0x00, 0x00, 0x00, 0x09, 0xfe, 0x82, 0x8c, 0x00, 0x00, 0x00,
    0x00, 0x3f, 0x22, 0xcf, 0xf5, 0x00, 0x00, 0x00, 0x00, 0x13, 0x00, 0x03, 0x20, 0x00, 0x00, 0x00,
    0x00, 0x00, 0x00, 0x00, 0x00, 0x00, 0x00, 0x00, 0x00, 0x00, 0x0d, 0xf8, 0x00, 0x00, 0x00, 0x00,
    0x00, 0x00, 0x6f, 0xfe, 0x10, 0x00, 0x00, 0x00, 0x00, 0x00, 0xcf, 0x9f, 0x60, 0x00, 0x00, 0x00,
    0x00, 0x04, 0xfa, 0x1f, 0xd0, 0x00, 0x00, 0x00, 0x00, 0x0b, 0xf4, 0x0a, 0xf5, 0x00, 0x00, 0x00,
    0x00, 0x3f, 0xc0, 0x03, 0xfc, 0x00, 0x00, 0x00, 0x00, 0x9f, 0x50, 0x00, 0xcf, 0x40, 0x00, 0x00,
    0x02, 0xfe, 0x00, 0x00, 0x5f, 0xb0, 0x00, 0x00, 0x08, 0xf7, 0x00, 0x00, 0x0d, 0xf2, 0x00, 0x00,
    0x1e, 0xff, 0xff, 0xff, 0xff, 0xf9, 0x00, 0x00, 0x7f, 0xca, 0xaa, 0xaa, 0xaa, 0xff, 0x10, 0x00,
    0xdf, 0x30, 0x00, 0x00, 0x00, 0x9f, 0x80, 0x05, 0xfb, 0x00, 0x00, 0x00, 0x00, 0x2f, 0xe1, 0x0c,
    0xf4, 0x00, 0x00, 0x00, 0x00, 0x0a, 0xf6, 0x00, 0x00, 0x03, 0x92, 0x06, 0x90, 0x00, 0x00, 0x00,
    0x00, 0x06, 0xe4, 0x09, 0xd1, 0x00, 0x00, 0x00, 0x00, 0x00, 0x00, 0x00, 0x00, 0x00, 0x00, 0x00,
    0x00, 0x00, 0x00, 0x00, 0x00, 0x00, 0x00, 0x00, 0x00, 0x00, 0x0d, 0xf8, 0x00, 0x00, 0x00, 0x00,
    0x00, 0x00, 0x6f, 0xfe, 0x10, 0x00, 0x00, 0x00, 0x00, 0x00, 0xcf, 0x9f, 0x60, 0x00, 0x00, 0x00,
    0x00, 0x04, 0xfa, 0x1f, 0xd0, 0x00, 0x00, 0x00, 0x00, 0x0b, 0xf4, 0x0a, 0xf5, 0x00, 0x00, 0x00,
    0x00, 0x3f, 0xc0, 0x03, 0xfc, 0x00, 0x00, 0x00, 0x00, 0x9f, 0x50, 0x00, 0xcf, 0x40, 0x00, 0x00,
    0x02, 0xfe, 0x00, 0x00, 0x5f, 0xb0, 0x00, 0x00, 0x08, 0xf7, 0x00, 0x00, 0x0d, 0xf2, 0x00, 0x00,
    0x1e, 0xff, 0xff, 0xff, 0xff, 0xf9, 0x00, 0x00, 0x7f, 0xca, 0xaa, 0xaa, 0xaa, 0xff, 0x10, 0x00,
    0xdf, 0x30, 0x00, 0x00, 0x00, 0x9f, 0x80, 0x05, 0xfb, 0x00, 0x00, 0x00, 0x00, 0x2f, 0xe1, 0x0c,
    0xf4, 0x00, 0x00, 0x00, 0x00, 0x0a, 0xf6, 0x00, 0x00, 0x00, 0x2c, 0xe8, 0x00, 0x00, 0x00, 0x00,
    0x00, 0x00, 0xa6, 0x1b, 0x40, 0x00, 0x00, 0x00, 0x00, 0x00, 0xd1, 0x06, 0x70, 0x00, 0x00, 0x00,
    0x00, 0x00, 0xa6, 0x1b, 0x40, 0x00, 0x00, 0x00, 0x00, 0x00, 0x2c, 0xe8, 0x00, 0x00, 0x00, 0x00,
    0x00, 0x00, 0x00, 0x00, 0x00, 0x00, 0x00, 0x00, 0x00, 0x00, 0x0d, 0xf8, 0x00, 0x00, 0x00, 0x00,
    0x00, 0x00, 0x6f, 0xfe, 0x10, 0x00, 0x00, 0x00, 0x00, 0x00, 0xcf, 0x9f, 0x60, 0x00, 0x00, 0x00,
    0x00, 0x04, 0xfa, 0x1f, 0xd0, 0x00, 0x00, 0x00, 0x00, 0x0b, 0xf4, 0x0a, 0xf5, 0x00, 0x00, 0x00,
    0x00, 0x3f, 0xc0, 0x03, 0xfc, 0x00, 0x00, 0x00, 0x00, 0x9f, 0x50, 0x00, 0xcf, 0x40, 0x00, 0x00,
    0x02, 0xfe, 0x00, 0x00, 0x5f, 0xb0, 0x00, 0x00, 0x08, 0xf7, 0x00, 0x00, 0x0d, 0xf2, 0x00, 0x00,
    0x1e, 0xff, 0xff, 0xff, 0xff, 0xf9, 0x00, 0x00, 0x7f, 0xca, 0xaa, 0xaa, 0xaa, 0xff, 0x10, 0x00,
    0xdf, 0x30, 0x00, 0x00, 0x00, 0x9f, 0x80, 0x05, 0xfb, 0x00, 0x00, 0x00, 0x00, 0x2f, 0xe1, 0x0c,
    0xf4, 0x00, 0x00, 0x00, 0x00, 0x0a, 0xf6, 0x00, 0x00, 0x00, 0x00, 0x1e, 0xff, 0xff, 0xff, 0xff,
    0xff, 0x80, 0x00, 0x00, 0x00, 0x00, 0x9f, 0xdf, 0xeb, 0xbb, 0xbb, 0xbb, 0x60, 0x00, 0x00, 0x00,
    0x03, 0xfc, 0x5f, 0xa0, 0x00, 0x00, 0x00, 0x00, 0x00, 0x00, 0x00, 0x0b, 0xf4, 0x5f, 0xa0, 0x00,
    0x00, 0x00, 0x00, 0x00, 0x00, 0x00, 0x6f, 0xa0, 0x5f, 0xa0, 0x00, 0x00, 0x00, 0x00, 0x00, 0x00,
    0x01, 0xee, 0x20, 0x5f, 0xa0, 0x00, 0x00, 0x00, 0x00, 0x00, 0x00, 0x08, 0xf7, 0x00, 0x5f, 0xff,
    0xff, 0xff, 0xfa, 0x00, 0x00, 0x00, 0x3f, 0xd1, 0x00, 0x5f, 0xeb, 0xbb, 0xbb, 0xb7, 0x00, 0x00,
    0x00, 0xbf, 0x50, 0x00, 0x5f, 0xa0, 0x00, 0x00, 0x00, 0x00, 0x00, 0x05, 0xff, 0xff, 0xff, 0xff,
    0xa0, 0x00, 0x00, 0x00, 0x00, 0x00, 0x1d, 0xfb, 0xbb, 0xbb, 0xcf, 0xa0, 0x00, 0x00, 0x00, 0x00,
    0x00, 0x8f, 0x90, 0x00, 0x00, 0x5f, 0xa0, 0x00, 0x00, 0x00, 0x00, 0x02, 0xfe, 0x10, 0x00, 0x00,
    0x5f, 0xeb, 0xbb, 0xbb, 0xbb, 0x90, 0x0b, 0xf5, 0x00, 0x00, 0x00, 0x5f, 0xff, 0xff, 0xff, 0xff,
    0xc0, 0x00, 0x00, 0x17, 0xce, 0xfe, 0xb5, 0x00, 0x00, 0x05, 0xef, 0xfc, 0xbd, 0xff, 0xc2, 0x00,
    0x6f, 0xf8, 0x10, 0x00, 0x2a, 0xf5, 0x02, 0xff, 0x50, 0x00, 0x00, 0x00, 0x20, 0x09, 0xf9, 0x00,
    0x00, 0x00, 0x00, 0x00, 0x0d, 0xf3, 0x00, 0x00, 0x00, 0x00, 0x00, 0x0f, 0xf0, 0x00, 0x00, 0x00,
    0x00, 0x00, 0x0f, 0xf0, 0x00, 0x00, 0x00, 0x00, 0x00, 0x0d, 0xf3, 0x00, 0x00, 0x00, 0x00, 0x00,
    0x09, 0xf9, 0x00, 0x00, 0x00, 0x00, 0x00, 0x02, 0xff, 0x50, 0x00, 0x00, 0x00, 0x20, 0x00, 0x6f,
    0xf8, 0x10, 0x00, 0x29, 0xf5, 0x00, 0x05, 0xef, 0xfc, 0xbc, 0xff, 0xc2, 0x00, 0x00, 0x17, 0xce,
    0xfe, 0xb5, 0x00, 0x00, 0x00, 0x00, 0x05, 0x70, 0x00, 0x00, 0x00, 0x00, 0x00, 0x0a, 0xc5, 0x00,
    0x00, 0x00, 0x00, 0x00, 0x00, 0x5f, 0x20, 0x00, 0x00, 0x00, 0x00, 0x31, 0x5f, 0x20, 0x00, 0x00,
    0x00, 0x00, 0xbf, 0xd6, 0x00, 0x00, 0x00, 0x02, 0x77, 0x10, 0x00, 0x00, 0x00, 0x00, 0x05, 0xec,
    0x10, 0x00, 0x00, 0x00, 0x00, 0x02, 0xcd, 0x20, 0x00, 0x00, 0x00, 0x00, 0x00, 0x00, 0x00, 0x00,
    0x00, 0xef, 0xff, 0xff, 0xff, 0xff, 0x00, 0x0e, 0xfb, 0xbb, 0xbb, 0xbb, 0xb0, 0x00, 0xef, 0x10,
    0x00, 0x00, 0x00, 0x00, 0x0e, 0xf1, 0x00, 0x00, 0x00, 0x00, 0x00, 0xef, 0x10, 0x00, 0x00, 0x00,
    0x00, 0x0e, 0xf1, 0x00, 0x00, 0x00, 0x00, 0x00, 0xef, 0xff, 0xff, 0xff, 0xf2, 0x00, 0x0e, 0xfb,
    0xbb, 0xbb, 0xbb, 0x10, 0x00, 0xef, 0x10, 0x00, 0x00, 0x00, 0x00, 0x0e, 0xf1, 0x00, 0x00, 0x00,
    0x00, 0x00, 0xef, 0x10, 0x00, 0x00, 0x00, 0x00, 0x0e, 0xf1, 0x00, 0x00, 0x00, 0x00, 0x00, 0xef,
    0xbb, 0xbb, 0xbb, 0xbb, 0x30, 0x0e, 0xff, 0xff, 0xff, 0xff, 0xf4, 0x00, 0x00, 0x00, 0x01, 0x78,
    0x30, 0x00, 0x00, 0x00, 0x01, 0xbe, 0x60, 0x00, 0x00, 0x00, 0x01, 0xcd, 0x30, 0x00, 0x00, 0x00,
    0x00, 0x00, 0x00, 0x00, 0x00, 0x00, 0xef, 0xff, 0xff, 0xff, 0xff, 0x00, 0x0e, 0xfb, 0xbb, 0xbb,
    0xbb, 0xb0, 0x00, 0xef, 0x10, 0x00, 0x00, 0x00, 0x00, 0x0e, 0xf1, 0x00, 0x00, 0x00, 0x00, 0x00,
    0xef, 0x10, 0x00, 0x00, 0x00, 0x00, 0x0e, 0xf1, 0x00, 0x00, 0x00, 0x00, 0x00, 0xef, 0xff, 0xff,
    0xff, 0xf2, 0x00, 0x0e, 0xfb, 0xbb, 0xbb, 0xbb, 0x10, 0x00, 0xef, 0x10, 0x00, 0x00, 0x00, 0x00,
    0x0e, 0xf1, 0x00, 0x00, 0x00, 0x00, 0x00, 0xef, 0x10, 0x00, 0x00, 0x00, 0x00, 0x0e, 0xf1, 0x00,
    0x00, 0x00, 0x00, 0x00, 0xef, 0xbb, 0xbb, 0xbb, 0xbb, 0x30, 0x0e, 0xff, 0xff, 0xff, 0xff, 0xf4,
    0x00, 0x00, 0x01, 0x77, 0x20, 0x00, 0x00, 0x00, 0x02, 0xdd, 0xdd, 0x20, 0x00, 0x00, 0x02, 0xdb,
    0x11, 0xae, 0x30, 0x00, 0x00, 0x00, 0x00, 0x00, 0x00, 0x00, 0x00, 0xef, 0xff, 0xff, 0xff, 0xff,
    0x00, 0x0e, 0xfb, 0xbb, 0xbb, 0xbb, 0xb0, 0x00, 0xef, 0x10, 0x00, 0x00, 0x00, 0x00, 0x0e, 0xf1,
    0x00, 0x00, 0x00, 0x00, 0x00, 0xef, 0x10, 0x00, 0x00, 0x00, 0x00, 0x0e, 0xf1, 0x00, 0x00, 0x00,
    0x00, 0x00, 0xef, 0xff, 0xff, 0xff, 0xf2, 0x00, 0x0e, 0xfb, 0xbb, 0xbb, 0xbb, 0x10, 0x00, 0xef,
    0x10, 0x00, 0x00, 0x00, 0x00, 0x0e, 0xf1, 0x00, 0x00, 0x00, 0x00, 0x00, 0xef, 0x10, 0x00, 0x00,
    0x00, 0x00, 0x0e, 0xf1, 0x00, 0x00, 0x00, 0x00, 0x00, 0xef, 0xbb, 0xbb, 0xbb, 0xbb, 0x30, 0x0e,
    0xff, 0xff, 0xff, 0xff, 0xf4, 0x00, 0x00, 0x69, 0x10, 0x87, 0x00, 0x00, 0x00, 0x09, 0xd1, 0x1d,
    0xb0, 0x00, 0x00, 0x00, 0x00, 0x00, 0x00, 0x00, 0x00, 0x00, 0x00, 0x00, 0x00, 0x00, 0x00, 0x00,
    0xef, 0xff, 0xff, 0xff, 0xff, 0x00, 0x0e, 0xfb, 0xbb, 0xbb, 0xbb, 0xb0, 0x00, 0xef, 0x10, 0x00,
    0x00, 0x00, 0x00, 0x0e, 0xf1, 0x00, 0x00, 0x00, 0x00, 0x00, 0xef, 0x10, 0x00, 0x00, 0x00, 0x00,
    0x0e, 0xf1, 0x00, 0x00, 0x00, 0x00, 0x00, 0xef, 0xff, 0xff, 0xff, 0xf2, 0x00, 0x0e, 0xfb, 0xbb,
    0xbb, 0xbb, 0x10, 0x00, 0xef, 0x10, 0x00, 0x00, 0x00, 0x00, 0x0e, 0xf1, 0x00, 0x00, 0x00, 0x00,
    0x00, 0xef, 0x10, 0x00, 0x00, 0x00, 0x00, 0x0e, 0xf1, 0x00, 0x00, 0x00, 0x00, 0x00, 0xef, 0xbb,
    0xbb, 0xbb, 0xbb, 0x30, 0x0e, 0xff, 0xff, 0xff, 0xff, 0xf4, 0x27, 0x71, 0x00, 0x00, 0x4e, 0xd2,
    0x00, 0x00, 0x2b, 0xd2, 0x00, 0x00, 0x00, 0x00, 0x00, 0x0e, 0xf1, 0x00, 0x00, 0xef, 0x10, 0x00,
    0x0e, 0xf1, 0x00, 0x00, 0xef, 0x10, 0x00, 0x0e, 0xf1, 0x00, 0x00, 0xef, 0x10, 0x00, 0x0e, 0xf1,
    0x00, 0x00, 0xef, 0x10, 0x00, 0x0e, 0xf1, 0x00, 0x00, 0xef, 0x10, 0x00, 0x0e, 0xf1, 0x00, 0x00,
    0xef, 0x10, 0x00, 0x0e, 0xf1, 0x00, 0x00, 0xef, 0x10, 0x00, 0x00, 0x78, 0x30, 0x01, 0xbf, 0x60,
    0x01, 0xcd, 0x30, 0x00, 0x00, 0x00, 0x00, 0x00, 0xef, 0x10, 0x00, 0x0e, 0xf1, 0x00, 0x00, 0xef,
    0x10, 0x00, 0x0e, 0xf1, 0x00, 0x00, 0xef, 0x10, 0x00, 0x0e, 0xf1, 0x00, 0x00, 0xef, 0x10, 0x00,
    0x0e, 0xf1, 0x00, 0x00, 0xef, 0x10, 0x00, 0x0e, 0xf1, 0x00, 0x00, 0xef, 0x10, 0x00, 0x0e, 0xf1,
    0x00, 0x00, 0xef, 0x10, 0x00, 0x0e, 0xf1, 0x00, 0x00, 0x17, 0x82, 0x00, 0x01, 0xce, 0xce, 0x30,
    0x2d, 0xc2, 0x1a, 0xe3, 0x00, 0x00, 0x00, 0x00, 0x00, 0x0e, 0xf1, 0x00, 0x00, 0x0e, 0xf1, 0x00,
    0x00, 0x0e, 0xf1, 0x00, 0x00, 0x0e, 0xf1, 0x00, 0x00, 0x0e, 0xf1, 0x00, 0x00, 0x0e, 0xf1, 0x00,
    0x00, 0x0e, 0xf1, 0x00, 0x00, 0x0e, 0xf1, 0x00, 0x00, 0x0e, 0xf1, 0x00, 0x00, 0x0e, 0xf1, 0x00,
    0x00, 0x0e, 0xf1, 0x00, 0x00, 0x0e, 0xf1, 0x00, 0x00, 0x0e, 0xf1, 0x00, 0x00, 0x0e, 0xf1, 0x00,
    0x59, 0x10, 0x87, 0x9d, 0x20, 0xcb, 0x00, 0x00, 0x00, 0x00, 0x00, 0x00, 0x00, 0xef, 0x10, 0x00,
    0xef, 0x10, 0x00, 0xef, 0x10, 0x00, 0xef, 0x10, 0x00, 0xef, 0x10, 0x00, 0xef, 0x10, 0x00, 0xef,
    0x10, 0x00, 0xef, 0x10, 0x00, 0xef, 0x10, 0x00, 0xef, 0x10, 0x00, 0xef, 0x10, 0x00, 0xef, 0x10,
    0x00, 0xef, 0x10, 0x00, 0xef, 0x10, 0x00, 0xbf, 0xff, 0xff, 0xed, 0xa5, 0x00, 0x00, 0x00, 0x0b,
    0xfc, 0xbb, 0xbc, 0xdf, 0xfc, 0x30, 0x00, 0x00, 0xbf, 0x40, 0x00, 0x00, 0x3b, 0xfe, 0x20, 0x00,
    0x0b, 0xf4, 0x00, 0x00, 0x00, 0x09, 0xfc, 0x00, 0x00, 0xbf, 0x40, 0x00, 0x00, 0x00, 0x0d, 0xf4,
    0x09, 0xbf, 0xff, 0xbb, 0xb2, 0x00, 0x00, 0x7f, 0x80, 0xcf, 0xff, 0xff, 0xff, 0x30, 0x00, 0x05,
    0xfa, 0x00, 0x0b, 0xf4, 0x00, 0x00, 0x00, 0x00, 0x5f, 0xa0, 0x00, 0xbf, 0x40, 0x00, 0x00, 0x00,
    0x07, 0xf8, 0x00, 0x0b, 0xf4, 0x00, 0x00, 0x00, 0x00, 0xdf, 0x40, 0x00, 0xbf, 0x40, 0x00, 0x00,
    0x00, 0x9f, 0xc0, 0x00, 0x0b, 0xf4, 0x00, 0x00, 0x03, 0xaf, 0xe2, 0x00, 0x00, 0xbf, 0xcb, 0xbb,
    0xbd, 0xff, 0xc3, 0x00, 0x00, 0x0b, 0xff, 0xff, 0xfe, 0xda, 0x50, 0x00, 0x00, 0x00, 0x00, 0x00,
    0x00, 0x00, 0x11, 0x00, 0x00, 0x00, 0x00, 0x1b, 0xfd, 0x72, 0xb9, 0x00, 0x00, 0x00, 0x00, 0x6d,
    0x04, 0xdf, 0xe3, 0x00, 0x00, 0x00, 0x00, 0x23, 0x00, 0x03, 0x10, 0x00, 0x00, 0x00, 0x00, 0x00,
    0x00, 0x00, 0x00, 0x00, 0x00, 0x00, 0xee, 0x30, 0x00, 0x00, 0x00, 0xdf, 0x20, 0x00, 0xef, 0xd1,
    0x00, 0x00, 0x00, 0xdf, 0x20, 0x00, 0xef, 0xfb, 0x00, 0x00, 0x00, 0xdf, 0x20, 0x00, 0xef, 0xef,
    0x80, 0x00, 0x00, 0xdf, 0x20, 0x00, 0xef, 0x5f, 0xf5, 0x00, 0x00, 0xdf, 0x20, 0x00, 0xef, 0x16,
    0xfe, 0x30, 0x00, 0xdf, 0x20, 0x00, 0xef, 0x10, 0x9f, 0xd1, 0x00, 0xdf, 0x20, 0x00, 0xef, 0x10,
    0x0b, 0xfb, 0x00, 0xdf, 0x20, 0x00, 0xef, 0x10, 0x01, 0xdf, 0x90, 0xdf, 0x20, 0x00, 0xef, 0x10,
    0x00, 0x3e, 0xf6, 0xdf, 0x20, 0x00, 0xef, 0x10, 0x00, 0x05, 0xff, 0xef, 0x20, 0x00, 0xef, 0x10,
    0x00, 0x00, 0x8f, 0xff, 0x20, 0x00, 0xef, 0x10, 0x00, 0x00, 0x0b, 0xff, 0x20, 0x00, 0xef, 0x10,
    0x00, 0x00, 0x01, 0xdf, 0x20, 0x00, 0x00, 0x06, 0x84, 0x00, 0x00, 0x00, 0x00, 0x00, 0x00, 0x00,
    0x2c, 0xf5, 0x00, 0x00, 0x00, 0x00, 0x00, 0x00, 0x00, 0x08, 0xf6, 0x00, 0x00, 0x00, 0x00, 0x00,
    0x00, 0x00, 0x00, 0x00, 0x00, 0x00, 0x00, 0x00, 0x00, 0x17, 0xbe, 0xfe, 0xb6, 0x00, 0x00, 0x00,
    0x00, 0x5e, 0xff, 0xcb, 0xdf, 0xfd, 0x30, 0x00, 0x00, 0x5f, 0xf8, 0x10, 0x00, 0x2a, 0xfe, 0x30,
    0x00, 0x2e, 0xf5, 0x00, 0x00, 0x00, 0x08, 0xfd, 0x00, 0x09, 0xf9, 0x00, 0x00, 0x00, 0x00, 0x0c,
    0xf5, 0x00, 0xdf, 0x30, 0x00, 0x00, 0x00, 0x00, 0x6f, 0xa0, 0x0f, 0xf0, 0x00, 0x00, 0x00, 0x00,
    0x03, 0xfc, 0x00, 0xff, 0x00, 0x00, 0x00, 0x00, 0x00, 0x3f, 0xc0, 0x0d, 0xf3, 0x00, 0x00, 0x00,
    0x00, 0x06, 0xfa, 0x00, 0x9f, 0x90, 0x00, 0x00, 0x00, 0x00, 0xcf, 0x50, 0x02, 0xef, 0x50, 0x00,
    0x00, 0x00, 0x8f, 0xd0, 0x00, 0x05, 0xff, 0x81, 0x00, 0x02, 0xaf, 0xe3, 0x00, 0x00, 0x05, 0xef,
    0xfc, 0xbd, 0xff, 0xd3, 0x00, 0x00, 0x00, 0x01, 0x7b, 0xef, 0xeb, 0x60, 0x00, 0x00, 0x00, 0x00,
    0x00, 0x00, 0x05, 0x86, 0x00, 0x00, 0x00, 0x00, 0x00, 0x00, 0x07, 0xfa, 0x10, 0x00, 0x00, 0x00,
    0x00, 0x00, 0x08, 0xf6, 0x00, 0x00, 0x00, 0x00, 0x00, 0x00, 0x00, 0x00, 0x00, 0x00, 0x00, 0x00,
    0x00, 0x00, 0x17, 0xbe, 0xfe, 0xb6, 0x00, 0x00, 0x00, 0x00, 0x5e, 0xff, 0xcb, 0xdf, 0xfd, 0x30,
    0x00, 0x00, 0x5f, 0xf8, 0x10, 0x00, 0x2a, 0xfe, 0x30, 0x00, 0x2e, 0xf5, 0x00, 0x00, 0x00, 0x08,
    0xfd, 0x00, 0x09, 0xf9, 0x00, 0x00, 0x00, 0x00, 0x0c, 0xf5, 0x00, 0xdf, 0x30, 0x00, 0x00, 0x00,
    0x00, 0x6f, 0xa0, 0x0f, 0xf0, 0x00, 0x00, 0x00, 0x00, 0x03, 0xfc, 0x00, 0xff, 0x00, 0x00, 0x00,
    0x00, 0x00, 0x3f, 0xc0, 0x0d, 0xf3, 0x00, 0x00, 0x00, 0x00, 0x06, 0xfa, 0x00, 0x9f, 0x90, 0x00,
    0x00, 0x00, 0x00, 0xcf, 0x50, 0x02, 0xef, 0x50, 0x00, 0x00, 0x00, 0x8f, 0xd0, 0x00, 0x05, 0xff,
    0x81, 0x00, 0x02, 0xaf, 0xe3, 0x00, 0x00, 0x05, 0xef, 0xfc, 0xbd, 0xff, 0xd3, 0x00, 0x00, 0x00,
    0x01, 0x7b, 0xef, 0xeb, 0x60, 0x00, 0x00, 0x00, 0x00, 0x00, 0x06, 0x85, 0x00, 0x00, 0x00, 0x00,
    0x00, 0x00, 0x08, 0xfb, 0xf6, 0x00, 0x00, 0x00, 0x00, 0x00, 0x09, 0xe4, 0x06, 0xf7, 0x00, 0x00,
    0x00, 0x00, 0x00, 0x00, 0x00, 0x00, 0x00, 0x00, 0x00, 0x00, 0x00, 0x17, 0xbe, 0xfe, 0xb6, 0x00,
    0x00, 0x00, 0x00, 0x5e, 0xff, 0xcb, 0xdf, 0xfd, 0x30, 0x00, 0x00, 0x5f, 0xf8, 0x10, 0x00, 0x2a,
    0xfe, 0x30, 0x00, 0x2e, 0xf5, 0x00, 0x00, 0x00, 0x08, 0xfd, 0x00, 0x09, 0xf9, 0x00, 0x00, 0x00,
    0x00, 0x0c, 0xf5, 0x00, 0xdf, 0x30, 0x00, 0x00, 0x00, 0x00, 0x6f, 0xa0, 0x0f, 0xf0, 0x00, 0x00,
    0x00, 0x00, 0x03, 0xfc, 0x00, 0xff, 0x00, 0x00, 0x00, 0x00, 0x00, 0x3f, 0xc0, 0x0d, 0xf3, 0x00,
    0x00, 0x00, 0x00, 0x06, 0xfa, 0x00, 0x9f, 0x90, 0x00, 0x00, 0x00, 0x00, 0xcf, 0x50, 0x02, 0xef,
    0x50, 0x00, 0x00, 0x00, 0x8f, 0xd0, 0x00, 0x05, 0xff, 0x81, 0x00, 0x02, 0xaf, 0xe3, 0x00, 0x00,
    0x05, 0xef, 0xfc, 0xbd, 0xff, 0xd3, 0x00, 0x00, 0x00, 0x01, 0x7b, 0xef, 0xeb, 0x60, 0x00, 0x00,
    0x00, 0x00, 0x00, 0x00, 0x00, 0x01, 0x00, 0x00, 0x00, 0x00, 0x00, 0x7e, 0xe9, 0x37, 0xe0, 0x00,
    0x00, 0x00, 0x00, 0x1f, 0x42, 0xbf, 0xf7, 0x00, 0x00, 0x00, 0x00, 0x01, 0x40, 0x00, 0x22, 0x00,
    0x00, 0x00, 0x00, 0x00, 0x00, 0x00, 0x00, 0x00, 0x00, 0x00, 0x00, 0x00, 0x01, 0x7b, 0xef, 0xeb,
    0x60, 0x00, 0x00, 0x00, 0x05, 0xef, 0xfc, 0xbd, 0xff, 0xd3, 0x00, 0x00, 0x05, 0xff, 0x81, 0x00,
    0x02, 0xaf, 0xe3, 0x00, 0x02, 0xef, 0x50, 0x00, 0x00, 0x00, 0x8f, 0xd0, 0x00, 0x9f, 0x90, 0x00,
    0x00, 0x00, 0x00, 0xcf, 0x50, 0x0d, 0xf3, 0x00, 0x00, 0x00, 0x00, 0x06, 0xfa, 0x00, 0xff, 0x00,
    0x00, 0x00, 0x00, 0x00, 0x3f, 0xc0, 0x0f, 0xf0, 0x00, 0x00, 0x00, 0x00, 0x03, 0xfc, 0x00, 0xdf,
    0x30, 0x00, 0x00, 0x00, 0x00, 0x6f, 0xa0, 0x09, 0xf9, 0x00, 0x00, 0x00, 0x00, 0x0c, 0xf5, 0x00,
    0x2e, 0xf5, 0x00, 0x00, 0x00, 0x08, 0xfd, 0x00, 0x00, 0x5f, 0xf8, 0x10, 0x00, 0x2a, 0xfe, 0x30,
    0x00, 0x00, 0x5e, 0xff, 0xcb, 0xdf, 0xfd, 0x30, 0x00, 0x00, 0x00, 0x17, 0xbe, 0xfe, 0xb6, 0x00,
    0x00, 0x00, 0x00, 0x00, 0x02, 0x93, 0x05, 0x91, 0x00, 0x00, 0x00, 0x00, 0x00, 0x4e, 0x60, 0x8e,
    0x20, 0x00, 0x00, 0x00, 0x00, 0x00, 0x00, 0x00, 0x00, 0x00, 0x00, 0x00, 0x00, 0x00, 0x00, 0x00,
    0x00, 0x00, 0x00, 0x00, 0x00, 0x00, 0x17, 0xbe, 0xfe, 0xb6, 0x00, 0x00, 0x00, 0x00, 0x5e, 0xff,
    0xcb, 0xdf, 0xfd, 0x30, 0x00, 0x00, 0x5f, 0xf8, 0x10, 0x00, 0x2a, 0xfe, 0x30, 0x00, 0x2e, 0xf5,
    0x00, 0x00, 0x00, 0x08, 0xfd, 0x00, 0x09, 0xf9, 0x00, 0x00, 0x00, 0x00, 0x0c, 0xf5, 0x00, 0xdf,
    0x30, 0x00, 0x00, 0x00, 0x00, 0x6f, 0xa0, 0x0f, 0xf0, 0x00, 0x00, 0x00, 0x00, 0x03, 0xfc, 0x00,
    0xff, 0x00, 0x00, 0x00, 0x00, 0x00, 0x3f, 0xc0, 0x0d, 0xf3, 0x00, 0x00, 0x00, 0x00, 0x06, 0xfa,
    0x00, 0x9f, 0x90, 0x00, 0x00, 0x00, 0x00, 0xcf, 0x50, 0x02, 0xef, 0x50, 0x00, 0x00, 0x00, 0x8f,
    0xd0, 0x00, 0x05, 0xff, 0x81, 0x00, 0x02, 0xaf, 0xe3, 0x00, 0x00, 0x05, 0xef, 0xfc, 0xbd, 0xff,
    0xd3, 0x00, 0x00, 0x00, 0x01, 0x7b, 0xef, 0xeb, 0x60, 0x00, 0x00, 0x00, 0x26, 0x00, 0x01, 0x70,
    0x00, 0x00, 0x9f, 0x70, 0x1c, 0xf4, 0x00, 0x00, 0x1b, 0xf7, 0xcf, 0x60, 0x00, 0x00, 0x01, 0xbf,
    0xf7, 0x00, 0x00, 0x00, 0x01, 0xbf, 0xf7, 0x00, 0x00, 0x00, 0x1b, 0xf7, 0xcf, 0x60, 0x00, 0x00,
    0x9f, 0x70, 0x1c, 0xf4, 0x00, 0x00, 0x26, 0x00, 0x01, 0x70, 0x00, 0x00, 0x00, 0x00, 0x00, 0x00,
    0x00, 0x00, 0x00, 0x00, 0x00, 0x00, 0x00, 0x00, 0x00, 0x00, 0x00, 0x00, 0x00, 0x00, 0x00, 0x00,
    0x00, 0x00, 0x00, 0x76, 0x00, 0x00, 0x00, 0x00, 0x00, 0x00, 0x00, 0x5f, 0x50, 0x00, 0x00, 0x00,
    0x00, 0x00, 0x00, 0x0d, 0xc0, 0x00, 0x00, 0x00, 0x01, 0x7b, 0xef, 0xef, 0xf5, 0x00, 0x00, 0x00,
    0x05, 0xef, 0xfc, 0xbd, 0xff, 0xd3, 0x00, 0x00, 0x05, 0xff, 0x81, 0x00, 0x7f, 0xdf, 0xe3, 0x00,
    0x02, 0xef, 0x50, 0x00, 0x1e, 0xb0, 0x8f, 0xd0, 0x00, 0x9f, 0x90, 0x00, 0x08, 0xf3, 0x00, 0xcf,
    0x50, 0x0d, 0xf3, 0x00, 0x01, 0xea, 0x00, 0x06, 0xfa, 0x00, 0xff, 0x00, 0x00, 0x9f, 0x20, 0x00,
    0x3f, 0xc0, 0x0f, 0xf0, 0x00, 0x2f, 0x90, 0x00, 0x03, 0xfc, 0x00, 0xdf, 0x30, 0x09, 0xf2, 0x00,
    0x00, 0x6f, 0xa0, 0x09, 0xf9, 0x02, 0xf8, 0x00, 0x00, 0x0c, 0xf5, 0x00, 0x2e, 0xf5, 0xae, 0x10,
    0x00, 0x08, 0xfd, 0x00, 0x00, 0x5f, 0xff, 0x90, 0x00, 0x2a, 0xfe, 0x30, 0x00, 0x00, 0x5f, 0xff,
    0xcb, 0xdf, 0xfd, 0x30, 0x00, 0x00, 0x04, 0xfe, 0xbe, 0xfe, 0xb6, 0x00, 0x00, 0x00, 0x00, 0xcd,
    0x00, 0x00, 0x00, 0x00, 0x00, 0x00, 0x00, 0x00, 0x38, 0x70, 0x00, 0x00, 0x00, 0x00, 0x00, 0x00,
    0x06, 0xfb, 0x10, 0x00, 0x00, 0x00, 0x00, 0x00, 0x00, 0x3d, 0xc1, 0x00, 0x00, 0x00, 0x00, 0x00,
    0x00, 0x00, 0x00, 0x00, 0x00, 0x00, 0x00, 0xff, 0x00, 0x00, 0x00, 0x02, 0xfc, 0x00, 0x00, 0xff,
    0x00, 0x00, 0x00, 0x02, 0xfc, 0x00, 0x00, 0xff, 0x00, 0x00, 0x00, 0x02, 0xfc, 0x00, 0x00, 0xff,
    0x00, 0x00, 0x00, 0x02, 0xfc, 0x00, 0x00, 0xff, 0x00, 0x00, 0x00, 0x02, 0xfc, 0x00, 0x00, 0xff,
    0x00, 0x00, 0x00, 0x02, 0xfc, 0x00, 0x00, 0xff, 0x00, 0x00, 0x00, 0x02, 0xfc, 0x00, 0x00, 0xff,
    0x00, 0x00, 0x00, 0x02, 0xfc, 0x00, 0x00, 0xff, 0x00, 0x00, 0x00, 0x03, 0xfc, 0x00, 0x00, 0xdf,
    0x30, 0x00, 0x00, 0x05, 0xfa, 0x00, 0x00, 0x9f, 0x80, 0x00, 0x00, 0x0a, 0xf6, 0x00, 0x00, 0x2f,
    0xf6, 0x00, 0x01, 0x8f, 0xd1, 0x00, 0x00, 0x05, 0xff, 0xeb, 0xbe, 0xfe, 0x30, 0x00, 0x00, 0x00,
    0x29, 0xdf, 0xec, 0x81, 0x00, 0x00, 0x00, 0x00, 0x00, 0x00, 0x17, 0x72, 0x00, 0x00, 0x00, 0x00,
    0x00, 0x02, 0xde, 0x50, 0x00, 0x00, 0x00, 0x00, 0x00, 0x2d, 0xc2, 0x00, 0x00, 0x00, 0x00, 0x00,
    0x00, 0x00, 0x00, 0x00, 0x00, 0x00, 0x00, 0xff, 0x00, 0x00, 0x00, 0x02, 0xfc, 0x00, 0x00, 0xff,
    0x00, 0x00, 0x00, 0x02, 0xfc, 0x00, 0x00, 0xff, 0x00, 0x00, 0x00, 0x02, 0xfc, 0x00, 0x00, 0xff,
    0x00, 0x00, 0x00, 0x02, 0xfc, 0x00, 0x00, 0xff, 0x00, 0x00, 0x00, 0x02, 0xfc, 0x00, 0x00, 0xff,
    0x00, 0x00, 0x00, 0x02, 0xfc, 0x00, 0x00, 0xff, 0x00, 0x00, 0x00, 0x02, 0xfc, 0x00, 0x00, 0xff,
    0x00, 0x00, 0x00, 0x02, 0xfc, 0x00, 0x00, 0xff, 0x00, 0x00, 0x00, 0x03, 0xfc, 0x00, 0x00, 0xdf,
    0x30, 0x00, 0x00, 0x05, 0xfa, 0x00, 0x00, 0x9f, 0x80, 0x00, 0x00, 0x0a, 0xf6, 0x00, 0x00, 0x2f,
    0xf6, 0x00, 0x01, 0x8f, 0xd1, 0x00, 0x00, 0x05, 0xff, 0xeb, 0xbe, 0xfe, 0x30, 0x00, 0x00, 0x00,
    0x29, 0xdf, 0xec, 0x81, 0x00, 0x00, 0x00, 0x00, 0x00, 0x28, 0x71, 0x00, 0x00, 0x00, 0x00, 0x00,
    0x02, 0xdc, 0xdc, 0x10, 0x00, 0x00, 0x00, 0x00, 0x3e, 0xa1, 0x1c, 0xd2, 0x00, 0x00, 0x00, 0x00,
    0x00, 0x00, 0x00, 0x00, 0x00, 0x00, 0x00, 0xff, 0x00, 0x00, 0x00, 0x02, 0xfc, 0x00, 0x00, 0xff,
    0x00, 0x00, 0x00, 0x02, 0xfc, 0x00, 0x00, 0xff, 0x00, 0x00, 0x00, 0x02, 0xfc, 0x00, 0x00, 0xff,
    0x00, 0x00, 0x00, 0x02, 0xfc, 0x00, 0x00, 0xff, 0x00, 0x00, 0x00, 0x02, 0xfc, 0x00, 0x00, 0xff,
    0x00, 0x00, 0x00, 0x02, 0xfc, 0x00, 0x00, 0xff, 0x00, 0x00, 0x00, 0x02, 0xfc, 0x00, 0x00, 0xff,
    0x00, 0x00, 0x00, 0x02, 0xfc, 0x00, 0x00, 0xff, 0x00, 0x00, 0x00, 0x03, 0xfc, 0x00, 0x00, 0xdf,
    0x30, 0x00, 0x00, 0x05, 0xfa, 0x00, 0x00, 0x9f, 0x80, 0x00, 0x00, 0x0a, 0xf6, 0x00, 0x00, 0x2f,
    0xf6, 0x00, 0x01, 0x8f, 0xd1, 0x00, 0x00, 0x05, 0xff, 0xeb, 0xbe, 0xfe, 0x30, 0x00, 0x00, 0x00,
    0x29, 0xdf, 0xec, 0x81, 0x00, 0x00, 0x00, 0x00, 0x07, 0x80, 0x19, 0x50, 0x00, 0x00, 0x00, 0x00,
    0x0b, 0xd0, 0x2d, 0x90, 0x00, 0x00, 0x00, 0x00, 0x00, 0x00, 0x00, 0x00, 0x00, 0x00, 0x00, 0x00,
    0x00, 0x00, 0x00, 0x00, 0x00, 0x00, 0x00, 0xff, 0x00, 0x00, 0x00, 0x02, 0xfc, 0x00, 0x00, 0xff,
    0x00, 0x00, 0x00, 0x02, 0xfc, 0x00, 0x00, 0xff, 0x00, 0x00, 0x00, 0x02, 0xfc, 0x00, 0x00, 0xff,
    0x00, 0x00, 0x00, 0x02, 0xfc, 0x00, 0x00, 0xff, 0x00, 0x00, 0x00, 0x02, 0xfc, 0x00, 0x00, 0xff,
    0x00, 0x00, 0x00, 0x02, 0xfc, 0x00, 0x00, 0xff, 0x00, 0x00, 0x00, 0x02, 0xfc, 0x00, 0x00, 0xff,
    0x00, 0x00, 0x00, 0x02, 0xfc, 0x00, 0x00, 0xff, 0x00, 0x00, 0x00, 0x03, 0xfc, 0x00, 0x00, 0xdf,
    0x30, 0x00, 0x00, 0x05, 0xfa, 0x00, 0x00, 0x9f, 0x80, 0x00, 0x00, 0x0a, 0xf6, 0x00, 0x00, 0x2f,
    0xf6, 0x00, 0x01, 0x8f, 0xd1, 0x00, 0x00, 0x05, 0xff, 0xeb, 0xbe, 0xfe, 0x30, 0x00, 0x00, 0x00,
    0x29, 0xdf, 0xec, 0x81, 0x00, 0x00, 0x00, 0x00, 0x00, 0x00, 0x48, 0x60, 0x00, 0x00, 0x00, 0x00,
    0x00, 0x6f, 0xb1, 0x00, 0x00, 0x00, 0x00, 0x00, 0x7f, 0x70, 0x00, 0x00, 0x00, 0x00, 0x00, 0x00,
    0x00, 0x00, 0x00, 0x00, 0x0c, 0xf5, 0x00, 0x00, 0x00, 0x04, 0xfb, 0x00, 0x3f, 0xe1, 0x00, 0x00,
    0x00, 0xdf, 0x20, 0x00, 0x8f, 0x90, 0x00, 0x00, 0x7f, 0x70, 0x00, 0x01, 0xdf, 0x30, 0x00, 0x2e,
    0xd0, 0x00, 0x00, 0x05, 0xfc, 0x00, 0x0a, 0xf4, 0x00, 0x00, 0x00, 0x0b, 0xf6, 0x04, 0xfa, 0x00,
    0x00, 0x00, 0x00, 0x2f, 0xe2, 0xde, 0x20, 0x00, 0x00, 0x00, 0x00, 0x8f, 0xef, 0x70, 0x00, 0x00,
    0x00, 0x00, 0x01, 0xdf, 0xc0, 0x00, 0x00, 0x00, 0x00, 0x00, 0x08, 0xf7, 0x00, 0x00, 0x00, 0x00,
    0x00, 0x00, 0x8f, 0x70, 0x00, 0x00, 0x00, 0x00, 0x00, 0x08, 0xf7, 0x00, 0x00, 0x00, 0x00, 0x00,
    0x00, 0x8f, 0x70, 0x00, 0x00, 0x00, 0x00, 0x00, 0x08, 0xf7, 0x00, 0x00, 0x00, 0x00, 0xef, 0x10,
    0x00, 0x00, 0x00, 0x00, 0x00, 0xef, 0xbb, 0xbb, 0xa7, 0x20, 0x00, 0x00, 0xef, 0xff, 0xff, 0xff,
    0xf8, 0x00, 0x00, 0xef, 0x10, 0x00, 0x26, 0xef, 0x80, 0x00, 0xef, 0x10, 0x00, 0x00, 0x3f, 0xf1,
    0x00, 0xef, 0x10, 0x00, 0x00, 0x0b, 0xf5, 0x00, 0xef, 0x10, 0x00, 0x00, 0x0a, 0xf6, 0x00, 0xef,
    0x10, 0x00, 0x00, 0x0b, 0xf5, 0x00, 0xef, 0x10, 0x00, 0x00, 0x3f, 0xf1, 0x00, 0xef, 0x10, 0x00,
    0x26, 0xef, 0x80, 0x00, 0xef, 0xff, 0xff, 0xff, 0xf9, 0x00, 0x00, 0xef, 0xbb, 0xbb, 0xa7, 0x20,
    0x00, 0x00, 0xef, 0x10, 0x00, 0x00, 0x00, 0x00, 0x00, 0xef, 0x10, 0x00, 0x00, 0x00, 0x00, 0x00,
    0x01, 0x7c, 0xee, 0xb6, 0x00, 0x00, 0x00, 0x1c, 0xfe, 0xcc, 0xff, 0x90, 0x00, 0x00, 0x9f, 0xa1,
    0x00, 0x2d, 0xf3, 0x00, 0x00, 0xee, 0x10, 0x00, 0x07, 0xf7, 0x00, 0x02, 0xfc, 0x00, 0x00, 0x08,
    0xf5, 0x00, 0x03, 0xfb, 0x00, 0x00, 0x4e, 0xd1, 0x00, 0x03, 0xfb, 0x00, 0x7d, 0xfe, 0x30, 0x00,
    0x03, 0xfb, 0x00, 0x9f, 0xff, 0xd3, 0x00, 0x03, 0xfb, 0x00, 0x00, 0x28, 0xfe, 0x10, 0x03, 0xfb,
    0x00, 0x00, 0x00, 0x9f, 0x70, 0x03, 0xfb, 0x00, 0x00, 0x00, 0x5f, 0x90, 0x03, 0xfb, 0x00, 0x00,
    0x00, 0x7f, 0x80, 0x03, 0xfb, 0x00, 0x00, 0x03, 0xef, 0x40, 0x03, 0xfb, 0x04, 0xdb, 0xcf, 0xf9,
    0x00, 0x03, 0xfb, 0x04, 0xdf, 0xeb, 0x50, 0x00, 0x00, 0x48, 0x60, 0x00, 0x00, 0x00, 0x00, 0x08,
    0xfa, 0x00, 0x00, 0x00, 0x00, 0x00, 0x4e, 0xb1, 0x00, 0x00, 0x00, 0x00, 0x00, 0x00, 0x00, 0x00,
    0x00, 0x4a, 0xdf, 0xeb, 0x40, 0x00, 0x07, 0xff, 0xcb, 0xdf, 0xf5, 0x00, 0x02, 0x71, 0x00, 0x05,
    0xfd, 0x00, 0x00, 0x00, 0x00, 0x00, 0xcf, 0x20, 0x00, 0x27, 0xab, 0xbb, 0xef, 0x30, 0x04, 0xef,
    0xff, 0xff, 0xff, 0x30, 0x0c, 0xf7, 0x10, 0x00, 0xbf, 0x30, 0x0f, 0xe0, 0x00, 0x00, 0xcf, 0x30,
    0x0d, 0xf4, 0x00, 0x07, 0xff, 0x30, 0x06, 0xff, 0xcb, 0xef, 0xcf, 0x30, 0x00, 0x5c, 0xee, 0xb3,
    0x9f, 0x30, 0x00, 0x00, 0x00, 0x27, 0x71, 0x00, 0x00, 0x00, 0x02, 0xdd, 0x40, 0x00, 0x00, 0x00,
    0x3e, 0xb1, 0x00, 0x00, 0x00, 0x00, 0x00, 0x00, 0x00, 0x00, 0x00, 0x4a, 0xdf, 0xeb, 0x40, 0x00,
    0x07, 0xff, 0xcb, 0xdf, 0xf5, 0x00, 0x02, 0x71, 0x00, 0x05, 0xfd, 0x00, 0x00, 0x00, 0x00, 0x00,
    0xcf, 0x20, 0x00, 0x27, 0xab, 0xbb, 0xef, 0x30, 0x04, 0xef, 0xff, 0xff, 0xff, 0x30, 0x0c, 0xf7,
    0x10, 0x00, 0xbf, 0x30, 0x0f, 0xe0, 0x00, 0x00, 0xcf, 0x30, 0x0d, 0xf4, 0x00, 0x07, 0xff, 0x30,
    0x06, 0xff, 0xcb, 0xef, 0xcf, 0x30, 0x00, 0x5c, 0xee, 0xb3, 0x9f, 0x30, 0x00, 0x00, 0x38, 0x70,
    0x00, 0x00, 0x00, 0x03, 0xec, 0xeb, 0x10, 0x00, 0x00, 0x4e, 0x90, 0x2c, 0xc1, 0x00, 0x00, 0x00,
    0x00, 0x00, 0x00, 0x00, 0x00, 0x4a, 0xdf, 0xeb, 0x40, 0x00, 0x07, 0xff, 0xcb, 0xdf, 0xf5, 0x00,
    0x02, 0x71, 0x00, 0x05, 0xfd, 0x00, 0x00, 0x00, 0x00, 0x00, 0xcf, 0x20, 0x00, 0x27, 0xab, 0xbb,
    0xef, 0x30, 0x04, 0xef, 0xff, 0xff, 0xff, 0x30, 0x0c, 0xf7, 0x10, 0x00, 0xbf, 0x30, 0x0f, 0xe0,
    0x00, 0x00, 0xcf, 0x30, 0x0d, 0xf4, 0x00, 0x07, 0xff, 0x30, 0x06, 0xff, 0xcb, 0xef, 0xcf, 0x30,
    0x00, 0x5c, 0xee, 0xb3, 0x9f, 0x30, 0x00, 0x09, 0xe7, 0x00, 0xf2, 0x00, 0x00, 0x4d, 0x1b, 0x65,
    0xd0, 0x00, 0x00, 0x79, 0x01, 0xbe, 0x40, 0x00, 0x00, 0x00, 0x00, 0x00, 0x00, 0x00, 0x00, 0x00,
    0x00, 0x00, 0x00, 0x00, 0x00, 0x4a, 0xdf, 0xeb, 0x40, 0x00, 0x07, 0xff, 0xcb, 0xdf, 0xf5, 0x00,
    0x02, 0x71, 0x00, 0x05, 0xfd, 0x00, 0x00, 0x00, 0x00, 0x00, 0xcf, 0x20, 0x00, 0x27, 0xab, 0xbb,
    0xef, 0x30, 0x04, 0xef, 0xff, 0xff, 0xff, 0x30, 0x0c, 0xf7, 0x10, 0x00, 0xbf, 0x30, 0x0f, 0xe0,
    0x00, 0x00, 0xcf, 0x30, 0x0d, 0xf4, 0x00, 0x07, 0xff, 0x30, 0x06, 0xff, 0xcb, 0xef, 0xcf, 0x30,
    0x00, 0x5c, 0xee, 0xb3, 0x9f, 0x30, 0x00, 0x08, 0x70, 0x19, 0x40, 0x00, 0x00, 0x0c, 0xb0, 0x3e,
    0x70, 0x00, 0x00, 0x00, 0x00, 0x00, 0x00, 0x00, 0x00, 0x00, 0x00, 0x00, 0x00, 0x00, 0x00, 0x4a,
    0xdf, 0xeb, 0x40, 0x00, 0x07, 0xff, 0xcb, 0xdf, 0xf5, 0x00, 0x02, 0x71, 0x00, 0x05, 0xfd, 0x00,
    0x00, 0x00, 0x00, 0x00, 0xcf, 0x20, 0x00, 0x27, 0xab, 0xbb, 0xef, 0x30, 0x04, 0xef, 0xff, 0xff,
    0xff, 0x30, 0x0c, 0xf7, 0x10, 0x00, 0xbf, 0x30, 0x0f, 0xe0, 0x00, 0x00, 0xcf, 0x30, 0x0d, 0xf4,
    0x00, 0x07, 0xff, 0x30, 0x06, 0xff, 0xcb, 0xef, 0xcf, 0x30, 0x00, 0x5c, 0xee, 0xb3, 0x9f, 0x30,
    0x00, 0x00, 0x7e, 0xc2, 0x00, 0x00, 0x00, 0x03, 0xc1, 0x5c, 0x00, 0x00, 0x00, 0x05, 0x80, 0x0e,
    0x00, 0x00, 0x00, 0x03, 0xc1, 0x5c, 0x00, 0x00, 0x00, 0x00, 0x7e, 0xc3, 0x00, 0x00, 0x00, 0x00,
    0x00, 0x00, 0x00, 0x00, 0x00, 0x4a, 0xdf, 0xeb, 0x40, 0x00, 0x07, 0xff, 0xcb, 0xdf, 0xf5, 0x00,
    0x02, 0x71, 0x00, 0x05, 0xfd, 0x00, 0x00, 0x00, 0x00, 0x00, 0xcf, 0x20, 0x00, 0x27, 0xab, 0xbb,
    0xef, 0x30, 0x04, 0xef, 0xff, 0xff, 0xff, 0x30, 0x0c, 0xf7, 0x10, 0x00, 0xbf, 0x30, 0x0f, 0xe0,
    0x00, 0x00, 0xcf, 0x30, 0x0d, 0xf4, 0x00, 0x07, 0xff, 0x30, 0x06, 0xff, 0xcb, 0xef, 0xcf, 0x30,
    0x00, 0x5c, 0xee, 0xb3, 0x9f, 0x30, 0x00, 0x4a, 0xdf, 0xeb, 0x40, 0x18, 0xdf, 0xea, 0x30, 0x00,
    0x07, 0xff, 0xcb, 0xdf, 0xf6, 0xdf, 0xdb, 0xdf, 0xf6, 0x00, 0x01, 0x71, 0x00, 0x05, 0xff, 0xf6,
    0x00, 0x03, 0xdf, 0x30, 0x00, 0x00, 0x00, 0x00, 0xcf, 0x80, 0x00, 0x00, 0x3f, 0x90, 0x00, 0x27,
    0xab, 0xbb, 0xef, 0xcb, 0xbb, 0xbb, 0xbf, 0xd0, 0x04, 0xef, 0xff, 0xff, 0xff, 0xff, 0xff, 0xff,
    0xff, 0xe0, 0x0c, 0xf7, 0x10, 0x00, 0xbf, 0x60, 0x00, 0x00, 0x00, 0x00, 0x0f, 0xe0, 0x00, 0x00,
    0xdf, 0xb0, 0x00, 0x00, 0x00, 0x00, 0x0d, 0xf4, 0x00, 0x08, 0xfe, 0xf9, 0x10, 0x00, 0x89, 0x00,
    0x05, 0xff, 0xcb, 0xef, 0xc2, 0xdf, 0xec, 0xbe, 0xfd, 0x10, 0x00, 0x4b, 0xee, 0xc7, 0x00, 0x17,
    0xce, 0xec, 0x71, 0x00, 0x00, 0x04, 0xad, 0xfd, 0x92, 0x00, 0x07, 0xff, 0xdb, 0xef, 0xe3, 0x04,
    0xfe, 0x40, 0x00, 0x7f, 0x60, 0xcf, 0x40, 0x00, 0x00, 0x10, 0x1f, 0xe0, 0x00, 0x00, 0x00, 0x02,
    0xfc, 0x00, 0x00, 0x00, 0x00, 0x1f, 0xe0, 0x00, 0x00, 0x00, 0x00, 0xcf, 0x40, 0x00, 0x00, 0x10,
    0x04, 0xfe, 0x40, 0x00, 0x7e, 0x60, 0x07, 0xff, 0xdb, 0xef, 0xe3, 0x00, 0x04, 0xad, 0xfd, 0x92,
    0x00, 0x00, 0x00, 0x66, 0x00, 0x00, 0x00, 0x00, 0x0c, 0xc4, 0x00, 0x00, 0x00, 0x00, 0x07, 0xe1,
    0x00, 0x00, 0x00, 0x31, 0x7f, 0x10, 0x00, 0x00, 0x0c, 0xfd, 0x50, 0x00, 0x00, 0x17, 0x71, 0x00,
    0x00, 0x00, 0x00, 0x04, 0xed, 0x20, 0x00, 0x00, 0x00, 0x00, 0x1b, 0xe3, 0x00, 0x00, 0x00, 0x00,
    0x00, 0x00, 0x00, 0x00, 0x00, 0x04, 0xbe, 0xec, 0x70, 0x00, 0x00, 0x8f, 0xfc, 0xce, 0xfc, 0x10,
    0x05, 0xfb, 0x20, 0x00, 0x8f, 0x90, 0x0c, 0xf1, 0x00, 0x00, 0x0b, 0xf1, 0x1f, 0xeb, 0xbb, 0xbb,
    0xbd, 0xf4, 0x2f, 0xff, 0xff, 0xff, 0xff, 0xf6, 0x1f, 0xe0, 0x00, 0x00, 0x00, 0x00, 0x0c, 0xf5,
    0x00, 0x00, 0x00, 0x00, 0x05, 0xfe, 0x50, 0x00, 0x3c, 0x20, 0x00, 0x7f, 0xfd, 0xbc, 0xff, 0x60,
    0x00, 0x03, 0xad, 0xfe, 0xa4, 0x00, 0x00, 0x00, 0x00, 0x07, 0x83, 0x00, 0x00, 0x00, 0x00, 0xaf,
    0x70, 0x00, 0x00, 0x00, 0x1b, 0xd3, 0x00, 0x00, 0x00, 0x00, 0x00, 0x00, 0x00, 0x00, 0x00, 0x04,
    0xbe, 0xec, 0x70, 0x00, 0x00, 0x8f, 0xfc, 0xce, 0xfc, 0x10, 0x05, 0xfb, 0x20, 0x00, 0x8f, 0x90,
    0x0c, 0xf1, 0x00, 0x00, 0x0b, 0xf1, 0x1f, 0xeb, 0xbb, 0xbb, 0xbd, 0xf4, 0x2f, 0xff, 0xff, 0xff,
    0xff, 0xf6, 0x1f, 0xe0, 0x00, 0x00, 0x00, 0x00, 0x0c, 0xf5, 0x00, 0x00, 0x00, 0x00, 0x05, 0xfe,
    0x50, 0x00, 0x3c, 0x20, 0x00, 0x7f, 0xfd, 0xbc, 0xff, 0x60, 0x00, 0x03, 0xad, 0xfe, 0xa4, 0x00,
    0x00, 0x00, 0x17, 0x82, 0x00, 0x00, 0x00, 0x01, 0xce, 0xce, 0x30, 0x00, 0x00, 0x1c, 0xc2, 0x09,
    0xe4, 0x00, 0x00, 0x00, 0x00, 0x00, 0x00, 0x00, 0x00, 0x04, 0xbe, 0xec, 0x70, 0x00, 0x00, 0x8f,
    0xfc, 0xce, 0xfc, 0x10, 0x05, 0xfb, 0x20, 0x00, 0x8f, 0x90, 0x0c, 0xf1, 0x00, 0x00, 0x0b, 0xf1,
    0x1f, 0xeb, 0xbb, 0xbb, 0xbd, 0xf4, 0x2f, 0xff, 0xff, 0xff, 0xff, 0xf6, 0x1f, 0xe0, 0x00, 0x00,
    0x00, 0x00, 0x0c, 0xf5, 0x00, 0x00, 0x00, 0x00, 0x05, 0xfe, 0x50, 0x00, 0x3c, 0x20, 0x00, 0x7f,
    0xfd, 0xbc, 0xff, 0x60, 0x00, 0x03, 0xad, 0xfe, 0xa4, 0x00, 0x00, 0x05, 0x91, 0x08, 0x80, 0x00,
    0x00, 0x08, 0xe2, 0x0c, 0xc0, 0x00, 0x00, 0x00, 0x00, 0x00, 0x00, 0x00, 0x00, 0x00, 0x00, 0x00,
    0x00, 0x00, 0x00, 0x04, 0xbe, 0xec, 0x70, 0x00, 0x00, 0x8f, 0xfc, 0xce, 0xfc, 0x10, 0x05, 0xfb,
    0x20, 0x00, 0x8f, 0x90, 0x0c, 0xf1, 0x00, 0x00, 0x0b, 0xf1, 0x1f, 0xeb, 0xbb, 0xbb, 0xbd, 0xf4,
    0x2f, 0xff, 0xff, 0xff, 0xff, 0xf6, 0x1f, 0xe0, 0x00, 0x00, 0x00, 0x00, 0x0c, 0xf5, 0x00, 0x00,
    0x00, 0x00, 0x05, 0xfe, 0x50, 0x00, 0x3c, 0x20, 0x00, 0x7f, 0xfd, 0xbc, 0xff, 0x60, 0x00, 0x03,
    0xad, 0xfe, 0xa4, 0x00, 0x48, 0x60, 0x00, 0x00, 0x8f, 0x90, 0x00, 0x00, 0x4e, 0xb1, 0x00, 0x00,
    0x00, 0x00, 0x00, 0x3f, 0xb0, 0x00, 0x03, 0xfb, 0x00, 0x00, 0x3f, 0xb0, 0x00, 0x03, 0xfb, 0x00,
    0x00, 0x3f, 0xb0, 0x00, 0x03, 0xfb, 0x00, 0x00, 0x3f, 0xb0, 0x00, 0x03, 0xfb, 0x00, 0x00, 0x3f,
    0xb0, 0x00, 0x03, 0xfb, 0x00, 0x00, 0x3f, 0xb0, 0x00, 0x00, 0x02, 0x87, 0x10, 0x03, 0xed, 0x30,
    0x04, 0xea, 0x10, 0x00, 0x00, 0x00, 0x00, 0x03, 0xfb, 0x00, 0x00, 0x3f, 0xb0, 0x00, 0x03, 0xfb,
    0x00, 0x00, 0x3f, 0xb0, 0x00, 0x03, 0xfb, 0x00, 0x00, 0x3f, 0xb0, 0x00, 0x03, 0xfb, 0x00, 0x00,
    0x3f, 0xb0, 0x00, 0x03, 0xfb, 0x00, 0x00, 0x3f, 0xb0, 0x00, 0x03, 0xfb, 0x00, 0x00, 0x00, 0x8f,
    0xe3, 0x00, 0x7f, 0x6b, 0xd2, 0x17, 0x40, 0x17, 0x50, 0x00, 0x00, 0x00, 0x00, 0x3f, 0xb0, 0x00,
    0x03, 0xfb, 0x00, 0x00, 0x3f, 0xb0, 0x00, 0x03, 0xfb, 0x00, 0x00, 0x3f, 0xb0, 0x00, 0x03, 0xfb,
    0x00, 0x00, 0x3f, 0xb0, 0x00, 0x03, 0xfb, 0x00, 0x00, 0x3f, 0xb0, 0x00, 0x03, 0xfb, 0x00, 0x00,
    0x3f, 0xb0, 0x00, 0x7e, 0x39, 0xd1, 0x49, 0x25, 0x91, 0x00, 0x00, 0x00, 0x00, 0x00, 0x00, 0x03,
    0xfb, 0x00, 0x03, 0xfb, 0x00, 0x03, 0xfb, 0x00, 0x03, 0xfb, 0x00, 0x03, 0xfb, 0x00, 0x03, 0xfb,
    0x00, 0x03, 0xfb, 0x00, 0x03, 0xfb, 0x00, 0x03, 0xfb, 0x00, 0x03, 0xfb, 0x00, 0x03, 0xfb, 0x00,
    0x00, 0x01, 0x00, 0x00, 0x00, 0x00, 0x00, 0x2d, 0xd4, 0x00, 0x25, 0x00, 0x00, 0x03, 0xcf, 0x99,
    0xfb, 0x00, 0x00, 0x00, 0x3e, 0xfe, 0x40, 0x00, 0x00, 0x3b, 0xfa, 0x9f, 0x80, 0x00, 0x00, 0x69,
    0x20, 0x0a, 0xf5, 0x00, 0x00, 0x00, 0x00, 0x01, 0xed, 0x00, 0x00, 0x3a, 0xef, 0xc6, 0x8f, 0x50,
    0x03, 0xef, 0xec, 0xdf, 0xbf, 0xa0, 0x0c, 0xf9, 0x00, 0x03, 0xdf, 0xd0, 0x1f, 0xe0, 0x00, 0x00,
    0x5f, 0xf0, 0x3f, 0xb0, 0x00, 0x00, 0x3f, 0xe0, 0x1f, 0xe0, 0x00, 0x00, 0x5f, 0xb0, 0x0b, 0xf9,
    0x10, 0x03, 0xdf, 0x40, 0x02, 0xef, 0xec, 0xcf, 0xf8, 0x00, 0x00, 0x19, 0xdf, 0xeb, 0x40, 0x00,
    0x00, 0x00, 0x9e, 0x70, 0x0e, 0x20, 0x00, 0x00, 0x04, 0xe2, 0xa6, 0x4e, 0x00, 0x00, 0x00, 0x07,
    0xa0, 0x1b, 0xe5, 0x00, 0x00, 0x00, 0x00, 0x00, 0x00, 0x00, 0x00, 0x00, 0x00, 0x00, 0x00, 0x00,
    0x00, 0x00, 0x00, 0x03, 0xfa, 0x2a, 0xef, 0xd9, 0x10, 0x00, 0x03, 0xfc, 0xef, 0xcc, 0xef, 0xd1,
    0x00, 0x03, 0xff, 0xc2, 0x00, 0x2c, 0xf7, 0x00, 0x03, 0xff, 0x20, 0x00, 0x04, 0xfb, 0x00, 0x03,
    0xfd, 0x00, 0x00, 0x02, 0xfd, 0x00, 0x03, 0xfb, 0x00, 0x00, 0x01, 0xfd, 0x00, 0x03, 0xfb, 0x00,
    0x00, 0x01, 0xfd, 0x00, 0x03, 0xfb, 0x00, 0x00, 0x01, 0xfd, 0x00, 0x03, 0xfb, 0x00, 0x00, 0x01,
    0xfd, 0x00, 0x03, 0xfb, 0x00, 0x00, 0x01, 0xfd, 0x00, 0x03, 0xfb, 0x00, 0x00, 0x01, 0xfd, 0x00,
    0x00, 0x17, 0x83, 0x00, 0x00, 0x00, 0x00, 0x00, 0x2c, 0xe4, 0x00, 0x00, 0x00, 0x00, 0x00, 0x09,
    0xf5, 0x00, 0x00, 0x00, 0x00, 0x00, 0x00, 0x00, 0x00, 0x00, 0x00, 0x04, 0xae, 0xfd, 0x92, 0x00,
    0x00, 0x07, 0xff, 0xdb, 0xef, 0xe4, 0x00, 0x04, 0xfe, 0x40, 0x00, 0x7f, 0xe1, 0x00, 0xcf, 0x50,
    0x00, 0x00, 0x9f, 0x70, 0x1f, 0xe0, 0x00, 0x00, 0x03, 0xfb, 0x02, 0xfc, 0x00, 0x00, 0x00, 0x2f,
    0xc0, 0x1f, 0xe0, 0x00, 0x00, 0x03, 0xfb, 0x00, 0xcf, 0x50, 0x00, 0x00, 0x9f, 0x70, 0x04, 0xfe,
    0x40, 0x00, 0x7f, 0xe1, 0x00, 0x07, 0xff, 0xdb, 0xef, 0xe4, 0x00, 0x00, 0x04, 0xae, 0xfd, 0x92,
    0x00, 0x00, 0x00, 0x00, 0x00, 0x05, 0x85, 0x00, 0x00, 0x00, 0x00, 0x08, 0xf9, 0x10, 0x00, 0x00,
    0x00, 0x09, 0xe5, 0x00, 0x00, 0x00, 0x00, 0x00, 0x00, 0x00, 0x00, 0x00, 0x00, 0x04, 0xae, 0xfd,
    0x92, 0x00, 0x00, 0x07, 0xff, 0xdb, 0xef, 0xe4, 0x00, 0x04, 0xfe, 0x40, 0x00, 0x7f, 0xe1, 0x00,
    0xcf, 0x50, 0x00, 0x00, 0x9f, 0x70, 0x1f, 0xe0, 0x00, 0x00, 0x03, 0xfb, 0x02, 0xfc, 0x00, 0x00,
    0x00, 0x2f, 0xc0, 0x1f, 0xe0, 0x00, 0x00, 0x03, 0xfb, 0x00, 0xcf, 0x50, 0x00, 0x00, 0x9f, 0x70,
    0x04, 0xfe, 0x40, 0x00, 0x7f, 0xe1, 0x00, 0x07, 0xff, 0xdb, 0xef, 0xe4, 0x00, 0x00, 0x04, 0xae,
    0xfd, 0x92, 0x00, 0x00, 0x00, 0x00, 0x06, 0x84, 0x00, 0x00, 0x00, 0x00, 0x09, 0xfb, 0xf5, 0x00,
    0x00, 0x00, 0x0a, 0xe3, 0x07, 0xf6, 0x00, 0x00, 0x00, 0x00, 0x00, 0x00, 0x00, 0x00, 0x00, 0x04,
    0xae, 0xfd, 0x92, 0x00, 0x00, 0x07, 0xff, 0xdb, 0xef, 0xe4, 0x00, 0x04, 0xfe, 0x40, 0x00, 0x7f,
    0xe1, 0x00, 0xcf, 0x50, 0x00, 0x00, 0x9f, 0x70, 0x1f, 0xe0, 0x00, 0x00, 0x03, 0xfb, 0x02, 0xfc,
    0x00, 0x00, 0x00, 0x2f, 0xc0, 0x1f, 0xe0, 0x00, 0x00, 0x03, 0xfb, 0x00, 0xcf, 0x50, 0x00, 0x00,
    0x9f, 0x70, 0x04, 0xfe, 0x40, 0x00, 0x7f, 0xe1, 0x00, 0x07, 0xff, 0xdb, 0xef, 0xe4, 0x00, 0x00,
    0x04, 0xae, 0xfd, 0x92, 0x00, 0x00, 0x00, 0x03, 0xdc, 0x20, 0x7a, 0x00, 0x00, 0x00, 0xb7, 0x4c,
    0x2b, 0x60, 0x00, 0x00, 0x0e, 0x20, 0x5e, 0xb1, 0x00, 0x00, 0x00, 0x00, 0x00, 0x00, 0x00, 0x00,
    0x00, 0x00, 0x00, 0x00, 0x00, 0x00, 0x00, 0x00, 0x4a, 0xef, 0xd9, 0x20, 0x00, 0x00, 0x7f, 0xfd,
    0xbe, 0xfe, 0x40, 0x00, 0x4f, 0xe4, 0x00, 0x07, 0xfe, 0x10, 0x0c, 0xf5, 0x00, 0x00, 0x09, 0xf7,
    0x01, 0xfe, 0x00, 0x00, 0x00, 0x3f, 0xb0, 0x2f, 0xc0, 0x00, 0x00, 0x02, 0xfc, 0x01, 0xfe, 0x00,
    0x00, 0x00, 0x3f, 0xb0, 0x0c, 0xf5, 0x00, 0x00, 0x09, 0xf7, 0x00, 0x4f, 0xe4, 0x00, 0x07, 0xfe,
    0x10, 0x00, 0x7f, 0xfd, 0xbe, 0xfe, 0x40, 0x00, 0x00, 0x4a, 0xef, 0xd9, 0x20, 0x00, 0x00, 0x03,
    0x93, 0x05, 0x91, 0x00, 0x00, 0x00, 0x5e, 0x50, 0x9d, 0x20, 0x00, 0x00, 0x00, 0x00, 0x00, 0x00,
    0x00, 0x00, 0x00, 0x00, 0x00, 0x00, 0x00, 0x00, 0x00, 0x04, 0xae, 0xfd, 0x92, 0x00, 0x00, 0x07,
    0xff, 0xdb, 0xef, 0xe4, 0x00, 0x04, 0xfe, 0x40, 0x00, 0x7f, 0xe1, 0x00, 0xcf, 0x50, 0x00, 0x00,
    0x9f, 0x70, 0x1f, 0xe0, 0x00, 0x00, 0x03, 0xfb, 0x02, 0xfc, 0x00, 0x00, 0x00, 0x2f, 0xc0, 0x1f,
    0xe0, 0x00, 0x00, 0x03, 0xfb, 0x00, 0xcf, 0x50, 0x00, 0x00, 0x9f, 0x70, 0x04, 0xfe, 0x40, 0x00,
    0x7f, 0xe1, 0x00, 0x07, 0xff, 0xdb, 0xef, 0xe4, 0x00, 0x00, 0x04, 0xae, 0xfd, 0x92, 0x00, 0x00,
    0x00, 0x00, 0x01, 0x00, 0x00, 0x00, 0x00, 0x00, 0x3f, 0xc0, 0x00, 0x00, 0x00, 0x00, 0x2e, 0xb0,
    0x00, 0x00, 0x00, 0x00, 0x00, 0x00, 0x00, 0x00, 0x00, 0x00, 0x00, 0x00, 0x00, 0x00, 0x0a, 0xff,
    0xff, 0xff, 0xff, 0x40, 0x07, 0xbb, 0xbb, 0xbb, 0xbb, 0x30, 0x00, 0x00, 0x00, 0x00, 0x00, 0x00,
    0x00, 0x00, 0x01, 0x00, 0x00, 0x00, 0x00, 0x00, 0x3f, 0xc0, 0x00, 0x00, 0x00, 0x00, 0x2e, 0xa0,
    0x00, 0x00, 0x00, 0x00, 0x00, 0x00, 0x00, 0x00, 0x00, 0x00, 0x00, 0x00, 0x00, 0x00, 0x00, 0x00,
    0x00, 0x00, 0x3f, 0x30, 0x00, 0x00, 0x4a, 0xef, 0xdf, 0xd0, 0x00, 0x00, 0x7f, 0xfd, 0xbf, 0xff,
    0x40, 0x00, 0x4f, 0xe4, 0x00, 0xbf, 0xfe, 0x10, 0x0c, 0xf5, 0x00, 0x3f, 0x39, 0xf7, 0x01, 0xfe,
    0x00, 0x0b, 0xb0, 0x3f, 0xb0, 0x2f, 0xc0, 0x03, 0xf3, 0x02, 0xfc, 0x01, 0xfe, 0x00, 0xab, 0x00,
    0x3f, 0xb0, 0x0c, 0xf5, 0x3f, 0x30, 0x09, 0xf7, 0x00, 0x4f, 0xee, 0xb0, 0x07, 0xfe, 0x10, 0x00,
    0x7f, 0xff, 0xbe, 0xfe, 0x40, 0x00, 0x00, 0xef, 0xef, 0xd9, 0x20, 0x00, 0x00, 0x3f, 0x30, 0x00,
    0x00, 0x00, 0x00, 0x0a, 0xb0, 0x00, 0x00, 0x00, 0x00, 0x00, 0x05, 0x86, 0x00, 0x00, 0x00, 0x00,
    0x00, 0x00, 0x9f, 0x90, 0x00, 0x00, 0x00, 0x00, 0x00, 0x05, 0xea, 0x00, 0x00, 0x00, 0x00, 0x00,
    0x00, 0x00, 0x00, 0x00, 0x00, 0x04, 0xfa, 0x00, 0x00, 0x03, 0xfb, 0x00, 0x04, 0xfa, 0x00, 0x00,
    0x03, 0xfb, 0x00, 0x04, 0xfa, 0x00, 0x00, 0x03, 0xfb, 0x00, 0x04, 0xfa, 0x00, 0x00, 0x03, 0xfb,
    0x00, 0x04, 0xfa, 0x00, 0x00, 0x03, 0xfb, 0x00, 0x04, 0xfa, 0x00, 0x00, 0x03, 0xfb, 0x00, 0x04,
    0xfa, 0x00, 0x00, 0x05, 0xfb, 0x00, 0x02, 0xfd, 0x00, 0x00, 0x09, 0xfb, 0x00, 0x00, 0xdf, 0x80,
    0x00, 0x6f, 0xfb, 0x00, 0x00, 0x5f, 0xfd, 0xbd, 0xfc, 0xfb, 0x00, 0x00, 0x03, 0xbe, 0xfc, 0x72,
    0xfb, 0x00, 0x00, 0x00, 0x00, 0x03, 0x87, 0x10, 0x00, 0x00, 0x00, 0x00, 0x3e, 0xd3, 0x00, 0x00,
    0x00, 0x00, 0x04, 0xea, 0x10, 0x00, 0x00, 0x00, 0x00, 0x00, 0x00, 0x00, 0x00, 0x00, 0x04, 0xfa,
    0x00, 0x00, 0x03, 0xfb, 0x00, 0x04, 0xfa, 0x00, 0x00, 0x03, 0xfb, 0x00, 0x04, 0xfa, 0x00, 0x00,
    0x03, 0xfb, 0x00, 0x04, 0xfa, 0x00, 0x00, 0x03, 0xfb, 0x00, 0x04, 0xfa, 0x00, 0x00, 0x03, 0xfb,
    0x00, 0x04, 0xfa, 0x00, 0x00, 0x03, 0xfb, 0x00, 0x04, 0xfa, 0x00, 0x00, 0x05, 0xfb, 0x00, 0x02,
    0xfd, 0x00, 0x00, 0x09, 0xfb, 0x00, 0x00, 0xdf, 0x80, 0x00, 0x6f, 0xfb, 0x00, 0x00, 0x5f, 0xfd,
    0xbd, 0xfc, 0xfb, 0x00, 0x00, 0x03, 0xbe, 0xfc, 0x72, 0xfb, 0x00, 0x00, 0x00, 0x04, 0x87, 0x00,
    0x00, 0x00, 0x00, 0x00, 0x4f, 0xbe, 0xa0, 0x00, 0x00, 0x00, 0x05, 0xf8, 0x03, 0xdb, 0x10, 0x00,
    0x00, 0x00, 0x00, 0x00, 0x00, 0x00, 0x00, 0x04, 0xfa, 0x00, 0x00, 0x03, 0xfb, 0x00, 0x04, 0xfa,
    0x00, 0x00, 0x03, 0xfb, 0x00, 0x04, 0xfa, 0x00, 0x00, 0x03, 0xfb, 0x00, 0x04, 0xfa, 0x00, 0x00,
    0x03, 0xfb, 0x00, 0x04, 0xfa, 0x00, 0x00, 0x03, 0xfb, 0x00, 0x04, 0xfa, 0x00, 0x00, 0x03, 0xfb,
    0x00, 0x04, 0xfa, 0x00, 0x00, 0x05, 0xfb, 0x00, 0x02, 0xfd, 0x00, 0x00, 0x09, 0xfb, 0x00, 0x00,
    0xdf, 0x80, 0x00, 0x6f, 0xfb, 0x00, 0x00, 0x5f, 0xfd, 0xbd, 0xfc, 0xfb, 0x00, 0x00, 0x03, 0xbe,
    0xfc, 0x72, 0xfb, 0x00, 0x00, 0x00, 0x96, 0x02, 0x93, 0x00, 0x00, 0x00, 0x01, 0xda, 0x04, 0xe6,
    0x00, 0x00, 0x00, 0x00, 0x00, 0x00, 0x00, 0x00, 0x00, 0x00, 0x00, 0x00, 0x00, 0x00, 0x00, 0x00,
    0x04, 0xfa, 0x00, 0x00, 0x03, 0xfb, 0x00, 0x04, 0xfa, 0x00, 0x00, 0x03, 0xfb, 0x00, 0x04, 0xfa,
    0x00, 0x00, 0x03, 0xfb, 0x00, 0x04, 0xfa, 0x00, 0x00, 0x03, 0xfb, 0x00, 0x04, 0xfa, 0x00, 0x00,
    0x03, 0xfb, 0x00, 0x04, 0xfa, 0x00, 0x00, 0x03, 0xfb, 0x00, 0x04, 0xfa, 0x00, 0x00, 0x05, 0xfb,
    0x00, 0x02, 0xfd, 0x00, 0x00, 0x09, 0xfb, 0x00, 0x00, 0xdf, 0x80, 0x00, 0x6f, 0xfb, 0x00, 0x00,
    0x5f, 0xfd, 0xbd, 0xfc, 0xfb, 0x00, 0x00, 0x03, 0xbe, 0xfc, 0x72, 0xfb, 0x00, 0x00, 0x00, 0x00,
    0x06, 0x85, 0x00, 0x00, 0x00, 0x00, 0x08, 0xf9, 0x00, 0x00, 0x00, 0x00, 0x09, 0xe5, 0x00, 0x00,
    0x00, 0x00, 0x00, 0x00, 0x00, 0x00, 0x00, 0x0c, 0xf2, 0x00, 0x00, 0x00, 0xde, 0x10, 0x6f, 0x90,
    0x00, 0x00, 0x5f, 0x80, 0x01, 0xee, 0x10, 0x00, 0x0b, 0xf2, 0x00, 0x08, 0xf6, 0x00, 0x02, 0xfb,
    0x00, 0x00, 0x2f, 0xd0, 0x00, 0x9f, 0x40, 0x00, 0x00, 0xaf, 0x40, 0x1e, 0xd0, 0x00, 0x00, 0x04,
    0xfb, 0x06, 0xf6, 0x00, 0x00, 0x00, 0x0c, 0xf2, 0xde, 0x10, 0x00, 0x00, 0x00, 0x6f, 0xcf, 0x80,
    0x00, 0x00, 0x00, 0x01, 0xef, 0xf2, 0x00, 0x00, 0x00, 0x00, 0x08, 0xfa, 0x00, 0x00, 0x00, 0x00,
    0x00, 0xaf, 0x40, 0x00, 0x00, 0x03, 0x00, 0x3f, 0xc0, 0x00, 0x00, 0x03, 0xfd, 0xbf, 0xf4, 0x00,
    0x00, 0x00, 0x19, 0xde, 0xc4, 0x00, 0x00, 0x00, 0x00, 0x03, 0xfb, 0x00, 0x00, 0x00, 0x00, 0x00,
    0x03, 0xfb, 0x00, 0x00, 0x00, 0x00, 0x00, 0x03, 0xfb, 0x00, 0x00, 0x00, 0x00, 0x00, 0x03, 0xfb,
    0x00, 0x00, 0x00, 0x00, 0x00, 0x03, 0xfb, 0x29, 0xdf, 0xd9, 0x20, 0x00, 0x03, 0xfd, 0xef, 0xcb,
    0xef, 0xe4, 0x00, 0x03, 0xff, 0xd3, 0x00, 0x08, 0xfe, 0x10, 0x03, 0xff, 0x40, 0x00, 0x00, 0xaf,
    0x70, 0x03, 0xfd, 0x00, 0x00, 0x00, 0x4f, 0xa0, 0x03, 0xfb, 0x00, 0x00, 0x00, 0x3f, 0xc0, 0x03,
    0xfd, 0x00, 0x00, 0x00, 0x4f, 0xa0, 0x03, 0xff, 0x40, 0x00, 0x00, 0xaf, 0x70, 0x03, 0xff, 0xd3,
    0x00, 0x08, 0xfe, 0x10, 0x03, 0xfd, 0xdf, 0xcb, 0xef, 0xe4, 0x00, 0x03, 0xfb, 0x19, 0xdf, 0xd9,
    0x20, 0x00, 0x03, 0xfb, 0x00, 0x00, 0x00, 0x00, 0x00, 0x03, 0xfb, 0x00, 0x00, 0x00, 0x00, 0x00,
    0x03, 0xfb, 0x00, 0x00, 0x00, 0x00, 0x00, 0x03, 0xfb, 0x00, 0x00, 0x00, 0x00, 0x00, 0x00, 0x03,
    0x92, 0x06, 0x90, 0x00, 0x00, 0x00, 0x6e, 0x40, 0x9d, 0x10, 0x00, 0x00, 0x00, 0x00, 0x00, 0x00,
    0x00, 0x00, 0x00, 0x00, 0x00, 0x00, 0x00, 0x00, 0x0c, 0xf2, 0x00, 0x00, 0x00, 0xde, 0x10, 0x6f,
    0x90, 0x00, 0x00, 0x5f, 0x80, 0x01, 0xee, 0x10, 0x00, 0x0b, 0xf2, 0x00, 0x08, 0xf6, 0x00, 0x02,
    0xfb, 0x00, 0x00, 0x2f, 0xd0, 0x00, 0x9f, 0x40, 0x00, 0x00, 0xaf, 0x40, 0x1e, 0xd0, 0x00, 0x00,
    0x04, 0xfb, 0x06, 0xf6, 0x00, 0x00, 0x00, 0x0c, 0xf2, 0xde, 0x10, 0x00, 0x00, 0x00, 0x6f, 0xcf,
    0x80, 0x00, 0x00, 0x00, 0x01, 0xef, 0xf2, 0x00, 0x00, 0x00, 0x00, 0x08, 0xfa, 0x00, 0x00, 0x00,
    0x00, 0x00, 0xaf, 0x40, 0x00, 0x00, 0x03, 0x00, 0x3f, 0xc0, 0x00, 0x00, 0x03, 0xfd, 0xbf, 0xf4,
    0x00, 0x00, 0x00, 0x19, 0xde, 0xc4, 0x00, 0x00, 0x00, 0x00, 0x00, 0x00, 0x17, 0xbd, 0xff, 0xff,
    0xff, 0xff, 0xff, 0xff, 0xf1, 0x00, 0x00, 0x5e, 0xff, 0xdb, 0xbb, 0xef, 0xcb, 0xbb, 0xbb, 0xbb,
    0x10, 0x00, 0x6f, 0xf8, 0x10, 0x00, 0x0c, 0xf3, 0x00, 0x00, 0x00, 0x00, 0x00, 0x2f, 0xf4, 0x00,
    0x00, 0x00, 0xcf, 0x30, 0x00, 0x00, 0x00, 0x00, 0x09, 0xf8, 0x00, 0x00, 0x00, 0x0c, 0xf3, 0x00,
    0x00, 0x00, 0x00, 0x00, 0xdf, 0x30, 0x00, 0x00, 0x00, 0xcf, 0x30, 0x00, 0x00, 0x00, 0x00, 0x0f,
    0xf0, 0x00, 0x00, 0x00, 0x0c, 0xff, 0xff, 0xff, 0xff, 0x40, 0x00, 0xff, 0x00, 0x00, 0x00, 0x00,
    0xcf, 0xcb, 0xbb, 0xbb, 0xb3, 0x00, 0x0d, 0xf2, 0x00, 0x00, 0x00, 0x0c, 0xf3, 0x00, 0x00, 0x00,
    0x00, 0x00, 0x9f, 0x80, 0x00, 0x00, 0x00, 0xcf, 0x30, 0x00, 0x00, 0x00, 0x00, 0x02, 0xff, 0x40,
    0x00, 0x00, 0x0c, 0xf3, 0x00, 0x00, 0x00, 0x00, 0x00, 0x06, 0xff, 0x71, 0x00, 0x00, 0xcf, 0x30,
    0x00, 0x00, 0x00, 0x00, 0x00, 0x06, 0xef, 0xfd, 0xbb, 0xbe, 0xfc, 0xbb, 0xbb, 0xbb, 0xb4, 0x00,
    0x00, 0x01, 0x7c, 0xdf, 0xff, 0xff, 0xff, 0xff, 0xff, 0xff, 0x60, 0x00, 0x04, 0xae, 0xfd, 0x92,
    0x00, 0x4a, 0xee, 0xc7, 0x10, 0x00, 0x07, 0xff, 0xdb, 0xef, 0xe3, 0x7f, 0xfc, 0xbe, 0xfc, 0x10,
    0x04, 0xfe, 0x40, 0x00, 0x7f, 0xef, 0xc2, 0x00, 0x07, 0xfa, 0x00, 0xcf, 0x50, 0x00, 0x00, 0x9f,
    0xf2, 0x00, 0x00, 0x0a, 0xf2, 0x1f, 0xe0, 0x00, 0x00, 0x03, 0xff, 0xbb, 0xbb, 0xbb, 0xdf, 0x62,
    0xfc, 0x00, 0x00, 0x00, 0x2f, 0xff, 0xff, 0xff, 0xff, 0xf7, 0x1f, 0xe0, 0x00, 0x00, 0x03, 0xfe,
    0x00, 0x00, 0x00, 0x00, 0x00, 0xcf, 0x50, 0x00, 0x00, 0x9f, 0xf6, 0x00, 0x00, 0x00, 0x00, 0x04,
    0xfe, 0x40, 0x00, 0x7f, 0xde, 0xe5, 0x00, 0x02, 0xb3, 0x00, 0x07, 0xff, 0xdb, 0xef, 0xe3, 0x5f,
    0xfe, 0xbc, 0xff, 0x70, 0x00, 0x04, 0xae, 0xfd, 0x81, 0x00, 0x29, 0xdf, 0xeb, 0x40, 0x00, 0x00,
    0x00, 0x00, 0x4a, 0xde, 0xed, 0xa4, 0x00, 0x00, 0x00, 0x2c, 0xff, 0xec, 0xbd, 0xff, 0xa1, 0x00,
    0x02, 0xef, 0xb3, 0x00, 0x00, 0x29, 0xa1, 0x00, 0x0b, 0xf9, 0x00, 0x00, 0x00, 0x00, 0x00, 0x4b,
    0xbf, 0xfb, 0xbb, 0xbb, 0xb4, 0x00, 0x00, 0x6f, 0xff, 0xff, 0xff, 0xff, 0xf5, 0x00, 0x00, 0x00,
    0x5f, 0xa0, 0x00, 0x00, 0x00, 0x00, 0x00, 0x4b, 0xcf, 0xeb, 0xbb, 0xbb, 0xb4, 0x00, 0x00, 0x6f,
    0xff, 0xff, 0xff, 0xff, 0xf5, 0x00, 0x00, 0x00, 0x0d, 0xf4, 0x00, 0x00, 0x00, 0x00, 0x00, 0x00,
    0x07, 0xfd, 0x20, 0x00, 0x00, 0x00, 0x10, 0x00, 0x00, 0xbf, 0xd5, 0x00, 0x00, 0x3c, 0xd2, 0x00,
    0x00, 0x09, 0xff, 0xec, 0xbd, 0xff, 0x90, 0x00, 0x00, 0x00, 0x39, 0xde, 0xed, 0x94, 0x00,
};
static const lv_font_fmt_txt_glyph_dsc_t font_latin1_20_glyphs[] = {
    {.bitmap_index = 0, .adv_w = 0, .box_w = 0, .box_h = 0, .ofs_x = 0, .ofs_y = 0},
    {.bitmap_index = 0, .adv_w = 86, .box_w = 5, .box_h = 14, .ofs_x = 0, .ofs_y = -3}, /* U+00A1 */
    {.bitmap_index = 35, .adv_w = 183, .box_w = 11, .box_h = 16, .ofs_x = 0, .ofs_y = -2}, /* U+00A2 */
    {.bitmap_index = 123, .adv_w = 207, .box_w = 13, .box_h = 14, .ofs_x = 0, .ofs_y = 0}, /* U+00A3 */
    {.bitmap_index = 214, .adv_w = 224, .box_w = 14, .box_h = 15, .ofs_x = 0, .ofs_y = -1}, /* U+00A4 */
    {.bitmap_index = 319, .adv_w = 226, .box_w = 16, .box_h = 14, .ofs_x = -1, .ofs_y = 0}, /* U+00A5 */
    {.bitmap_index = 431, .adv_w = 96, .box_w = 6, .box_h = 19, .ofs_x = 0, .ofs_y = -4}, /* U+00A6 */
    {.bitmap_index = 488, .adv_w = 160, .box_w = 10, .box_h = 17, .ofs_x = 0, .ofs_y = -3}, /* U+00A7 */
    {.bitmap_index = 573, .adv_w = 192, .box_w = 12, .box_h = 15, .ofs_x = 0, .ofs_y = 0}, /* U+00A8 */
    {.bitmap_index = 663, .adv_w = 257, .box_w = 16, .box_h = 15, .ofs_x = 0, .ofs_y = 0}, /* U+00A9 */
    {.bitmap_index = 783, .adv_w = 129, .box_w = 8, .box_h = 15, .ofs_x = 0, .ofs_y = 0}, /* U+00AA */
    {.bitmap_index = 843, .adv_w = 161, .box_w = 10, .box_h = 10, .ofs_x = 0, .ofs_y = 0}, /* U+00AB */
    {.bitmap_index = 893, .adv_w = 186, .box_w = 12, .box_h = 8, .ofs_x = 0, .ofs_y = 0}, /* U+00AC */
    {.bitmap_index = 941, .adv_w = 257, .box_w = 16, .box_h = 15, .ofs_x = 0, .ofs_y = 0}, /* U+00AE */
    {.bitmap_index = 1061, .adv_w = 192, .box_w = 12, .box_h = 15, .ofs_x = 0, .ofs_y = 0}, /* U+00AF */
    {.bitmap_index = 1151, .adv_w = 186, .box_w = 12, .box_h = 13, .ofs_x = 0, .ofs_y = 0}, /* U+00B1 */
    {.bitmap_index = 1229, .adv_w = 138, .box_w = 9, .box_h = 16, .ofs_x = 0, .ofs_y = 0}, /* U+00B2 */
    {.bitmap_index = 1301, .adv_w = 138, .box_w = 9, .box_h = 16, .ofs_x = 0, .ofs_y = 0}, /* U+00B3 */
    {.bitmap_index = 1373, .adv_w = 192, .box_w = 12, .box_h = 15, .ofs_x = 0, .ofs_y = 0}, /* U+00B4 */
    {.bitmap_index = 1463, .adv_w = 218, .box_w = 14, .box_h = 15, .ofs_x = 0, .ofs_y = -4}, /* U+00B5 */
    {.bitmap_index = 1568, .adv_w = 207, .box_w = 13, .box_h = 18, .ofs_x = 0, .ofs_y = -3}, /* U+00B6 */
    {.bitmap_index = 1685, .adv_w = 86, .box_w = 5, .box_h = 7, .ofs_x = 0, .ofs_y = 0}, /* U+00B7 */
    {.bitmap_index = 1703, .adv_w = 192, .box_w = 12, .box_h = 5, .ofs_x = 0, .ofs_y = -5}, /* U+00B8 */
    {.bitmap_index = 1733, .adv_w = 138, .box_w = 9, .box_h = 16, .ofs_x = 0, .ofs_y = 0}, /* U+00B9 */
    {.bitmap_index = 1805, .adv_w = 134, .box_w = 8, .box_h = 15, .ofs_x = 0, .ofs_y = 0}, /* U+00BA */
    {.bitmap_index = 1865, .adv_w = 161, .box_w = 10, .box_h = 10, .ofs_x = 0, .ofs_y = 0}, /* U+00BB */
    {.bitmap_index = 1915, .adv_w = 331, .box_w = 21, .box_h = 15, .ofs_x = 0, .ofs_y = 0}, /* U+00BC */
    {.bitmap_index = 2073, .adv_w = 331, .box_w = 21, .box_h = 15, .ofs_x = 0, .ofs_y = 0}, /* U+00BD */
    {.bitmap_index = 2231, .adv_w = 331, .box_w = 21, .box_h = 15, .ofs_x = 0, .ofs_y = 0}, /* U+00BE */
    {.bitmap_index = 2389, .adv_w = 183, .box_w = 12, .box_h = 15, .ofs_x = 0, .ofs_y = -4}, /* U+00BF */
    {.bitmap_index = 2479, .adv_w = 234, .box_w = 16, .box_h = 18, .ofs_x = -1, .ofs_y = 0}, /* U+00C0 */
    {.bitmap_index = 2623, .adv_w = 234, .box_w = 16, .box_h = 18, .ofs_x = -1, .ofs_y = 0}, /* U+00C1 */
    {.bitmap_index = 2767, .adv_w = 234, .box_w = 16, .box_h = 18, .ofs_x = -1, .ofs_y = 0}, /* U+00C2 */
    {.bitmap_index = 2911, .adv_w = 234, .box_w = 16, .box_h = 19, .ofs_x = -1, .ofs_y = 0}, /* U+00C3 */
    {.bitmap_index = 3063, .adv_w = 234, .box_w = 16, .box_h = 18, .ofs_x = -1, .ofs_y = 0}, /* U+00C4 */
    {.bitmap_index = 3207, .adv_w = 234, .box_w = 16, .box_h = 20, .ofs_x = -1, .ofs_y = 0}, /* U+00C5 */
    {.bitmap_index = 3367, .adv_w = 335, .box_w = 22, .box_h = 14, .ofs_x = -1, .ofs_y = 0}, /* U+00C6 */
    {.bitmap_index = 3521, .adv_w = 228, .box_w = 14, .box_h = 19, .ofs_x = 0, .ofs_y = -5}, /* U+00C7 */
    {.bitmap_index = 3654, .adv_w = 214, .box_w = 13, .box_h = 18, .ofs_x = 0, .ofs_y = 0}, /* U+00C8 */
    {.bitmap_index = 3771, .adv_w = 214, .box_w = 13, .box_h = 18, .ofs_x = 0, .ofs_y = 0}, /* U+00C9 */
    {.bitmap_index = 3888, .adv_w = 214, .box_w = 13, .box_h = 18, .ofs_x = 0, .ofs_y = 0}, /* U+00CA */
    {.bitmap_index = 4005, .adv_w = 214, .box_w = 13, .box_h = 18, .ofs_x = 0, .ofs_y = 0}, /* U+00CB */
    {.bitmap_index = 4122, .adv_w = 99, .box_w = 7, .box_h = 18, .ofs_x = -1, .ofs_y = 0}, /* U+00CC */
    {.bitmap_index = 4185, .adv_w = 99, .box_w = 7, .box_h = 18, .ofs_x = 0, .ofs_y = 0}, /* U+00CD */
    {.bitmap_index = 4248, .adv_w = 99, .box_w = 8, .box_h = 18, .ofs_x = -1, .ofs_y = 0}, /* U+00CE */
    {.bitmap_index = 4320, .adv_w = 99, .box_w = 6, .box_h = 18, .ofs_x = 0, .ofs_y = 0}, /* U+00CF */
    {.bitmap_index = 4374, .adv_w = 267, .box_w = 17, .box_h = 14, .ofs_x = 0, .ofs_y = 0}, /* U+00D0 */
    {.bitmap_index = 4493, .adv_w = 260, .box_w = 16, .box_h = 19, .ofs_x = 0, .ofs_y = 0}, /* U+00D1 */
    {.bitmap_index = 4645, .adv_w = 269, .box_w = 17, .box_h = 18, .ofs_x = 0, .ofs_y = 0}, /* U+00D2 */
    {.bitmap_index = 4798, .adv_w = 269, .box_w = 17, .box_h = 18, .ofs_x = 0, .ofs_y = 0}, /* U+00D3 */
    {.bitmap_index = 4951, .adv_w = 269, .box_w = 17, .box_h = 18, .ofs_x = 0, .ofs_y = 0}, /* U+00D4 */
    {.bitmap_index = 5104, .adv_w = 269, .box_w = 17, .box_h = 19, .ofs_x = 0, .ofs_y = 0}, /* U+00D5 */
    {.bitmap_index = 5266, .adv_w = 269, .box_w = 17, .box_h = 18, .ofs_x = 0, .ofs_y = 0}, /* U+00D6 */
    {.bitmap_index = 5419, .adv_w = 186, .box_w = 12, .box_h = 11, .ofs_x = 0, .ofs_y = 0}, /* U+00D7 */
    {.bitmap_index = 5485, .adv_w = 269, .box_w = 17, .box_h = 18, .ofs_x = 0, .ofs_y = -1}, /* U+00D8 */
    {.bitmap_index = 5638, .adv_w = 253, .box_w = 16, .box_h = 18, .ofs_x = 0, .ofs_y = 0}, /* U+00D9 */
    {.bitmap_index = 5782, .adv_w = 253, .box_w = 16, .box_h = 18, .ofs_x = 0, .ofs_y = 0}, /* U+00DA */
    {.bitmap_index = 5926, .adv_w = 253, .box_w = 16, .box_h = 18, .ofs_x = 0, .ofs_y = 0}, /* U+00DB */
    {.bitmap_index = 6070, .adv_w = 253, .box_w = 16, .box_h = 18, .ofs_x = 0, .ofs_y = 0}, /* U+00DC */
    {.bitmap_index = 6214, .adv_w = 207, .box_w = 15, .box_h = 18, .ofs_x = -1, .ofs_y = 0}, /* U+00DD */
    {.bitmap_index = 6349, .adv_w = 231, .box_w = 14, .box_h = 14, .ofs_x = 0, .ofs_y = 0}, /* U+00DE */
    {.bitmap_index = 6447, .adv_w = 216, .box_w = 14, .box_h = 15, .ofs_x = 0, .ofs_y = 0}, /* U+00DF */
    {.bitmap_index = 6552, .adv_w = 191, .box_w = 12, .box_h = 15, .ofs_x = 0, .ofs_y = 0}, /* U+00E0 */
    {.bitmap_index = 6642, .adv_w = 191, .box_w = 12, .box_h = 15, .ofs_x = 0, .ofs_y = 0}, /* U+00E1 */
    {.bitmap_index = 6732, .adv_w = 191, .box_w = 12, .box_h = 15, .ofs_x = 0, .ofs_y = 0}, /* U+00E2 */
    {.bitmap_index = 6822, .adv_w = 191, .box_w = 12, .box_h = 16, .ofs_x = 0, .ofs_y = 0}, /* U+00E3 */
    {.bitmap_index = 6918, .adv_w = 191, .box_w = 12, .box_h = 15, .ofs_x = 0, .ofs_y = 0}, /* U+00E4 */
    {.bitmap_index = 7008, .adv_w = 191, .box_w = 12, .box_h = 17, .ofs_x = 0, .ofs_y = 0}, /* U+00E5 */
    {.bitmap_index = 7110, .adv_w = 316, .box_w = 20, .box_h = 11, .ofs_x = 0, .ofs_y = 0}, /* U+00E6 */
    {.bitmap_index = 7220, .adv_w = 183, .box_w = 11, .box_h = 16, .ofs_x = 0, .ofs_y = -5}, /* U+00E7 */
    {.bitmap_index = 7308, .adv_w = 196, .box_w = 12, .box_h = 15, .ofs_x = 0, .ofs_y = 0}, /* U+00E8 */
    {.bitmap_index = 7398, .adv_w = 196, .box_w = 12, .box_h = 15, .ofs_x = 0, .ofs_y = 0}, /* U+00E9 */
    {.bitmap_index = 7488, .adv_w = 196, .box_w = 12, .box_h = 15, .ofs_x = 0, .ofs_y = 0}, /* U+00EA */
    {.bitmap_index = 7578, .adv_w = 196, .box_w = 12, .box_h = 15, .ofs_x = 0, .ofs_y = 0}, /* U+00EB */
    {.bitmap_index = 7668, .adv_w = 89, .box_w = 7, .box_h = 15, .ofs_x = -1, .ofs_y = 0}, /* U+00EC */
    {.bitmap_index = 7721, .adv_w = 89, .box_w = 7, .box_h = 15, .ofs_x = 0, .ofs_y = 0}, /* U+00ED */
    {.bitmap_index = 7774, .adv_w = 89, .box_w = 7, .box_h = 15, .ofs_x = -1, .ofs_y = 0}, /* U+00EE */
    {.bitmap_index = 7827, .adv_w = 89, .box_w = 6, .box_h = 15, .ofs_x = 0, .ofs_y = 0}, /* U+00EF */
    {.bitmap_index = 7872, .adv_w = 191, .box_w = 12, .box_h = 16, .ofs_x = 0, .ofs_y = 0}, /* U+00F0 */
    {.bitmap_index = 7968, .adv_w = 218, .box_w = 14, .box_h = 16, .ofs_x = 0, .ofs_y = 0}, /* U+00F1 */
    {.bitmap_index = 8080, .adv_w = 203, .box_w = 13, .box_h = 15, .ofs_x = 0, .ofs_y = 0}, /* U+00F2 */
    {.bitmap_index = 8178, .adv_w = 203, .box_w = 13, .box_h = 15, .ofs_x = 0, .ofs_y = 0}, /* U+00F3 */
    {.bitmap_index = 8276, .adv_w = 203, .box_w = 13, .box_h = 15, .ofs_x = 0, .ofs_y = 0}, /* U+00F4 */
    {.bitmap_index = 8374, .adv_w = 203, .box_w = 13, .box_h = 16, .ofs_x = 0, .ofs_y = 0}, /* U+00F5 */
    {.bitmap_index = 8478, .adv_w = 203, .box_w = 13, .box_h = 15, .ofs_x = 0, .ofs_y = 0}, /* U+00F6 */
    {.bitmap_index = 8576, .adv_w = 186, .box_w = 12, .box_h = 13, .ofs_x = 0, .ofs_y = 0}, /* U+00F7 */
    {.bitmap_index = 8654, .adv_w = 203, .box_w = 13, .box_h = 14, .ofs_x = 0, .ofs_y = -2}, /* U+00F8 */
    {.bitmap_index = 8745, .adv_w = 217, .box_w = 14, .box_h = 15, .ofs_x = 0, .ofs_y = 0}, /* U+00F9 */
    {.bitmap_index = 8850, .adv_w = 217, .box_w = 14, .box_h = 15, .ofs_x = 0, .ofs_y = 0}, /* U+00FA */
    {.bitmap_index = 8955, .adv_w = 217, .box_w = 14, .box_h = 15, .ofs_x = 0, .ofs_y = 0}, /* U+00FB */
    {.bitmap_index = 9060, .adv_w = 217, .box_w = 14, .box_h = 15, .ofs_x = 0, .ofs_y = 0}, /* U+00FC */
    {.bitmap_index = 9165, .adv_w = 179, .box_w = 13, .box_h = 19, .ofs_x = -1, .ofs_y = -4}, /* U+00FD */
    {.bitmap_index = 9289, .adv_w = 218, .box_w = 14, .box_h = 19, .ofs_x = 0, .ofs_y = -4}, /* U+00FE */
    {.bitmap_index = 9422, .adv_w = 179, .box_w = 13, .box_h = 19, .ofs_x = -1, .ofs_y = -4}, /* U+00FF */
    {.bitmap_index = 9546, .adv_w = 360, .box_w = 23, .box_h = 14, .ofs_x = 0, .ofs_y = 0}, /* U+0152 */
    {.bitmap_index = 9707, .adv_w = 342, .box_w = 21, .box_h = 11, .ofs_x = 0, .ofs_y = 0}, /* U+0153 */
    {.bitmap_index = 9823, .adv_w = 255, .box_w = 16, .box_h = 14, .ofs_x = 0, .ofs_y = 0}, /* U+20AC */
};
static const uint16_t font_latin1_20_list[] = {0, 1, 2, 3, 4, 5, 6, 7, 8, 9, 10, 11, 13, 14, 16, 17, 18, 19, 20, 21, 22, 23, 24, 25, 26, 27, 28, 29, 30, 31, 32, 33, 34, 35, 36, 37, 38, 39, 40, 41, 42, 43, 44, 45, 46, 47, 48, 49, 50, 51, 52, 53, 54, 55, 56, 57, 58, 59, 60, 61, 62, 63, 64, 65, 66, 67, 68, 69, 70, 71, 72, 73, 74, 75, 76, 77, 78, 79, 80, 81, 82, 83, 84, 85, 86, 87, 88, 89, 90, 91, 92, 93, 94, 177, 178, 8203};
static const lv_font_fmt_txt_cmap_t font_latin1_20_cmaps[] = {
    {.range_start = 161, .range_length = 8204, .glyph_id_start = 1,
     .unicode_list = font_latin1_20_list, .glyph_id_ofs_list = NULL, .list_length = 96, .type = LV_FONT_FMT_TXT_CMAP_SPARSE_TINY}
};
static lv_font_fmt_txt_glyph_cache_t font_latin1_20_cache;
static const lv_font_fmt_txt_dsc_t font_latin1_20_dsc = {
    .glyph_bitmap = font_latin1_20_bitmap, .glyph_dsc = font_latin1_20_glyphs, .cmaps = font_latin1_20_cmaps, .kern_dsc = NULL,
    .kern_scale = 0, .cmap_num = 1, .bpp = 4, .kern_classes = 0, .bitmap_format = 0, .cache = &font_latin1_20_cache
};
const lv_font_t font_latin1_20 = {
    .get_glyph_dsc = lv_font_get_glyph_dsc_fmt_txt,
    .get_glyph_bitmap = lv_font_get_bitmap_fmt_txt,
    .line_height = 24,
    .base_line = 4,
    .subpx = LV_FONT_SUBPX_NONE,
    .underline_position = -1,
    .underline_thickness = 1,
    .dsc = &font_latin1_20_dsc,
    .fallback = &lv_font_montserrat_20,
};
#endif

#if LV_FONT_MONTSERRAT_28
static LV_ATTRIBUTE_LARGE_CONST const uint8_t font_latin1_28_bitmap[] = {
    0x00, 0x6e, 0xc1, 0x00, 0x00, 0xef, 0xf7, 0x00, 0x00, 0xef, 0xf7, 0x00, 0x00, 0x6e, 0xc1, 0x00,
    0x00, 0x00, 0x00, 0x00, 0x00, 0x00, 0x00, 0x00, 0x00, 0x00, 0x00, 0x00, 0x00, 0x5f, 0xc0, 0x00,
    0x00, 0x6f, 0xd0, 0x00, 0x00, 0x6f, 0xe0, 0x00, 0x00, 0x7f, 0xe0, 0x00, 0x00, 0x7f, 0xf0, 0x00,
    0x00, 0x8f, 0xf1, 0x00, 0x00, 0x8f, 0xf1, 0x00, 0x00, 0x9f, 0xf2, 0x00, 0x00, 0xaf, 0xf2, 0x00,
    0x00, 0xaf, 0xf3, 0x00, 0x00, 0xbf, 0xf4, 0x00, 0x00, 0xbf, 0xf4, 0x00, 0x00, 0xcf, 0xf5, 0x00,
    0x00, 0x00, 0x00, 0x02, 0xfa, 0x00, 0x00, 0x00, 0x00, 0x00, 0x00, 0x02, 0xfa, 0x00, 0x00, 0x00,
    0x00, 0x00, 0x00, 0x02, 0xfa, 0x00, 0x00, 0x00, 0x00, 0x00, 0x00, 0x02, 0xfa, 0x00, 0x00, 0x00,
    0x00, 0x00, 0x05, 0xbe, 0xff, 0xeb, 0x50, 0x00, 0x00, 0x02, 0xcf, 0xff, 0xff, 0xff, 0xfa, 0x10,
    0x00, 0x2e, 0xff, 0xd8, 0xfc, 0x8e, 0xff, 0x90, 0x00, 0xbf, 0xf8, 0x02, 0xfa, 0x01, 0xbe, 0x70,
    0x04, 0xff, 0xa0, 0x02, 0xfa, 0x00, 0x12, 0x00, 0x09, 0xff, 0x30, 0x02, 0xfa, 0x00, 0x00, 0x00,
    0x0b, 0xfe, 0x00, 0x02, 0xfa, 0x00, 0x00, 0x00, 0x0c, 0xfe, 0x00, 0x02, 0xfa, 0x00, 0x00, 0x00,
    0x0b, 0xff, 0x00, 0x02, 0xfa, 0x00, 0x00, 0x00, 0x08, 0xff, 0x40, 0x02, 0xfa, 0x00, 0x00, 0x00,
    0x02, 0xff, 0xc0, 0x02, 0xfa, 0x00, 0x24, 0x00, 0x00, 0x9f, 0xfb, 0x12, 0xfa, 0x02, 0xcf, 0x90,
    0x00, 0x1c, 0xff, 0xfb, 0xfd, 0xaf, 0xff, 0x70, 0x00, 0x00, 0x9f, 0xff, 0xff, 0xff, 0xf6, 0x00,
    0x00, 0x00, 0x02, 0x7b, 0xfe, 0xb7, 0x10, 0x00, 0x00, 0x00, 0x00, 0x02, 0xfa, 0x00, 0x00, 0x00,
    0x00, 0x00, 0x00, 0x02, 0xfa, 0x00, 0x00, 0x00, 0x00, 0x00, 0x00, 0x02, 0xfa, 0x00, 0x00, 0x00,
    0x00, 0x00, 0x00, 0x01, 0x6a, 0xde, 0xfe, 0xc9, 0x30, 0x00, 0x00, 0x00, 0x5e, 0xff, 0xff, 0xff,
    0xff, 0xf7, 0x00, 0x00, 0x06, 0xff, 0xfb, 0x76, 0x67, 0xae, 0xf3, 0x00, 0x00, 0x2f, 0xfe, 0x30,
    0x00, 0x00, 0x00, 0x60, 0x00, 0x00, 0x9f, 0xf4, 0x00, 0x00, 0x00, 0x00, 0x00, 0x00, 0x00, 0xef,
    0xd0, 0x00, 0x00, 0x00, 0x00, 0x00, 0x00, 0x00, 0xff, 0xb0, 0x00, 0x00, 0x00, 0x00, 0x00, 0x00,
    0x02, 0xff, 0xa0, 0x00, 0x00, 0x00, 0x00, 0x00, 0x00, 0x02, 0xff, 0xa0, 0x00, 0x00, 0x00, 0x00,
    0x00, 0x2f, 0xff, 0xff, 0xff, 0xff, 0xff, 0xff, 0x20, 0x00, 0x2f, 0xff, 0xff, 0xff, 0xff, 0xff,
    0xff, 0x20, 0x00, 0x15, 0x56, 0xff, 0xc5, 0x55, 0x55, 0x55, 0x10, 0x00, 0x00, 0x02, 0xff, 0xa0,
    0x00, 0x00, 0x00, 0x00, 0x00, 0x00, 0x02, 0xff, 0xa0, 0x00, 0x00, 0x00, 0x00, 0x00, 0x00, 0x02,
    0xff, 0xa0, 0x00, 0x00, 0x00, 0x00, 0x00, 0x00, 0x02, 0xff, 0xa0, 0x00, 0x00, 0x00, 0x00, 0x00,
    0x00, 0x02, 0xff, 0xa0, 0x00, 0x00, 0x00, 0x00, 0x00, 0x15, 0x56, 0xff, 0xc5, 0x55, 0x55, 0x55,
    0x55, 0x51, 0x2f, 0xff, 0xff, 0xff, 0xff, 0xff, 0xff, 0xff, 0xf4, 0x2f, 0xff, 0xff, 0xff, 0xff,
    0xff, 0xff, 0xff, 0xf4, 0x00, 0x30, 0x00, 0x00, 0x00, 0x00, 0x00, 0x00, 0x13, 0x00, 0x07, 0xf6,
    0x00, 0x00, 0x00, 0x00, 0x00, 0x01, 0xbe, 0x20, 0x0c, 0xff, 0x50, 0x39, 0xdf, 0xec, 0x71, 0x0b,
    0xff, 0x60, 0x01, 0xcf, 0xfa, 0xff, 0xff, 0xff, 0xfe, 0xbf, 0xf7, 0x00, 0x00, 0x1d, 0xff, 0xfd,
    0x86, 0x7a, 0xff, 0xff, 0x80, 0x00, 0x00, 0x08, 0xff, 0x80, 0x00, 0x00, 0x2b, 0xff, 0x20, 0x00,
    0x00, 0x1e, 0xf7, 0x00, 0x00, 0x00, 0x01, 0xcf, 0xa0, 0x00, 0x00, 0x7f, 0xd0, 0x00, 0x00, 0x00,
    0x00, 0x3f, 0xf1, 0x00, 0x00, 0xaf, 0x80, 0x00, 0x00, 0x00, 0x00, 0x0d, 0xf5, 0x00, 0x00, 0xbf,
    0x70, 0x00, 0x00, 0x00, 0x00, 0x0c, 0xf6, 0x00, 0x00, 0xaf, 0x80, 0x00, 0x00, 0x00, 0x00, 0x0d,
    0xf5, 0x00, 0x00, 0x7f, 0xd0, 0x00, 0x00, 0x00, 0x00, 0x3f, 0xf2, 0x00, 0x00, 0x2f, 0xf7, 0x00,
    0x00, 0x00, 0x01, 0xcf, 0xb0, 0x00, 0x00, 0x08, 0xff, 0x80, 0x00, 0x00, 0x2b, 0xff, 0x30, 0x00,
    0x00, 0x1b, 0xff, 0xfd, 0x86, 0x7a, 0xff, 0xff, 0x60, 0x00, 0x00, 0xbf, 0xfb, 0xff, 0xff, 0xff,
    0xfe, 0xdf, 0xf5, 0x00, 0x0a, 0xff, 0x70, 0x39, 0xdf, 0xec, 0x71, 0x1c, 0xff, 0x50, 0x09, 0xf7,
    0x00, 0x00, 0x00, 0x00, 0x00, 0x01, 0xcf, 0x40, 0x00, 0x50, 0x00, 0x00, 0x00, 0x00, 0x00, 0x00,
    0x14, 0x00, 0x0b, 0xff, 0x30, 0x00, 0x00, 0x00, 0x00, 0x00, 0x05, 0xff, 0x80, 0x2e, 0xfd, 0x10,
    0x00, 0x00, 0x00, 0x00, 0x01, 0xef, 0xc0, 0x00, 0x6f, 0xf9, 0x00, 0x00, 0x00, 0x00, 0x00, 0xaf,
    0xf3, 0x00, 0x00, 0xaf, 0xf4, 0x00, 0x00, 0x00, 0x00, 0x6f, 0xf7, 0x00, 0x00, 0x01, 0xef, 0xe1,
    0x00, 0x00, 0x00, 0x2e, 0xfb, 0x00, 0x00, 0x00, 0x04, 0xff, 0xa0, 0x00, 0x00, 0x0c, 0xfe, 0x20,
    0x00, 0x00, 0x00, 0x09, 0xff, 0x60, 0x00, 0x07, 0xff, 0x60, 0x00, 0x00, 0x00, 0x00, 0x1d, 0xfe,
    0x20, 0x03, 0xff, 0xa0, 0x00, 0x00, 0x00, 0x00, 0x00, 0x3f, 0xfb, 0x01, 0xdf, 0xe1, 0x00, 0x00,
    0x00, 0x00, 0x00, 0x00, 0x7f, 0xf7, 0x9f, 0xf4, 0x00, 0x00, 0x00, 0x00, 0x00, 0x00, 0x00, 0xcf,
    0xff, 0xf9, 0x00, 0x00, 0x00, 0x00, 0x00, 0x5d, 0xdd, 0xde, 0xff, 0xff, 0xdd, 0xdd, 0xd2, 0x00,
    0x00, 0x06, 0xff, 0xff, 0xff, 0xff, 0xff, 0xff, 0xff, 0x30, 0x00, 0x00, 0x00, 0x00, 0x00, 0x7f,
    0xf4, 0x00, 0x00, 0x00, 0x00, 0x00, 0x00, 0x00, 0x00, 0x07, 0xff, 0x40, 0x00, 0x00, 0x00, 0x00,
    0x00, 0x6f, 0xff, 0xff, 0xff, 0xff, 0xff, 0xff, 0xf3, 0x00, 0x00, 0x05, 0xdd, 0xdd, 0xde, 0xff,
    0xdd, 0xdd, 0xdd, 0x20, 0x00, 0x00, 0x00, 0x00, 0x00, 0x7f, 0xf4, 0x00, 0x00, 0x00, 0x00, 0x00,
    0x00, 0x00, 0x00, 0x07, 0xff, 0x40, 0x00, 0x00, 0x00, 0x00, 0x00, 0x00, 0x00, 0x00, 0x7f, 0xf4,
    0x00, 0x00, 0x00, 0x00, 0x00, 0x1f, 0xf7, 0x00, 0x00, 0x1f, 0xf7, 0x00, 0x00, 0x1f, 0xf7, 0x00,
    0x00, 0x1f, 0xf7, 0x00, 0x00, 0x1f, 0xf7, 0x00, 0x00, 0x1f, 0xf7, 0x00, 0x00, 0x1f, 0xf7, 0x00,
    0x00, 0x1f, 0xf7, 0x00, 0x00, 0x1f, 0xf7, 0x00, 0x00, 0x1f, 0xf7, 0x00, 0x00, 0x00, 0x00, 0x00,
    0x00, 0x00, 0x00, 0x00, 0x00, 0x00, 0x00, 0x00, 0x00, 0x00, 0x00, 0x00, 0x00, 0x00, 0x00, 0x00,
    0x00, 0x00, 0x00, 0x00, 0x00, 0x1f, 0xf7, 0x00, 0x00, 0x1f, 0xf7, 0x00, 0x00, 0x1f, 0xf7, 0x00,
    0x00, 0x1f, 0xf7, 0x00, 0x00, 0x1f, 0xf7, 0x00, 0x00, 0x1f, 0xf7, 0x00, 0x00, 0x1f, 0xf7, 0x00,
    0x00, 0x1f, 0xf7, 0x00, 0x00, 0x1f, 0xf7, 0x00, 0x00, 0x1f, 0xf7, 0x00, 0x00, 0x00, 0x5a, 0xdf,
    0xed, 0xa5, 0x00, 0x00, 0x1c, 0xff, 0xff, 0xff, 0xff, 0xd1, 0x00, 0xbf, 0xfc, 0x76, 0x68, 0xcf,
    0xd0, 0x03, 0xff, 0x80, 0x00, 0x00, 0x04, 0x50, 0x05, 0xff, 0x10, 0x00, 0x00, 0x00, 0x00, 0x04,
    0xff, 0x40, 0x00, 0x00, 0x00, 0x00, 0x01, 0xef, 0xe7, 0x20, 0x00, 0x00, 0x00, 0x00, 0x4f, 0xff,
    0xfd, 0x94, 0x00, 0x00, 0x00, 0xaf, 0xfe, 0xff, 0xff, 0xe5, 0x00, 0x07, 0xff, 0x50, 0x26, 0xbf,
    0xff, 0x50, 0x0d, 0xf8, 0x00, 0x00, 0x02, 0xdf, 0xc0, 0x0e, 0xf6, 0x00, 0x00, 0x00, 0x6f, 0xf0,
    0x0d, 0xfb, 0x00, 0x00, 0x00, 0x7f, 0xe0, 0x06, 0xff, 0xd7, 0x20, 0x02, 0xdf, 0x90, 0x00, 0x6e,
    0xff, 0xfd, 0xae, 0xfc, 0x10, 0x00, 0x01, 0x59, 0xdf, 0xff, 0xf4, 0x00, 0x00, 0x00, 0x00, 0x02,
    0x7e, 0xfe, 0x10, 0x00, 0x00, 0x00, 0x00, 0x04, 0xff, 0x50, 0x00, 0x00, 0x00, 0x00, 0x01, 0xff,
    0x60, 0x08, 0x71, 0x00, 0x00, 0x06, 0xff, 0x40, 0x1e, 0xfe, 0xa7, 0x67, 0xbf, 0xfd, 0x00, 0x19,
    0xff, 0xff, 0xff, 0xff, 0xd2, 0x00, 0x00, 0x27, 0xbd, 0xfe, 0xc7, 0x10, 0x00, 0x00, 0x00, 0x04,
    0x30, 0x00, 0x44, 0x00, 0x00, 0x00, 0x00, 0x08, 0xff, 0x20, 0x5f, 0xf5, 0x00, 0x00, 0x00, 0x00,
    0x5e, 0xc1, 0x02, 0xdd, 0x30, 0x00, 0x00, 0x00, 0x00, 0x00, 0x00, 0x00, 0x00, 0x00, 0x00, 0x00,
    0x00, 0x00, 0x00, 0x00, 0x00, 0x00, 0x00, 0x00, 0x00, 0x00, 0x00, 0x00, 0x00, 0x00, 0x00, 0x00,
    0x00, 0x00, 0x00, 0x00, 0x00, 0x00, 0x00, 0x00, 0x00, 0x00, 0x00, 0x00, 0x00, 0x00, 0x00, 0x00,
    0x00, 0x00, 0x00, 0x00, 0x00, 0x00, 0x00, 0x00, 0x00, 0x00, 0x00, 0x00, 0x00, 0x00, 0x00, 0x00,
    0x00, 0x00, 0x00, 0x00, 0x00, 0x00, 0x00, 0x00, 0x00, 0x00, 0x00, 0x00, 0x00, 0x00, 0x00, 0x00,
    0x00, 0x00, 0x00, 0x00, 0x00, 0x00, 0x00, 0x00, 0x00, 0x00, 0x00, 0x00, 0x00, 0x00, 0x00, 0x00,
    0x00, 0x00, 0x00, 0x00, 0x00, 0x00, 0x00, 0x00, 0x00, 0x00, 0x00, 0x00, 0x00, 0x00, 0x00, 0x00,
    0x00, 0x00, 0x00, 0x00, 0x00, 0x00, 0x00, 0x00, 0x00, 0x00, 0x00, 0x00, 0x00, 0x00, 0x00, 0x00,
    0x00, 0x00, 0x00, 0x00, 0x00, 0x00, 0x00, 0x00, 0x00, 0x00, 0x00, 0x00, 0x00, 0x00, 0x00, 0x00,
    0x00, 0x00, 0x00, 0x00, 0x00, 0x00, 0x00, 0x00, 0x00, 0x00, 0x04, 0x9c, 0xef, 0xdb, 0x71, 0x00,
    0x00, 0x00, 0x00, 0x00, 0x03, 0xcd, 0x73, 0x10, 0x14, 0x9e, 0x80, 0x00, 0x00, 0x00, 0x00, 0x5e,
    0x70, 0x00, 0x00, 0x00, 0x02, 0xcc, 0x10, 0x00, 0x00, 0x04, 0xf4, 0x00, 0x00, 0x00, 0x00, 0x00,
    0x1b, 0xc0, 0x00, 0x00, 0x1e, 0x60, 0x00, 0x3a, 0xdf, 0xd8, 0x10, 0x01, 0xd8, 0x00, 0x00, 0x9c,
    0x00, 0x07, 0xff, 0xff, 0xff, 0xd3, 0x00, 0x4f, 0x20, 0x01, 0xf5, 0x00, 0x5f, 0xfd, 0x86, 0x8d,
    0xfc, 0x00, 0x0c, 0x80, 0x05, 0xf1, 0x00, 0xdf, 0xa1, 0x00, 0x01, 0x92, 0x00, 0x08, 0xc0, 0x08,
    0xc0, 0x03, 0xff, 0x10, 0x00, 0x00, 0x00, 0x00, 0x05, 0xf0, 0x09, 0xb0, 0x05, 0xfc, 0x00, 0x00,
    0x00, 0x00, 0x00, 0x03, 0xf1, 0x09, 0xa0, 0x05, 0xfc, 0x00, 0x00, 0x00, 0x00, 0x00, 0x04, 0xf1,
    0x08, 0xc0, 0x03, 0xff, 0x10, 0x00, 0x00, 0x00, 0x00, 0x05, 0xe0, 0x05, 0xf1, 0x00, 0xdf, 0xa1,
    0x00, 0x01, 0x92, 0x00, 0x09, 0xb0, 0x01, 0xf5, 0x00, 0x5f, 0xfd, 0x86, 0x8d, 0xfc, 0x00, 0x0d,
    0x70, 0x00, 0x9c, 0x00, 0x07, 0xff, 0xff, 0xff, 0xe3, 0x00, 0x5e, 0x10, 0x00, 0x2e, 0x60, 0x00,
    0x3a, 0xdf, 0xd9, 0x20, 0x01, 0xd7, 0x00, 0x00, 0x05, 0xe4, 0x00, 0x00, 0x00, 0x00, 0x00, 0x1c,
    0xb0, 0x00, 0x00, 0x00, 0x6e, 0x70, 0x00, 0x00, 0x00, 0x03, 0xdb, 0x10, 0x00, 0x00, 0x00, 0x03,
    0xcd, 0x73, 0x10, 0x25, 0xae, 0x70, 0x00, 0x00, 0x00, 0x00, 0x00, 0x04, 0x9d, 0xef, 0xdb, 0x61,
    0x00, 0x00, 0x00, 0x00, 0x4a, 0xee, 0xd8, 0x10, 0x00, 0x7f, 0xfe, 0xef, 0xfc, 0x00, 0x02, 0x82,
    0x00, 0x2d, 0xf4, 0x00, 0x00, 0x00, 0x00, 0x7f, 0x70, 0x00, 0x8d, 0xef, 0xff, 0xf7, 0x00, 0x8f,
    0x93, 0x33, 0x8f, 0x70, 0x0d, 0xe0, 0x00, 0x08, 0xf7, 0x00, 0xdf, 0x61, 0x16, 0xef, 0x70, 0x07,
    0xff, 0xff, 0xfb, 0xf7, 0x00, 0x05, 0xbc, 0xb5, 0x4d, 0x60, 0x00, 0x00, 0x00, 0x00, 0x00, 0x00,
    0x00, 0x00, 0x00, 0x00, 0x00, 0x00, 0x00, 0x00, 0x00, 0x00, 0x00, 0x00, 0x00, 0x00, 0x00, 0x00,
    0x00, 0x00, 0x00, 0x00, 0x00, 0x00, 0x00, 0x00, 0x00, 0x00, 0x00, 0x00, 0x00, 0x00, 0x00, 0x00,
    0x00, 0x00, 0x00, 0x00, 0x00, 0x00, 0x00, 0x00, 0x00, 0x00, 0x00, 0x00, 0x00, 0x00, 0x00, 0x00,
    0x00, 0x00, 0x00, 0x00, 0x00, 0x00, 0x00, 0x00, 0x00, 0x2e, 0xf6, 0x00, 0xaf, 0xc0, 0x00, 0x00,
    0xbf, 0xb0, 0x06, 0xfe, 0x20, 0x00, 0x07, 0xfe, 0x10, 0x2e, 0xf6, 0x00, 0x00, 0x3f, 0xf5, 0x00,
    0xcf, 0xa0, 0x00, 0x01, 0xdf, 0x90, 0x09, 0xfe, 0x10, 0x00, 0x08, 0xff, 0x10, 0x2f, 0xf6, 0x00,
    0x00, 0x02, 0xef, 0x80, 0x0a, 0xfd, 0x10, 0x00, 0x00, 0x4f, 0xf4, 0x01, 0xdf, 0x90, 0x00, 0x00,
    0x08, 0xfd, 0x10, 0x3f, 0xf5, 0x00, 0x00, 0x00, 0xcf, 0xa0, 0x06, 0xfe, 0x20, 0x00, 0x00, 0x2e,
    0xf6, 0x00, 0xaf, 0xc0, 0x00, 0x00, 0x00, 0x00, 0x00, 0x00, 0x00, 0x00, 0x00, 0x00, 0x00, 0x00,
    0x00, 0x00, 0x01, 0x55, 0x55, 0x55, 0x55, 0x55, 0x55, 0x20, 0x02, 0xff, 0xff, 0xff, 0xff, 0xff,
    0xff, 0x60, 0x02, 0xff, 0xff, 0xff, 0xff, 0xff, 0xff, 0x60, 0x00, 0x00, 0x00, 0x00, 0x00, 0x00,
    0xef, 0x60, 0x00, 0x00, 0x00, 0x00, 0x00, 0x00, 0xef, 0x60, 0x00, 0x00, 0x00, 0x00, 0x00, 0x00,
    0xef, 0x60, 0x00, 0x00, 0x00, 0x00, 0x00, 0x00, 0xef, 0x60, 0x00, 0x00, 0x00, 0x00, 0x00, 0x00,
    0xef, 0x60, 0x00, 0x00, 0x00, 0x00, 0x00, 0x00, 0x00, 0x00, 0x00, 0x00, 0x00, 0x00, 0x00, 0x00,
    0x00, 0x00, 0x00, 0x00, 0x00, 0x00, 0x00, 0x00, 0x00, 0x00, 0x00, 0x00, 0x00, 0x00, 0x00, 0x00,
    0x00, 0x00, 0x00, 0x00, 0x00, 0x04, 0x9c, 0xef, 0xdb, 0x71, 0x00, 0x00, 0x00, 0x00, 0x00, 0x03,
    0xcd, 0x73, 0x10, 0x14, 0x9e, 0x80, 0x00, 0x00, 0x00, 0x00, 0x5e, 0x70, 0x00, 0x00, 0x00, 0x02,
    0xcc, 0x10, 0x00, 0x00, 0x04, 0xf4, 0x00, 0x00, 0x00, 0x00, 0x00, 0x1b, 0xc0, 0x00, 0x00, 0x1e,
    0x60, 0x0a, 0xdd, 0xdd, 0xc9, 0x30, 0x01, 0xd8, 0x00, 0x00, 0x9c, 0x00, 0x0b, 0xff, 0xff, 0xff,
    0xf5, 0x00, 0x4f, 0x20, 0x01, 0xf5, 0x00, 0x0b, 0xf2, 0x00, 0x28, 0xfe, 0x00, 0x0c, 0x80, 0x05,
    0xf1, 0x00, 0x0b, 0xf2, 0x00, 0x00, 0xbf, 0x30, 0x08, 0xc0, 0x08, 0xc0, 0x00, 0x0b, 0xf2, 0x00,
    0x00, 0xaf, 0x30, 0x05, 0xf0, 0x09, 0xb0, 0x00, 0x0b, 0xf2, 0x00, 0x05, 0xfe, 0x10, 0x03, 0xf1,
    0x09, 0xa0, 0x00, 0x0b, 0xfd, 0xdd, 0xef, 0xf6, 0x00, 0x04, 0xf1, 0x08, 0xc0, 0x00, 0x0b, 0xff,
    0xff, 0xff, 0x50, 0x00, 0x05, 0xe0, 0x05, 0xf1, 0x00, 0x0b, 0xf2, 0x00, 0x7f, 0x70, 0x00, 0x09,
    0xb0, 0x01, 0xf5, 0x00, 0x0b, 0xf2, 0x00, 0x0d, 0xe2, 0x00, 0x0d, 0x70, 0x00, 0x9c, 0x00, 0x0b,
    0xf2, 0x00, 0x04, 0xfa, 0x00, 0x5e, 0x10, 0x00, 0x2e, 0x60, 0x09, 0xc2, 0x00, 0x00, 0x9c, 0x31,
    0xd7, 0x00, 0x00, 0x05, 0xe4, 0x00, 0x00, 0x00, 0x00, 0x00, 0x1c, 0xb0, 0x00, 0x00, 0x00, 0x6e,
    0x70, 0x00, 0x00, 0x00, 0x03, 0xdb, 0x10, 0x00, 0x00, 0x00, 0x03, 0xcd, 0x73, 0x10, 0x25, 0xae,
    0x70, 0x00, 0x00, 0x00, 0x00, 0x00, 0x04, 0x9d, 0xef, 0xdb, 0x61, 0x00, 0x00, 0x00, 0x00, 0x02,
    0xdd, 0xdd, 0xdd, 0xdd, 0xc0, 0x00, 0x00, 0x00, 0x2f, 0xff, 0xff, 0xff, 0xff, 0x00, 0x00, 0x00,
    0x00, 0x00, 0x00, 0x00, 0x00, 0x00, 0x00, 0x00, 0x00, 0x00, 0x00, 0x00, 0x00, 0x00, 0x00, 0x00,
    0x00, 0x00, 0x00, 0x00, 0x00, 0x00, 0x00, 0x00, 0x00, 0x00, 0x00, 0x00, 0x00, 0x00, 0x00, 0x00,
    0x00, 0x00, 0x00, 0x00, 0x00, 0x00, 0x00, 0x00, 0x00, 0x00, 0x00, 0x00, 0x00, 0x00, 0x00, 0x00,
    0x00, 0x00, 0x00, 0x00, 0x00, 0x00, 0x00, 0x00, 0x00, 0x00, 0x00, 0x00, 0x00, 0x00, 0x00, 0x00,
    0x00, 0x00, 0x00, 0x00, 0x00, 0x00, 0x00, 0x00, 0x00, 0x00, 0x00, 0x00, 0x00, 0x00, 0x00, 0x00,
    0x00, 0x00, 0x00, 0x00, 0x00, 0x00, 0x00, 0x00, 0x00, 0x00, 0x00, 0x00, 0x00, 0x00, 0x00, 0x00,
    0x00, 0x00, 0x00, 0x00, 0x00, 0x00, 0x00, 0x00, 0x00, 0x00, 0x00, 0x00, 0x00, 0x00, 0x00, 0x00,
    0x00, 0x00, 0x00, 0x00, 0x00, 0x00, 0x00, 0x00, 0x00, 0x00, 0x00, 0x00, 0x00, 0x00, 0x00, 0x00,
    0x00, 0x00, 0x00, 0x00, 0x00, 0x00, 0x00, 0x00, 0x00, 0x00, 0x00, 0x00, 0x00, 0x00, 0x00, 0x00,
    0x00, 0x00, 0x00, 0x00, 0x00, 0x00, 0x00, 0x00, 0x00, 0x00, 0x00, 0x0f, 0xf5, 0x00, 0x00, 0x00,
    0x00, 0x00, 0x00, 0x0f, 0xf5, 0x00, 0x00, 0x00, 0x00, 0x00, 0x00, 0x0f, 0xf5, 0x00, 0x00, 0x00,
    0x00, 0x00, 0x00, 0x0f, 0xf5, 0x00, 0x00, 0x00, 0x01, 0x55, 0x55, 0x6f, 0xf9, 0x55, 0x55, 0x20,
    0x02, 0xff, 0xff, 0xff, 0xff, 0xff, 0xff, 0x60, 0x02, 0xff, 0xff, 0xff, 0xff, 0xff, 0xff, 0x60,
    0x00, 0x00, 0x00, 0x0f, 0xf5, 0x00, 0x00, 0x00, 0x00, 0x00, 0x00, 0x0f, 0xf5, 0x00, 0x00, 0x00,
    0x00, 0x00, 0x00, 0x0f, 0xf5, 0x00, 0x00, 0x00, 0x00, 0x00, 0x00, 0x0f, 0xf5, 0x00, 0x00, 0x00,
    0x00, 0x00, 0x00, 0x0f, 0xf5, 0x00, 0x00, 0x00, 0x00, 0x00, 0x00, 0x00, 0x00, 0x00, 0x00, 0x00,
    0x00, 0x00, 0x00, 0x00, 0x00, 0x00, 0x00, 0x00, 0x01, 0x55, 0x55, 0x55, 0x55, 0x55, 0x55, 0x20,
    0x02, 0xff, 0xff, 0xff, 0xff, 0xff, 0xff, 0x60, 0x02, 0xff, 0xff, 0xff, 0xff, 0xff, 0xff, 0x60,
    0x00, 0x28, 0xbc, 0xc9, 0x30, 0x00, 0x07, 0xff, 0xff, 0xff, 0xf5, 0x00, 0x1c, 0xd5, 0x10, 0x29,
    0xfe, 0x00, 0x00, 0x10, 0x00, 0x00, 0xef, 0x10, 0x00, 0x00, 0x00, 0x02, 0xfd, 0x00, 0x00, 0x00,
    0x00, 0x1c, 0xf5, 0x00, 0x00, 0x00, 0x02, 0xcf, 0x60, 0x00, 0x00, 0x00, 0x3d, 0xf5, 0x00, 0x00,
    0x00, 0x05, 0xee, 0x30, 0x00, 0x00, 0x00, 0x7f, 0xd2, 0x00, 0x00, 0x00, 0x08, 0xff, 0xdd, 0xdd,
    0xdd, 0x80, 0x0b, 0xff, 0xff, 0xff, 0xff, 0xa0, 0x00, 0x00, 0x00, 0x00, 0x00, 0x00, 0x00, 0x00,
    0x00, 0x00, 0x00, 0x00, 0x00, 0x00, 0x00, 0x00, 0x00, 0x00, 0x00, 0x00, 0x00, 0x00, 0x00, 0x00,
    0x00, 0x00, 0x00, 0x00, 0x00, 0x00, 0x00, 0x00, 0x00, 0x00, 0x00, 0x00, 0x00, 0x00, 0x00, 0x00,
    0x00, 0x00, 0x00, 0x00, 0x00, 0x00, 0x00, 0x00, 0x00, 0x00, 0x00, 0x00, 0x00, 0x00, 0x0b, 0xdd,
    0xdd, 0xdd, 0xdd, 0x10, 0x0d, 0xff, 0xff, 0xff, 0xfe, 0x10, 0x00, 0x00, 0x00, 0x1c, 0xf4, 0x00,
    0x00, 0x00, 0x01, 0xcf, 0x50, 0x00, 0x00, 0x00, 0x1c, 0xf5, 0x00, 0x00, 0x00, 0x00, 0x8f, 0xfb,
    0x71, 0x00, 0x00, 0x00, 0x48, 0x9c, 0xfd, 0x10, 0x00, 0x00, 0x00, 0x00, 0x9f, 0x70, 0x00, 0x00,
    0x00, 0x00, 0x6f, 0xa0, 0x0a, 0x72, 0x00, 0x03, 0xcf, 0x70, 0x1e, 0xff, 0xed, 0xef, 0xfc, 0x10,
    0x01, 0x7b, 0xef, 0xec, 0x71, 0x00, 0x00, 0x00, 0x00, 0x00, 0x00, 0x00, 0x00, 0x00, 0x00, 0x00,
    0x00, 0x00, 0x00, 0x00, 0x00, 0x00, 0x00, 0x00, 0x00, 0x00, 0x00, 0x00, 0x00, 0x00, 0x00, 0x00,
    0x00, 0x00, 0x00, 0x00, 0x00, 0x00, 0x00, 0x00, 0x00, 0x00, 0x00, 0x00, 0x00, 0x00, 0x00, 0x00,
    0x00, 0x00, 0x00, 0x00, 0x00, 0x00, 0x00, 0x00, 0x00, 0x00, 0x00, 0x00, 0x00, 0x00, 0x00, 0x00,
    0x01, 0x78, 0x72, 0x00, 0x00, 0x00, 0x00, 0x00, 0x02, 0xdf, 0xe4, 0x00, 0x00, 0x00, 0x00, 0x00,
    0x03, 0xdf, 0xb1, 0x00, 0x00, 0x00, 0x00, 0x00, 0x03, 0xef, 0x70, 0x00, 0x00, 0x00, 0x00, 0x00,
    0x00, 0x00, 0x00, 0x00, 0x00, 0x00, 0x00, 0x00, 0x00, 0x00, 0x00, 0x00, 0x00, 0x00, 0x00, 0x00,
    0x00, 0x00, 0x00, 0x00, 0x00, 0x00, 0x00, 0x00, 0x00, 0x00, 0x00, 0x00, 0x00, 0x00, 0x00, 0x00,
    0x00, 0x00, 0x00, 0x00, 0x00, 0x00, 0x00, 0x00, 0x00, 0x00, 0x00, 0x00, 0x00, 0x00, 0x00, 0x00,
    0x00, 0x00, 0x00, 0x00, 0x00, 0x00, 0x00, 0x00, 0x00, 0x00, 0x00, 0x00, 0x00, 0x00, 0x00, 0x00,
    0x00, 0x00, 0x00, 0x00, 0x00, 0x00, 0x00, 0x00, 0x00, 0x00, 0x00, 0x00, 0x00, 0x00, 0x00, 0x00,
    0x00, 0x00, 0x00, 0x00, 0x00, 0x00, 0x00, 0x00, 0x00, 0x00, 0x00, 0x00, 0x00, 0x00, 0x00, 0x00,
    0x00, 0x00, 0x00, 0x00, 0x00, 0x00, 0x00, 0x00, 0x00, 0x00, 0x00, 0x00, 0x00, 0x00, 0x00, 0x00,
    0x00, 0x00, 0x00, 0x00, 0x00, 0x00, 0x00, 0x00, 0x00, 0x00, 0x00, 0x00, 0x00, 0x00, 0x00, 0x00,
    0x00, 0x00, 0x00, 0x00, 0x00, 0x00, 0x00, 0x00, 0x00, 0x00, 0x00, 0x00, 0x00, 0x00, 0x00, 0x00,
    0x7f, 0xf4, 0x00, 0x00, 0x00, 0x03, 0xff, 0x80, 0x00, 0x07, 0xff, 0x40, 0x00, 0x00, 0x00, 0x3f,
    0xf8, 0x00, 0x00, 0x7f, 0xf4, 0x00, 0x00, 0x00, 0x03, 0xff, 0x80, 0x00, 0x07, 0xff, 0x40, 0x00,
    0x00, 0x00, 0x3f, 0xf8, 0x00, 0x00, 0x7f, 0xf4, 0x00, 0x00, 0x00, 0x03, 0xff, 0x80, 0x00, 0x07,
    0xff, 0x40, 0x00, 0x00, 0x00, 0x3f, 0xf8, 0x00, 0x00, 0x7f, 0xf4, 0x00, 0x00, 0x00, 0x03, 0xff,
    0x80, 0x00, 0x07, 0xff, 0x40, 0x00, 0x00, 0x00, 0x3f, 0xf8, 0x00, 0x00, 0x7f, 0xf4, 0x00, 0x00,
    0x00, 0x03, 0xff, 0x80, 0x00, 0x07, 0xff, 0x50, 0x00, 0x00, 0x00, 0x6f, 0xf8, 0x00, 0x00, 0x7f,
    0xf9, 0x00, 0x00, 0x00, 0x0b, 0xff, 0x80, 0x00, 0x07, 0xff, 0xe3, 0x00, 0x00, 0x06, 0xff, 0xf8,
    0x00, 0x00, 0x7f, 0xff, 0xe7, 0x33, 0x5a, 0xff, 0xff, 0x80, 0x00, 0x07, 0xff, 0xdf, 0xff, 0xff,
    0xff, 0x5f, 0xf8, 0x00, 0x00, 0x7f, 0xf4, 0x6c, 0xef, 0xd9, 0x20, 0xff, 0x80, 0x00, 0x07, 0xff,
    0x40, 0x00, 0x00, 0x00, 0x00, 0x00, 0x00, 0x00, 0x7f, 0xf4, 0x00, 0x00, 0x00, 0x00, 0x00, 0x00,
    0x00, 0x07, 0xff, 0x40, 0x00, 0x00, 0x00, 0x00, 0x00, 0x00, 0x00, 0x7f, 0xf4, 0x00, 0x00, 0x00,
    0x00, 0x00, 0x00, 0x00, 0x07, 0xff, 0x40, 0x00, 0x00, 0x00, 0x00, 0x00, 0x00, 0x00, 0x05, 0xbe,
    0xff, 0xff, 0xff, 0xff, 0xf3, 0x00, 0x01, 0xcf, 0xff, 0xff, 0xff, 0xff, 0xff, 0xf3, 0x00, 0x0b,
    0xff, 0xff, 0xff, 0xb5, 0x55, 0x6f, 0xf3, 0x00, 0x3f, 0xff, 0xff, 0xff, 0x90, 0x00, 0x0f, 0xf3,
    0x00, 0x6f, 0xff, 0xff, 0xff, 0x90, 0x00, 0x0f, 0xf3, 0x00, 0x6f, 0xff, 0xff, 0xff, 0x90, 0x00,
    0x0f, 0xf3, 0x00, 0x4f, 0xff, 0xff, 0xff, 0x90, 0x00, 0x0f, 0xf3, 0x00, 0x0d, 0xff, 0xff, 0xff,
    0x90, 0x00, 0x0f, 0xf3, 0x00, 0x03, 0xef, 0xff, 0xff, 0x90, 0x00, 0x0f, 0xf3, 0x00, 0x00, 0x2b,
    0xff, 0xff, 0x90, 0x00, 0x0f, 0xf3, 0x00, 0x00, 0x00, 0x13, 0xbf, 0x90, 0x00, 0x0f, 0xf3, 0x00,
    0x00, 0x00, 0x00, 0xaf, 0x90, 0x00, 0x0f, 0xf3, 0x00, 0x00, 0x00, 0x00, 0xaf, 0x90, 0x00, 0x0f,
    0xf3, 0x00, 0x00, 0x00, 0x00, 0xaf, 0x90, 0x00, 0x0f, 0xf3, 0x00, 0x00, 0x00, 0x00, 0xaf, 0x90,
    0x00, 0x0f, 0xf3, 0x00, 0x00, 0x00, 0x00, 0xaf, 0x90, 0x00, 0x0f, 0xf3, 0x00, 0x00, 0x00, 0x00,
    0xaf, 0x90, 0x00, 0x0f, 0xf3, 0x00, 0x00, 0x00, 0x00, 0xaf, 0x90, 0x00, 0x0f, 0xf3, 0x00, 0x00,
    0x00, 0x00, 0xaf, 0x90, 0x00, 0x0f, 0xf3, 0x00, 0x00, 0x00, 0x00, 0xaf, 0x90, 0x00, 0x0f, 0xf3,
    0x00, 0x00, 0x00, 0x00, 0xaf, 0x90, 0x00, 0x0f, 0xf3, 0x00, 0x00, 0x00, 0x00, 0xaf, 0x90, 0x00,
    0x0f, 0xf3, 0x00, 0x00, 0x00, 0x00, 0xaf, 0x90, 0x00, 0x0f, 0xf3, 0x00, 0x00, 0x00, 0x00, 0x8d,
    0x80, 0x00, 0x0d, 0xd3, 0x00, 0x00, 0x7e, 0xc1, 0x00, 0x1f, 0xff, 0x80, 0x01, 0xff, 0xf8, 0x00,
    0x07, 0xec, 0x10, 0x00, 0x00, 0x00, 0x00, 0x00, 0x00, 0x00, 0x00, 0x00, 0x00, 0x00, 0x00, 0x00,
    0x00, 0x00, 0x00, 0x00, 0x00, 0x00, 0x00, 0x00, 0x00, 0x00, 0x00, 0x02, 0x51, 0x00, 0x00, 0x00,
    0x00, 0x00, 0x00, 0x00, 0xad, 0x00, 0x00, 0x00, 0x00, 0x00, 0x00, 0x00, 0x0e, 0xfc, 0x30, 0x00,
    0x00, 0x00, 0x00, 0x00, 0x00, 0x02, 0xee, 0x00, 0x00, 0x00, 0x00, 0x00, 0x01, 0x10, 0x1d, 0xf2,
    0x00, 0x00, 0x00, 0x00, 0x00, 0x8f, 0xde, 0xfd, 0x00, 0x00, 0x00, 0x00, 0x00, 0x05, 0xce, 0xea,
    0x20, 0x00, 0x00, 0x00, 0x00, 0x7d, 0xdd, 0xd6, 0x00, 0x00, 0x00, 0x8f, 0xff, 0xf8, 0x00, 0x00,
    0x00, 0x00, 0x07, 0xf8, 0x00, 0x00, 0x00, 0x00, 0x07, 0xf8, 0x00, 0x00, 0x00, 0x00, 0x07, 0xf8,
    0x00, 0x00, 0x00, 0x00, 0x07, 0xf8, 0x00, 0x00, 0x00, 0x00, 0x07, 0xf8, 0x00, 0x00, 0x00, 0x00,
    0x07, 0xf8, 0x00, 0x00, 0x00, 0x00, 0x07, 0xf8, 0x00, 0x00, 0x00, 0x00, 0x07, 0xf8, 0x00, 0x00,
    0x00, 0x9d, 0xde, 0xfe, 0xdd, 0x50, 0x00, 0xbf, 0xff, 0xff, 0xff, 0x50, 0x00, 0x00, 0x00, 0x00,
    0x00, 0x00, 0x00, 0x00, 0x00, 0x00, 0x00, 0x00, 0x00, 0x00, 0x00, 0x00, 0x00, 0x00, 0x00, 0x00,
    0x00, 0x00, 0x00, 0x00, 0x00, 0x00, 0x00, 0x00, 0x00, 0x00, 0x00, 0x00, 0x00, 0x00, 0x00, 0x00,
    0x00, 0x00, 0x00, 0x00, 0x00, 0x00, 0x00, 0x00, 0x00, 0x00, 0x00, 0x00, 0x00, 0x00, 0x00, 0x00,
    0x00, 0x00, 0x00, 0x07, 0xce, 0xeb, 0x40, 0x00, 0x00, 0xbf, 0xfe, 0xef, 0xf7, 0x00, 0x07, 0xfc,
    0x30, 0x05, 0xef, 0x30, 0x0d, 0xf2, 0x00, 0x00, 0x6f, 0x90, 0x1f, 0xd0, 0x00, 0x00, 0x2f, 0xb0,
    0x1f, 0xd0, 0x00, 0x00, 0x2f, 0xb0, 0x0d, 0xf3, 0x00, 0x00, 0x8f, 0x80, 0x06, 0xfd, 0x51, 0x27,
    0xff, 0x20, 0x00, 0x9f, 0xff, 0xff, 0xf5, 0x00, 0x00, 0x04, 0xac, 0xc9, 0x20, 0x00, 0x00, 0x00,
    0x00, 0x00, 0x00, 0x00, 0x00, 0x00, 0x00, 0x00, 0x00, 0x00, 0x00, 0x00, 0x00, 0x00, 0x00, 0x00,
    0x00, 0x00, 0x00, 0x00, 0x00, 0x00, 0x00, 0x00, 0x00, 0x00, 0x00, 0x00, 0x00, 0x00, 0x00, 0x00,
    0x00, 0x00, 0x00, 0x00, 0x00, 0x00, 0x00, 0x00, 0x00, 0x00, 0x00, 0x00, 0x00, 0x00, 0x00, 0x00,
    0x00, 0x00, 0x00, 0x00, 0x00, 0x00, 0x00, 0x00, 0x00, 0x00, 0x00, 0x00, 0x00, 0x00, 0x00, 0x00,
    0x0a, 0xfc, 0x00, 0x5f, 0xf3, 0x00, 0x00, 0x01, 0xef, 0x80, 0x09, 0xfd, 0x10, 0x00, 0x00, 0x4f,
    0xf4, 0x01, 0xdf, 0x90, 0x00, 0x00, 0x09, 0xfd, 0x10, 0x3f, 0xf5, 0x00, 0x00, 0x00, 0xcf, 0xa0,
    0x07, 0xfe, 0x20, 0x00, 0x00, 0x4f, 0xf4, 0x00, 0xdf, 0xa0, 0x00, 0x00, 0xbf, 0xb0, 0x06, 0xff,
    0x30, 0x00, 0x07, 0xfe, 0x20, 0x2e, 0xf6, 0x00, 0x00, 0x4f, 0xf4, 0x00, 0xcf, 0xa0, 0x00, 0x01,
    0xdf, 0x80, 0x09, 0xfd, 0x10, 0x00, 0x0a, 0xfc, 0x00, 0x5f, 0xf3, 0x00, 0x00, 0x00, 0x00, 0x00,
    0x00, 0x00, 0x00, 0x00, 0x00, 0x00, 0x00, 0x00, 0x00, 0x00, 0x00, 0x00, 0x7d, 0xdd, 0xd6, 0x00,
    0x00, 0x00, 0x00, 0x00, 0x04, 0xfd, 0x10, 0x00, 0x00, 0x00, 0x08, 0xff, 0xff, 0x80, 0x00, 0x00,
    0x00, 0x00, 0x01, 0xdf, 0x40, 0x00, 0x00, 0x00, 0x00, 0x00, 0x07, 0xf8, 0x00, 0x00, 0x00, 0x00,
    0x00, 0x8f, 0x80, 0x00, 0x00, 0x00, 0x00, 0x00, 0x00, 0x7f, 0x80, 0x00, 0x00, 0x00, 0x00, 0x4f,
    0xd1, 0x00, 0x00, 0x00, 0x00, 0x00, 0x00, 0x07, 0xf8, 0x00, 0x00, 0x00, 0x00, 0x1d, 0xf4, 0x00,
    0x00, 0x00, 0x00, 0x00, 0x00, 0x00, 0x7f, 0x80, 0x00, 0x00, 0x00, 0x09, 0xf8, 0x00, 0x00, 0x00,
    0x00, 0x00, 0x00, 0x00, 0x07, 0xf8, 0x00, 0x00, 0x00, 0x04, 0xfd, 0x10, 0x00, 0x00, 0x00, 0x00,
    0x00, 0x00, 0x00, 0x7f, 0x80, 0x00, 0x00, 0x01, 0xdf, 0x30, 0x00, 0x00, 0x00, 0x00, 0x00, 0x00,
    0x00, 0x07, 0xf8, 0x00, 0x00, 0x00, 0x9f, 0x80, 0x00, 0x00, 0x17, 0x71, 0x00, 0x00, 0x00, 0x00,
    0x7f, 0x80, 0x00, 0x00, 0x4f, 0xd0, 0x00, 0x00, 0x09, 0xf8, 0x00, 0x00, 0x00, 0x9d, 0xde, 0xfe,
    0xdd, 0x50, 0x1d, 0xf3, 0x00, 0x00, 0x06, 0xfb, 0x00, 0x00, 0x00, 0x0b, 0xff, 0xff, 0xff, 0xf5,
    0x09, 0xf8, 0x00, 0x00, 0x03, 0xfd, 0x10, 0x00, 0x00, 0x00, 0x00, 0x00, 0x00, 0x00, 0x04, 0xfd,
    0x00, 0x00, 0x01, 0xdf, 0x30, 0x00, 0x00, 0x00, 0x00, 0x00, 0x00, 0x00, 0x01, 0xdf, 0x30, 0x00,
    0x00, 0xbf, 0x60, 0x06, 0x70, 0x00, 0x00, 0x00, 0x00, 0x00, 0x00, 0x9f, 0x80, 0x00, 0x00, 0x8f,
    0x90, 0x00, 0xde, 0x00, 0x00, 0x00, 0x00, 0x00, 0x00, 0x4f, 0xd0, 0x00, 0x00, 0x5f, 0xfa, 0x99,
    0x9e, 0xf9, 0x92, 0x00, 0x00, 0x00, 0x00, 0x1d, 0xf3, 0x00, 0x00, 0x07, 0xff, 0xff, 0xff, 0xff,
    0xff, 0x30, 0x00, 0x00, 0x00, 0x09, 0xf8, 0x00, 0x00, 0x00, 0x00, 0x00, 0x00, 0x0f, 0xe0, 0x00,
    0x00, 0x00, 0x00, 0x04, 0xfd, 0x00, 0x00, 0x00, 0x00, 0x00, 0x00, 0x00, 0xfe, 0x00, 0x00, 0x00,
    0x00, 0x01, 0xdf, 0x30, 0x00, 0x00, 0x00, 0x00, 0x00, 0x00, 0x0f, 0xe0, 0x00, 0x00, 0x7d, 0xdd,
    0xd6, 0x00, 0x00, 0x00, 0x00, 0x00, 0x04, 0xfd, 0x10, 0x00, 0x00, 0x00, 0x08, 0xff, 0xff, 0x80,
    0x00, 0x00, 0x00, 0x00, 0x01, 0xdf, 0x40, 0x00, 0x00, 0x00, 0x00, 0x00, 0x07, 0xf8, 0x00, 0x00,
    0x00, 0x00, 0x00, 0x8f, 0x80, 0x00, 0x00, 0x00, 0x00, 0x00, 0x00, 0x7f, 0x80, 0x00, 0x00, 0x00,
    0x00, 0x4f, 0xd1, 0x00, 0x00, 0x00, 0x00, 0x00, 0x00, 0x07, 0xf8, 0x00, 0x00, 0x00, 0x00, 0x1d,
    0xf4, 0x00, 0x00, 0x00, 0x00, 0x00, 0x00, 0x00, 0x7f, 0x80, 0x00, 0x00, 0x00, 0x09, 0xf8, 0x00,
    0x00, 0x00, 0x00, 0x00, 0x00, 0x00, 0x07, 0xf8, 0x00, 0x00, 0x00, 0x04, 0xfd, 0x10, 0x00, 0x00,
    0x00, 0x00, 0x00, 0x00, 0x00, 0x7f, 0x80, 0x00, 0x00, 0x01, 0xdf, 0x30, 0x00, 0x00, 0x00, 0x00,
    0x00, 0x00, 0x00, 0x07, 0xf8, 0x00, 0x00, 0x00, 0x9f, 0x80, 0x03, 0x9b, 0xcb, 0x82, 0x00, 0x00,
    0x00, 0x00, 0x7f, 0x80, 0x00, 0x00, 0x4f, 0xd0, 0x08, 0xff, 0xff, 0xff, 0xe4, 0x00, 0x00, 0x9d,
    0xde, 0xfe, 0xdd, 0x50, 0x1d, 0xf3, 0x01, 0xdd, 0x51, 0x02, 0xaf, 0xd0, 0x00, 0x0b, 0xff, 0xff,
    0xff, 0xf5, 0x09, 0xf8, 0x00, 0x01, 0x10, 0x00, 0x01, 0xff, 0x00, 0x00, 0x00, 0x00, 0x00, 0x00,
    0x04, 0xfd, 0x00, 0x00, 0x00, 0x00, 0x00, 0x3f, 0xc0, 0x00, 0x00, 0x00, 0x00, 0x00, 0x01, 0xdf,
    0x30, 0x00, 0x00, 0x00, 0x00, 0x1d, 0xf4, 0x00, 0x00, 0x00, 0x00, 0x00, 0x00, 0x9f, 0x80, 0x00,
    0x00, 0x00, 0x00, 0x2d, 0xf5, 0x00, 0x00, 0x00, 0x00, 0x00, 0x00, 0x4f, 0xd0, 0x00, 0x00, 0x00,
    0x00, 0x4e, 0xe4, 0x00, 0x00, 0x00, 0x00, 0x00, 0x00, 0x1d, 0xf3, 0x00, 0x00, 0x00, 0x00, 0x6f,
    0xd3, 0x00, 0x00, 0x00, 0x00, 0x00, 0x00, 0x09, 0xf8, 0x00, 0x00, 0x00, 0x00, 0x8f, 0xc1, 0x00,
    0x00, 0x00, 0x00, 0x00, 0x00, 0x04, 0xfd, 0x00, 0x00, 0x00, 0x00, 0x9f, 0xfd, 0xdd, 0xdd, 0xd7,
    0x00, 0x00, 0x00, 0x01, 0xdf, 0x30, 0x00, 0x00, 0x00, 0x0c, 0xff, 0xff, 0xff, 0xff, 0x80, 0x0b,
    0xdd, 0xdd, 0xdd, 0xdd, 0x10, 0x00, 0x00, 0x00, 0x04, 0xfd, 0x10, 0x00, 0x00, 0x00, 0xdf, 0xff,
    0xff, 0xff, 0xe1, 0x00, 0x00, 0x00, 0x01, 0xdf, 0x40, 0x00, 0x00, 0x00, 0x00, 0x00, 0x00, 0x1c,
    0xf4, 0x00, 0x00, 0x00, 0x00, 0x8f, 0x80, 0x00, 0x00, 0x00, 0x00, 0x00, 0x00, 0x1c, 0xf5, 0x00,
    0x00, 0x00, 0x00, 0x4f, 0xd1, 0x00, 0x00, 0x00, 0x00, 0x00, 0x00, 0x1c, 0xf5, 0x00, 0x00, 0x00,
    0x00, 0x1d, 0xf4, 0x00, 0x00, 0x00, 0x00, 0x00, 0x00, 0x08, 0xff, 0xb7, 0x10, 0x00, 0x00, 0x09,
    0xf8, 0x00, 0x00, 0x00, 0x00, 0x00, 0x00, 0x00, 0x48, 0x9c, 0xfd, 0x10, 0x00, 0x04, 0xfd, 0x10,
    0x00, 0x00, 0x00, 0x00, 0x00, 0x00, 0x00, 0x00, 0x09, 0xf7, 0x00, 0x01, 0xdf, 0x30, 0x00, 0x00,
    0x00, 0x00, 0x00, 0x00, 0x00, 0x00, 0x00, 0x6f, 0xa0, 0x00, 0x9f, 0x80, 0x00, 0x00, 0x17, 0x71,
    0x00, 0x00, 0xa7, 0x20, 0x00, 0x3c, 0xf7, 0x00, 0x4f, 0xd0, 0x00, 0x00, 0x09, 0xf8, 0x00, 0x00,
    0x1e, 0xff, 0xed, 0xef, 0xfc, 0x10, 0x1d, 0xf3, 0x00, 0x00, 0x06, 0xfb, 0x00, 0x00, 0x00, 0x17,
    0xbe, 0xfe, 0xc7, 0x10, 0x09, 0xf8, 0x00, 0x00, 0x03, 0xfd, 0x10, 0x00, 0x00, 0x00, 0x00, 0x00,
    0x00, 0x00, 0x04, 0xfd, 0x00, 0x00, 0x01, 0xdf, 0x30, 0x00, 0x00, 0x00, 0x00, 0x00, 0x00, 0x00,
    0x01, 0xdf, 0x30, 0x00, 0x00, 0xbf, 0x60, 0x06, 0x70, 0x00, 0x00, 0x00, 0x00, 0x00, 0x00, 0x9f,
    0x80, 0x00, 0x00, 0x8f, 0x90, 0x00, 0xde, 0x00, 0x00, 0x00, 0x00, 0x00, 0x00, 0x4f, 0xd0, 0x00,
    0x00, 0x5f, 0xfa, 0x99, 0x9e, 0xf9, 0x92, 0x00, 0x00, 0x00, 0x00, 0x1d, 0xf3, 0x00, 0x00, 0x07,
    0xff, 0xff, 0xff, 0xff, 0xff, 0x30, 0x00, 0x00, 0x00, 0x09, 0xf8, 0x00, 0x00, 0x00, 0x00, 0x00,
    0x00, 0x0f, 0xe0, 0x00, 0x00, 0x00, 0x00, 0x04, 0xfd, 0x00, 0x00, 0x00, 0x00, 0x00, 0x00, 0x00,
    0xfe, 0x00, 0x00, 0x00, 0x00, 0x01, 0xdf, 0x30, 0x00, 0x00, 0x00, 0x00, 0x00, 0x00, 0x0f, 0xe0,
    0x00, 0x00, 0x00, 0x00, 0x1b, 0xe6, 0x00, 0x00, 0x00, 0x00, 0x00, 0x00, 0x7f, 0xfe, 0x00, 0x00,
    0x00, 0x00, 0x00, 0x00, 0x7f, 0xff, 0x00, 0x00, 0x00, 0x00, 0x00, 0x00, 0x1c, 0xe6, 0x00, 0x00,
    0x00, 0x00, 0x00, 0x00, 0x00, 0x00, 0x00, 0x00, 0x00, 0x00, 0x00, 0x00, 0x00, 0x00, 0x00, 0x00,
    0x00, 0x00, 0x00, 0x00, 0x14, 0x42, 0x00, 0x00, 0x00, 0x00, 0x00, 0x00, 0x4f, 0xf9, 0x00, 0x00,
    0x00, 0x00, 0x00, 0x00, 0xaf, 0xf5, 0x00, 0x00, 0x00, 0x00, 0x00, 0x07, 0xff, 0xc0, 0x00, 0x00,
    0x00, 0x00, 0x00, 0x7f, 0xfd, 0x10, 0x00, 0x00, 0x00, 0x00, 0x08, 0xff, 0xc1, 0x00, 0x00, 0x00,
    0x00, 0x00, 0x4f, 0xfc, 0x10, 0x00, 0x00, 0x00, 0x00, 0x00, 0xcf, 0xf2, 0x00, 0x00, 0x00, 0x00,
    0x00, 0x00, 0xff, 0xc0, 0x00, 0x00, 0x00, 0x00, 0x00, 0x00, 0xff, 0xd0, 0x00, 0x00, 0x00, 0x04,
    0x20, 0x00, 0xdf, 0xf7, 0x00, 0x00, 0x00, 0x7f, 0xe5, 0x00, 0x6f, 0xff, 0xd8, 0x67, 0x9d, 0xff,
    0xe3, 0x00, 0x07, 0xff, 0xff, 0xff, 0xff, 0xfc, 0x30, 0x00, 0x00, 0x28, 0xce, 0xfe, 0xc9, 0x40,
    0x00, 0x00, 0x00, 0x00, 0x48, 0x86, 0x00, 0x00, 0x00, 0x00, 0x00, 0x00, 0x00, 0x00, 0x00, 0x08,
    0xff, 0x90, 0x00, 0x00, 0x00, 0x00, 0x00, 0x00, 0x00, 0x00, 0x00, 0x4e, 0xfa, 0x00, 0x00, 0x00,
    0x00, 0x00, 0x00, 0x00, 0x00, 0x00, 0x01, 0xbf, 0xb1, 0x00, 0x00, 0x00, 0x00, 0x00, 0x00, 0x00,
    0x00, 0x00, 0x00, 0x00, 0x00, 0x00, 0x00, 0x00, 0x00, 0x00, 0x00, 0x00, 0x06, 0xff, 0xd0, 0x00,
    0x00, 0x00, 0x00, 0x00, 0x00, 0x00, 0x00, 0x0c, 0xff, 0xf4, 0x00, 0x00, 0x00, 0x00, 0x00, 0x00,
    0x00, 0x00, 0x4f, 0xff, 0xfb, 0x00, 0x00, 0x00, 0x00, 0x00, 0x00, 0x00, 0x00, 0xbf, 0xe9, 0xff,
    0x30, 0x00, 0x00, 0x00, 0x00, 0x00, 0x00, 0x02, 0xff, 0x82, 0xff, 0x90, 0x00, 0x00, 0x00, 0x00,
    0x00, 0x00, 0x09, 0xff, 0x20, 0xaf, 0xf1, 0x00, 0x00, 0x00, 0x00, 0x00, 0x00, 0x1e, 0xfa, 0x00,
    0x4f, 0xf8, 0x00, 0x00, 0x00, 0x00, 0x00, 0x00, 0x7f, 0xf4, 0x00, 0x0c, 0xfe, 0x10, 0x00, 0x00,
    0x00, 0x00, 0x00, 0xef, 0xc0, 0x00, 0x06, 0xff, 0x60, 0x00, 0x00, 0x00, 0x00, 0x06, 0xff, 0x60,
    0x00, 0x01, 0xef, 0xd0, 0x00, 0x00, 0x00, 0x00, 0x0c, 0xfe, 0x10, 0x00, 0x00, 0x8f, 0xf4, 0x00,
    0x00, 0x00, 0x00, 0x4f, 0xf8, 0x00, 0x00, 0x00, 0x2f, 0xfb, 0x00, 0x00, 0x00, 0x00, 0xbf, 0xf5,
    0x44, 0x44, 0x44, 0x4c, 0xff, 0x30, 0x00, 0x00, 0x02, 0xff, 0xff, 0xff, 0xff, 0xff, 0xff, 0xff,
    0xa0, 0x00, 0x00, 0x09, 0xff, 0xff, 0xff, 0xff, 0xff, 0xff, 0xff, 0xf2, 0x00, 0x00, 0x1e, 0xfc,
    0x00, 0x00, 0x00, 0x00, 0x00, 0x5f, 0xf8, 0x00, 0x00, 0x7f, 0xf6, 0x00, 0x00, 0x00, 0x00, 0x00,
    0x0e, 0xfe, 0x10, 0x00, 0xef, 0xe0, 0x00, 0x00, 0x00, 0x00, 0x00, 0x08, 0xff, 0x60, 0x06, 0xff,
    0x80, 0x00, 0x00, 0x00, 0x00, 0x00, 0x01, 0xff, 0xd0, 0x0c, 0xff, 0x10, 0x00, 0x00, 0x00, 0x00,
    0x00, 0x00, 0xaf, 0xf5, 0x00, 0x00, 0x00, 0x00, 0x00, 0x00, 0x28, 0x87, 0x10, 0x00, 0x00, 0x00,
    0x00, 0x00, 0x00, 0x00, 0x03, 0xef, 0xd3, 0x00, 0x00, 0x00, 0x00, 0x00, 0x00, 0x00, 0x00, 0x4e,
    0xf9, 0x10, 0x00, 0x00, 0x00, 0x00, 0x00, 0x00, 0x00, 0x05, 0xfe, 0x60, 0x00, 0x00, 0x00, 0x00,
    0x00, 0x00, 0x00, 0x00, 0x00, 0x00, 0x00, 0x00, 0x00, 0x00, 0x00, 0x00, 0x00, 0x00, 0x00, 0x06,
    0xff, 0xd0, 0x00, 0x00, 0x00, 0x00, 0x00, 0x00, 0x00, 0x00, 0x0c, 0xff, 0xf4, 0x00, 0x00, 0x00,
    0x00, 0x00, 0x00, 0x00, 0x00, 0x4f, 0xff, 0xfb, 0x00, 0x00, 0x00, 0x00, 0x00, 0x00, 0x00, 0x00,
    0xbf, 0xe9, 0xff, 0x30, 0x00, 0x00, 0x00, 0x00, 0x00, 0x00, 0x02, 0xff, 0x82, 0xff, 0x90, 0x00,
    0x00, 0x00, 0x00, 0x00, 0x00, 0x09, 0xff, 0x20, 0xaf, 0xf1, 0x00, 0x00, 0x00, 0x00, 0x00, 0x00,
    0x1e, 0xfa, 0x00, 0x4f, 0xf8, 0x00, 0x00, 0x00, 0x00, 0x00, 0x00, 0x7f, 0xf4, 0x00, 0x0c, 0xfe,
    0x10, 0x00, 0x00, 0x00, 0x00, 0x00, 0xef, 0xc0, 0x00, 0x06, 0xff, 0x60, 0x00, 0x00, 0x00, 0x00,
    0x06, 0xff, 0x60, 0x00, 0x01, 0xef, 0xd0, 0x00, 0x00, 0x00, 0x00, 0x0c, 0xfe, 0x10, 0x00, 0x00,
    0x8f, 0xf4, 0x00, 0x00, 0x00, 0x00, 0x4f, 0xf8, 0x00, 0x00, 0x00, 0x2f, 0xfb, 0x00, 0x00, 0x00,
    0x00, 0xbf, 0xf5, 0x44, 0x44, 0x44, 0x4c, 0xff, 0x30, 0x00, 0x00, 0x02, 0xff, 0xff, 0xff, 0xff,
    0xff, 0xff, 0xff, 0xa0, 0x00, 0x00, 0x09, 0xff, 0xff, 0xff, 0xff, 0xff, 0xff, 0xff, 0xf2, 0x00,
    0x00, 0x1e, 0xfc, 0x00, 0x00, 0x00, 0x00, 0x00, 0x5f, 0xf8, 0x00, 0x00, 0x7f, 0xf6, 0x00, 0x00,
    0x00, 0x00, 0x00, 0x0e, 0xfe, 0x10, 0x00, 0xef, 0xe0, 0x00, 0x00, 0x00, 0x00, 0x00, 0x08, 0xff,
    0x60, 0x06, 0xff, 0x80, 0x00, 0x00, 0x00, 0x00, 0x00, 0x01, 0xff, 0xd0, 0x0c, 0xff, 0x10, 0x00,
    0x00, 0x00, 0x00, 0x00, 0x00, 0xaf, 0xf5, 0x00, 0x00, 0x00, 0x00, 0x02, 0x88, 0x60, 0x00, 0x00,
    0x00, 0x00, 0x00, 0x00, 0x00, 0x00, 0x3e, 0xff, 0xf9, 0x00, 0x00, 0x00, 0x00, 0x00, 0x00, 0x00,
    0x03, 0xef, 0x83, 0xdf, 0xa0, 0x00, 0x00, 0x00, 0x00, 0x00, 0x00, 0x4e, 0xe5, 0x00, 0x1b, 0xfa,
    0x00, 0x00, 0x00, 0x00, 0x00, 0x00, 0x00, 0x00, 0x00, 0x00, 0x00, 0x00, 0x00, 0x00, 0x00, 0x00,
    0x00, 0x00, 0x06, 0xff, 0xd0, 0x00, 0x00, 0x00, 0x00, 0x00, 0x00, 0x00, 0x00, 0x0c, 0xff, 0xf4,
    0x00, 0x00, 0x00, 0x00, 0x00, 0x00, 0x00, 0x00, 0x4f, 0xff, 0xfb, 0x00, 0x00, 0x00, 0x00, 0x00,
    0x00, 0x00, 0x00, 0xbf, 0xe9, 0xff, 0x30, 0x00, 0x00, 0x00, 0x00, 0x00, 0x00, 0x02, 0xff, 0x82,
    0xff, 0x90, 0x00, 0x00, 0x00, 0x00, 0x00, 0x00, 0x09, 0xff, 0x20, 0xaf, 0xf1, 0x00, 0x00, 0x00,
    0x00, 0x00, 0x00, 0x1e, 0xfa, 0x00, 0x4f, 0xf8, 0x00, 0x00, 0x00, 0x00, 0x00, 0x00, 0x7f, 0xf4,
    0x00, 0x0c, 0xfe, 0x10, 0x00, 0x00, 0x00, 0x00, 0x00, 0xef, 0xc0, 0x00, 0x06, 0xff, 0x60, 0x00,
    0x00, 0x00, 0x00, 0x06, 0xff, 0x60, 0x00, 0x01, 0xef, 0xd0, 0x00, 0x00, 0x00, 0x00, 0x0c, 0xfe,
    0x10, 0x00, 0x00, 0x8f, 0xf4, 0x00, 0x00, 0x00, 0x00, 0x4f, 0xf8, 0x00, 0x00, 0x00, 0x2f, 0xfb,
    0x00, 0x00, 0x00, 0x00, 0xbf, 0xf5, 0x44, 0x44, 0x44, 0x4c, 0xff, 0x30, 0x00, 0x00, 0x02, 0xff,
    0xff, 0xff, 0xff, 0xff, 0xff, 0xff, 0xa0, 0x00, 0x00, 0x09, 0xff, 0xff, 0xff, 0xff, 0xff, 0xff,
    0xff, 0xf2, 0x00, 0x00, 0x1e, 0xfc, 0x00, 0x00, 0x00, 0x00, 0x00, 0x5f, 0xf8, 0x00, 0x00, 0x7f,
    0xf6, 0x00, 0x00, 0x00, 0x00, 0x00, 0x0e, 0xfe, 0x10, 0x00, 0xef, 0xe0, 0x00, 0x00, 0x00, 0x00,
    0x00, 0x08, 0xff, 0x60, 0x06, 0xff, 0x80, 0x00, 0x00, 0x00, 0x00, 0x00, 0x01, 0xff, 0xd0, 0x0c,
    0xff, 0x10, 0x00, 0x00, 0x00, 0x00, 0x00, 0x00, 0xaf, 0xf5, 0x00, 0x00, 0x00, 0x04, 0xbb, 0x60,
    0x00, 0x5c, 0x30, 0x00, 0x00, 0x00, 0x00, 0x00, 0x3f, 0xff, 0xfb, 0x10, 0xbf, 0x20, 0x00, 0x00,
    0x00, 0x00, 0x00, 0x9f, 0x61, 0x9f, 0xed, 0xfb, 0x00, 0x00, 0x00, 0x00, 0x00, 0x00, 0xce, 0x00,
    0x05, 0xdf, 0xb2, 0x00, 0x00, 0x00, 0x00, 0x00, 0x00, 0x00, 0x00, 0x00, 0x00, 0x00, 0x00, 0x00,
    0x00, 0x00, 0x00, 0x00, 0x00, 0x06, 0xff, 0xd0, 0x00, 0x00, 0x00, 0x00, 0x00, 0x00, 0x00, 0x00,
    0x0c, 0xff, 0xf4, 0x00, 0x00, 0x00, 0x00, 0x00, 0x00, 0x00, 0x00, 0x4f, 0xff, 0xfb, 0x00, 0x00,
    0x00, 0x00, 0x00, 0x00, 0x00, 0x00, 0xbf, 0xe9, 0xff, 0x30, 0x00, 0x00, 0x00, 0x00, 0x00, 0x00,
    0x02, 0xff, 0x82, 0xff, 0x90, 0x00, 0x00, 0x00, 0x00, 0x00, 0x00, 0x09, 0xff, 0x20, 0xaf, 0xf1,
    0x00, 0x00, 0x00, 0x00, 0x00, 0x00, 0x1e, 0xfa, 0x00, 0x4f, 0xf8, 0x00, 0x00, 0x00, 0x00, 0x00,
    0x00, 0x7f, 0xf4, 0x00, 0x0c, 0xfe, 0x10, 0x00, 0x00, 0x00, 0x00, 0x00, 0xef, 0xc0, 0x00, 0x06,
    0xff, 0x60, 0x00, 0x00, 0x00, 0x00, 0x06, 0xff, 0x60, 0x00, 0x01, 0xef, 0xd0, 0x00, 0x00, 0x00,
    0x00, 0x0c, 0xfe, 0x10, 0x00, 0x00, 0x8f, 0xf4, 0x00, 0x00, 0x00, 0x00, 0x4f, 0xf8, 0x00, 0x00,
    0x00, 0x2f, 0xfb, 0x00, 0x00, 0x00, 0x00, 0xbf, 0xf5, 0x44, 0x44, 0x44, 0x4c, 0xff, 0x30, 0x00,
    0x00, 0x02, 0xff, 0xff, 0xff, 0xff, 0xff, 0xff, 0xff, 0xa0, 0x00, 0x00, 0x09, 0xff, 0xff, 0xff,
    0xff, 0xff, 0xff, 0xff, 0xf2, 0x00, 0x00, 0x1e, 0xfc, 0x00, 0x00, 0x00, 0x00, 0x00, 0x5f, 0xf8,
    0x00, 0x00, 0x7f, 0xf6, 0x00, 0x00, 0x00, 0x00, 0x00, 0x0e, 0xfe, 0x10, 0x00, 0xef, 0xe0, 0x00,
    0x00, 0x00, 0x00, 0x00, 0x08, 0xff, 0x60, 0x06, 0xff, 0x80, 0x00, 0x00, 0x00, 0x00, 0x00, 0x01,
    0xff, 0xd0, 0x0c, 0xff, 0x10, 0x00, 0x00, 0x00, 0x00, 0x00, 0x00, 0xaf, 0xf5, 0x00, 0x00, 0x00,
    0x01, 0x52, 0x00, 0x04, 0x30, 0x00, 0x00, 0x00, 0x00, 0x00, 0x00, 0x0a, 0xfe, 0x00, 0x7f, 0xf3,
    0x00, 0x00, 0x00, 0x00, 0x00, 0x00, 0x07, 0xea, 0x00, 0x4e, 0xc1, 0x00, 0x00, 0x00, 0x00, 0x00,
    0x00, 0x00, 0x00, 0x00, 0x00, 0x00, 0x00, 0x00, 0x00, 0x00, 0x00, 0x00, 0x00, 0x06, 0xff, 0xd0,
    0x00, 0x00, 0x00, 0x00, 0x00, 0x00, 0x00, 0x00, 0x0c, 0xff, 0xf4, 0x00, 0x00, 0x00, 0x00, 0x00,
    0x00, 0x00, 0x00, 0x4f, 0xff, 0xfb, 0x00, 0x00, 0x00, 0x00, 0x00, 0x00, 0x00, 0x00, 0xbf, 0xe9,
    0xff, 0x30, 0x00, 0x00, 0x00, 0x00, 0x00, 0x00, 0x02, 0xff, 0x82, 0xff, 0x90, 0x00, 0x00, 0x00,
    0x00, 0x00, 0x00, 0x09, 0xff, 0x20, 0xaf, 0xf1, 0x00, 0x00, 0x00, 0x00, 0x00, 0x00, 0x1e, 0xfa,
    0x00, 0x4f, 0xf8, 0x00, 0x00, 0x00, 0x00, 0x00, 0x00, 0x7f, 0xf4, 0x00, 0x0c, 0xfe, 0x10, 0x00,
    0x00, 0x00, 0x00, 0x00, 0xef, 0xc0, 0x00, 0x06, 0xff, 0x60, 0x00, 0x00, 0x00, 0x00, 0x06, 0xff,
    0x60, 0x00, 0x01, 0xef, 0xd0, 0x00, 0x00, 0x00, 0x00, 0x0c, 0xfe, 0x10, 0x00, 0x00, 0x8f, 0xf4,
    0x00, 0x00, 0x00, 0x00, 0x4f, 0xf8, 0x00, 0x00, 0x00, 0x2f, 0xfb, 0x00, 0x00, 0x00, 0x00, 0xbf,
    0xf5, 0x44, 0x44, 0x44, 0x4c, 0xff, 0x30, 0x00, 0x00, 0x02, 0xff, 0xff, 0xff, 0xff, 0xff, 0xff,
    0xff, 0xa0, 0x00, 0x00, 0x09, 0xff, 0xff, 0xff, 0xff, 0xff, 0xff, 0xff, 0xf2, 0x00, 0x00, 0x1e,
    0xfc, 0x00, 0x00, 0x00, 0x00, 0x00, 0x5f, 0xf8, 0x00, 0x00, 0x7f, 0xf6, 0x00, 0x00, 0x00, 0x00,
    0x00, 0x0e, 0xfe, 0x10, 0x00, 0xef, 0xe0, 0x00, 0x00, 0x00, 0x00, 0x00, 0x08, 0xff, 0x60, 0x06,
    0xff, 0x80, 0x00, 0x00, 0x00, 0x00, 0x00, 0x01, 0xff, 0xd0, 0x0c, 0xff, 0x10, 0x00, 0x00, 0x00,
    0x00, 0x00, 0x00, 0xaf, 0xf5, 0x00, 0x00, 0x00, 0x00, 0x06, 0xde, 0xa2, 0x00, 0x00, 0x00, 0x00,
    0x00, 0x00, 0x00, 0x00, 0x6e, 0x31, 0x9c, 0x00, 0x00, 0x00, 0x00, 0x00, 0x00, 0x00, 0x00, 0xb7,
    0x00, 0x1f, 0x30, 0x00, 0x00, 0x00, 0x00, 0x00, 0x00, 0x00, 0xc7, 0x00, 0x1f, 0x30, 0x00, 0x00,
    0x00, 0x00, 0x00, 0x00, 0x00, 0x6d, 0x31, 0x9d, 0x00, 0x00, 0x00, 0x00, 0x00, 0x00, 0x00, 0x00,
    0x07, 0xde, 0xa2, 0x00, 0x00, 0x00, 0x00, 0x00, 0x00, 0x00, 0x00, 0x00, 0x00, 0x00, 0x00, 0x00,
    0x00, 0x00, 0x00, 0x00, 0x00, 0x00, 0x06, 0xff, 0xd0, 0x00, 0x00, 0x00, 0x00, 0x00, 0x00, 0x00,
    0x00, 0x0c, 0xff, 0xf4, 0x00, 0x00, 0x00, 0x00, 0x00, 0x00, 0x00, 0x00, 0x4f, 0xff, 0xfb, 0x00,
    0x00, 0x00, 0x00, 0x00, 0x00, 0x00, 0x00, 0xbf, 0xe9, 0xff, 0x30, 0x00, 0x00, 0x00, 0x00, 0x00,
    0x00, 0x02, 0xff, 0x82, 0xff, 0x90, 0x00, 0x00, 0x00, 0x00, 0x00, 0x00, 0x09, 0xff, 0x20, 0xaf,
    0xf1, 0x00, 0x00, 0x00, 0x00, 0x00, 0x00, 0x1e, 0xfa, 0x00, 0x4f, 0xf8, 0x00, 0x00, 0x00, 0x00,
    0x00, 0x00, 0x7f, 0xf4, 0x00, 0x0c, 0xfe, 0x10, 0x00, 0x00, 0x00, 0x00, 0x00, 0xef, 0xc0, 0x00,
    0x06, 0xff, 0x60, 0x00, 0x00, 0x00, 0x00, 0x06, 0xff, 0x60, 0x00, 0x01, 0xef, 0xd0, 0x00, 0x00,
    0x00, 0x00, 0x0c, 0xfe, 0x10, 0x00, 0x00, 0x8f, 0xf4, 0x00, 0x00, 0x00, 0x00, 0x4f, 0xf8, 0x00,
    0x00, 0x00, 0x2f, 0xfb, 0x00, 0x00, 0x00, 0x00, 0xbf, 0xf5, 0x44, 0x44, 0x44, 0x4c, 0xff, 0x30,
    0x00, 0x00, 0x02, 0xff, 0xff, 0xff, 0xff, 0xff, 0xff, 0xff, 0xa0, 0x00, 0x00, 0x09, 0xff, 0xff,
    0xff, 0xff, 0xff, 0xff, 0xff, 0xf2, 0x00, 0x00, 0x1e, 0xfc, 0x00, 0x00, 0x00, 0x00, 0x00, 0x5f,
    0xf8, 0x00, 0x00, 0x7f, 0xf6, 0x00, 0x00, 0x00, 0x00, 0x00, 0x0e, 0xfe, 0x10, 0x00, 0xef, 0xe0,
    0x00, 0x00, 0x00, 0x00, 0x00, 0x08, 0xff, 0x60, 0x06, 0xff, 0x80, 0x00, 0x00, 0x00, 0x00, 0x00,
    0x01, 0xff, 0xd0, 0x0c, 0xff, 0x10, 0x00, 0x00, 0x00, 0x00, 0x00, 0x00, 0xaf, 0xf5, 0x00, 0x00,
    0x00, 0x00, 0x00, 0x00, 0xaf, 0xff, 0xff, 0xff, 0xff, 0xff, 0xff, 0xff, 0x50, 0x00, 0x00, 0x00,
    0x00, 0x00, 0x04, 0xff, 0xff, 0xff, 0xff, 0xff, 0xff, 0xff, 0xff, 0x50, 0x00, 0x00, 0x00, 0x00,
    0x00, 0x0c, 0xfd, 0xaf, 0xf8, 0x55, 0x55, 0x55, 0x55, 0x55, 0x20, 0x00, 0x00, 0x00, 0x00, 0x00,
    0x6f, 0xf5, 0x7f, 0xf4, 0x00, 0x00, 0x00, 0x00, 0x00, 0x00, 0x00, 0x00, 0x00, 0x00, 0x01, 0xef,
    0xb0, 0x7f, 0xf4, 0x00, 0x00, 0x00, 0x00, 0x00, 0x00, 0x00, 0x00, 0x00, 0x00, 0x09, 0xff, 0x30,
    0x7f, 0xf4, 0x00, 0x00, 0x00, 0x00, 0x00, 0x00, 0x00, 0x00, 0x00, 0x00, 0x3f, 0xf9, 0x00, 0x7f,
    0xf4, 0x00, 0x00, 0x00, 0x00, 0x00, 0x00, 0x00, 0x00, 0x00, 0x00, 0xbf, 0xe1, 0x00, 0x7f, 0xf4,
    0x00, 0x00, 0x00, 0x00, 0x00, 0x00, 0x00, 0x00, 0x00, 0x05, 0xff, 0x70, 0x00, 0x7f, 0xf4, 0x00,
    0x00, 0x00, 0x00, 0x00, 0x00, 0x00, 0x00, 0x00, 0x0d, 0xfd, 0x00, 0x00, 0x7f, 0xff, 0xff, 0xff,
    0xff, 0xff, 0xf2, 0x00, 0x00, 0x00, 0x00, 0x7f, 0xf4, 0x00, 0x00, 0x7f, 0xff, 0xff, 0xff, 0xff,
    0xff, 0xf2, 0x00, 0x00, 0x00, 0x02, 0xef, 0xb0, 0x00, 0x00, 0x7f, 0xf8, 0x55, 0x55, 0x55, 0x55,
    0x51, 0x00, 0x00, 0x00, 0x0a, 0xff, 0x85, 0x55, 0x55, 0xaf, 0xf4, 0x00, 0x00, 0x00, 0x00, 0x00,
    0x00, 0x00, 0x00, 0x4f, 0xff, 0xff, 0xff, 0xff, 0xff, 0xf4, 0x00, 0x00, 0x00, 0x00, 0x00, 0x00,
    0x00, 0x00, 0xcf, 0xff, 0xff, 0xff, 0xff, 0xff, 0xf4, 0x00, 0x00, 0x00, 0x00, 0x00, 0x00, 0x00,
    0x06, 0xff, 0x70, 0x00, 0x00, 0x00, 0x7f, 0xf4, 0x00, 0x00, 0x00, 0x00, 0x00, 0x00, 0x00, 0x1e,
    0xfd, 0x00, 0x00, 0x00, 0x00, 0x7f, 0xf4, 0x00, 0x00, 0x00, 0x00, 0x00, 0x00, 0x00, 0x9f, 0xf4,
    0x00, 0x00, 0x00, 0x00, 0x7f, 0xf8, 0x55, 0x55, 0x55, 0x55, 0x55, 0x40, 0x03, 0xff, 0xb0, 0x00,
    0x00, 0x00, 0x00, 0x7f, 0xff, 0xff, 0xff, 0xff, 0xff, 0xff, 0xb0, 0x0b, 0xff, 0x20, 0x00, 0x00,
    0x00, 0x00, 0x7f, 0xff, 0xff, 0xff, 0xff, 0xff, 0xff, 0xb0, 0x00, 0x00, 0x00, 0x03, 0x8c, 0xdf,
    0xed, 0x95, 0x00, 0x00, 0x00, 0x00, 0x02, 0xaf, 0xff, 0xff, 0xff, 0xff, 0xd5, 0x00, 0x00, 0x00,
    0x5e, 0xff, 0xfb, 0x86, 0x69, 0xdf, 0xff, 0x70, 0x00, 0x04, 0xff, 0xfa, 0x20, 0x00, 0x00, 0x06,
    0xef, 0xb0, 0x00, 0x1e, 0xff, 0x70, 0x00, 0x00, 0x00, 0x00, 0x2a, 0x10, 0x00, 0x9f, 0xf9, 0x00,
    0x00, 0x00, 0x00, 0x00, 0x00, 0x00, 0x01, 0xff, 0xe0, 0x00, 0x00, 0x00, 0x00, 0x00, 0x00, 0x00,
    0x05, 0xff, 0x80, 0x00, 0x00, 0x00, 0x00, 0x00, 0x00, 0x00, 0x08, 0xff, 0x50, 0x00, 0x00, 0x00,
    0x00, 0x00, 0x00, 0x00, 0x09, 0xff, 0x30, 0x00, 0x00, 0x00, 0x00, 0x00, 0x00, 0x00, 0x09, 0xff,
    0x30, 0x00, 0x00, 0x00, 0x00, 0x00, 0x00, 0x00, 0x08, 0xff, 0x50, 0x00, 0x00, 0x00, 0x00, 0x00,
    0x00, 0x00, 0x05, 0xff, 0x80, 0x00, 0x00, 0x00, 0x00, 0x00, 0x00, 0x00, 0x01, 0xff, 0xe0, 0x00,
    0x00, 0x00, 0x00, 0x00, 0x00, 0x00, 0x00, 0x9f, 0xf9, 0x00, 0x00, 0x00, 0x00, 0x00, 0x00, 0x00,
    0x00, 0x1e, 0xff, 0x60, 0x00, 0x00, 0x00, 0x00, 0x17, 0x00, 0x00, 0x04, 0xff, 0xfa, 0x20, 0x00,
    0x00, 0x05, 0xdf, 0x90, 0x00, 0x00, 0x5e, 0xff, 0xfb, 0x86, 0x68, 0xdf, 0xff, 0xa0, 0x00, 0x00,
    0x02, 0xbf, 0xff, 0xff, 0xff, 0xff, 0xe6, 0x00, 0x00, 0x00, 0x00, 0x03, 0x8c, 0xff, 0xfd, 0xa6,
    0x10, 0x00, 0x00, 0x00, 0x00, 0x00, 0x00, 0x8f, 0x10, 0x00, 0x00, 0x00, 0x00, 0x00, 0x00, 0x00,
    0x00, 0xcf, 0xc5, 0x00, 0x00, 0x00, 0x00, 0x00, 0x00, 0x00, 0x00, 0x02, 0xcf, 0x20, 0x00, 0x00,
    0x00, 0x00, 0x00, 0x00, 0x01, 0x00, 0xbf, 0x40, 0x00, 0x00, 0x00, 0x00, 0x00, 0x00, 0x5f, 0xde,
    0xfe, 0x10, 0x00, 0x00, 0x00, 0x00, 0x00, 0x00, 0x4c, 0xee, 0xa3, 0x00, 0x00, 0x00, 0x00, 0x00,
    0x07, 0x88, 0x30, 0x00, 0x00, 0x00, 0x00, 0x00, 0x00, 0x00, 0x2c, 0xfe, 0x40, 0x00, 0x00, 0x00,
    0x00, 0x00, 0x00, 0x00, 0x08, 0xff, 0x50, 0x00, 0x00, 0x00, 0x00, 0x00, 0x00, 0x00, 0x05, 0xef,
    0x60, 0x00, 0x00, 0x00, 0x00, 0x00, 0x00, 0x00, 0x00, 0x00, 0x00, 0x00, 0x00, 0x00, 0x01, 0xff,
    0xff, 0xff, 0xff, 0xff, 0xff, 0xfc, 0x00, 0x00, 0x1f, 0xff, 0xff, 0xff, 0xff, 0xff, 0xff, 0xc0,
    0x00, 0x01, 0xff, 0xc5, 0x55, 0x55, 0x55, 0x55, 0x54, 0x00, 0x00, 0x1f, 0xfb, 0x00, 0x00, 0x00,
    0x00, 0x00, 0x00, 0x00, 0x01, 0xff, 0xb0, 0x00, 0x00, 0x00, 0x00, 0x00, 0x00, 0x00, 0x1f, 0xfb,
    0x00, 0x00, 0x00, 0x00, 0x00, 0x00, 0x00, 0x01, 0xff, 0xb0, 0x00, 0x00, 0x00, 0x00, 0x00, 0x00,
    0x00, 0x1f, 0xfb, 0x00, 0x00, 0x00, 0x00, 0x00, 0x00, 0x00, 0x01, 0xff, 0xb0, 0x00, 0x00, 0x00,
    0x00, 0x00, 0x00, 0x00, 0x1f, 0xff, 0xff, 0xff, 0xff, 0xff, 0xf8, 0x00, 0x00, 0x01, 0xff, 0xff,
    0xff, 0xff, 0xff, 0xff, 0x80, 0x00, 0x00, 0x1f, 0xfc, 0x55, 0x55, 0x55, 0x55, 0x53, 0x00, 0x00,
    0x01, 0xff, 0xb0, 0x00, 0x00, 0x00, 0x00, 0x00, 0x00, 0x00, 0x1f, 0xfb, 0x00, 0x00, 0x00, 0x00,
    0x00, 0x00, 0x00, 0x01, 0xff, 0xb0, 0x00, 0x00, 0x00, 0x00, 0x00, 0x00, 0x00, 0x1f, 0xfb, 0x00,
    0x00, 0x00, 0x00, 0x00, 0x00, 0x00, 0x01, 0xff, 0xb0, 0x00, 0x00, 0x00, 0x00, 0x00, 0x00, 0x00,
    0x1f, 0xfc, 0x55, 0x55, 0x55, 0x55, 0x55, 0x51, 0x00, 0x01, 0xff, 0xff, 0xff, 0xff, 0xff, 0xff,
    0xff, 0x30, 0x00, 0x1f, 0xff, 0xff, 0xff, 0xff, 0xff, 0xff, 0xf3, 0x00, 0x00, 0x00, 0x00, 0x00,
    0x00, 0x05, 0x88, 0x50, 0x00, 0x00, 0x00, 0x00, 0x00, 0x00, 0x08, 0xff, 0x91, 0x00, 0x00, 0x00,
    0x00, 0x00, 0x00, 0x09, 0xfe, 0x50, 0x00, 0x00, 0x00, 0x00, 0x00, 0x00, 0x0a, 0xfc, 0x20, 0x00,
    0x00, 0x00, 0x00, 0x00, 0x00, 0x00, 0x00, 0x00, 0x00, 0x00, 0x00, 0x00, 0x01, 0xff, 0xff, 0xff,
    0xff, 0xff, 0xff, 0xfc, 0x00, 0x00, 0x1f, 0xff, 0xff, 0xff, 0xff, 0xff, 0xff, 0xc0, 0x00, 0x01,
    0xff, 0xc5, 0x55, 0x55, 0x55, 0x55, 0x54, 0x00, 0x00, 0x1f, 0xfb, 0x00, 0x00, 0x00, 0x00, 0x00,
    0x00, 0x00, 0x01, 0xff, 0xb0, 0x00, 0x00, 0x00, 0x00, 0x00, 0x00, 0x00, 0x1f, 0xfb, 0x00, 0x00,
    0x00, 0x00, 0x00, 0x00, 0x00, 0x01, 0xff, 0xb0, 0x00, 0x00, 0x00, 0x00, 0x00, 0x00, 0x00, 0x1f,
    0xfb, 0x00, 0x00, 0x00, 0x00, 0x00, 0x00, 0x00, 0x01, 0xff, 0xb0, 0x00, 0x00, 0x00, 0x00, 0x00,
    0x00, 0x00, 0x1f, 0xff, 0xff, 0xff, 0xff, 0xff, 0xf8, 0x00, 0x00, 0x01, 0xff, 0xff, 0xff, 0xff,
    0xff, 0xff, 0x80, 0x00, 0x00, 0x1f, 0xfc, 0x55, 0x55, 0x55, 0x55, 0x53, 0x00, 0x00, 0x01, 0xff,
    0xb0, 0x00, 0x00, 0x00, 0x00, 0x00, 0x00, 0x00, 0x1f, 0xfb, 0x00, 0x00, 0x00, 0x00, 0x00, 0x00,
    0x00, 0x01, 0xff, 0xb0, 0x00, 0x00, 0x00, 0x00, 0x00, 0x00, 0x00, 0x1f, 0xfb, 0x00, 0x00, 0x00,
    0x00, 0x00, 0x00, 0x00, 0x01, 0xff, 0xb0, 0x00, 0x00, 0x00, 0x00, 0x00, 0x00, 0x00, 0x1f, 0xfc,
    0x55, 0x55, 0x55, 0x55, 0x55, 0x51, 0x00, 0x01, 0xff, 0xff, 0xff, 0xff, 0xff, 0xff, 0xff, 0x30,
    0x00, 0x1f, 0xff, 0xff, 0xff, 0xff, 0xff, 0xff, 0xf3, 0x00, 0x00, 0x00, 0x00, 0x00, 0x58, 0x83,
    0x00, 0x00, 0x00, 0x00, 0x00, 0x00, 0x00, 0x7f, 0xff, 0xe4, 0x00, 0x00, 0x00, 0x00, 0x00, 0x00,
    0x8f, 0xe4, 0x7f, 0xf4, 0x00, 0x00, 0x00, 0x00, 0x00, 0x9f, 0xc2, 0x00, 0x4e, 0xf5, 0x00, 0x00,
    0x00, 0x00, 0x00, 0x00, 0x00, 0x00, 0x00, 0x00, 0x00, 0x00, 0x01, 0xff, 0xff, 0xff, 0xff, 0xff,
    0xff, 0xfc, 0x00, 0x00, 0x1f, 0xff, 0xff, 0xff, 0xff, 0xff, 0xff, 0xc0, 0x00, 0x01, 0xff, 0xc5,
    0x55, 0x55, 0x55, 0x55, 0x54, 0x00, 0x00, 0x1f, 0xfb, 0x00, 0x00, 0x00, 0x00, 0x00, 0x00, 0x00,
    0x01, 0xff, 0xb0, 0x00, 0x00, 0x00, 0x00, 0x00, 0x00, 0x00, 0x1f, 0xfb, 0x00, 0x00, 0x00, 0x00,
    0x00, 0x00, 0x00, 0x01, 0xff, 0xb0, 0x00, 0x00, 0x00, 0x00, 0x00, 0x00, 0x00, 0x1f, 0xfb, 0x00,
    0x00, 0x00, 0x00, 0x00, 0x00, 0x00, 0x01, 0xff, 0xb0, 0x00, 0x00, 0x00, 0x00, 0x00, 0x00, 0x00,
    0x1f, 0xff, 0xff, 0xff, 0xff, 0xff, 0xf8, 0x00, 0x00, 0x01, 0xff, 0xff, 0xff, 0xff, 0xff, 0xff,
    0x80, 0x00, 0x00, 0x1f, 0xfc, 0x55, 0x55, 0x55, 0x55, 0x53, 0x00, 0x00, 0x01, 0xff, 0xb0, 0x00,
    0x00, 0x00, 0x00, 0x00, 0x00, 0x00, 0x1f, 0xfb, 0x00, 0x00, 0x00, 0x00, 0x00, 0x00, 0x00, 0x01,
    0xff, 0xb0, 0x00, 0x00, 0x00, 0x00, 0x00, 0x00, 0x00, 0x1f, 0xfb, 0x00, 0x00, 0x00, 0x00, 0x00,
    0x00, 0x00, 0x01, 0xff, 0xb0, 0x00, 0x00, 0x00, 0x00, 0x00, 0x00, 0x00, 0x1f, 0xfc, 0x55, 0x55,
    0x55, 0x55, 0x55, 0x51, 0x00, 0x01, 0xff, 0xff, 0xff, 0xff, 0xff, 0xff, 0xff, 0x30, 0x00, 0x1f,
    0xff, 0xff, 0xff, 0xff, 0xff, 0xff, 0xf3, 0x00, 0x00, 0x00, 0x00, 0x25, 0x00, 0x01, 0x51, 0x00,
    0x00, 0x00, 0x00, 0x00, 0x1f, 0xf8, 0x00, 0xdf, 0xc0, 0x00, 0x00, 0x00, 0x00, 0x00, 0xce, 0x50,
    0x09, 0xe8, 0x00, 0x00, 0x00, 0x00, 0x00, 0x00, 0x00, 0x00, 0x00, 0x00, 0x00, 0x00, 0x00, 0x1f,
    0xff, 0xff, 0xff, 0xff, 0xff, 0xff, 0xc0, 0x00, 0x01, 0xff, 0xff, 0xff, 0xff, 0xff, 0xff, 0xfc,
    0x00, 0x00, 0x1f, 0xfc, 0x55, 0x55, 0x55, 0x55, 0x55, 0x40, 0x00, 0x01, 0xff, 0xb0, 0x00, 0x00,
    0x00, 0x00, 0x00, 0x00, 0x00, 0x1f, 0xfb, 0x00, 0x00, 0x00, 0x00, 0x00, 0x00, 0x00, 0x01, 0xff,
    0xb0, 0x00, 0x00, 0x00, 0x00, 0x00, 0x00, 0x00, 0x1f, 0xfb, 0x00, 0x00, 0x00, 0x00, 0x00, 0x00,
    0x00, 0x01, 0xff, 0xb0, 0x00, 0x00, 0x00, 0x00, 0x00, 0x00, 0x00, 0x1f, 0xfb, 0x00, 0x00, 0x00,
    0x00, 0x00, 0x00, 0x00, 0x01, 0xff, 0xff, 0xff, 0xff, 0xff, 0xff, 0x80, 0x00, 0x00, 0x1f, 0xff,
    0xff, 0xff, 0xff, 0xff, 0xf8, 0x00, 0x00, 0x01, 0xff, 0xc5, 0x55, 0x55, 0x55, 0x55, 0x30, 0x00,
    0x00, 0x1f, 0xfb, 0x00, 0x00, 0x00, 0x00, 0x00, 0x00, 0x00, 0x01, 0xff, 0xb0, 0x00, 0x00, 0x00,
    0x00, 0x00, 0x00, 0x00, 0x1f, 0xfb, 0x00, 0x00, 0x00, 0x00, 0x00, 0x00, 0x00, 0x01, 0xff, 0xb0,
    0x00, 0x00, 0x00, 0x00, 0x00, 0x00, 0x00, 0x1f, 0xfb, 0x00, 0x00, 0x00, 0x00, 0x00, 0x00, 0x00,
    0x01, 0xff, 0xc5, 0x55, 0x55, 0x55, 0x55, 0x55, 0x10, 0x00, 0x1f, 0xff, 0xff, 0xff, 0xff, 0xff,
    0xff, 0xf3, 0x00, 0x01, 0xff, 0xff, 0xff, 0xff, 0xff, 0xff, 0xff, 0x30, 0x38, 0x87, 0x00, 0x00,
    0x00, 0x07, 0xff, 0xa0, 0x00, 0x00, 0x00, 0x3d, 0xfb, 0x10, 0x00, 0x00, 0x01, 0xaf, 0xc1, 0x00,
    0x00, 0x00, 0x00, 0x00, 0x00, 0x00, 0x01, 0xff, 0xb0, 0x00, 0x00, 0x01, 0xff, 0xb0, 0x00, 0x00,
    0x01, 0xff, 0xb0, 0x00, 0x00, 0x01, 0xff, 0xb0, 0x00, 0x00, 0x01, 0xff, 0xb0, 0x00, 0x00, 0x01,
    0xff, 0xb0, 0x00, 0x00, 0x01, 0xff, 0xb0, 0x00, 0x00, 0x01, 0xff, 0xb0, 0x00, 0x00, 0x01, 0xff,
    0xb0, 0x00, 0x00, 0x01, 0xff, 0xb0, 0x00, 0x00, 0x01, 0xff, 0xb0, 0x00, 0x00, 0x01, 0xff, 0xb0,
    0x00, 0x00, 0x01, 0xff, 0xb0, 0x00, 0x00, 0x01, 0xff, 0xb0, 0x00, 0x00, 0x01, 0xff, 0xb0, 0x00,
    0x00, 0x01, 0xff, 0xb0, 0x00, 0x00, 0x01, 0xff, 0xb0, 0x00, 0x00, 0x01, 0xff, 0xb0, 0x00, 0x00,
    0x01, 0xff, 0xb0, 0x00, 0x00, 0x01, 0xff, 0xb0, 0x00, 0x00, 0x00, 0x02, 0x78, 0x71, 0x00, 0x00,
    0x2d, 0xfd, 0x30, 0x00, 0x03, 0xef, 0xa1, 0x00, 0x00, 0x4e, 0xf7, 0x00, 0x00, 0x00, 0x00, 0x00,
    0x00, 0x00, 0x00, 0x1f, 0xfb, 0x00, 0x00, 0x00, 0x1f, 0xfb, 0x00, 0x00, 0x00, 0x1f, 0xfb, 0x00,
    0x00, 0x00, 0x1f, 0xfb, 0x00, 0x00, 0x00, 0x1f, 0xfb, 0x00, 0x00, 0x00, 0x1f, 0xfb, 0x00, 0x00,
    0x00, 0x1f, 0xfb, 0x00, 0x00, 0x00, 0x1f, 0xfb, 0x00, 0x00, 0x00, 0x1f, 0xfb, 0x00, 0x00, 0x00,
    0x1f, 0xfb, 0x00, 0x00, 0x00, 0x1f, 0xfb, 0x00, 0x00, 0x00, 0x1f, 0xfb, 0x00, 0x00, 0x00, 0x1f,
    0xfb, 0x00, 0x00, 0x00, 0x1f, 0xfb, 0x00, 0x00, 0x00, 0x1f, 0xfb, 0x00, 0x00, 0x00, 0x1f, 0xfb,
    0x00, 0x00, 0x00, 0x1f, 0xfb, 0x00, 0x00, 0x00, 0x1f, 0xfb, 0x00, 0x00, 0x00, 0x1f, 0xfb, 0x00,
    0x00, 0x00, 0x1f, 0xfb, 0x00, 0x00, 0x00, 0x02, 0x78, 0x60, 0x00, 0x00, 0x02, 0xdf, 0xff, 0xa0,
    0x00, 0x03, 0xef, 0x92, 0xcf, 0xb1, 0x03, 0xef, 0x60, 0x01, 0xaf, 0xb1, 0x00, 0x00, 0x00, 0x00,
    0x00, 0x00, 0x00, 0x1f, 0xfb, 0x00, 0x00, 0x00, 0x01, 0xff, 0xb0, 0x00, 0x00, 0x00, 0x1f, 0xfb,
    0x00, 0x00, 0x00, 0x01, 0xff, 0xb0, 0x00, 0x00, 0x00, 0x1f, 0xfb, 0x00, 0x00, 0x00, 0x01, 0xff,
    0xb0, 0x00, 0x00, 0x00, 0x1f, 0xfb, 0x00, 0x00, 0x00, 0x01, 0xff, 0xb0, 0x00, 0x00, 0x00, 0x1f,
    0xfb, 0x00, 0x00, 0x00, 0x01, 0xff, 0xb0, 0x00, 0x00, 0x00, 0x1f, 0xfb, 0x00, 0x00, 0x00, 0x01,
    0xff, 0xb0, 0x00, 0x00, 0x00, 0x1f, 0xfb, 0x00, 0x00, 0x00, 0x01, 0xff, 0xb0, 0x00, 0x00, 0x00,
    0x1f, 0xfb, 0x00, 0x00, 0x00, 0x01, 0xff, 0xb0, 0x00, 0x00, 0x00, 0x1f, 0xfb, 0x00, 0x00, 0x00,
    0x01, 0xff, 0xb0, 0x00, 0x00, 0x00, 0x1f, 0xfb, 0x00, 0x00, 0x00, 0x01, 0xff, 0xb0, 0x00, 0x00,
    0x05, 0x20, 0x00, 0x43, 0x09, 0xfe, 0x10, 0x5f, 0xf4, 0x5e, 0xb0, 0x03, 0xed, 0x20, 0x00, 0x00,
    0x00, 0x00, 0x00, 0x1f, 0xfb, 0x00, 0x00, 0x01, 0xff, 0xb0, 0x00, 0x00, 0x1f, 0xfb, 0x00, 0x00,
    0x01, 0xff, 0xb0, 0x00, 0x00, 0x1f, 0xfb, 0x00, 0x00, 0x01, 0xff, 0xb0, 0x00, 0x00, 0x1f, 0xfb,
    0x00, 0x00, 0x01, 0xff, 0xb0, 0x00, 0x00, 0x1f, 0xfb, 0x00, 0x00, 0x01, 0xff, 0xb0, 0x00, 0x00,
    0x1f, 0xfb, 0x00, 0x00, 0x01, 0xff, 0xb0, 0x00, 0x00, 0x1f, 0xfb, 0x00, 0x00, 0x01, 0xff, 0xb0,
    0x00, 0x00, 0x1f, 0xfb, 0x00, 0x00, 0x01, 0xff, 0xb0, 0x00, 0x00, 0x1f, 0xfb, 0x00, 0x00, 0x01,
    0xff, 0xb0, 0x00, 0x00, 0x1f, 0xfb, 0x00, 0x00, 0x01, 0xff, 0xb0, 0x00, 0x00, 0x0d, 0xff, 0xff,
    0xff, 0xff, 0xec, 0xa5, 0x00, 0x00, 0x00, 0x00, 0x00, 0xdf, 0xff, 0xff, 0xff, 0xff, 0xff, 0xfe,
    0x60, 0x00, 0x00, 0x00, 0x0d, 0xff, 0x55, 0x55, 0x56, 0x79, 0xef, 0xff, 0xa1, 0x00, 0x00, 0x00,
    0xdf, 0xe0, 0x00, 0x00, 0x00, 0x00, 0x6e, 0xff, 0xb0, 0x00, 0x00, 0x0d, 0xfe, 0x00, 0x00, 0x00,
    0x00, 0x00, 0x2d, 0xff, 0x70, 0x00, 0x00, 0xdf, 0xe0, 0x00, 0x00, 0x00, 0x00, 0x00, 0x3f, 0xfe,
    0x10, 0x00, 0x0d, 0xfe, 0x00, 0x00, 0x00, 0x00, 0x00, 0x00, 0x9f, 0xf6, 0x00, 0x00, 0xdf, 0xe0,
    0x00, 0x00, 0x00, 0x00, 0x00, 0x03, 0xff, 0xb0, 0x45, 0x5f, 0xff, 0x55, 0x55, 0x53, 0x00, 0x00,
    0x00, 0x0f, 0xfd, 0x0b, 0xff, 0xff, 0xff, 0xff, 0xff, 0x70, 0x00, 0x00, 0x00, 0xdf, 0xf0, 0xbf,
    0xff, 0xff, 0xff, 0xff, 0xf7, 0x00, 0x00, 0x00, 0x0d, 0xff, 0x00, 0x00, 0xdf, 0xe0, 0x00, 0x00,
    0x00, 0x00, 0x00, 0x00, 0xff, 0xd0, 0x00, 0x0d, 0xfe, 0x00, 0x00, 0x00, 0x00, 0x00, 0x00, 0x3f,
    0xfb, 0x00, 0x00, 0xdf, 0xe0, 0x00, 0x00, 0x00, 0x00, 0x00, 0x09, 0xff, 0x60, 0x00, 0x0d, 0xfe,
    0x00, 0x00, 0x00, 0x00, 0x00, 0x03, 0xff, 0xe1, 0x00, 0x00, 0xdf, 0xe0, 0x00, 0x00, 0x00, 0x00,
    0x02, 0xdf, 0xf7, 0x00, 0x00, 0x0d, 0xfe, 0x00, 0x00, 0x00, 0x00, 0x06, 0xef, 0xfb, 0x00, 0x00,
    0x00, 0xdf, 0xf5, 0x55, 0x55, 0x67, 0x9e, 0xff, 0xfb, 0x10, 0x00, 0x00, 0x0d, 0xff, 0xff, 0xff,
    0xff, 0xff, 0xff, 0xe6, 0x00, 0x00, 0x00, 0x00, 0xdf, 0xff, 0xff, 0xff, 0xfe, 0xda, 0x50, 0x00,
    0x00, 0x00, 0x00, 0x00, 0x00, 0x03, 0xab, 0x70, 0x00, 0x4c, 0x40, 0x00, 0x00, 0x00, 0x00, 0x00,
    0x02, 0xef, 0xff, 0xc2, 0x0a, 0xf3, 0x00, 0x00, 0x00, 0x00, 0x00, 0x00, 0x8f, 0x71, 0x8f, 0xfd,
    0xfc, 0x00, 0x00, 0x00, 0x00, 0x00, 0x00, 0x0b, 0xf0, 0x00, 0x4c, 0xfc, 0x20, 0x00, 0x00, 0x00,
    0x00, 0x00, 0x00, 0x00, 0x00, 0x00, 0x00, 0x00, 0x00, 0x00, 0x00, 0x00, 0x01, 0xff, 0x90, 0x00,
    0x00, 0x00, 0x00, 0x00, 0xff, 0xc0, 0x00, 0x00, 0x1f, 0xff, 0x60, 0x00, 0x00, 0x00, 0x00, 0x0f,
    0xfc, 0x00, 0x00, 0x01, 0xff, 0xff, 0x30, 0x00, 0x00, 0x00, 0x00, 0xff, 0xc0, 0x00, 0x00, 0x1f,
    0xff, 0xfd, 0x10, 0x00, 0x00, 0x00, 0x0f, 0xfc, 0x00, 0x00, 0x01, 0xff, 0xff, 0xfb, 0x00, 0x00,
    0x00, 0x00, 0xff, 0xc0, 0x00, 0x00, 0x1f, 0xfc, 0xdf, 0xf8, 0x00, 0x00, 0x00, 0x0f, 0xfc, 0x00,
    0x00, 0x01, 0xff, 0xb3, 0xff, 0xf5, 0x00, 0x00, 0x00, 0xff, 0xc0, 0x00, 0x00, 0x1f, 0xfb, 0x06,
    0xff, 0xe3, 0x00, 0x00, 0x0f, 0xfc, 0x00, 0x00, 0x01, 0xff, 0xb0, 0x09, 0xff, 0xd1, 0x00, 0x00,
    0xff, 0xc0, 0x00, 0x00, 0x1f, 0xfb, 0x00, 0x0c, 0xff, 0xb0, 0x00, 0x0f, 0xfc, 0x00, 0x00, 0x01,
    0xff, 0xb0, 0x00, 0x2e, 0xff, 0x80, 0x00, 0xff, 0xc0, 0x00, 0x00, 0x1f, 0xfb, 0x00, 0x00, 0x4f,
    0xff, 0x40, 0x0f, 0xfc, 0x00, 0x00, 0x01, 0xff, 0xb0, 0x00, 0x00, 0x7f, 0xfe, 0x20, 0xff, 0xc0,
    0x00, 0x00, 0x1f, 0xfb, 0x00, 0x00, 0x00, 0xaf, 0xfc, 0x1f, 0xfc, 0x00, 0x00, 0x01, 0xff, 0xb0,
    0x00, 0x00, 0x01, 0xcf, 0xfa, 0xff, 0xc0, 0x00, 0x00, 0x1f, 0xfb, 0x00, 0x00, 0x00, 0x02, 0xef,
    0xff, 0xfc, 0x00, 0x00, 0x01, 0xff, 0xb0, 0x00, 0x00, 0x00, 0x04, 0xff, 0xff, 0xc0, 0x00, 0x00,
    0x1f, 0xfb, 0x00, 0x00, 0x00, 0x00, 0x07, 0xff, 0xfc, 0x00, 0x00, 0x01, 0xff, 0xb0, 0x00, 0x00,
    0x00, 0x00, 0x0a, 0xff, 0xc0, 0x00, 0x00, 0x1f, 0xfb, 0x00, 0x00, 0x00, 0x00, 0x00, 0x1d, 0xfc,
    0x00, 0x00, 0x00, 0x00, 0x00, 0x17, 0x88, 0x30, 0x00, 0x00, 0x00, 0x00, 0x00, 0x00, 0x00, 0x00,
    0x00, 0x02, 0xcf, 0xe3, 0x00, 0x00, 0x00, 0x00, 0x00, 0x00, 0x00, 0x00, 0x00, 0x00, 0x19, 0xfe,
    0x40, 0x00, 0x00, 0x00, 0x00, 0x00, 0x00, 0x00, 0x00, 0x00, 0x00, 0x5e, 0xf5, 0x00, 0x00, 0x00,
    0x00, 0x00, 0x00, 0x00, 0x00, 0x00, 0x00, 0x00, 0x00, 0x00, 0x00, 0x00, 0x00, 0x00, 0x00, 0x00,
    0x00, 0x02, 0x7b, 0xdf, 0xed, 0xa6, 0x10, 0x00, 0x00, 0x00, 0x00, 0x00, 0x02, 0xaf, 0xff, 0xff,
    0xff, 0xff, 0xe7, 0x00, 0x00, 0x00, 0x00, 0x00, 0x4e, 0xff, 0xfb, 0x86, 0x79, 0xdf, 0xff, 0xb1,
    0x00, 0x00, 0x00, 0x04, 0xff, 0xf9, 0x20, 0x00, 0x00, 0x05, 0xef, 0xfb, 0x00, 0x00, 0x00, 0x1e,
    0xff, 0x60, 0x00, 0x00, 0x00, 0x00, 0x1c, 0xff, 0x80, 0x00, 0x00, 0x9f, 0xf8, 0x00, 0x00, 0x00,
    0x00, 0x00, 0x02, 0xef, 0xf2, 0x00, 0x01, 0xff, 0xe0, 0x00, 0x00, 0x00, 0x00, 0x00, 0x00, 0x7f,
    0xf8, 0x00, 0x05, 0xff, 0x80, 0x00, 0x00, 0x00, 0x00, 0x00, 0x00, 0x1f, 0xfd, 0x00, 0x08, 0xff,
    0x50, 0x00, 0x00, 0x00, 0x00, 0x00, 0x00, 0x0c, 0xff, 0x00, 0x09, 0xff, 0x30, 0x00, 0x00, 0x00,
    0x00, 0x00, 0x00, 0x0a, 0xff, 0x20, 0x09, 0xff, 0x30, 0x00, 0x00, 0x00, 0x00, 0x00, 0x00, 0x0a,
    0xff, 0x20, 0x08, 0xff, 0x50, 0x00, 0x00, 0x00, 0x00, 0x00, 0x00, 0x0c, 0xff, 0x00, 0x05, 0xff,
    0x80, 0x00, 0x00, 0x00, 0x00, 0x00, 0x00, 0x1f, 0xfd, 0x00, 0x01, 0xff, 0xe0, 0x00, 0x00, 0x00,
    0x00, 0x00, 0x00, 0x7f, 0xf8, 0x00, 0x00, 0x9f, 0xf8, 0x00, 0x00, 0x00, 0x00, 0x00, 0x02, 0xef,
    0xf2, 0x00, 0x00, 0x1e, 0xff, 0x60, 0x00, 0x00, 0x00, 0x00, 0x1c, 0xff, 0x90, 0x00, 0x00, 0x04,
    0xff, 0xf9, 0x10, 0x00, 0x00, 0x05, 0xef, 0xfb, 0x00, 0x00, 0x00, 0x00, 0x5e, 0xff, 0xfa, 0x86,
    0x79, 0xdf, 0xff, 0xb1, 0x00, 0x00, 0x00, 0x00, 0x02, 0xaf, 0xff, 0xff, 0xff, 0xff, 0xe7, 0x00,
    0x00, 0x00, 0x00, 0x00, 0x00, 0x03, 0x8c, 0xdf, 0xed, 0xa6, 0x10, 0x00, 0x00, 0x00, 0x00, 0x00,
    0x00, 0x00, 0x00, 0x00, 0x06, 0x88, 0x40, 0x00, 0x00, 0x00, 0x00, 0x00, 0x00, 0x00, 0x00, 0x00,
    0x9f, 0xf8, 0x00, 0x00, 0x00, 0x00, 0x00, 0x00, 0x00, 0x00, 0x00, 0x0a, 0xfe, 0x40, 0x00, 0x00,
    0x00, 0x00, 0x00, 0x00, 0x00, 0x00, 0x01, 0xbf, 0xb2, 0x00, 0x00, 0x00, 0x00, 0x00, 0x00, 0x00,
    0x00, 0x00, 0x00, 0x00, 0x00, 0x00, 0x00, 0x00, 0x00, 0x00, 0x00, 0x00, 0x00, 0x02, 0x7b, 0xdf,
    0xed, 0xa6, 0x10, 0x00, 0x00, 0x00, 0x00, 0x00, 0x02, 0xaf, 0xff, 0xff, 0xff, 0xff, 0xe7, 0x00,
    0x00, 0x00, 0x00, 0x00, 0x4e, 0xff, 0xfb, 0x86, 0x79, 0xdf, 0xff, 0xb1, 0x00, 0x00, 0x00, 0x04,
    0xff, 0xf9, 0x20, 0x00, 0x00, 0x05, 0xef, 0xfb, 0x00, 0x00, 0x00, 0x1e, 0xff, 0x60, 0x00, 0x00,
    0x00, 0x00, 0x1c, 0xff, 0x80, 0x00, 0x00, 0x9f, 0xf8, 0x00, 0x00, 0x00, 0x00, 0x00, 0x02, 0xef,
    0xf2, 0x00, 0x01, 0xff, 0xe0, 0x00, 0x00, 0x00, 0x00, 0x00, 0x00, 0x7f, 0xf8, 0x00, 0x05, 0xff,
    0x80, 0x00, 0x00, 0x00, 0x00, 0x00, 0x00, 0x1f, 0xfd, 0x00, 0x08, 0xff, 0x50, 0x00, 0x00, 0x00,
    0x00, 0x00, 0x00, 0x0c, 0xff, 0x00, 0x09, 0xff, 0x30, 0x00, 0x00, 0x00, 0x00, 0x00, 0x00, 0x0a,
    0xff, 0x20, 0x09, 0xff, 0x30, 0x00, 0x00, 0x00, 0x00, 0x00, 0x00, 0x0a, 0xff, 0x20, 0x08, 0xff,
    0x50, 0x00, 0x00, 0x00, 0x00, 0x00, 0x00, 0x0c, 0xff, 0x00, 0x05, 0xff, 0x80, 0x00, 0x00, 0x00,
    0x00, 0x00, 0x00, 0x1f, 0xfd, 0x00, 0x01, 0xff, 0xe0, 0x00, 0x00, 0x00, 0x00, 0x00, 0x00, 0x7f,
    0xf8, 0x00, 0x00, 0x9f, 0xf8, 0x00, 0x00, 0x00, 0x00, 0x00, 0x02, 0xef, 0xf2, 0x00, 0x00, 0x1e,
    0xff, 0x60, 0x00, 0x00, 0x00, 0x00, 0x1c, 0xff, 0x90, 0x00, 0x00, 0x04, 0xff, 0xf9, 0x10, 0x00,
    0x00, 0x05, 0xef, 0xfb, 0x00, 0x00, 0x00, 0x00, 0x5e, 0xff, 0xfa, 0x86, 0x79, 0xdf, 0xff, 0xb1,
    0x00, 0x00, 0x00, 0x00, 0x02, 0xaf, 0xff, 0xff, 0xff, 0xff, 0xe7, 0x00, 0x00, 0x00, 0x00, 0x00,
    0x00, 0x03, 0x8c, 0xdf, 0xed, 0xa6, 0x10, 0x00, 0x00, 0x00, 0x00, 0x00, 0x00, 0x00, 0x00, 0x68,
    0x83, 0x00, 0x00, 0x00, 0x00, 0x00, 0x00, 0x00, 0x00, 0x00, 0x08, 0xff, 0xfe, 0x30, 0x00, 0x00,
    0x00, 0x00, 0x00, 0x00, 0x00, 0x00, 0x9f, 0xd3, 0x8f, 0xe4, 0x00, 0x00, 0x00, 0x00, 0x00, 0x00,
    0x00, 0x0a, 0xfb, 0x10, 0x05, 0xef, 0x40, 0x00, 0x00, 0x00, 0x00, 0x00, 0x00, 0x00, 0x00, 0x00,
    0x00, 0x00, 0x00, 0x00, 0x00, 0x00, 0x00, 0x00, 0x00, 0x02, 0x7b, 0xdf, 0xed, 0xa6, 0x10, 0x00,
    0x00, 0x00, 0x00, 0x00, 0x02, 0xaf, 0xff, 0xff, 0xff, 0xff, 0xe7, 0x00, 0x00, 0x00, 0x00, 0x00,
    0x4e, 0xff, 0xfb, 0x86, 0x79, 0xdf, 0xff, 0xb1, 0x00, 0x00, 0x00, 0x04, 0xff, 0xf9, 0x20, 0x00,
    0x00, 0x05, 0xef, 0xfb, 0x00, 0x00, 0x00, 0x1e, 0xff, 0x60, 0x00, 0x00, 0x00, 0x00, 0x1c, 0xff,
    0x80, 0x00, 0x00, 0x9f, 0xf8, 0x00, 0x00, 0x00, 0x00, 0x00, 0x02, 0xef, 0xf2, 0x00, 0x01, 0xff,
    0xe0, 0x00, 0x00, 0x00, 0x00, 0x00, 0x00, 0x7f, 0xf8, 0x00, 0x05, 0xff, 0x80, 0x00, 0x00, 0x00,
    0x00, 0x00, 0x00, 0x1f, 0xfd, 0x00, 0x08, 0xff, 0x50, 0x00, 0x00, 0x00, 0x00, 0x00, 0x00, 0x0c,
    0xff, 0x00, 0x09, 0xff, 0x30, 0x00, 0x00, 0x00, 0x00, 0x00, 0x00, 0x0a, 0xff, 0x20, 0x09, 0xff,
    0x30, 0x00, 0x00, 0x00, 0x00, 0x00, 0x00, 0x0a, 0xff, 0x20, 0x08, 0xff, 0x50, 0x00, 0x00, 0x00,
    0x00, 0x00, 0x00, 0x0c, 0xff, 0x00, 0x05, 0xff, 0x80, 0x00, 0x00, 0x00, 0x00, 0x00, 0x00, 0x1f,
    0xfd, 0x00, 0x01, 0xff, 0xe0, 0x00, 0x00, 0x00, 0x00, 0x00, 0x00, 0x7f, 0xf8, 0x00, 0x00, 0x9f,
    0xf8, 0x00, 0x00, 0x00, 0x00, 0x00, 0x02, 0xef, 0xf2, 0x00, 0x00, 0x1e, 0xff, 0x60, 0x00, 0x00,
    0x00, 0x00, 0x1c, 0xff, 0x90, 0x00, 0x00, 0x04, 0xff, 0xf9, 0x10, 0x00, 0x00, 0x05, 0xef, 0xfb,
    0x00, 0x00, 0x00, 0x00, 0x5e, 0xff, 0xfa, 0x86, 0x79, 0xdf, 0xff, 0xb1, 0x00, 0x00, 0x00, 0x00,
    0x02, 0xaf, 0xff, 0xff, 0xff, 0xff, 0xe7, 0x00, 0x00, 0x00, 0x00, 0x00, 0x00, 0x03, 0x8c, 0xdf,
    0xed, 0xa6, 0x10, 0x00, 0x00, 0x00, 0x00, 0x00, 0x00, 0x01, 0x8c, 0xa2, 0x00, 0x0a, 0xa0, 0x00,
    0x00, 0x00, 0x00, 0x00, 0x00, 0x09, 0xff, 0xff, 0x60, 0x3f, 0xa0, 0x00, 0x00, 0x00, 0x00, 0x00,
    0x00, 0x1f, 0xd1, 0x3d, 0xfd, 0xef, 0x40, 0x00, 0x00, 0x00, 0x00, 0x00, 0x00, 0x4f, 0x70, 0x01,
    0x9e, 0xe7, 0x00, 0x00, 0x00, 0x00, 0x00, 0x00, 0x00, 0x00, 0x00, 0x00, 0x00, 0x00, 0x00, 0x00,
    0x00, 0x00, 0x00, 0x00, 0x00, 0x02, 0x7b, 0xdf, 0xed, 0xa6, 0x10, 0x00, 0x00, 0x00, 0x00, 0x00,
    0x02, 0xaf, 0xff, 0xff, 0xff, 0xff, 0xe7, 0x00, 0x00, 0x00, 0x00, 0x00, 0x4e, 0xff, 0xfb, 0x86,
    0x79, 0xdf, 0xff, 0xb1, 0x00, 0x00, 0x00, 0x04, 0xff, 0xf9, 0x20, 0x00, 0x00, 0x05, 0xef, 0xfb,
    0x00, 0x00, 0x00, 0x1e, 0xff, 0x60, 0x00, 0x00, 0x00, 0x00, 0x1c, 0xff, 0x80, 0x00, 0x00, 0x9f,
    0xf8, 0x00, 0x00, 0x00, 0x00, 0x00, 0x02, 0xef, 0xf2, 0x00, 0x01, 0xff, 0xe0, 0x00, 0x00, 0x00,
    0x00, 0x00, 0x00, 0x7f, 0xf8, 0x00, 0x05, 0xff, 0x80, 0x00, 0x00, 0x00, 0x00, 0x00, 0x00, 0x1f,
    0xfd, 0x00, 0x08, 0xff, 0x50, 0x00, 0x00, 0x00, 0x00, 0x00, 0x00, 0x0c, 0xff, 0x00, 0x09, 0xff,
    0x30, 0x00, 0x00, 0x00, 0x00, 0x00, 0x00, 0x0a, 0xff, 0x20, 0x09, 0xff, 0x30, 0x00, 0x00, 0x00,
    0x00, 0x00, 0x00, 0x0a, 0xff, 0x20, 0x08, 0xff, 0x50, 0x00, 0x00, 0x00, 0x00, 0x00, 0x00, 0x0c,
    0xff, 0x00, 0x05, 0xff, 0x80, 0x00, 0x00, 0x00, 0x00, 0x00, 0x00, 0x1f, 0xfd, 0x00, 0x01, 0xff,
    0xe0, 0x00, 0x00, 0x00, 0x00, 0x00, 0x00, 0x7f, 0xf8, 0x00, 0x00, 0x9f, 0xf8, 0x00, 0x00, 0x00,
    0x00, 0x00, 0x02, 0xef, 0xf2, 0x00, 0x00, 0x1e, 0xff, 0x60, 0x00, 0x00, 0x00, 0x00, 0x1c, 0xff,
    0x90, 0x00, 0x00, 0x04, 0xff, 0xf9, 0x10, 0x00, 0x00, 0x05, 0xef, 0xfb, 0x00, 0x00, 0x00, 0x00,
    0x5e, 0xff, 0xfa, 0x86, 0x79, 0xdf, 0xff, 0xb1, 0x00, 0x00, 0x00, 0x00, 0x02, 0xaf, 0xff, 0xff,
    0xff, 0xff, 0xe7, 0x00, 0x00, 0x00, 0x00, 0x00, 0x00, 0x03, 0x8c, 0xdf, 0xed, 0xa6, 0x10, 0x00,
    0x00, 0x00, 0x00, 0x00, 0x00, 0x00, 0x34, 0x00, 0x02, 0x51, 0x00, 0x00, 0x00, 0x00, 0x00, 0x00,
    0x00, 0x02, 0xff, 0x70, 0x0e, 0xfb, 0x00, 0x00, 0x00, 0x00, 0x00, 0x00, 0x00, 0x01, 0xce, 0x40,
    0x0a, 0xe7, 0x00, 0x00, 0x00, 0x00, 0x00, 0x00, 0x00, 0x00, 0x00, 0x00, 0x00, 0x00, 0x00, 0x00,
    0x00, 0x00, 0x00, 0x00, 0x00, 0x02, 0x7b, 0xdf, 0xed, 0xa6, 0x10, 0x00, 0x00, 0x00, 0x00, 0x00,
    0x02, 0xaf, 0xff, 0xff, 0xff, 0xff, 0xe7, 0x00, 0x00, 0x00, 0x00, 0x00, 0x4e, 0xff, 0xfb, 0x86,
    0x79, 0xdf, 0xff, 0xb1, 0x00, 0x00, 0x00, 0x04, 0xff, 0xf9, 0x20, 0x00, 0x00, 0x05, 0xef, 0xfb,
    0x00, 0x00, 0x00, 0x1e, 0xff, 0x60, 0x00, 0x00, 0x00, 0x00, 0x1c, 0xff, 0x80, 0x00, 0x00, 0x9f,
    0xf8, 0x00, 0x00, 0x00, 0x00, 0x00, 0x02, 0xef, 0xf2, 0x00, 0x01, 0xff, 0xe0, 0x00, 0x00, 0x00,
    0x00, 0x00, 0x00, 0x7f, 0xf8, 0x00, 0x05, 0xff, 0x80, 0x00, 0x00, 0x00, 0x00, 0x00, 0x00, 0x1f,
    0xfd, 0x00, 0x08, 0xff, 0x50, 0x00, 0x00, 0x00, 0x00, 0x00, 0x00, 0x0c, 0xff, 0x00, 0x09, 0xff,
    0x30, 0x00, 0x00, 0x00, 0x00, 0x00, 0x00, 0x0a, 0xff, 0x20, 0x09, 0xff, 0x30, 0x00, 0x00, 0x00,
    0x00, 0x00, 0x00, 0x0a, 0xff, 0x20, 0x08, 0xff, 0x50, 0x00, 0x00, 0x00, 0x00, 0x00, 0x00, 0x0c,
    0xff, 0x00, 0x05, 0xff, 0x80, 0x00, 0x00, 0x00, 0x00, 0x00, 0x00, 0x1f, 0xfd, 0x00, 0x01, 0xff,
    0xe0, 0x00, 0x00, 0x00, 0x00, 0x00, 0x00, 0x7f, 0xf8, 0x00, 0x00, 0x9f, 0xf8, 0x00, 0x00, 0x00,
    0x00, 0x00, 0x02, 0xef, 0xf2, 0x00, 0x00, 0x1e, 0xff, 0x60, 0x00, 0x00, 0x00, 0x00, 0x1c, 0xff,
    0x90, 0x00, 0x00, 0x04, 0xff, 0xf9, 0x10, 0x00, 0x00, 0x05, 0xef, 0xfb, 0x00, 0x00, 0x00, 0x00,
    0x5e, 0xff, 0xfa, 0x86, 0x79, 0xdf, 0xff, 0xb1, 0x00, 0x00, 0x00, 0x00, 0x02, 0xaf, 0xff, 0xff,
    0xff, 0xff, 0xe7, 0x00, 0x00, 0x00, 0x00, 0x00, 0x00, 0x03, 0x8c, 0xdf, 0xed, 0xa6, 0x10, 0x00,
    0x00, 0x00, 0x00, 0x00, 0x00, 0x00, 0x00, 0x00, 0x00, 0x00, 0x00, 0x02, 0xc2, 0x00, 0x00, 0x0b,
    0x50, 0x00, 0x00, 0x0b, 0xfd, 0x20, 0x00, 0xbf, 0xf2, 0x00, 0x00, 0x02, 0xef, 0xd2, 0x0b, 0xff,
    0x60, 0x00, 0x00, 0x00, 0x3e, 0xfd, 0xbf, 0xf6, 0x00, 0x00, 0x00, 0x00, 0x03, 0xef, 0xff, 0x60,
    0x00, 0x00, 0x00, 0x00, 0x00, 0xbf, 0xfe, 0x20, 0x00, 0x00, 0x00, 0x00, 0x0a, 0xff, 0xef, 0xd2,
    0x00, 0x00, 0x00, 0x00, 0xaf, 0xf6, 0x3e, 0xfd, 0x20, 0x00, 0x00, 0x0a, 0xff, 0x60, 0x03, 0xef,
    0xd1, 0x00, 0x00, 0x06, 0xf7, 0x00, 0x00, 0x3e, 0xa0, 0x00, 0x00, 0x00, 0x30, 0x00, 0x00, 0x03,
    0x00, 0x00, 0x00, 0x00, 0x00, 0x00, 0x00, 0x00, 0x00, 0x00, 0x00, 0x00, 0x00, 0x00, 0x00, 0x00,
    0x00, 0x00, 0x00, 0x00, 0x00, 0x00, 0x00, 0x00, 0x00, 0x00, 0x00, 0x00, 0x00, 0x00, 0x00, 0x00,
    0x00, 0x00, 0x00, 0x00, 0x00, 0x00, 0x00, 0x00, 0x00, 0x00, 0x17, 0x82, 0x00, 0x00, 0x00, 0x00,
    0x00, 0x00, 0x00, 0x00, 0x00, 0x00, 0x7f, 0xd0, 0x00, 0x00, 0x00, 0x00, 0x00, 0x02, 0x7b, 0xdf,
    0xed, 0xa7, 0xff, 0x50, 0x00, 0x00, 0x00, 0x00, 0x02, 0xaf, 0xff, 0xff, 0xff, 0xff, 0xff, 0x00,
    0x00, 0x00, 0x00, 0x00, 0x4e, 0xff, 0xfb, 0x86, 0x79, 0xff, 0xff, 0xb1, 0x00, 0x00, 0x00, 0x04,
    0xff, 0xf9, 0x20, 0x00, 0x00, 0xaf, 0xff, 0xfb, 0x00, 0x00, 0x00, 0x1e, 0xff, 0x60, 0x00, 0x00,
    0x03, 0xff, 0x4c, 0xff, 0x80, 0x00, 0x00, 0x9f, 0xf8, 0x00, 0x00, 0x00, 0x0c, 0xf9, 0x02, 0xef,
    0xf2, 0x00, 0x01, 0xff, 0xe0, 0x00, 0x00, 0x00, 0x5f, 0xe2, 0x00, 0x7f, 0xf8, 0x00, 0x05, 0xff,
    0x80, 0x00, 0x00, 0x00, 0xdf, 0x80, 0x00, 0x1f, 0xfd, 0x00, 0x08, 0xff, 0x50, 0x00, 0x00, 0x07,
    0xfe, 0x10, 0x00, 0x0c, 0xff, 0x00, 0x09, 0xff, 0x30, 0x00, 0x00, 0x1e, 0xf6, 0x00, 0x00, 0x0a,
    0xff, 0x20, 0x09, 0xff, 0x30, 0x00, 0x00, 0x8f, 0xd0, 0x00, 0x00, 0x0a, 0xff, 0x20, 0x08, 0xff,
    0x50, 0x00, 0x02, 0xff, 0x50, 0x00, 0x00, 0x0c, 0xff, 0x00, 0x05, 0xff, 0x80, 0x00, 0x0a, 0xfb,
    0x00, 0x00, 0x00, 0x1f, 0xfd, 0x00, 0x01, 0xff, 0xe0, 0x00, 0x3f, 0xf3, 0x00, 0x00, 0x00, 0x7f,
    0xf8, 0x00, 0x00, 0x9f, 0xf8, 0x00, 0xbf, 0xa0, 0x00, 0x00, 0x02, 0xef, 0xf2, 0x00, 0x00, 0x1e,
    0xff, 0x64, 0xff, 0x20, 0x00, 0x00, 0x1c, 0xff, 0x90, 0x00, 0x00, 0x04, 0xff, 0xff, 0xf8, 0x00,
    0x00, 0x05, 0xef, 0xfb, 0x00, 0x00, 0x00, 0x00, 0x5e, 0xff, 0xfc, 0x86, 0x79, 0xdf, 0xff, 0xb1,
    0x00, 0x00, 0x00, 0x00, 0x03, 0xff, 0xff, 0xff, 0xff, 0xff, 0xe7, 0x00, 0x00, 0x00, 0x00, 0x00,
    0x07, 0xff, 0x8c, 0xdf, 0xed, 0xa6, 0x10, 0x00, 0x00, 0x00, 0x00, 0x00, 0x1e, 0xf5, 0x00, 0x00,
    0x00, 0x00, 0x00, 0x00, 0x00, 0x00, 0x00, 0x00, 0x9f, 0xc0, 0x00, 0x00, 0x00, 0x00, 0x00, 0x00,
    0x00, 0x00, 0x00, 0x00, 0x00, 0x58, 0x85, 0x00, 0x00, 0x00, 0x00, 0x00, 0x00, 0x00, 0x00, 0x00,
    0x1a, 0xff, 0x70, 0x00, 0x00, 0x00, 0x00, 0x00, 0x00, 0x00, 0x00, 0x00, 0x6e, 0xf8, 0x00, 0x00,
    0x00, 0x00, 0x00, 0x00, 0x00, 0x00, 0x00, 0x03, 0xdf, 0x90, 0x00, 0x00, 0x00, 0x00, 0x00, 0x00,
    0x00, 0x00, 0x00, 0x00, 0x00, 0x00, 0x00, 0x00, 0x00, 0x00, 0x4f, 0xf9, 0x00, 0x00, 0x00, 0x00,
    0x00, 0x6f, 0xf5, 0x00, 0x00, 0x4f, 0xf9, 0x00, 0x00, 0x00, 0x00, 0x00, 0x6f, 0xf5, 0x00, 0x00,
    0x4f, 0xf9, 0x00, 0x00, 0x00, 0x00, 0x00, 0x6f, 0xf5, 0x00, 0x00, 0x4f, 0xf9, 0x00, 0x00, 0x00,
    0x00, 0x00, 0x6f, 0xf5, 0x00, 0x00, 0x4f, 0xf9, 0x00, 0x00, 0x00, 0x00, 0x00, 0x6f, 0xf5, 0x00,
    0x00, 0x4f, 0xf9, 0x00, 0x00, 0x00, 0x00, 0x00, 0x6f, 0xf5, 0x00, 0x00, 0x4f, 0xf9, 0x00, 0x00,
    0x00, 0x00, 0x00, 0x6f, 0xf5, 0x00, 0x00, 0x4f, 0xf9, 0x00, 0x00, 0x00, 0x00, 0x00, 0x6f, 0xf5,
    0x00, 0x00, 0x4f, 0xf9, 0x00, 0x00, 0x00, 0x00, 0x00, 0x6f, 0xf5, 0x00, 0x00, 0x4f, 0xf9, 0x00,
    0x00, 0x00, 0x00, 0x00, 0x6f, 0xf5, 0x00, 0x00, 0x4f, 0xf9, 0x00, 0x00, 0x00, 0x00, 0x00, 0x6f,
    0xf5, 0x00, 0x00, 0x3f, 0xf9, 0x00, 0x00, 0x00, 0x00, 0x00, 0x6f, 0xf5, 0x00, 0x00, 0x2f, 0xfa,
    0x00, 0x00, 0x00, 0x00, 0x00, 0x7f, 0xf4, 0x00, 0x00, 0x1f, 0xfc, 0x00, 0x00, 0x00, 0x00, 0x00,
    0x9f, 0xf2, 0x00, 0x00, 0x0c, 0xff, 0x20, 0x00, 0x00, 0x00, 0x00, 0xdf, 0xe0, 0x00, 0x00, 0x07,
    0xff, 0x90, 0x00, 0x00, 0x00, 0x06, 0xff, 0x90, 0x00, 0x00, 0x01, 0xef, 0xf7, 0x00, 0x00, 0x00,
    0x5e, 0xfe, 0x20, 0x00, 0x00, 0x00, 0x4f, 0xff, 0xd8, 0x66, 0x8c, 0xff, 0xf5, 0x00, 0x00, 0x00,
    0x00, 0x03, 0xdf, 0xff, 0xff, 0xff, 0xfe, 0x40, 0x00, 0x00, 0x00, 0x00, 0x00, 0x06, 0xad, 0xef,
    0xdb, 0x61, 0x00, 0x00, 0x00, 0x00, 0x00, 0x00, 0x00, 0x00, 0x00, 0x48, 0x86, 0x00, 0x00, 0x00,
    0x00, 0x00, 0x00, 0x00, 0x00, 0x05, 0xff, 0xb2, 0x00, 0x00, 0x00, 0x00, 0x00, 0x00, 0x00, 0x00,
    0x6f, 0xf8, 0x00, 0x00, 0x00, 0x00, 0x00, 0x00, 0x00, 0x00, 0x07, 0xfe, 0x40, 0x00, 0x00, 0x00,
    0x00, 0x00, 0x00, 0x00, 0x00, 0x00, 0x00, 0x00, 0x00, 0x00, 0x00, 0x00, 0x00, 0x4f, 0xf9, 0x00,
    0x00, 0x00, 0x00, 0x00, 0x6f, 0xf5, 0x00, 0x00, 0x4f, 0xf9, 0x00, 0x00, 0x00, 0x00, 0x00, 0x6f,
    0xf5, 0x00, 0x00, 0x4f, 0xf9, 0x00, 0x00, 0x00, 0x00, 0x00, 0x6f, 0xf5, 0x00, 0x00, 0x4f, 0xf9,
    0x00, 0x00, 0x00, 0x00, 0x00, 0x6f, 0xf5, 0x00, 0x00, 0x4f, 0xf9, 0x00, 0x00, 0x00, 0x00, 0x00,
    0x6f, 0xf5, 0x00, 0x00, 0x4f, 0xf9, 0x00, 0x00, 0x00, 0x00, 0x00, 0x6f, 0xf5, 0x00, 0x00, 0x4f,
    0xf9, 0x00, 0x00, 0x00, 0x00, 0x00, 0x6f, 0xf5, 0x00, 0x00, 0x4f, 0xf9, 0x00, 0x00, 0x00, 0x00,
    0x00, 0x6f, 0xf5, 0x00, 0x00, 0x4f, 0xf9, 0x00, 0x00, 0x00, 0x00, 0x00, 0x6f, 0xf5, 0x00, 0x00,
    0x4f, 0xf9, 0x00, 0x00, 0x00, 0x00, 0x00, 0x6f, 0xf5, 0x00, 0x00, 0x4f, 0xf9, 0x00, 0x00, 0x00,
    0x00, 0x00, 0x6f, 0xf5, 0x00, 0x00, 0x3f, 0xf9, 0x00, 0x00, 0x00, 0x00, 0x00, 0x6f, 0xf5, 0x00,
    0x00, 0x2f, 0xfa, 0x00, 0x00, 0x00, 0x00, 0x00, 0x7f, 0xf4, 0x00, 0x00, 0x1f, 0xfc, 0x00, 0x00,
    0x00, 0x00, 0x00, 0x9f, 0xf2, 0x00, 0x00, 0x0c, 0xff, 0x20, 0x00, 0x00, 0x00, 0x00, 0xdf, 0xe0,
    0x00, 0x00, 0x07, 0xff, 0x90, 0x00, 0x00, 0x00, 0x06, 0xff, 0x90, 0x00, 0x00, 0x01, 0xef, 0xf7,
    0x00, 0x00, 0x00, 0x5e, 0xfe, 0x20, 0x00, 0x00, 0x00, 0x4f, 0xff, 0xd8, 0x66, 0x8c, 0xff, 0xf5,
    0x00, 0x00, 0x00, 0x00, 0x03, 0xdf, 0xff, 0xff, 0xff, 0xfe, 0x40, 0x00, 0x00, 0x00, 0x00, 0x00,
    0x06, 0xad, 0xef, 0xdb, 0x61, 0x00, 0x00, 0x00, 0x00, 0x00, 0x00, 0x00, 0x04, 0x88, 0x50, 0x00,
    0x00, 0x00, 0x00, 0x00, 0x00, 0x00, 0x00, 0x4f, 0xff, 0xf7, 0x00, 0x00, 0x00, 0x00, 0x00, 0x00,
    0x00, 0x05, 0xff, 0x64, 0xef, 0x70, 0x00, 0x00, 0x00, 0x00, 0x00, 0x00, 0x6f, 0xe3, 0x00, 0x2c,
    0xf8, 0x00, 0x00, 0x00, 0x00, 0x00, 0x00, 0x00, 0x00, 0x00, 0x00, 0x00, 0x00, 0x00, 0x00, 0x00,
    0x4f, 0xf9, 0x00, 0x00, 0x00, 0x00, 0x00, 0x6f, 0xf5, 0x00, 0x00, 0x4f, 0xf9, 0x00, 0x00, 0x00,
    0x00, 0x00, 0x6f, 0xf5, 0x00, 0x00, 0x4f, 0xf9, 0x00, 0x00, 0x00, 0x00, 0x00, 0x6f, 0xf5, 0x00,
    0x00, 0x4f, 0xf9, 0x00, 0x00, 0x00, 0x00, 0x00, 0x6f, 0xf5, 0x00, 0x00, 0x4f, 0xf9, 0x00, 0x00,
    0x00, 0x00, 0x00, 0x6f, 0xf5, 0x00, 0x00, 0x4f, 0xf9, 0x00, 0x00, 0x00, 0x00, 0x00, 0x6f, 0xf5,
    0x00, 0x00, 0x4f, 0xf9, 0x00, 0x00, 0x00, 0x00, 0x00, 0x6f, 0xf5, 0x00, 0x00, 0x4f, 0xf9, 0x00,
    0x00, 0x00, 0x00, 0x00, 0x6f, 0xf5, 0x00, 0x00, 0x4f, 0xf9, 0x00, 0x00, 0x00, 0x00, 0x00, 0x6f,
    0xf5, 0x00, 0x00, 0x4f, 0xf9, 0x00, 0x00, 0x00, 0x00, 0x00, 0x6f, 0xf5, 0x00, 0x00, 0x4f, 0xf9,
    0x00, 0x00, 0x00, 0x00, 0x00, 0x6f, 0xf5, 0x00, 0x00, 0x3f, 0xf9, 0x00, 0x00, 0x00, 0x00, 0x00,
    0x6f, 0xf5, 0x00, 0x00, 0x2f, 0xfa, 0x00, 0x00, 0x00, 0x00, 0x00, 0x7f, 0xf4, 0x00, 0x00, 0x1f,
    0xfc, 0x00, 0x00, 0x00, 0x00, 0x00, 0x9f, 0xf2, 0x00, 0x00, 0x0c, 0xff, 0x20, 0x00, 0x00, 0x00,
    0x00, 0xdf, 0xe0, 0x00, 0x00, 0x07, 0xff, 0x90, 0x00, 0x00, 0x00, 0x06, 0xff, 0x90, 0x00, 0x00,
    0x01, 0xef, 0xf7, 0x00, 0x00, 0x00, 0x5e, 0xfe, 0x20, 0x00, 0x00, 0x00, 0x4f, 0xff, 0xd8, 0x66,
    0x8c, 0xff, 0xf5, 0x00, 0x00, 0x00, 0x00, 0x03, 0xdf, 0xff, 0xff, 0xff, 0xfe, 0x40, 0x00, 0x00,
    0x00, 0x00, 0x00, 0x06, 0xad, 0xef, 0xdb, 0x61, 0x00, 0x00, 0x00, 0x00, 0x00, 0x00, 0x01, 0x51,
    0x00, 0x05, 0x20, 0x00, 0x00, 0x00, 0x00, 0x00, 0x00, 0x0c, 0xfc, 0x00, 0x9f, 0xe1, 0x00, 0x00,
    0x00, 0x00, 0x00, 0x00, 0x09, 0xe8, 0x00, 0x6e, 0xb0, 0x00, 0x00, 0x00, 0x00, 0x00, 0x00, 0x00,
    0x00, 0x00, 0x00, 0x00, 0x00, 0x00, 0x00, 0x00, 0x4f, 0xf9, 0x00, 0x00, 0x00, 0x00, 0x00, 0x6f,
    0xf5, 0x00, 0x00, 0x4f, 0xf9, 0x00, 0x00, 0x00, 0x00, 0x00, 0x6f, 0xf5, 0x00, 0x00, 0x4f, 0xf9,
    0x00, 0x00, 0x00, 0x00, 0x00, 0x6f, 0xf5, 0x00, 0x00, 0x4f, 0xf9, 0x00, 0x00, 0x00, 0x00, 0x00,
    0x6f, 0xf5, 0x00, 0x00, 0x4f, 0xf9, 0x00, 0x00, 0x00, 0x00, 0x00, 0x6f, 0xf5, 0x00, 0x00, 0x4f,
    0xf9, 0x00, 0x00, 0x00, 0x00, 0x00, 0x6f, 0xf5, 0x00, 0x00, 0x4f, 0xf9, 0x00, 0x00, 0x00, 0x00,
    0x00, 0x6f, 0xf5, 0x00, 0x00, 0x4f, 0xf9, 0x00, 0x00, 0x00, 0x00, 0x00, 0x6f, 0xf5, 0x00, 0x00,
    0x4f, 0xf9, 0x00, 0x00, 0x00, 0x00, 0x00, 0x6f, 0xf5, 0x00, 0x00, 0x4f, 0xf9, 0x00, 0x00, 0x00,
    0x00, 0x00, 0x6f, 0xf5, 0x00, 0x00, 0x4f, 0xf9, 0x00, 0x00, 0x00, 0x00, 0x00, 0x6f, 0xf5, 0x00,
    0x00, 0x3f, 0xf9, 0x00, 0x00, 0x00, 0x00, 0x00, 0x6f, 0xf5, 0x00, 0x00, 0x2f, 0xfa, 0x00, 0x00,
    0x00, 0x00, 0x00, 0x7f, 0xf4, 0x00, 0x00, 0x1f, 0xfc, 0x00, 0x00, 0x00, 0x00, 0x00, 0x9f, 0xf2,
    0x00, 0x00, 0x0c, 0xff, 0x20, 0x00, 0x00, 0x00, 0x00, 0xdf, 0xe0, 0x00, 0x00, 0x07, 0xff, 0x90,
    0x00, 0x00, 0x00, 0x06, 0xff, 0x90, 0x00, 0x00, 0x01, 0xef, 0xf7, 0x00, 0x00, 0x00, 0x5e, 0xfe,
    0x20, 0x00, 0x00, 0x00, 0x4f, 0xff, 0xd8, 0x66, 0x8c, 0xff, 0xf5, 0x00, 0x00, 0x00, 0x00, 0x03,
    0xdf, 0xff, 0xff, 0xff, 0xfe, 0x40, 0x00, 0x00, 0x00, 0x00, 0x00, 0x06, 0xad, 0xef, 0xdb, 0x61,
    0x00, 0x00, 0x00, 0x00, 0x00, 0x00, 0x00, 0x00, 0x04, 0x88, 0x60, 0x00, 0x00, 0x00, 0x00, 0x00,
    0x00, 0x00, 0x5f, 0xfb, 0x20, 0x00, 0x00, 0x00, 0x00, 0x00, 0x00, 0x06, 0xff, 0x80, 0x00, 0x00,
    0x00, 0x00, 0x00, 0x00, 0x00, 0x7f, 0xe4, 0x00, 0x00, 0x00, 0x00, 0x00, 0x00, 0x00, 0x00, 0x00,
    0x00, 0x00, 0x00, 0x00, 0x00, 0x0c, 0xff, 0x30, 0x00, 0x00, 0x00, 0x00, 0x00, 0xcf, 0xd1, 0x03,
    0xff, 0xc0, 0x00, 0x00, 0x00, 0x00, 0x07, 0xff, 0x50, 0x00, 0x9f, 0xf6, 0x00, 0x00, 0x00, 0x00,
    0x1e, 0xfb, 0x00, 0x00, 0x1e, 0xfe, 0x10, 0x00, 0x00, 0x00, 0xaf, 0xf2, 0x00, 0x00, 0x06, 0xff,
    0x80, 0x00, 0x00, 0x04, 0xff, 0x80, 0x00, 0x00, 0x00, 0xcf, 0xf3, 0x00, 0x00, 0x0c, 0xfe, 0x10,
    0x00, 0x00, 0x00, 0x4f, 0xfb, 0x00, 0x00, 0x6f, 0xf5, 0x00, 0x00, 0x00, 0x00, 0x0a, 0xff, 0x50,
    0x01, 0xef, 0xb0, 0x00, 0x00, 0x00, 0x00, 0x01, 0xef, 0xd1, 0x09, 0xff, 0x30, 0x00, 0x00, 0x00,
    0x00, 0x00, 0x7f, 0xf8, 0x3f, 0xf8, 0x00, 0x00, 0x00, 0x00, 0x00, 0x00, 0x0d, 0xff, 0xdf, 0xe1,
    0x00, 0x00, 0x00, 0x00, 0x00, 0x00, 0x04, 0xff, 0xff, 0x60, 0x00, 0x00, 0x00, 0x00, 0x00, 0x00,
    0x00, 0xaf, 0xfc, 0x00, 0x00, 0x00, 0x00, 0x00, 0x00, 0x00, 0x00, 0x5f, 0xf7, 0x00, 0x00, 0x00,
    0x00, 0x00, 0x00, 0x00, 0x00, 0x5f, 0xf7, 0x00, 0x00, 0x00, 0x00, 0x00, 0x00, 0x00, 0x00, 0x5f,
    0xf7, 0x00, 0x00, 0x00, 0x00, 0x00, 0x00, 0x00, 0x00, 0x5f, 0xf7, 0x00, 0x00, 0x00, 0x00, 0x00,
    0x00, 0x00, 0x00, 0x5f, 0xf7, 0x00, 0x00, 0x00, 0x00, 0x00, 0x00, 0x00, 0x00, 0x5f, 0xf7, 0x00,
    0x00, 0x00, 0x00, 0x00, 0x00, 0x00, 0x00, 0x5f, 0xf7, 0x00, 0x00, 0x00, 0x00, 0x00, 0x1f, 0xfb,
    0x00, 0x00, 0x00, 0x00, 0x00, 0x00, 0x00, 0x00, 0x1f, 0xfb, 0x00, 0x00, 0x00, 0x00, 0x00, 0x00,
    0x00, 0x00, 0x1f, 0xfb, 0x00, 0x00, 0x00, 0x00, 0x00, 0x00, 0x00, 0x00, 0x1f, 0xff, 0xff, 0xff,
    0xfe, 0xda, 0x50, 0x00, 0x00, 0x00, 0x1f, 0xff, 0xff, 0xff, 0xff, 0xff, 0xfd, 0x40, 0x00, 0x00,
    0x1f, 0xfc, 0x55, 0x55, 0x66, 0x9d, 0xff, 0xf4, 0x00, 0x00, 0x1f, 0xfb, 0x00, 0x00, 0x00, 0x00,
    0x7f, 0xfe, 0x10, 0x00, 0x1f, 0xfb, 0x00, 0x00, 0x00, 0x00, 0x09, 0xff, 0x60, 0x00, 0x1f, 0xfb,
    0x00, 0x00, 0x00, 0x00, 0x03, 0xff, 0xa0, 0x00, 0x1f, 0xfb, 0x00, 0x00, 0x00, 0x00, 0x01, 0xff,
    0xb0, 0x00, 0x1f, 0xfb, 0x00, 0x00, 0x00, 0x00, 0x02, 0xff, 0xa0, 0x00, 0x1f, 0xfb, 0x00, 0x00,
    0x00, 0x00, 0x06, 0xff, 0x80, 0x00, 0x1f, 0xfb, 0x00, 0x00, 0x00, 0x00, 0x2e, 0xff, 0x30, 0x00,
    0x1f, 0xfb, 0x00, 0x00, 0x01, 0x38, 0xef, 0xf9, 0x00, 0x00, 0x1f, 0xff, 0xff, 0xff, 0xff, 0xff,
    0xff, 0x90, 0x00, 0x00, 0x1f, 0xff, 0xff, 0xff, 0xff, 0xff, 0xb4, 0x00, 0x00, 0x00, 0x1f, 0xfc,
    0x55, 0x55, 0x55, 0x31, 0x00, 0x00, 0x00, 0x00, 0x1f, 0xfb, 0x00, 0x00, 0x00, 0x00, 0x00, 0x00,
    0x00, 0x00, 0x1f, 0xfb, 0x00, 0x00, 0x00, 0x00, 0x00, 0x00, 0x00, 0x00, 0x1f, 0xfb, 0x00, 0x00,
    0x00, 0x00, 0x00, 0x00, 0x00, 0x00, 0x00, 0x01, 0x6b, 0xdf, 0xec, 0x71, 0x00, 0x00, 0x00, 0x00,
    0x03, 0xdf, 0xff, 0xff, 0xff, 0xe4, 0x00, 0x00, 0x00, 0x01, 0xef, 0xfc, 0x76, 0x7b, 0xff, 0xe3,
    0x00, 0x00, 0x00, 0xaf, 0xf7, 0x00, 0x00, 0x05, 0xff, 0xa0, 0x00, 0x00, 0x1f, 0xfb, 0x00, 0x00,
    0x00, 0x0b, 0xfe, 0x00, 0x00, 0x04, 0xff, 0x60, 0x00, 0x00, 0x00, 0x8f, 0xf1, 0x00, 0x00, 0x6f,
    0xf4, 0x00, 0x00, 0x00, 0x0b, 0xfe, 0x00, 0x00, 0x07, 0xff, 0x40, 0x00, 0x00, 0x04, 0xff, 0x80,
    0x00, 0x00, 0x7f, 0xf4, 0x00, 0x01, 0x39, 0xff, 0xc1, 0x00, 0x00, 0x07, 0xff, 0x40, 0x01, 0xff,
    0xff, 0xd1, 0x00, 0x00, 0x00, 0x7f, 0xf4, 0x00, 0x1f, 0xff, 0xff, 0xe6, 0x00, 0x00, 0x07, 0xff,
    0x40, 0x00, 0x56, 0x7a, 0xff, 0xf7, 0x00, 0x00, 0x7f, 0xf4, 0x00, 0x00, 0x00, 0x03, 0xdf, 0xf3,
    0x00, 0x07, 0xff, 0x40, 0x00, 0x00, 0x00, 0x04, 0xff, 0x80, 0x00, 0x7f, 0xf4, 0x00, 0x00, 0x00,
    0x00, 0x0f, 0xfa, 0x00, 0x07, 0xff, 0x40, 0x00, 0x00, 0x00, 0x00, 0xff, 0xa0, 0x00, 0x7f, 0xf4,
    0x00, 0x00, 0x00, 0x00, 0x4f, 0xf8, 0x00, 0x07, 0xff, 0x40, 0x00, 0x00, 0x00, 0x2d, 0xff, 0x30,
    0x00, 0x7f, 0xf4, 0x00, 0x97, 0x67, 0x9f, 0xff, 0x90, 0x00, 0x07, 0xff, 0x40, 0x1f, 0xff, 0xff,
    0xff, 0x90, 0x00, 0x00, 0x7f, 0xf4, 0x02, 0xbe, 0xfe, 0xd9, 0x30, 0x00, 0x00, 0x00, 0x05, 0x88,
    0x50, 0x00, 0x00, 0x00, 0x00, 0x00, 0x00, 0x09, 0xff, 0x80, 0x00, 0x00, 0x00, 0x00, 0x00, 0x00,
    0x05, 0xef, 0x90, 0x00, 0x00, 0x00, 0x00, 0x00, 0x00, 0x02, 0xcf, 0xa0, 0x00, 0x00, 0x00, 0x00,
    0x00, 0x00, 0x00, 0x00, 0x00, 0x00, 0x00, 0x00, 0x00, 0x00, 0x00, 0x00, 0x00, 0x00, 0x00, 0x00,
    0x00, 0x01, 0x7b, 0xdf, 0xed, 0xa4, 0x00, 0x00, 0x00, 0x08, 0xff, 0xff, 0xff, 0xff, 0xf9, 0x00,
    0x00, 0x00, 0xcf, 0xea, 0x76, 0x7a, 0xff, 0xf6, 0x00, 0x00, 0x04, 0x71, 0x00, 0x00, 0x03, 0xef,
    0xe0, 0x00, 0x00, 0x00, 0x00, 0x00, 0x00, 0x09, 0xff, 0x20, 0x00, 0x00, 0x00, 0x00, 0x00, 0x00,
    0x6f, 0xf4, 0x00, 0x00, 0x03, 0x9d, 0xef, 0xff, 0xff, 0xff, 0x50, 0x00, 0x06, 0xff, 0xff, 0xff,
    0xff, 0xff, 0xf5, 0x00, 0x02, 0xff, 0xf9, 0x65, 0x55, 0x59, 0xff, 0x50, 0x00, 0x7f, 0xf6, 0x00,
    0x00, 0x00, 0x6f, 0xf5, 0x00, 0x09, 0xff, 0x20, 0x00, 0x00, 0x08, 0xff, 0x50, 0x00, 0x7f, 0xf7,
    0x00, 0x00, 0x06, 0xff, 0xf5, 0x00, 0x02, 0xff, 0xfa, 0x76, 0x7c, 0xfe, 0xff, 0x50, 0x00, 0x05,
    0xff, 0xff, 0xff, 0xfd, 0x5f, 0xf5, 0x00, 0x00, 0x03, 0x9d, 0xfe, 0xc7, 0x14, 0xff, 0x50, 0x00,
    0x00, 0x00, 0x00, 0x00, 0x03, 0x88, 0x70, 0x00, 0x00, 0x00, 0x00, 0x00, 0x04, 0xef, 0xc2, 0x00,
    0x00, 0x00, 0x00, 0x00, 0x05, 0xff, 0x90, 0x00, 0x00, 0x00, 0x00, 0x00, 0x06, 0xfe, 0x50, 0x00,
    0x00, 0x00, 0x00, 0x00, 0x00, 0x00, 0x00, 0x00, 0x00, 0x00, 0x00, 0x00, 0x00, 0x00, 0x00, 0x00,
    0x00, 0x00, 0x00, 0x00, 0x01, 0x7b, 0xdf, 0xed, 0xa4, 0x00, 0x00, 0x00, 0x08, 0xff, 0xff, 0xff,
    0xff, 0xf9, 0x00, 0x00, 0x00, 0xcf, 0xea, 0x76, 0x7a, 0xff, 0xf6, 0x00, 0x00, 0x04, 0x71, 0x00,
    0x00, 0x03, 0xef, 0xe0, 0x00, 0x00, 0x00, 0x00, 0x00, 0x00, 0x09, 0xff, 0x20, 0x00, 0x00, 0x00,
    0x00, 0x00, 0x00, 0x6f, 0xf4, 0x00, 0x00, 0x03, 0x9d, 0xef, 0xff, 0xff, 0xff, 0x50, 0x00, 0x06,
    0xff, 0xff, 0xff, 0xff, 0xff, 0xf5, 0x00, 0x02, 0xff, 0xf9, 0x65, 0x55, 0x59, 0xff, 0x50, 0x00,
    0x7f, 0xf6, 0x00, 0x00, 0x00, 0x6f, 0xf5, 0x00, 0x09, 0xff, 0x20, 0x00, 0x00, 0x08, 0xff, 0x50,
    0x00, 0x7f, 0xf7, 0x00, 0x00, 0x06, 0xff, 0xf5, 0x00, 0x02, 0xff, 0xfa, 0x76, 0x7c, 0xfe, 0xff,
    0x50, 0x00, 0x05, 0xff, 0xff, 0xff, 0xfd, 0x5f, 0xf5, 0x00, 0x00, 0x03, 0x9d, 0xfe, 0xc7, 0x14,
    0xff, 0x50, 0x00, 0x00, 0x00, 0x00, 0x38, 0x85, 0x00, 0x00, 0x00, 0x00, 0x00, 0x00, 0x4e, 0xff,
    0xf7, 0x00, 0x00, 0x00, 0x00, 0x00, 0x4f, 0xf7, 0x4e, 0xf8, 0x00, 0x00, 0x00, 0x00, 0x5f, 0xe4,
    0x00, 0x2c, 0xf9, 0x00, 0x00, 0x00, 0x00, 0x00, 0x00, 0x00, 0x00, 0x00, 0x00, 0x00, 0x00, 0x00,
    0x00, 0x00, 0x00, 0x00, 0x00, 0x00, 0x00, 0x01, 0x7b, 0xdf, 0xed, 0xa4, 0x00, 0x00, 0x00, 0x08,
    0xff, 0xff, 0xff, 0xff, 0xf9, 0x00, 0x00, 0x00, 0xcf, 0xea, 0x76, 0x7a, 0xff, 0xf6, 0x00, 0x00,
    0x04, 0x71, 0x00, 0x00, 0x03, 0xef, 0xe0, 0x00, 0x00, 0x00, 0x00, 0x00, 0x00, 0x09, 0xff, 0x20,
    0x00, 0x00, 0x00, 0x00, 0x00, 0x00, 0x6f, 0xf4, 0x00, 0x00, 0x03, 0x9d, 0xef, 0xff, 0xff, 0xff,
    0x50, 0x00, 0x06, 0xff, 0xff, 0xff, 0xff, 0xff, 0xf5, 0x00, 0x02, 0xff, 0xf9, 0x65, 0x55, 0x59,
    0xff, 0x50, 0x00, 0x7f, 0xf6, 0x00, 0x00, 0x00, 0x6f, 0xf5, 0x00, 0x09, 0xff, 0x20, 0x00, 0x00,
    0x08, 0xff, 0x50, 0x00, 0x7f, 0xf7, 0x00, 0x00, 0x06, 0xff, 0xf5, 0x00, 0x02, 0xff, 0xfa, 0x76,
    0x7c, 0xfe, 0xff, 0x50, 0x00, 0x05, 0xff, 0xff, 0xff, 0xfd, 0x5f, 0xf5, 0x00, 0x00, 0x03, 0x9d,
    0xfe, 0xc7, 0x14, 0xff, 0x50, 0x00, 0x00, 0x00, 0x3b, 0xc6, 0x00, 0x09, 0xa0, 0x00, 0x00, 0x00,
    0x0d, 0xff, 0xfa, 0x12, 0xea, 0x00, 0x00, 0x00, 0x05, 0xf7, 0x19, 0xfe, 0xef, 0x40, 0x00, 0x00,
    0x00, 0x7f, 0x10, 0x06, 0xde, 0x70, 0x00, 0x00, 0x00, 0x00, 0x00, 0x00, 0x00, 0x00, 0x00, 0x00,
    0x00, 0x00, 0x00, 0x00, 0x00, 0x00, 0x00, 0x00, 0x00, 0x00, 0x01, 0x7b, 0xdf, 0xed, 0xa4, 0x00,
    0x00, 0x00, 0x08, 0xff, 0xff, 0xff, 0xff, 0xf9, 0x00, 0x00, 0x00, 0xcf, 0xea, 0x76, 0x7a, 0xff,
    0xf6, 0x00, 0x00, 0x04, 0x71, 0x00, 0x00, 0x03, 0xef, 0xe0, 0x00, 0x00, 0x00, 0x00, 0x00, 0x00,
    0x09, 0xff, 0x20, 0x00, 0x00, 0x00, 0x00, 0x00, 0x00, 0x6f, 0xf4, 0x00, 0x00, 0x03, 0x9d, 0xef,
    0xff, 0xff, 0xff, 0x50, 0x00, 0x06, 0xff, 0xff, 0xff, 0xff, 0xff, 0xf5, 0x00, 0x02, 0xff, 0xf9,
    0x65, 0x55, 0x59, 0xff, 0x50, 0x00, 0x7f, 0xf6, 0x00, 0x00, 0x00, 0x6f, 0xf5, 0x00, 0x09, 0xff,
    0x20, 0x00, 0x00, 0x08, 0xff, 0x50, 0x00, 0x7f, 0xf7, 0x00, 0x00, 0x06, 0xff, 0xf5, 0x00, 0x02,
    0xff, 0xfa, 0x76, 0x7c, 0xfe, 0xff, 0x50, 0x00, 0x05, 0xff, 0xff, 0xff, 0xfd, 0x5f, 0xf5, 0x00,
    0x00, 0x03, 0x9d, 0xfe, 0xc7, 0x14, 0xff, 0x50, 0x00, 0x00, 0x00, 0x15, 0x10, 0x00, 0x42, 0x00,
    0x00, 0x00, 0x00, 0x0b, 0xfd, 0x00, 0x8f, 0xf1, 0x00, 0x00, 0x00, 0x00, 0x8e, 0x90, 0x05, 0xec,
    0x10, 0x00, 0x00, 0x00, 0x00, 0x00, 0x00, 0x00, 0x00, 0x00, 0x00, 0x00, 0x00, 0x00, 0x00, 0x00,
    0x00, 0x00, 0x00, 0x00, 0x00, 0x17, 0xbd, 0xfe, 0xda, 0x40, 0x00, 0x00, 0x00, 0x8f, 0xff, 0xff,
    0xff, 0xff, 0x90, 0x00, 0x00, 0x0c, 0xfe, 0xa7, 0x67, 0xaf, 0xff, 0x60, 0x00, 0x00, 0x47, 0x10,
    0x00, 0x00, 0x3e, 0xfe, 0x00, 0x00, 0x00, 0x00, 0x00, 0x00, 0x00, 0x9f, 0xf2, 0x00, 0x00, 0x00,
    0x00, 0x00, 0x00, 0x06, 0xff, 0x40, 0x00, 0x00, 0x39, 0xde, 0xff, 0xff, 0xff, 0xf5, 0x00, 0x00,
    0x6f, 0xff, 0xff, 0xff, 0xff, 0xff, 0x50, 0x00, 0x2f, 0xff, 0x96, 0x55, 0x55, 0x9f, 0xf5, 0x00,
    0x07, 0xff, 0x60, 0x00, 0x00, 0x06, 0xff, 0x50, 0x00, 0x9f, 0xf2, 0x00, 0x00, 0x00, 0x8f, 0xf5,
    0x00, 0x07, 0xff, 0x70, 0x00, 0x00, 0x6f, 0xff, 0x50, 0x00, 0x2f, 0xff, 0xa7, 0x67, 0xcf, 0xef,
    0xf5, 0x00, 0x00, 0x5f, 0xff, 0xff, 0xff, 0xd5, 0xff, 0x50, 0x00, 0x00, 0x39, 0xdf, 0xec, 0x71,
    0x4f, 0xf5, 0x00, 0x00, 0x00, 0x00, 0x7d, 0xea, 0x10, 0x00, 0x00, 0x00, 0x00, 0x00, 0x7d, 0x31,
    0xbb, 0x00, 0x00, 0x00, 0x00, 0x00, 0x0d, 0x60, 0x02, 0xf2, 0x00, 0x00, 0x00, 0x00, 0x00, 0xd6,
    0x00, 0x2f, 0x20, 0x00, 0x00, 0x00, 0x00, 0x08, 0xd2, 0x1a, 0xc0, 0x00, 0x00, 0x00, 0x00, 0x00,
    0x08, 0xde, 0xa1, 0x00, 0x00, 0x00, 0x00, 0x00, 0x00, 0x00, 0x00, 0x00, 0x00, 0x00, 0x00, 0x00,
    0x00, 0x00, 0x00, 0x00, 0x00, 0x00, 0x00, 0x00, 0x01, 0x7b, 0xdf, 0xed, 0xa4, 0x00, 0x00, 0x00,
    0x08, 0xff, 0xff, 0xff, 0xff, 0xf9, 0x00, 0x00, 0x00, 0xcf, 0xea, 0x76, 0x7a, 0xff, 0xf6, 0x00,
    0x00, 0x04, 0x71, 0x00, 0x00, 0x03, 0xef, 0xe0, 0x00, 0x00, 0x00, 0x00, 0x00, 0x00, 0x09, 0xff,
    0x20, 0x00, 0x00, 0x00, 0x00, 0x00, 0x00, 0x6f, 0xf4, 0x00, 0x00, 0x03, 0x9d, 0xef, 0xff, 0xff,
    0xff, 0x50, 0x00, 0x06, 0xff, 0xff, 0xff, 0xff, 0xff, 0xf5, 0x00, 0x02, 0xff, 0xf9, 0x65, 0x55,
    0x59, 0xff, 0x50, 0x00, 0x7f, 0xf6, 0x00, 0x00, 0x00, 0x6f, 0xf5, 0x00, 0x09, 0xff, 0x20, 0x00,
    0x00, 0x08, 0xff, 0x50, 0x00, 0x7f, 0xf7, 0x00, 0x00, 0x06, 0xff, 0xf5, 0x00, 0x02, 0xff, 0xfa,
    0x76, 0x7c, 0xfe, 0xff, 0x50, 0x00, 0x05, 0xff, 0xff, 0xff, 0xfd, 0x5f, 0xf5, 0x00, 0x00, 0x03,
    0x9d, 0xfe, 0xc7, 0x14, 0xff, 0x50, 0x00, 0x00, 0x01, 0x7b, 0xdf, 0xed, 0x93, 0x00, 0x02, 0x8c,
    0xee, 0xd9, 0x30, 0x00, 0x00, 0x00, 0x8f, 0xff, 0xff, 0xff, 0xff, 0x80, 0x6e, 0xff, 0xff, 0xff,
    0xf9, 0x00, 0x00, 0x00, 0xcf, 0xea, 0x76, 0x7a, 0xff, 0xfa, 0xff, 0xe9, 0x66, 0x8d, 0xff, 0xa0,
    0x00, 0x00, 0x37, 0x00, 0x00, 0x00, 0x3e, 0xff, 0xfb, 0x10, 0x00, 0x00, 0x8f, 0xf7, 0x00, 0x00,
    0x00, 0x00, 0x00, 0x00, 0x09, 0xff, 0xd1, 0x00, 0x00, 0x00, 0x0a, 0xfd, 0x00, 0x00, 0x00, 0x00,
    0x00, 0x00, 0x06, 0xff, 0x70, 0x00, 0x00, 0x00, 0x04, 0xff, 0x40, 0x00, 0x03, 0x9d, 0xef, 0xff,
    0xff, 0xff, 0xff, 0xff, 0xff, 0xff, 0xff, 0xff, 0x60, 0x00, 0x6f, 0xff, 0xff, 0xff, 0xff, 0xff,
    0xff, 0xff, 0xff, 0xff, 0xff, 0xff, 0x70, 0x02, 0xff, 0xf9, 0x65, 0x55, 0x59, 0xff, 0x95, 0x55,
    0x55, 0x55, 0x55, 0x55, 0x20, 0x07, 0xff, 0x60, 0x00, 0x00, 0x06, 0xff, 0x90, 0x00, 0x00, 0x00,
    0x00, 0x00, 0x00, 0x09, 0xff, 0x20, 0x00, 0x00, 0x0a, 0xff, 0xf3, 0x00, 0x00, 0x00, 0x00, 0x00,
    0x00, 0x07, 0xff, 0x70, 0x00, 0x00, 0x5f, 0xff, 0xfd, 0x30, 0x00, 0x00, 0x1a, 0x80, 0x00, 0x01,
    0xef, 0xfb, 0x76, 0x8c, 0xff, 0xb6, 0xff, 0xfb, 0x76, 0x69, 0xef, 0xf4, 0x00, 0x00, 0x5e, 0xff,
    0xff, 0xff, 0xfb, 0x10, 0x6e, 0xff, 0xff, 0xff, 0xff, 0x70, 0x00, 0x00, 0x02, 0x9d, 0xef, 0xda,
    0x50, 0x00, 0x01, 0x7b, 0xef, 0xec, 0x82, 0x00, 0x00, 0x00, 0x00, 0x04, 0x9d, 0xee, 0xd9, 0x30,
    0x00, 0x00, 0x01, 0xbf, 0xff, 0xff, 0xff, 0xf9, 0x00, 0x00, 0x1d, 0xff, 0xe9, 0x66, 0x9e, 0xff,
    0x80, 0x00, 0xbf, 0xfa, 0x10, 0x00, 0x02, 0xcf, 0x80, 0x03, 0xff, 0xc0, 0x00, 0x00, 0x00, 0x13,
    0x00, 0x08, 0xff, 0x40, 0x00, 0x00, 0x00, 0x00, 0x00, 0x0b, 0xff, 0x00, 0x00, 0x00, 0x00, 0x00,
    0x00, 0x0c, 0xfe, 0x00, 0x00, 0x00, 0x00, 0x00, 0x00, 0x0b, 0xff, 0x00, 0x00, 0x00, 0x00, 0x00,
    0x00, 0x08, 0xff, 0x40, 0x00, 0x00, 0x00, 0x00, 0x00, 0x03, 0xff, 0xc0, 0x00, 0x00, 0x00, 0x13,
    0x00, 0x00, 0xbf, 0xfa, 0x10, 0x00, 0x02, 0xcf, 0x80, 0x00, 0x1d, 0xff, 0xe9, 0x66, 0x9e, 0xff,
    0x80, 0x00, 0x01, 0xbf, 0xff, 0xff, 0xff, 0xf8, 0x00, 0x00, 0x00, 0x04, 0x9e, 0xff, 0xd9, 0x30,
    0x00, 0x00, 0x00, 0x00, 0x07, 0xf2, 0x00, 0x00, 0x00, 0x00, 0x00, 0x00, 0x0b, 0xfd, 0x50, 0x00,
    0x00, 0x00, 0x00, 0x00, 0x00, 0x1c, 0xf2, 0x00, 0x00, 0x00, 0x00, 0x00, 0x20, 0x0a, 0xf5, 0x00,
    0x00, 0x00, 0x00, 0x05, 0xfd, 0xef, 0xe1, 0x00, 0x00, 0x00, 0x00, 0x04, 0xbe, 0xeb, 0x30, 0x00,
    0x00, 0x00, 0x01, 0x78, 0x71, 0x00, 0x00, 0x00, 0x00, 0x00, 0x00, 0x04, 0xef, 0xd2, 0x00, 0x00,
    0x00, 0x00, 0x00, 0x00, 0x01, 0xbf, 0xd3, 0x00, 0x00, 0x00, 0x00, 0x00, 0x00, 0x00, 0x7f, 0xe3,
    0x00, 0x00, 0x00, 0x00, 0x00, 0x00, 0x00, 0x00, 0x00, 0x00, 0x00, 0x00, 0x00, 0x00, 0x00, 0x00,
    0x00, 0x00, 0x00, 0x00, 0x00, 0x00, 0x05, 0xad, 0xfd, 0xb6, 0x10, 0x00, 0x00, 0x00, 0x2c, 0xff,
    0xff, 0xff, 0xfd, 0x30, 0x00, 0x00, 0x2e, 0xff, 0xb7, 0x67, 0xaf, 0xff, 0x30, 0x00, 0x0b, 0xfe,
    0x50, 0x00, 0x00, 0x2d, 0xfd, 0x00, 0x03, 0xff, 0x60, 0x00, 0x00, 0x00, 0x2f, 0xf5, 0x00, 0x9f,
    0xe0, 0x00, 0x00, 0x00, 0x00, 0xbf, 0xa0, 0x0b, 0xff, 0xff, 0xff, 0xff, 0xff, 0xff, 0xfc, 0x00,
    0xcf, 0xff, 0xff, 0xff, 0xff, 0xff, 0xff, 0xe0, 0x0b, 0xfe, 0x55, 0x55, 0x55, 0x55, 0x55, 0x55,
    0x00, 0x8f, 0xf2, 0x00, 0x00, 0x00, 0x00, 0x00, 0x00, 0x03, 0xff, 0xa0, 0x00, 0x00, 0x00, 0x00,
    0x00, 0x00, 0x0b, 0xff, 0x91, 0x00, 0x00, 0x04, 0xc2, 0x00, 0x00, 0x1d, 0xff, 0xe9, 0x66, 0x7b,
    0xff, 0xb0, 0x00, 0x00, 0x1a, 0xff, 0xff, 0xff, 0xff, 0xc2, 0x00, 0x00, 0x00, 0x03, 0x9c, 0xef,
    0xda, 0x50, 0x00, 0x00, 0x00, 0x00, 0x00, 0x00, 0x00, 0x78, 0x83, 0x00, 0x00, 0x00, 0x00, 0x00,
    0x01, 0xbf, 0xf6, 0x00, 0x00, 0x00, 0x00, 0x00, 0x01, 0xcf, 0xd3, 0x00, 0x00, 0x00, 0x00, 0x00,
    0x02, 0xdf, 0xa1, 0x00, 0x00, 0x00, 0x00, 0x00, 0x00, 0x00, 0x00, 0x00, 0x00, 0x00, 0x00, 0x00,
    0x00, 0x00, 0x00, 0x00, 0x00, 0x00, 0x00, 0x00, 0x00, 0x05, 0xad, 0xfd, 0xb6, 0x10, 0x00, 0x00,
    0x00, 0x2c, 0xff, 0xff, 0xff, 0xfd, 0x30, 0x00, 0x00, 0x2e, 0xff, 0xb7, 0x67, 0xaf, 0xff, 0x30,
    0x00, 0x0b, 0xfe, 0x50, 0x00, 0x00, 0x2d, 0xfd, 0x00, 0x03, 0xff, 0x60, 0x00, 0x00, 0x00, 0x2f,
    0xf5, 0x00, 0x9f, 0xe0, 0x00, 0x00, 0x00, 0x00, 0xbf, 0xa0, 0x0b, 0xff, 0xff, 0xff, 0xff, 0xff,
    0xff, 0xfc, 0x00, 0xcf, 0xff, 0xff, 0xff, 0xff, 0xff, 0xff, 0xe0, 0x0b, 0xfe, 0x55, 0x55, 0x55,
    0x55, 0x55, 0x55, 0x00, 0x8f, 0xf2, 0x00, 0x00, 0x00, 0x00, 0x00, 0x00, 0x03, 0xff, 0xa0, 0x00,
    0x00, 0x00, 0x00, 0x00, 0x00, 0x0b, 0xff, 0x91, 0x00, 0x00, 0x04, 0xc2, 0x00, 0x00, 0x1d, 0xff,
    0xe9, 0x66, 0x7b, 0xff, 0xb0, 0x00, 0x00, 0x1a, 0xff, 0xff, 0xff, 0xff, 0xc2, 0x00, 0x00, 0x00,
    0x03, 0x9c, 0xef, 0xda, 0x50, 0x00, 0x00, 0x00, 0x00, 0x00, 0x07, 0x87, 0x10, 0x00, 0x00, 0x00,
    0x00, 0x00, 0x1b, 0xff, 0xfd, 0x20, 0x00, 0x00, 0x00, 0x00, 0x1b, 0xfc, 0x2a, 0xfd, 0x20, 0x00,
    0x00, 0x00, 0x1c, 0xf9, 0x00, 0x07, 0xfe, 0x30, 0x00, 0x00, 0x00, 0x00, 0x00, 0x00, 0x00, 0x00,
    0x00, 0x00, 0x00, 0x00, 0x00, 0x00, 0x00, 0x00, 0x00, 0x00, 0x00, 0x00, 0x05, 0xad, 0xfd, 0xb6,
    0x10, 0x00, 0x00, 0x00, 0x2c, 0xff, 0xff, 0xff, 0xfd, 0x30, 0x00, 0x00, 0x2e, 0xff, 0xb7, 0x67,
    0xaf, 0xff, 0x30, 0x00, 0x0b, 0xfe, 0x50, 0x00, 0x00, 0x2d, 0xfd, 0x00, 0x03, 0xff, 0x60, 0x00,
    0x00, 0x00, 0x2f, 0xf5, 0x00, 0x9f, 0xe0, 0x00, 0x00, 0x00, 0x00, 0xbf, 0xa0, 0x0b, 0xff, 0xff,
    0xff, 0xff, 0xff, 0xff, 0xfc, 0x00, 0xcf, 0xff, 0xff, 0xff, 0xff, 0xff, 0xff, 0xe0, 0x0b, 0xfe,
    0x55, 0x55, 0x55, 0x55, 0x55, 0x55, 0x00, 0x8f, 0xf2, 0x00, 0x00, 0x00, 0x00, 0x00, 0x00, 0x03,
    0xff, 0xa0, 0x00, 0x00, 0x00, 0x00, 0x00, 0x00, 0x0b, 0xff, 0x91, 0x00, 0x00, 0x04, 0xc2, 0x00,
    0x00, 0x1d, 0xff, 0xe9, 0x66, 0x7b, 0xff, 0xb0, 0x00, 0x00, 0x1a, 0xff, 0xff, 0xff, 0xff, 0xc2,
    0x00, 0x00, 0x00, 0x03, 0x9c, 0xef, 0xda, 0x50, 0x00, 0x00, 0x00, 0x00, 0x04, 0x40, 0x00, 0x24,
    0x00, 0x00, 0x00, 0x00, 0x05, 0xff, 0x50, 0x2f, 0xf8, 0x00, 0x00, 0x00, 0x00, 0x2d, 0xd2, 0x01,
    0xce, 0x50, 0x00, 0x00, 0x00, 0x00, 0x00, 0x00, 0x00, 0x00, 0x00, 0x00, 0x00, 0x00, 0x00, 0x00,
    0x00, 0x00, 0x00, 0x00, 0x00, 0x00, 0x00, 0x5a, 0xdf, 0xdb, 0x61, 0x00, 0x00, 0x00, 0x02, 0xcf,
    0xff, 0xff, 0xff, 0xd3, 0x00, 0x00, 0x02, 0xef, 0xfb, 0x76, 0x7a, 0xff, 0xf3, 0x00, 0x00, 0xbf,
    0xe5, 0x00, 0x00, 0x02, 0xdf, 0xd0, 0x00, 0x3f, 0xf6, 0x00, 0x00, 0x00, 0x02, 0xff, 0x50, 0x09,
    0xfe, 0x00, 0x00, 0x00, 0x00, 0x0b, 0xfa, 0x00, 0xbf, 0xff, 0xff, 0xff, 0xff, 0xff, 0xff, 0xc0,
    0x0c, 0xff, 0xff, 0xff, 0xff, 0xff, 0xff, 0xfe, 0x00, 0xbf, 0xe5, 0x55, 0x55, 0x55, 0x55, 0x55,
    0x50, 0x08, 0xff, 0x20, 0x00, 0x00, 0x00, 0x00, 0x00, 0x00, 0x3f, 0xfa, 0x00, 0x00, 0x00, 0x00,
    0x00, 0x00, 0x00, 0xbf, 0xf9, 0x10, 0x00, 0x00, 0x4c, 0x20, 0x00, 0x01, 0xdf, 0xfe, 0x96, 0x67,
    0xbf, 0xfb, 0x00, 0x00, 0x01, 0xaf, 0xff, 0xff, 0xff, 0xfc, 0x20, 0x00, 0x00, 0x00, 0x39, 0xce,
    0xfd, 0xa5, 0x00, 0x00, 0x06, 0x88, 0x30, 0x00, 0x00, 0x02, 0xcf, 0xe4, 0x00, 0x00, 0x00, 0x08,
    0xff, 0x50, 0x00, 0x00, 0x00, 0x4e, 0xf7, 0x00, 0x00, 0x00, 0x00, 0x00, 0x00, 0x00, 0x00, 0x00,
    0x00, 0x00, 0x00, 0x00, 0x7f, 0xf4, 0x00, 0x00, 0x00, 0x7f, 0xf4, 0x00, 0x00, 0x00, 0x7f, 0xf4,
    0x00, 0x00, 0x00, 0x7f, 0xf4, 0x00, 0x00, 0x00, 0x7f, 0xf4, 0x00, 0x00, 0x00, 0x7f, 0xf4, 0x00,
    0x00, 0x00, 0x7f, 0xf4, 0x00, 0x00, 0x00, 0x7f, 0xf4, 0x00, 0x00, 0x00, 0x7f, 0xf4, 0x00, 0x00,
    0x00, 0x7f, 0xf4, 0x00, 0x00, 0x00, 0x7f, 0xf4, 0x00, 0x00, 0x00, 0x7f, 0xf4, 0x00, 0x00, 0x00,
    0x7f, 0xf4, 0x00, 0x00, 0x00, 0x7f, 0xf4, 0x00, 0x00, 0x00, 0x7f, 0xf4, 0x00, 0x00, 0x00, 0x05,
    0x88, 0x50, 0x00, 0x00, 0x7f, 0xf9, 0x10, 0x00, 0x09, 0xfe, 0x50, 0x00, 0x00, 0xaf, 0xc2, 0x00,
    0x00, 0x00, 0x00, 0x00, 0x00, 0x00, 0x00, 0x00, 0x00, 0x00, 0x00, 0x00, 0x7f, 0xf4, 0x00, 0x00,
    0x00, 0x7f, 0xf4, 0x00, 0x00, 0x00, 0x7f, 0xf4, 0x00, 0x00, 0x00, 0x7f, 0xf4, 0x00, 0x00, 0x00,
    0x7f, 0xf4, 0x00, 0x00, 0x00, 0x7f, 0xf4, 0x00, 0x00, 0x00, 0x7f, 0xf4, 0x00, 0x00, 0x00, 0x7f,
    0xf4, 0x00, 0x00, 0x00, 0x7f, 0xf4, 0x00, 0x00, 0x00, 0x7f, 0xf4, 0x00, 0x00, 0x00, 0x7f, 0xf4,
    0x00, 0x00, 0x00, 0x7f, 0xf4, 0x00, 0x00, 0x00, 0x7f, 0xf4, 0x00, 0x00, 0x00, 0x7f, 0xf4, 0x00,
    0x00, 0x00, 0x7f, 0xf4, 0x00, 0x00, 0x00, 0x1c, 0xff, 0x90, 0x00, 0x00, 0xaf, 0xde, 0xf7, 0x00,
    0x08, 0xfc, 0x13, 0xef, 0x50, 0x17, 0x71, 0x00, 0x27, 0x70, 0x00, 0x00, 0x00, 0x00, 0x00, 0x00,
    0x00, 0x00, 0x00, 0x00, 0x00, 0x07, 0xff, 0x40, 0x00, 0x00, 0x07, 0xff, 0x40, 0x00, 0x00, 0x07,
    0xff, 0x40, 0x00, 0x00, 0x07, 0xff, 0x40, 0x00, 0x00, 0x07, 0xff, 0x40, 0x00, 0x00, 0x07, 0xff,
    0x40, 0x00, 0x00, 0x07, 0xff, 0x40, 0x00, 0x00, 0x07, 0xff, 0x40, 0x00, 0x00, 0x07, 0xff, 0x40,
    0x00, 0x00, 0x07, 0xff, 0x40, 0x00, 0x00, 0x07, 0xff, 0x40, 0x00, 0x00, 0x07, 0xff, 0x40, 0x00,
    0x00, 0x07, 0xff, 0x40, 0x00, 0x00, 0x07, 0xff, 0x40, 0x00, 0x00, 0x07, 0xff, 0x40, 0x00, 0x3e,
    0xc1, 0x3e, 0xc1, 0x6f, 0xf2, 0x6f, 0xf2, 0x04, 0x30, 0x04, 0x30, 0x00, 0x00, 0x00, 0x00, 0x00,
    0x00, 0x00, 0x00, 0x00, 0x00, 0x00, 0x00, 0x00, 0x7f, 0xf4, 0x00, 0x00, 0x7f, 0xf4, 0x00, 0x00,
    0x7f, 0xf4, 0x00, 0x00, 0x7f, 0xf4, 0x00, 0x00, 0x7f, 0xf4, 0x00, 0x00, 0x7f, 0xf4, 0x00, 0x00,
    0x7f, 0xf4, 0x00, 0x00, 0x7f, 0xf4, 0x00, 0x00, 0x7f, 0xf4, 0x00, 0x00, 0x7f, 0xf4, 0x00, 0x00,
    0x7f, 0xf4, 0x00, 0x00, 0x7f, 0xf4, 0x00, 0x00, 0x7f, 0xf4, 0x00, 0x00, 0x7f, 0xf4, 0x00, 0x00,
    0x7f, 0xf4, 0x00, 0x00, 0x00, 0x4b, 0x40, 0x00, 0x00, 0x00, 0x00, 0x00, 0x00, 0x2d, 0xff, 0xb2,
    0x00, 0x29, 0x90, 0x00, 0x00, 0x00, 0x07, 0xef, 0xe6, 0xaf, 0xfb, 0x00, 0x00, 0x00, 0x00, 0x02,
    0xdf, 0xff, 0xa3, 0x00, 0x00, 0x00, 0x00, 0x05, 0xcf, 0xff, 0xf5, 0x00, 0x00, 0x00, 0x00, 0x6d,
    0xfe, 0x71, 0xaf, 0xf4, 0x00, 0x00, 0x00, 0x07, 0xd6, 0x10, 0x01, 0xcf, 0xe1, 0x00, 0x00, 0x00,
    0x00, 0x00, 0x00, 0x03, 0xff, 0x80, 0x00, 0x00, 0x00, 0x02, 0x45, 0x31, 0x08, 0xff, 0x20, 0x00,
    0x00, 0x3b, 0xff, 0xff, 0xe8, 0x2f, 0xf9, 0x00, 0x00, 0x5f, 0xff, 0xff, 0xff, 0xfc, 0xbf, 0xe0,
    0x00, 0x2e, 0xff, 0xa3, 0x10, 0x39, 0xfe, 0xff, 0x20, 0x07, 0xff, 0x80, 0x00, 0x00, 0x06, 0xff,
    0xf5, 0x00, 0xbf, 0xf1, 0x00, 0x00, 0x00, 0x0c, 0xff, 0x60, 0x0d, 0xfd, 0x00, 0x00, 0x00, 0x00,
    0x9f, 0xf5, 0x00, 0xcf, 0xd0, 0x00, 0x00, 0x00, 0x0a, 0xff, 0x30, 0x09, 0xff, 0x30, 0x00, 0x00,
    0x01, 0xef, 0xd0, 0x00, 0x4f, 0xfd, 0x20, 0x00, 0x01, 0xaf, 0xf7, 0x00, 0x00, 0xaf, 0xfe, 0x96,
    0x68, 0xdf, 0xfb, 0x00, 0x00, 0x01, 0xaf, 0xff, 0xff, 0xff, 0xfa, 0x10, 0x00, 0x00, 0x00, 0x4a,
    0xde, 0xed, 0x93, 0x00, 0x00, 0x00, 0x00, 0x00, 0x00, 0x8c, 0xa2, 0x00, 0x3d, 0x30, 0x00, 0x00,
    0x00, 0x00, 0x7f, 0xff, 0xe4, 0x09, 0xf2, 0x00, 0x00, 0x00, 0x00, 0x0d, 0xd2, 0x4e, 0xfe, 0xfb,
    0x00, 0x00, 0x00, 0x00, 0x00, 0xf7, 0x00, 0x2b, 0xfc, 0x20, 0x00, 0x00, 0x00, 0x00, 0x00, 0x00,
    0x00, 0x00, 0x00, 0x00, 0x00, 0x00, 0x00, 0x00, 0x00, 0x00, 0x00, 0x00, 0x00, 0x00, 0x00, 0x00,
    0x7f, 0xf2, 0x06, 0xbe, 0xfd, 0xb5, 0x00, 0x00, 0x00, 0x07, 0xff, 0x4d, 0xff, 0xff, 0xff, 0xfa,
    0x00, 0x00, 0x00, 0x7f, 0xfe, 0xfe, 0x86, 0x69, 0xff, 0xf9, 0x00, 0x00, 0x07, 0xff, 0xfa, 0x10,
    0x00, 0x03, 0xef, 0xf1, 0x00, 0x00, 0x7f, 0xfd, 0x00, 0x00, 0x00, 0x07, 0xff, 0x60, 0x00, 0x07,
    0xff, 0x70, 0x00, 0x00, 0x00, 0x3f, 0xf8, 0x00, 0x00, 0x7f, 0xf4, 0x00, 0x00, 0x00, 0x01, 0xff,
    0x90, 0x00, 0x07, 0xff, 0x40, 0x00, 0x00, 0x00, 0x1f, 0xf9, 0x00, 0x00, 0x7f, 0xf4, 0x00, 0x00,
    0x00, 0x01, 0xff, 0x90, 0x00, 0x07, 0xff, 0x40, 0x00, 0x00, 0x00, 0x1f, 0xf9, 0x00, 0x00, 0x7f,
    0xf4, 0x00, 0x00, 0x00, 0x01, 0xff, 0x90, 0x00, 0x07, 0xff, 0x40, 0x00, 0x00, 0x00, 0x1f, 0xf9,
    0x00, 0x00, 0x7f, 0xf4, 0x00, 0x00, 0x00, 0x01, 0xff, 0x90, 0x00, 0x07, 0xff, 0x40, 0x00, 0x00,
    0x00, 0x1f, 0xf9, 0x00, 0x00, 0x7f, 0xf4, 0x00, 0x00, 0x00, 0x01, 0xff, 0x90, 0x00, 0x00, 0x00,
    0x78, 0x83, 0x00, 0x00, 0x00, 0x00, 0x00, 0x00, 0x00, 0x2c, 0xfe, 0x40, 0x00, 0x00, 0x00, 0x00,
    0x00, 0x00, 0x00, 0x8f, 0xf5, 0x00, 0x00, 0x00, 0x00, 0x00, 0x00, 0x00, 0x04, 0xef, 0x60, 0x00,
    0x00, 0x00, 0x00, 0x00, 0x00, 0x00, 0x00, 0x00, 0x00, 0x00, 0x00, 0x00, 0x00, 0x00, 0x00, 0x00,
    0x00, 0x00, 0x00, 0x00, 0x00, 0x00, 0x04, 0xad, 0xee, 0xc9, 0x30, 0x00, 0x00, 0x00, 0x01, 0xbf,
    0xff, 0xff, 0xff, 0xf9, 0x00, 0x00, 0x00, 0x1d, 0xff, 0xe8, 0x66, 0x9e, 0xff, 0xb0, 0x00, 0x00,
    0xbf, 0xfa, 0x10, 0x00, 0x02, 0xcf, 0xf7, 0x00, 0x03, 0xff, 0xb0, 0x00, 0x00, 0x00, 0x1e, 0xfe,
    0x10, 0x08, 0xff, 0x40, 0x00, 0x00, 0x00, 0x07, 0xff, 0x50, 0x0b, 0xff, 0x00, 0x00, 0x00, 0x00,
    0x03, 0xff, 0x70, 0x0c, 0xfe, 0x00, 0x00, 0x00, 0x00, 0x02, 0xff, 0x90, 0x0b, 0xff, 0x00, 0x00,
    0x00, 0x00, 0x03, 0xff, 0x70, 0x08, 0xff, 0x40, 0x00, 0x00, 0x00, 0x07, 0xff, 0x50, 0x03, 0xff,
    0xc0, 0x00, 0x00, 0x00, 0x1e, 0xfe, 0x10, 0x00, 0xbf, 0xfa, 0x10, 0x00, 0x02, 0xcf, 0xf7, 0x00,
    0x00, 0x1d, 0xff, 0xe8, 0x66, 0x9e, 0xff, 0xb0, 0x00, 0x00, 0x01, 0xbf, 0xff, 0xff, 0xff, 0xf8,
    0x00, 0x00, 0x00, 0x00, 0x04, 0xad, 0xee, 0xc8, 0x30, 0x00, 0x00, 0x00, 0x00, 0x00, 0x00, 0x00,
    0x58, 0x85, 0x00, 0x00, 0x00, 0x00, 0x00, 0x00, 0x08, 0xff, 0x91, 0x00, 0x00, 0x00, 0x00, 0x00,
    0x00, 0x9f, 0xe5, 0x00, 0x00, 0x00, 0x00, 0x00, 0x00, 0x0a, 0xfc, 0x20, 0x00, 0x00, 0x00, 0x00,
    0x00, 0x00, 0x00, 0x00, 0x00, 0x00, 0x00, 0x00, 0x00, 0x00, 0x00, 0x00, 0x00, 0x00, 0x00, 0x00,
    0x00, 0x00, 0x00, 0x04, 0xad, 0xee, 0xc9, 0x30, 0x00, 0x00, 0x00, 0x01, 0xbf, 0xff, 0xff, 0xff,
    0xf9, 0x00, 0x00, 0x00, 0x1d, 0xff, 0xe8, 0x66, 0x9e, 0xff, 0xb0, 0x00, 0x00, 0xbf, 0xfa, 0x10,
    0x00, 0x02, 0xcf, 0xf7, 0x00, 0x03, 0xff, 0xb0, 0x00, 0x00, 0x00, 0x1e, 0xfe, 0x10, 0x08, 0xff,
    0x40, 0x00, 0x00, 0x00, 0x07, 0xff, 0x50, 0x0b, 0xff, 0x00, 0x00, 0x00, 0x00, 0x03, 0xff, 0x70,
    0x0c, 0xfe, 0x00, 0x00, 0x00, 0x00, 0x02, 0xff, 0x90, 0x0b, 0xff, 0x00, 0x00, 0x00, 0x00, 0x03,
    0xff, 0x70, 0x08, 0xff, 0x40, 0x00, 0x00, 0x00, 0x07, 0xff, 0x50, 0x03, 0xff, 0xc0, 0x00, 0x00,
    0x00, 0x1e, 0xfe, 0x10, 0x00, 0xbf, 0xfa, 0x10, 0x00, 0x02, 0xcf, 0xf7, 0x00, 0x00, 0x1d, 0xff,
    0xe8, 0x66, 0x9e, 0xff, 0xb0, 0x00, 0x00, 0x01, 0xbf, 0xff, 0xff, 0xff, 0xf8, 0x00, 0x00, 0x00,
    0x00, 0x04, 0xad, 0xee, 0xc8, 0x30, 0x00, 0x00, 0x00, 0x00, 0x00, 0x05, 0x88, 0x30, 0x00, 0x00,
    0x00, 0x00, 0x00, 0x00, 0x7f, 0xff, 0xe4, 0x00, 0x00, 0x00, 0x00, 0x00, 0x08, 0xfe, 0x47, 0xff,
    0x50, 0x00, 0x00, 0x00, 0x00, 0x9f, 0xc2, 0x00, 0x4e, 0xf5, 0x00, 0x00, 0x00, 0x00, 0x00, 0x00,
    0x00, 0x00, 0x00, 0x00, 0x00, 0x00, 0x00, 0x00, 0x00, 0x00, 0x00, 0x00, 0x00, 0x00, 0x00, 0x00,
    0x04, 0xad, 0xee, 0xc9, 0x30, 0x00, 0x00, 0x00, 0x01, 0xbf, 0xff, 0xff, 0xff, 0xf9, 0x00, 0x00,
    0x00, 0x1d, 0xff, 0xe8, 0x66, 0x9e, 0xff, 0xb0, 0x00, 0x00, 0xbf, 0xfa, 0x10, 0x00, 0x02, 0xcf,
    0xf7, 0x00, 0x03, 0xff, 0xb0, 0x00, 0x00, 0x00, 0x1e, 0xfe, 0x10, 0x08, 0xff, 0x40, 0x00, 0x00,
    0x00, 0x07, 0xff, 0x50, 0x0b, 0xff, 0x00, 0x00, 0x00, 0x00, 0x03, 0xff, 0x70, 0x0c, 0xfe, 0x00,
    0x00, 0x00, 0x00, 0x02, 0xff, 0x90, 0x0b, 0xff, 0x00, 0x00, 0x00, 0x00, 0x03, 0xff, 0x70, 0x08,
    0xff, 0x40, 0x00, 0x00, 0x00, 0x07, 0xff, 0x50, 0x03, 0xff, 0xc0, 0x00, 0x00, 0x00, 0x1e, 0xfe,
    0x10, 0x00, 0xbf, 0xfa, 0x10, 0x00, 0x02, 0xcf, 0xf7, 0x00, 0x00, 0x1d, 0xff, 0xe8, 0x66, 0x9e,
    0xff, 0xb0, 0x00, 0x00, 0x01, 0xbf, 0xff, 0xff, 0xff, 0xf8, 0x00, 0x00, 0x00, 0x00, 0x04, 0xad,
    0xee, 0xc8, 0x30, 0x00, 0x00, 0x00, 0x00, 0x05, 0xcb, 0x40, 0x00, 0xd7, 0x00, 0x00, 0x00, 0x00,
    0x3f, 0xff, 0xf7, 0x05, 0xf6, 0x00, 0x00, 0x00, 0x00, 0x9f, 0x42, 0xcf, 0xef, 0xe1, 0x00, 0x00,
    0x00, 0x00, 0xcb, 0x00, 0x19, 0xed, 0x40, 0x00, 0x00, 0x00, 0x00, 0x00, 0x00, 0x00, 0x00, 0x00,
    0x00, 0x00, 0x00, 0x00, 0x00, 0x00, 0x00, 0x00, 0x00, 0x00, 0x00, 0x00, 0x00, 0x04, 0xad, 0xee,
    0xc9, 0x30, 0x00, 0x00, 0x00, 0x01, 0xbf, 0xff, 0xff, 0xff, 0xf9, 0x00, 0x00, 0x00, 0x1d, 0xff,
    0xe8, 0x66, 0x9e, 0xff, 0xb0, 0x00, 0x00, 0xbf, 0xfa, 0x10, 0x00, 0x02, 0xcf, 0xf7, 0x00, 0x03,
    0xff, 0xb0, 0x00, 0x00, 0x00, 0x1e, 0xfe, 0x10, 0x08, 0xff, 0x40, 0x00, 0x00, 0x00, 0x07, 0xff,
    0x50, 0x0b, 0xff, 0x00, 0x00, 0x00, 0x00, 0x03, 0xff, 0x70, 0x0c, 0xfe, 0x00, 0x00, 0x00, 0x00,
    0x02, 0xff, 0x90, 0x0b, 0xff, 0x00, 0x00, 0x00, 0x00, 0x03, 0xff, 0x70, 0x08, 0xff, 0x40, 0x00,
    0x00, 0x00, 0x07, 0xff, 0x50, 0x03, 0xff, 0xc0, 0x00, 0x00, 0x00, 0x1e, 0xfe, 0x10, 0x00, 0xbf,
    0xfa, 0x10, 0x00, 0x02, 0xcf, 0xf7, 0x00, 0x00, 0x1d, 0xff, 0xe8, 0x66, 0x9e, 0xff, 0xb0, 0x00,
    0x00, 0x01, 0xbf, 0xff, 0xff, 0xff, 0xf8, 0x00, 0x00, 0x00, 0x00, 0x04, 0xad, 0xee, 0xc8, 0x30,
    0x00, 0x00, 0x00, 0x00, 0x02, 0x50, 0x00, 0x15, 0x10, 0x00, 0x00, 0x00, 0x00, 0x1f, 0xf9, 0x00,
    0xdf, 0xc0, 0x00, 0x00, 0x00, 0x00, 0x0c, 0xe5, 0x00, 0x9e, 0x80, 0x00, 0x00, 0x00, 0x00, 0x00,
    0x00, 0x00, 0x00, 0x00, 0x00, 0x00, 0x00, 0x00, 0x00, 0x00, 0x00, 0x00, 0x00, 0x00, 0x00, 0x00,
    0x00, 0x04, 0xad, 0xee, 0xc9, 0x30, 0x00, 0x00, 0x00, 0x01, 0xbf, 0xff, 0xff, 0xff, 0xf9, 0x00,
    0x00, 0x00, 0x1d, 0xff, 0xe8, 0x66, 0x9e, 0xff, 0xb0, 0x00, 0x00, 0xbf, 0xfa, 0x10, 0x00, 0x02,
    0xcf, 0xf7, 0x00, 0x03, 0xff, 0xb0, 0x00, 0x00, 0x00, 0x1e, 0xfe, 0x10, 0x08, 0xff, 0x40, 0x00,
    0x00, 0x00, 0x07, 0xff, 0x50, 0x0b, 0xff, 0x00, 0x00, 0x00, 0x00, 0x03, 0xff, 0x70, 0x0c, 0xfe,
    0x00, 0x00, 0x00, 0x00, 0x02, 0xff, 0x90, 0x0b, 0xff, 0x00, 0x00, 0x00, 0x00, 0x03, 0xff, 0x70,
    0x08, 0xff, 0x40, 0x00, 0x00, 0x00, 0x07, 0xff, 0x50, 0x03, 0xff, 0xc0, 0x00, 0x00, 0x00, 0x1e,
    0xfe, 0x10, 0x00, 0xbf, 0xfa, 0x10, 0x00, 0x02, 0xcf, 0xf7, 0x00, 0x00, 0x1d, 0xff, 0xe8, 0x66,
    0x9e, 0xff, 0xb0, 0x00, 0x00, 0x01, 0xbf, 0xff, 0xff, 0xff, 0xf8, 0x00, 0x00, 0x00, 0x00, 0x04,
    0xad, 0xee, 0xc8, 0x30, 0x00, 0x00, 0x00, 0x00, 0x00, 0x2c, 0xe5, 0x00, 0x00, 0x00, 0x00, 0x00,
    0x00, 0x6f, 0xfb, 0x00, 0x00, 0x00, 0x00, 0x00, 0x00, 0x2d, 0xe5, 0x00, 0x00, 0x00, 0x00, 0x00,
    0x00, 0x00, 0x00, 0x00, 0x00, 0x00, 0x00, 0x00, 0x00, 0x00, 0x00, 0x00, 0x00, 0x00, 0x01, 0x55,
    0x55, 0x55, 0x55, 0x55, 0x55, 0x20, 0x02, 0xff, 0xff, 0xff, 0xff, 0xff, 0xff, 0x60, 0x02, 0xff,
    0xff, 0xff, 0xff, 0xff, 0xff, 0x60, 0x00, 0x00, 0x00, 0x00, 0x00, 0x00, 0x00, 0x00, 0x00, 0x00,
    0x00, 0x00, 0x00, 0x00, 0x00, 0x00, 0x00, 0x00, 0x00, 0x00, 0x00, 0x00, 0x00, 0x00, 0x00, 0x00,
    0x00, 0x2c, 0xe5, 0x00, 0x00, 0x00, 0x00, 0x00, 0x00, 0x6f, 0xfb, 0x00, 0x00, 0x00, 0x00, 0x00,
    0x00, 0x2c, 0xe4, 0x00, 0x00, 0x00, 0x00, 0x00, 0x00, 0x00, 0x00, 0x00, 0x00, 0x00, 0x00, 0x00,
    0x00, 0x00, 0x00, 0x00, 0x00, 0x00, 0x00, 0x00, 0x00, 0x00, 0x00, 0x00, 0x00, 0x00, 0x00, 0x00,
    0x00, 0x00, 0x00, 0x00, 0x9f, 0x60, 0x00, 0x00, 0x00, 0x00, 0x00, 0x00, 0x02, 0xfd, 0x00, 0x00,
    0x00, 0x00, 0x04, 0xad, 0xee, 0xcf, 0xf5, 0x00, 0x00, 0x00, 0x01, 0xbf, 0xff, 0xff, 0xff, 0xf9,
    0x00, 0x00, 0x00, 0x1d, 0xff, 0xe8, 0x66, 0xff, 0xff, 0xb0, 0x00, 0x00, 0xbf, 0xfa, 0x10, 0x03,
    0xfe, 0xcf, 0xf7, 0x00, 0x03, 0xff, 0xb0, 0x00, 0x0a, 0xf4, 0x1e, 0xfe, 0x10, 0x08, 0xff, 0x40,
    0x00, 0x3f, 0xc0, 0x07, 0xff, 0x50, 0x0b, 0xff, 0x00, 0x00, 0xbf, 0x40, 0x03, 0xff, 0x70, 0x0c,
    0xfe, 0x00, 0x04, 0xfb, 0x00, 0x02, 0xff, 0x90, 0x0b, 0xff, 0x00, 0x0b, 0xf4, 0x00, 0x03, 0xff,
    0x70, 0x08, 0xff, 0x40, 0x4f, 0xb0, 0x00, 0x07, 0xff, 0x50, 0x03, 0xff, 0xc0, 0xcf, 0x30, 0x00,
    0x1e, 0xfe, 0x10, 0x00, 0xbf, 0xfe, 0xfb, 0x00, 0x02, 0xcf, 0xf7, 0x00, 0x00, 0x1d, 0xff, 0xfb,
    0x66, 0x9e, 0xff, 0xb0, 0x00, 0x00, 0x01, 0xff, 0xff, 0xff, 0xff, 0xf8, 0x00, 0x00, 0x00, 0x00,
    0xdf, 0xcd, 0xee, 0xc8, 0x30, 0x00, 0x00, 0x00, 0x05, 0xfa, 0x00, 0x00, 0x00, 0x00, 0x00, 0x00,
    0x00, 0x0d, 0xf2, 0x00, 0x00, 0x00, 0x00, 0x00, 0x00, 0x00, 0x00, 0x38, 0x87, 0x00, 0x00, 0x00,
    0x00, 0x00, 0x00, 0x00, 0x00, 0x6e, 0xfb, 0x10, 0x00, 0x00, 0x00, 0x00, 0x00, 0x00, 0x00, 0x3d,
    0xfc, 0x10, 0x00, 0x00, 0x00, 0x00, 0x00, 0x00, 0x00, 0x19, 0xfd, 0x20, 0x00, 0x00, 0x00, 0x00,
    0x00, 0x00, 0x00, 0x00, 0x00, 0x00, 0x00, 0x00, 0x00, 0x00, 0x00, 0x00, 0x00, 0x00, 0x00, 0x00,
    0x00, 0x00, 0x00, 0x9f, 0xf1, 0x00, 0x00, 0x00, 0x05, 0xff, 0x60, 0x00, 0x09, 0xff, 0x10, 0x00,
    0x00, 0x00, 0x5f, 0xf6, 0x00, 0x00, 0x9f, 0xf1, 0x00, 0x00, 0x00, 0x05, 0xff, 0x60, 0x00, 0x09,
    0xff, 0x10, 0x00, 0x00, 0x00, 0x5f, 0xf6, 0x00, 0x00, 0x9f, 0xf1, 0x00, 0x00, 0x00, 0x05, 0xff,
    0x60, 0x00, 0x09, 0xff, 0x10, 0x00, 0x00, 0x00, 0x5f, 0xf6, 0x00, 0x00, 0x9f, 0xf1, 0x00, 0x00,
    0x00, 0x05, 0xff, 0x60, 0x00, 0x09, 0xff, 0x10, 0x00, 0x00, 0x00, 0x5f, 0xf6, 0x00, 0x00, 0x9f,
    0xf2, 0x00, 0x00, 0x00, 0x06, 0xff, 0x60, 0x00, 0x08, 0xff, 0x30, 0x00, 0x00, 0x00, 0x8f, 0xf6,
    0x00, 0x00, 0x6f, 0xf7, 0x00, 0x00, 0x00, 0x1e, 0xff, 0x60, 0x00, 0x02, 0xff, 0xe3, 0x00, 0x00,
    0x1b, 0xff, 0xf6, 0x00, 0x00, 0x08, 0xff, 0xf9, 0x66, 0x8e, 0xfe, 0xff, 0x60, 0x00, 0x00, 0x0a,
    0xff, 0xff, 0xff, 0xfd, 0x4f, 0xf6, 0x00, 0x00, 0x00, 0x04, 0xad, 0xfe, 0xc7, 0x03, 0xff, 0x60,
    0x00, 0x00, 0x00, 0x00, 0x00, 0x00, 0x17, 0x87, 0x20, 0x00, 0x00, 0x00, 0x00, 0x00, 0x00, 0x2d,
    0xfe, 0x40, 0x00, 0x00, 0x00, 0x00, 0x00, 0x00, 0x2d, 0xfb, 0x20, 0x00, 0x00, 0x00, 0x00, 0x00,
    0x00, 0x3e, 0xf8, 0x00, 0x00, 0x00, 0x00, 0x00, 0x00, 0x00, 0x00, 0x00, 0x00, 0x00, 0x00, 0x00,
    0x00, 0x00, 0x00, 0x00, 0x00, 0x00, 0x00, 0x00, 0x00, 0x00, 0x00, 0x9f, 0xf1, 0x00, 0x00, 0x00,
    0x05, 0xff, 0x60, 0x00, 0x09, 0xff, 0x10, 0x00, 0x00, 0x00, 0x5f, 0xf6, 0x00, 0x00, 0x9f, 0xf1,
    0x00, 0x00, 0x00, 0x05, 0xff, 0x60, 0x00, 0x09, 0xff, 0x10, 0x00, 0x00, 0x00, 0x5f, 0xf6, 0x00,
    0x00, 0x9f, 0xf1, 0x00, 0x00, 0x00, 0x05, 0xff, 0x60, 0x00, 0x09, 0xff, 0x10, 0x00, 0x00, 0x00,
    0x5f, 0xf6, 0x00, 0x00, 0x9f, 0xf1, 0x00, 0x00, 0x00, 0x05, 0xff, 0x60, 0x00, 0x09, 0xff, 0x10,
    0x00, 0x00, 0x00, 0x5f, 0xf6, 0x00, 0x00, 0x9f, 0xf2, 0x00, 0x00, 0x00, 0x06, 0xff, 0x60, 0x00,
    0x08, 0xff, 0x30, 0x00, 0x00, 0x00, 0x8f, 0xf6, 0x00, 0x00, 0x6f, 0xf7, 0x00, 0x00, 0x00, 0x1e,
    0xff, 0x60, 0x00, 0x02, 0xff, 0xe3, 0x00, 0x00, 0x1b, 0xff, 0xf6, 0x00, 0x00, 0x08, 0xff, 0xf9,
    0x66, 0x8e, 0xfe, 0xff, 0x60, 0x00, 0x00, 0x0a, 0xff, 0xff, 0xff, 0xfd, 0x4f, 0xf6, 0x00, 0x00,
    0x00, 0x04, 0xad, 0xfe, 0xc7, 0x03, 0xff, 0x60, 0x00, 0x00, 0x00, 0x00, 0x01, 0x78, 0x70, 0x00,
    0x00, 0x00, 0x00, 0x00, 0x00, 0x02, 0xdf, 0xff, 0xb1, 0x00, 0x00, 0x00, 0x00, 0x00, 0x02, 0xdf,
    0xa2, 0xcf, 0xb1, 0x00, 0x00, 0x00, 0x00, 0x02, 0xdf, 0x70, 0x00, 0x9f, 0xc1, 0x00, 0x00, 0x00,
    0x00, 0x00, 0x00, 0x00, 0x00, 0x00, 0x00, 0x00, 0x00, 0x00, 0x00, 0x00, 0x00, 0x00, 0x00, 0x00,
    0x00, 0x00, 0x00, 0x9f, 0xf1, 0x00, 0x00, 0x00, 0x05, 0xff, 0x60, 0x00, 0x09, 0xff, 0x10, 0x00,
    0x00, 0x00, 0x5f, 0xf6, 0x00, 0x00, 0x9f, 0xf1, 0x00, 0x00, 0x00, 0x05, 0xff, 0x60, 0x00, 0x09,
    0xff, 0x10, 0x00, 0x00, 0x00, 0x5f, 0xf6, 0x00, 0x00, 0x9f, 0xf1, 0x00, 0x00, 0x00, 0x05, 0xff,
    0x60, 0x00, 0x09, 0xff, 0x10, 0x00, 0x00, 0x00, 0x5f, 0xf6, 0x00, 0x00, 0x9f, 0xf1, 0x00, 0x00,
    0x00, 0x05, 0xff, 0x60, 0x00, 0x09, 0xff, 0x10, 0x00, 0x00, 0x00, 0x5f, 0xf6, 0x00, 0x00, 0x9f,
    0xf2, 0x00, 0x00, 0x00, 0x06, 0xff, 0x60, 0x00, 0x08, 0xff, 0x30, 0x00, 0x00, 0x00, 0x8f, 0xf6,
    0x00, 0x00, 0x6f, 0xf7, 0x00, 0x00, 0x00, 0x1e, 0xff, 0x60, 0x00, 0x02, 0xff, 0xe3, 0x00, 0x00,
    0x1b, 0xff, 0xf6, 0x00, 0x00, 0x08, 0xff, 0xf9, 0x66, 0x8e, 0xfe, 0xff, 0x60, 0x00, 0x00, 0x0a,
    0xff, 0xff, 0xff, 0xfd, 0x4f, 0xf6, 0x00, 0x00, 0x00, 0x04, 0xad, 0xfe, 0xc7, 0x03, 0xff, 0x60,
    0x00, 0x00, 0x00, 0x00, 0x43, 0x00, 0x03, 0x40, 0x00, 0x00, 0x00, 0x00, 0x00, 0x7f, 0xf2, 0x04,
    0xff, 0x50, 0x00, 0x00, 0x00, 0x00, 0x05, 0xec, 0x10, 0x2d, 0xd3, 0x00, 0x00, 0x00, 0x00, 0x00,
    0x00, 0x00, 0x00, 0x00, 0x00, 0x00, 0x00, 0x00, 0x00, 0x00, 0x00, 0x00, 0x00, 0x00, 0x00, 0x00,
    0x00, 0x09, 0xff, 0x10, 0x00, 0x00, 0x00, 0x5f, 0xf6, 0x00, 0x00, 0x9f, 0xf1, 0x00, 0x00, 0x00,
    0x05, 0xff, 0x60, 0x00, 0x09, 0xff, 0x10, 0x00, 0x00, 0x00, 0x5f, 0xf6, 0x00, 0x00, 0x9f, 0xf1,
    0x00, 0x00, 0x00, 0x05, 0xff, 0x60, 0x00, 0x09, 0xff, 0x10, 0x00, 0x00, 0x00, 0x5f, 0xf6, 0x00,
    0x00, 0x9f, 0xf1, 0x00, 0x00, 0x00, 0x05, 0xff, 0x60, 0x00, 0x09, 0xff, 0x10, 0x00, 0x00, 0x00,
    0x5f, 0xf6, 0x00, 0x00, 0x9f, 0xf1, 0x00, 0x00, 0x00, 0x05, 0xff, 0x60, 0x00, 0x09, 0xff, 0x20,
    0x00, 0x00, 0x00, 0x6f, 0xf6, 0x00, 0x00, 0x8f, 0xf3, 0x00, 0x00, 0x00, 0x08, 0xff, 0x60, 0x00,
    0x06, 0xff, 0x70, 0x00, 0x00, 0x01, 0xef, 0xf6, 0x00, 0x00, 0x2f, 0xfe, 0x30, 0x00, 0x01, 0xbf,
    0xff, 0x60, 0x00, 0x00, 0x8f, 0xff, 0x96, 0x68, 0xef, 0xef, 0xf6, 0x00, 0x00, 0x00, 0xaf, 0xff,
    0xff, 0xff, 0xd4, 0xff, 0x60, 0x00, 0x00, 0x00, 0x4a, 0xdf, 0xec, 0x70, 0x3f, 0xf6, 0x00, 0x00,
    0x00, 0x00, 0x00, 0x01, 0x78, 0x72, 0x00, 0x00, 0x00, 0x00, 0x00, 0x02, 0xcf, 0xe5, 0x00, 0x00,
    0x00, 0x00, 0x00, 0x02, 0xdf, 0xc2, 0x00, 0x00, 0x00, 0x00, 0x00, 0x03, 0xef, 0x80, 0x00, 0x00,
    0x00, 0x00, 0x00, 0x00, 0x00, 0x00, 0x00, 0x00, 0x00, 0x00, 0x00, 0x00, 0x00, 0x00, 0x00, 0x00,
    0x00, 0x00, 0x0d, 0xfe, 0x10, 0x00, 0x00, 0x00, 0x03, 0xff, 0x70, 0x6f, 0xf6, 0x00, 0x00, 0x00,
    0x00, 0x9f, 0xe1, 0x00, 0xef, 0xd0, 0x00, 0x00, 0x00, 0x1f, 0xf8, 0x00, 0x07, 0xff, 0x40, 0x00,
    0x00, 0x08, 0xff, 0x20, 0x00, 0x1e, 0xfb, 0x00, 0x00, 0x00, 0xef, 0xa0, 0x00, 0x00, 0x9f, 0xf3,
    0x00, 0x00, 0x6f, 0xf3, 0x00, 0x00, 0x02, 0xff, 0x90, 0x00, 0x0d, 0xfb, 0x00, 0x00, 0x00, 0x0a,
    0xff, 0x10, 0x04, 0xff, 0x50, 0x00, 0x00, 0x00, 0x3f, 0xf8, 0x00, 0xbf, 0xd0, 0x00, 0x00, 0x00,
    0x00, 0xcf, 0xe0, 0x3f, 0xf6, 0x00, 0x00, 0x00, 0x00, 0x05, 0xff, 0x69, 0xfe, 0x00, 0x00, 0x00,
    0x00, 0x00, 0x0d, 0xfd, 0xff, 0x70, 0x00, 0x00, 0x00, 0x00, 0x00, 0x6f, 0xff, 0xf1, 0x00, 0x00,
    0x00, 0x00, 0x00, 0x01, 0xef, 0xf9, 0x00, 0x00, 0x00, 0x00, 0x00, 0x00, 0x09, 0xff, 0x20, 0x00,
    0x00, 0x00, 0x00, 0x00, 0x01, 0xef, 0xa0, 0x00, 0x00, 0x00, 0x01, 0x00, 0x00, 0x9f, 0xf3, 0x00,
    0x00, 0x00, 0x01, 0xda, 0x65, 0xaf, 0xfa, 0x00, 0x00, 0x00, 0x00, 0x6f, 0xff, 0xff, 0xfd, 0x10,
    0x00, 0x00, 0x00, 0x00, 0x6b, 0xee, 0xc7, 0x10, 0x00, 0x00, 0x00, 0x00, 0x00, 0x7f, 0xf4, 0x00,
    0x00, 0x00, 0x00, 0x00, 0x00, 0x00, 0x07, 0xff, 0x40, 0x00, 0x00, 0x00, 0x00, 0x00, 0x00, 0x00,
    0x7f, 0xf4, 0x00, 0x00, 0x00, 0x00, 0x00, 0x00, 0x00, 0x07, 0xff, 0x40, 0x00, 0x00, 0x00, 0x00,
    0x00, 0x00, 0x00, 0x7f, 0xf4, 0x00, 0x00, 0x00, 0x00, 0x00, 0x00, 0x00, 0x07, 0xff, 0x40, 0x00,
    0x00, 0x00, 0x00, 0x00, 0x00, 0x00, 0x7f, 0xf4, 0x06, 0xbe, 0xfd, 0xb5, 0x00, 0x00, 0x00, 0x07,
    0xff, 0x5c, 0xff, 0xff, 0xff, 0xfd, 0x30, 0x00, 0x00, 0x7f, 0xfe, 0xff, 0xa7, 0x68, 0xdf, 0xfe,
    0x30, 0x00, 0x07, 0xff, 0xfd, 0x20, 0x00, 0x00, 0x9f, 0xfd, 0x00, 0x00, 0x7f, 0xfe, 0x20, 0x00,
    0x00, 0x00, 0xaf, 0xf5, 0x00, 0x07, 0xff, 0x90, 0x00, 0x00, 0x00, 0x03, 0xff, 0xa0, 0x00, 0x7f,
    0xf5, 0x00, 0x00, 0x00, 0x00, 0x0e, 0xfc, 0x00, 0x07, 0xff, 0x30, 0x00, 0x00, 0x00, 0x00, 0xcf,
    0xd0, 0x00, 0x7f, 0xf5, 0x00, 0x00, 0x00, 0x00, 0x0e, 0xfc, 0x00, 0x07, 0xff, 0x90, 0x00, 0x00,
    0x00, 0x03, 0xff, 0xa0, 0x00, 0x7f, 0xfe, 0x20, 0x00, 0x00, 0x00, 0xaf, 0xf5, 0x00, 0x07, 0xff,
    0xfd, 0x20, 0x00, 0x00, 0x9f, 0xfc, 0x00, 0x00, 0x7f, 0xfe, 0xff, 0xa7, 0x68, 0xdf, 0xfe, 0x20,
    0x00, 0x07, 0xff, 0x5c, 0xff, 0xff, 0xff, 0xfd, 0x30, 0x00, 0x00, 0x7f, 0xf4, 0x06, 0xbe, 0xfd,
    0xb5, 0x00, 0x00, 0x00, 0x07, 0xff, 0x40, 0x00, 0x00, 0x00, 0x00, 0x00, 0x00, 0x00, 0x7f, 0xf4,
    0x00, 0x00, 0x00, 0x00, 0x00, 0x00, 0x00, 0x07, 0xff, 0x40, 0x00, 0x00, 0x00, 0x00, 0x00, 0x00,
    0x00, 0x7f, 0xf4, 0x00, 0x00, 0x00, 0x00, 0x00, 0x00, 0x00, 0x07, 0xff, 0x40, 0x00, 0x00, 0x00,
    0x00, 0x00, 0x00, 0x00, 0x00, 0x04, 0x30, 0x00, 0x34, 0x00, 0x00, 0x00, 0x00, 0x07, 0xff, 0x20,
    0x4f, 0xf5, 0x00, 0x00, 0x00, 0x00, 0x4e, 0xc1, 0x02, 0xde, 0x30, 0x00, 0x00, 0x00, 0x00, 0x00,
    0x00, 0x00, 0x00, 0x00, 0x00, 0x00, 0x00, 0x00, 0x00, 0x00, 0x00, 0x00, 0x00, 0x00, 0xdf, 0xe1,
    0x00, 0x00, 0x00, 0x00, 0x3f, 0xf7, 0x06, 0xff, 0x60, 0x00, 0x00, 0x00, 0x09, 0xfe, 0x10, 0x0e,
    0xfd, 0x00, 0x00, 0x00, 0x01, 0xff, 0x80, 0x00, 0x7f, 0xf4, 0x00, 0x00, 0x00, 0x8f, 0xf2, 0x00,
    0x01, 0xef, 0xb0, 0x00, 0x00, 0x0e, 0xfa, 0x00, 0x00, 0x09, 0xff, 0x30, 0x00, 0x06, 0xff, 0x30,
    0x00, 0x00, 0x2f, 0xf9, 0x00, 0x00, 0xdf, 0xb0, 0x00, 0x00, 0x00, 0xaf, 0xf1, 0x00, 0x4f, 0xf5,
    0x00, 0x00, 0x00, 0x03, 0xff, 0x80, 0x0b, 0xfd, 0x00, 0x00, 0x00, 0x00, 0x0c, 0xfe, 0x03, 0xff,
    0x60, 0x00, 0x00, 0x00, 0x00, 0x5f, 0xf6, 0x9f, 0xe0, 0x00, 0x00, 0x00, 0x00, 0x00, 0xdf, 0xdf,
    0xf7, 0x00, 0x00, 0x00, 0x00, 0x00, 0x06, 0xff, 0xff, 0x10, 0x00, 0x00, 0x00, 0x00, 0x00, 0x1e,
    0xff, 0x90, 0x00, 0x00, 0x00, 0x00, 0x00, 0x00, 0x9f, 0xf2, 0x00, 0x00, 0x00, 0x00, 0x00, 0x00,
    0x1e, 0xfa, 0x00, 0x00, 0x00, 0x00, 0x10, 0x00, 0x09, 0xff, 0x30, 0x00, 0x00, 0x00, 0x1d, 0xa6,
    0x5a, 0xff, 0xa0, 0x00, 0x00, 0x00, 0x06, 0xff, 0xff, 0xff, 0xd1, 0x00, 0x00, 0x00, 0x00, 0x06,
    0xbe, 0xec, 0x71, 0x00, 0x00, 0x00, 0x00, 0x00, 0x00, 0x00, 0x00, 0x03, 0x8c, 0xef, 0xff, 0xff,
    0xff, 0xff, 0xff, 0xff, 0xff, 0xff, 0xf8, 0x00, 0x00, 0x00, 0x03, 0xbf, 0xff, 0xff, 0xff, 0xff,
    0xff, 0xff, 0xff, 0xff, 0xff, 0xff, 0xf8, 0x00, 0x00, 0x00, 0x6f, 0xff, 0xfb, 0x86, 0x55, 0x58,
    0xff, 0xa5, 0x55, 0x55, 0x55, 0x55, 0x53, 0x00, 0x00, 0x06, 0xff, 0xf9, 0x20, 0x00, 0x00, 0x04,
    0xff, 0x70, 0x00, 0x00, 0x00, 0x00, 0x00, 0x00, 0x00, 0x2e, 0xff, 0x50, 0x00, 0x00, 0x00, 0x04,
    0xff, 0x70, 0x00, 0x00, 0x00, 0x00, 0x00, 0x00, 0x00, 0xaf, 0xf8, 0x00, 0x00, 0x00, 0x00, 0x04,
    0xff, 0x70, 0x00, 0x00, 0x00, 0x00, 0x00, 0x00, 0x01, 0xff, 0xe0, 0x00, 0x00, 0x00, 0x00, 0x04,
    0xff, 0x70, 0x00, 0x00, 0x00, 0x00, 0x00, 0x00, 0x06, 0xff, 0x80, 0x00, 0x00, 0x00, 0x00, 0x04,
    0xff, 0x70, 0x00, 0x00, 0x00, 0x00, 0x00, 0x00, 0x08, 0xff, 0x50, 0x00, 0x00, 0x00, 0x00, 0x04,
    0xff, 0x70, 0x00, 0x00, 0x00, 0x00, 0x00, 0x00, 0x09, 0xff, 0x30, 0x00, 0x00, 0x00, 0x00, 0x04,
    0xff, 0xff, 0xff, 0xff, 0xff, 0xff, 0x50, 0x00, 0x09, 0xff, 0x30, 0x00, 0x00, 0x00, 0x00, 0x04,
    0xff, 0xff, 0xff, 0xff, 0xff, 0xff, 0x50, 0x00, 0x08, 0xff, 0x50, 0x00, 0x00, 0x00, 0x00, 0x04,
    0xff, 0xa5, 0x55, 0x55, 0x55, 0x55, 0x20, 0x00, 0x06, 0xff, 0x80, 0x00, 0x00, 0x00, 0x00, 0x04,
    0xff, 0x70, 0x00, 0x00, 0x00, 0x00, 0x00, 0x00, 0x02, 0xff, 0xe0, 0x00, 0x00, 0x00, 0x00, 0x04,
    0xff, 0x70, 0x00, 0x00, 0x00, 0x00, 0x00, 0x00, 0x00, 0xbf, 0xf7, 0x00, 0x00, 0x00, 0x00, 0x04,
    0xff, 0x70, 0x00, 0x00, 0x00, 0x00, 0x00, 0x00, 0x00, 0x3f, 0xff, 0x50, 0x00, 0x00, 0x00, 0x04,
    0xff, 0x70, 0x00, 0x00, 0x00, 0x00, 0x00, 0x00, 0x00, 0x06, 0xff, 0xf9, 0x10, 0x00, 0x00, 0x04,
    0xff, 0x70, 0x00, 0x00, 0x00, 0x00, 0x00, 0x00, 0x00, 0x00, 0x6f, 0xff, 0xfb, 0x86, 0x55, 0x58,
    0xff, 0xa5, 0x55, 0x55, 0x55, 0x55, 0x55, 0x00, 0x00, 0x00, 0x03, 0xcf, 0xff, 0xff, 0xff, 0xff,
    0xff, 0xff, 0xff, 0xff, 0xff, 0xff, 0xfe, 0x00, 0x00, 0x00, 0x00, 0x03, 0x8c, 0xef, 0xff, 0xff,
    0xff, 0xff, 0xff, 0xff, 0xff, 0xff, 0xfe, 0x00, 0x00, 0x00, 0x04, 0xad, 0xee, 0xc8, 0x20, 0x00,
    0x01, 0x6b, 0xef, 0xda, 0x40, 0x00, 0x00, 0x00, 0x01, 0xbf, 0xff, 0xff, 0xff, 0xf8, 0x00, 0x4d,
    0xff, 0xff, 0xff, 0xfb, 0x10, 0x00, 0x00, 0x1d, 0xff, 0xe8, 0x66, 0x9e, 0xff, 0x93, 0xff, 0xfa,
    0x76, 0x7c, 0xff, 0xd1, 0x00, 0x00, 0xbf, 0xfa, 0x10, 0x00, 0x02, 0xcf, 0xfe, 0xfd, 0x20, 0x00,
    0x00, 0x5f, 0xf9, 0x00, 0x03, 0xff, 0xb0, 0x00, 0x00, 0x00, 0x1e, 0xff, 0xf2, 0x00, 0x00, 0x00,
    0x07, 0xff, 0x10, 0x08, 0xff, 0x40, 0x00, 0x00, 0x00, 0x07, 0xff, 0xb0, 0x00, 0x00, 0x00, 0x01,
    0xff, 0x60, 0x0b, 0xff, 0x00, 0x00, 0x00, 0x00, 0x03, 0xff, 0xff, 0xff, 0xff, 0xff, 0xff, 0xff,
    0x80, 0x0c, 0xfe, 0x00, 0x00, 0x00, 0x00, 0x02, 0xff, 0xff, 0xff, 0xff, 0xff, 0xff, 0xff, 0xa0,
    0x0b, 0xff, 0x00, 0x00, 0x00, 0x00, 0x03, 0xff, 0xc5, 0x55, 0x55, 0x55, 0x55, 0x55, 0x40, 0x08,
    0xff, 0x40, 0x00, 0x00, 0x00, 0x07, 0xff, 0xd0, 0x00, 0x00, 0x00, 0x00, 0x00, 0x00, 0x03, 0xff,
    0xc0, 0x00, 0x00, 0x00, 0x1e, 0xff, 0xf6, 0x00, 0x00, 0x00, 0x00, 0x00, 0x00, 0x00, 0xbf, 0xfa,
    0x10, 0x00, 0x02, 0xcf, 0xfe, 0xff, 0x60, 0x00, 0x00, 0x07, 0xb0, 0x00, 0x00, 0x1d, 0xff, 0xe8,
    0x66, 0x9e, 0xff, 0x93, 0xef, 0xfc, 0x86, 0x68, 0xdf, 0xf7, 0x00, 0x00, 0x01, 0xbf, 0xff, 0xff,
    0xff, 0xf8, 0x00, 0x3c, 0xff, 0xff, 0xff, 0xff, 0xa1, 0x00, 0x00, 0x00, 0x04, 0xad, 0xee, 0xc8,
    0x30, 0x00, 0x00, 0x5a, 0xde, 0xed, 0x93, 0x00, 0x00, 0x00, 0x00, 0x00, 0x00, 0x01, 0x6b, 0xde,
    0xed, 0xb7, 0x20, 0x00, 0x00, 0x00, 0x00, 0x01, 0x8e, 0xff, 0xff, 0xff, 0xff, 0xf9, 0x10, 0x00,
    0x00, 0x00, 0x2c, 0xff, 0xfc, 0x86, 0x67, 0xbf, 0xff, 0xd2, 0x00, 0x00, 0x01, 0xdf, 0xfc, 0x30,
    0x00, 0x00, 0x02, 0xaf, 0xd2, 0x00, 0x00, 0x0b, 0xff, 0xa0, 0x00, 0x00, 0x00, 0x00, 0x06, 0x10,
    0x00, 0x00, 0x4f, 0xfc, 0x00, 0x00, 0x00, 0x00, 0x00, 0x00, 0x00, 0x00, 0x00, 0xaf, 0xf4, 0x00,
    0x00, 0x00, 0x00, 0x00, 0x00, 0x00, 0x2d, 0xdd, 0xff, 0xfd, 0xdd, 0xdd, 0xdd, 0xdb, 0x00, 0x00,
    0x00, 0x2f, 0xff, 0xff, 0xff, 0xff, 0xff, 0xff, 0xfd, 0x00, 0x00, 0x00, 0x00, 0x04, 0xff, 0x80,
    0x00, 0x00, 0x00, 0x00, 0x00, 0x00, 0x00, 0x00, 0x04, 0xff, 0x80, 0x00, 0x00, 0x00, 0x00, 0x00,
    0x00, 0x00, 0x2f, 0xff, 0xff, 0xff, 0xff, 0xff, 0xff, 0xfd, 0x00, 0x00, 0x00, 0x2d, 0xdd, 0xff,
    0xfd, 0xdd, 0xdd, 0xdd, 0xdb, 0x00, 0x00, 0x00, 0x00, 0x00, 0xaf, 0xf4, 0x00, 0x00, 0x00, 0x00,
    0x00, 0x00, 0x00, 0x00, 0x00, 0x4f, 0xfc, 0x00, 0x00, 0x00, 0x00, 0x00, 0x00, 0x00, 0x00, 0x00,
    0x0b, 0xff, 0xa0, 0x00, 0x00, 0x00, 0x00, 0x06, 0x10, 0x00, 0x00, 0x01, 0xdf, 0xfc, 0x30, 0x00,
    0x00, 0x02, 0xaf, 0xd2, 0x00, 0x00, 0x00, 0x2d, 0xff, 0xfc, 0x86, 0x67, 0xbf, 0xff, 0xd2, 0x00,
    0x00, 0x00, 0x01, 0x8e, 0xff, 0xff, 0xff, 0xff, 0xf9, 0x10, 0x00, 0x00, 0x00, 0x00, 0x01, 0x6b,
    0xde, 0xed, 0xb7, 0x20, 0x00,
};
static const lv_font_fmt_txt_glyph_dsc_t font_latin1_28_glyphs[] = {
    {.bitmap_index = 0, .adv_w = 0, .box_w = 0, .box_h = 0, .ofs_x = 0, .ofs_y = 0},
    {.bitmap_index = 0, .adv_w = 120, .box_w = 8, .box_h = 20, .ofs_x = 0, .ofs_y = -5}, /* U+00A1 */
    {.bitmap_index = 80, .adv_w = 256, .box_w = 16, .box_h = 22, .ofs_x = 0, .ofs_y = -3}, /* U+00A2 */
    {.bitmap_index = 256, .adv_w = 290, .box_w = 18, .box_h = 20, .ofs_x = 0, .ofs_y = 0}, /* U+00A3 */
    {.bitmap_index = 436, .adv_w = 314, .box_w = 20, .box_h = 19, .ofs_x = 0, .ofs_y = 0}, /* U+00A4 */
    {.bitmap_index = 626, .adv_w = 317, .box_w = 21, .box_h = 20, .ofs_x = -1, .ofs_y = 0}, /* U+00A5 */
    {.bitmap_index = 836, .adv_w = 134, .box_w = 8, .box_h = 26, .ofs_x = 0, .ofs_y = -5}, /* U+00A6 */
    {.bitmap_index = 940, .adv_w = 224, .box_w = 14, .box_h = 23, .ofs_x = 0, .ofs_y = -3}, /* U+00A7 */
    {.bitmap_index = 1101, .adv_w = 269, .box_w = 17, .box_h = 20, .ofs_x = 0, .ofs_y = 0}, /* U+00A8 */
    {.bitmap_index = 1271, .adv_w = 359, .box_w = 22, .box_h = 20, .ofs_x = 0, .ofs_y = 0}, /* U+00A9 */
    {.bitmap_index = 1491, .adv_w = 181, .box_w = 11, .box_h = 21, .ofs_x = 0, .ofs_y = 0}, /* U+00AA */
    {.bitmap_index = 1607, .adv_w = 226, .box_w = 14, .box_h = 13, .ofs_x = 0, .ofs_y = 0}, /* U+00AB */
    {.bitmap_index = 1698, .adv_w = 261, .box_w = 16, .box_h = 12, .ofs_x = 0, .ofs_y = 0}, /* U+00AC */
    {.bitmap_index = 1794, .adv_w = 359, .box_w = 22, .box_h = 20, .ofs_x = 0, .ofs_y = 0}, /* U+00AE */
    {.bitmap_index = 2014, .adv_w = 269, .box_w = 17, .box_h = 20, .ofs_x = 0, .ofs_y = 0}, /* U+00AF */
    {.bitmap_index = 2184, .adv_w = 261, .box_w = 16, .box_h = 17, .ofs_x = 0, .ofs_y = 0}, /* U+00B1 */
    {.bitmap_index = 2320, .adv_w = 193, .box_w = 12, .box_h = 21, .ofs_x = 0, .ofs_y = 0}, /* U+00B2 */
    {.bitmap_index = 2446, .adv_w = 193, .box_w = 12, .box_h = 21, .ofs_x = 0, .ofs_y = 0}, /* U+00B3 */
    {.bitmap_index = 2572, .adv_w = 269, .box_w = 17, .box_h = 21, .ofs_x = 0, .ofs_y = 0}, /* U+00B4 */
    {.bitmap_index = 2751, .adv_w = 306, .box_w = 19, .box_h = 20, .ofs_x = 0, .ofs_y = -5}, /* U+00B5 */
    {.bitmap_index = 2941, .adv_w = 290, .box_w = 18, .box_h = 24, .ofs_x = 0, .ofs_y = -3}, /* U+00B6 */
    {.bitmap_index = 3157, .adv_w = 120, .box_w = 7, .box_h = 10, .ofs_x = 0, .ofs_y = 0}, /* U+00B7 */
    {.bitmap_index = 3192, .adv_w = 269, .box_w = 17, .box_h = 7, .ofs_x = 0, .ofs_y = -6}, /* U+00B8 */
    {.bitmap_index = 3252, .adv_w = 193, .box_w = 12, .box_h = 21, .ofs_x = 0, .ofs_y = 0}, /* U+00B9 */
    {.bitmap_index = 3378, .adv_w = 187, .box_w = 12, .box_h = 21, .ofs_x = 0, .ofs_y = 0}, /* U+00BA */
    {.bitmap_index = 3504, .adv_w = 226, .box_w = 14, .box_h = 13, .ofs_x = 0, .ofs_y = 0}, /* U+00BB */
    {.bitmap_index = 3595, .adv_w = 463, .box_w = 29, .box_h = 20, .ofs_x = 0, .ofs_y = 0}, /* U+00BC */
    {.bitmap_index = 3885, .adv_w = 463, .box_w = 29, .box_h = 20, .ofs_x = 0, .ofs_y = 0}, /* U+00BD */
    {.bitmap_index = 4175, .adv_w = 463, .box_w = 29, .box_h = 20, .ofs_x = 0, .ofs_y = 0}, /* U+00BE */
    {.bitmap_index = 4465, .adv_w = 257, .box_w = 16, .box_h = 20, .ofs_x = 0, .ofs_y = -5}, /* U+00BF */
    {.bitmap_index = 4625, .adv_w = 328, .box_w = 22, .box_h = 25, .ofs_x = -1, .ofs_y = 0}, /* U+00C0 */
    {.bitmap_index = 4900, .adv_w = 328, .box_w = 22, .box_h = 25, .ofs_x = -1, .ofs_y = 0}, /* U+00C1 */
    {.bitmap_index = 5175, .adv_w = 328, .box_w = 22, .box_h = 25, .ofs_x = -1, .ofs_y = 0}, /* U+00C2 */
    {.bitmap_index = 5450, .adv_w = 328, .box_w = 22, .box_h = 25, .ofs_x = -1, .ofs_y = 0}, /* U+00C3 */
    {.bitmap_index = 5725, .adv_w = 328, .box_w = 22, .box_h = 24, .ofs_x = -1, .ofs_y = 0}, /* U+00C4 */
    {.bitmap_index = 5989, .adv_w = 328, .box_w = 22, .box_h = 27, .ofs_x = -1, .ofs_y = 0}, /* U+00C5 */
    {.bitmap_index = 6286, .adv_w = 469, .box_w = 30, .box_h = 20, .ofs_x = -1, .ofs_y = 0}, /* U+00C6 */
    {.bitmap_index = 6586, .adv_w = 320, .box_w = 20, .box_h = 26, .ofs_x = 0, .ofs_y = -6}, /* U+00C7 */
    {.bitmap_index = 6846, .adv_w = 300, .box_w = 19, .box_h = 25, .ofs_x = 0, .ofs_y = 0}, /* U+00C8 */
    {.bitmap_index = 7084, .adv_w = 300, .box_w = 19, .box_h = 25, .ofs_x = 0, .ofs_y = 0}, /* U+00C9 */
    {.bitmap_index = 7322, .adv_w = 300, .box_w = 19, .box_h = 25, .ofs_x = 0, .ofs_y = 0}, /* U+00CA */
    {.bitmap_index = 7560, .adv_w = 300, .box_w = 19, .box_h = 24, .ofs_x = 0, .ofs_y = 0}, /* U+00CB */
    {.bitmap_index = 7788, .adv_w = 139, .box_w = 10, .box_h = 25, .ofs_x = -1, .ofs_y = 0}, /* U+00CC */
    {.bitmap_index = 7913, .adv_w = 139, .box_w = 10, .box_h = 25, .ofs_x = 0, .ofs_y = 0}, /* U+00CD */
    {.bitmap_index = 8038, .adv_w = 139, .box_w = 11, .box_h = 25, .ofs_x = -1, .ofs_y = 0}, /* U+00CE */
    {.bitmap_index = 8176, .adv_w = 139, .box_w = 9, .box_h = 24, .ofs_x = 0, .ofs_y = 0}, /* U+00CF */
    {.bitmap_index = 8284, .adv_w = 374, .box_w = 23, .box_h = 20, .ofs_x = 0, .ofs_y = 0}, /* U+00D0 */
    {.bitmap_index = 8514, .adv_w = 364, .box_w = 23, .box_h = 25, .ofs_x = 0, .ofs_y = 0}, /* U+00D1 */
    {.bitmap_index = 8802, .adv_w = 376, .box_w = 24, .box_h = 25, .ofs_x = 0, .ofs_y = 0}, /* U+00D2 */
    {.bitmap_index = 9102, .adv_w = 376, .box_w = 24, .box_h = 25, .ofs_x = 0, .ofs_y = 0}, /* U+00D3 */
    {.bitmap_index = 9402, .adv_w = 376, .box_w = 24, .box_h = 25, .ofs_x = 0, .ofs_y = 0}, /* U+00D4 */
    {.bitmap_index = 9702, .adv_w = 376, .box_w = 24, .box_h = 25, .ofs_x = 0, .ofs_y = 0}, /* U+00D5 */
    {.bitmap_index = 10002, .adv_w = 376, .box_w = 24, .box_h = 24, .ofs_x = 0, .ofs_y = 0}, /* U+00D6 */
    {.bitmap_index = 10290, .adv_w = 261, .box_w = 16, .box_h = 16, .ofs_x = 0, .ofs_y = 0}, /* U+00D7 */
    {.bitmap_index = 10418, .adv_w = 376, .box_w = 24, .box_h = 24, .ofs_x = 0, .ofs_y = -2}, /* U+00D8 */
    {.bitmap_index = 10706, .adv_w = 354, .box_w = 22, .box_h = 25, .ofs_x = 0, .ofs_y = 0}, /* U+00D9 */
    {.bitmap_index = 10981, .adv_w = 354, .box_w = 22, .box_h = 25, .ofs_x = 0, .ofs_y = 0}, /* U+00DA */
    {.bitmap_index = 11256, .adv_w = 354, .box_w = 22, .box_h = 25, .ofs_x = 0, .ofs_y = 0}, /* U+00DB */
    {.bitmap_index = 11531, .adv_w = 354, .box_w = 22, .box_h = 24, .ofs_x = 0, .ofs_y = 0}, /* U+00DC */
    {.bitmap_index = 11795, .adv_w = 290, .box_w = 20, .box_h = 25, .ofs_x = -1, .ofs_y = 0}, /* U+00DD */
    {.bitmap_index = 12045, .adv_w = 324, .box_w = 20, .box_h = 20, .ofs_x = 0, .ofs_y = 0}, /* U+00DE */
    {.bitmap_index = 12245, .adv_w = 303, .box_w = 19, .box_h = 21, .ofs_x = 0, .ofs_y = 0}, /* U+00DF */
    {.bitmap_index = 12445, .adv_w = 268, .box_w = 17, .box_h = 21, .ofs_x = 0, .ofs_y = 0}, /* U+00E0 */
    {.bitmap_index = 12624, .adv_w = 268, .box_w = 17, .box_h = 21, .ofs_x = 0, .ofs_y = 0}, /* U+00E1 */
    {.bitmap_index = 12803, .adv_w = 268, .box_w = 17, .box_h = 21, .ofs_x = 0, .ofs_y = 0}, /* U+00E2 */
    {.bitmap_index = 12982, .adv_w = 268, .box_w = 17, .box_h = 21, .ofs_x = 0, .ofs_y = 0}, /* U+00E3 */
    {.bitmap_index = 13161, .adv_w = 268, .box_w = 17, .box_h = 20, .ofs_x = 0, .ofs_y = 0}, /* U+00E4 */
    {.bitmap_index = 13331, .adv_w = 268, .box_w = 17, .box_h = 23, .ofs_x = 0, .ofs_y = 0}, /* U+00E5 */
    {.bitmap_index = 13527, .adv_w = 443, .box_w = 28, .box_h = 15, .ofs_x = 0, .ofs_y = 0}, /* U+00E6 */
    {.bitmap_index = 13737, .adv_w = 256, .box_w = 16, .box_h = 21, .ofs_x = 0, .ofs_y = -6}, /* U+00E7 */
    {.bitmap_index = 13905, .adv_w = 274, .box_w = 17, .box_h = 21, .ofs_x = 0, .ofs_y = 0}, /* U+00E8 */
    {.bitmap_index = 14084, .adv_w = 274, .box_w = 17, .box_h = 21, .ofs_x = 0, .ofs_y = 0}, /* U+00E9 */
    {.bitmap_index = 14263, .adv_w = 274, .box_w = 17, .box_h = 21, .ofs_x = 0, .ofs_y = 0}, /* U+00EA */
    {.bitmap_index = 14442, .adv_w = 274, .box_w = 17, .box_h = 20, .ofs_x = 0, .ofs_y = 0}, /* U+00EB */
    {.bitmap_index = 14612, .adv_w = 125, .box_w = 10, .box_h = 21, .ofs_x = -2, .ofs_y = 0}, /* U+00EC */
    {.bitmap_index = 14717, .adv_w = 125, .box_w = 10, .box_h = 21, .ofs_x = 0, .ofs_y = 0}, /* U+00ED */
    {.bitmap_index = 14822, .adv_w = 125, .box_w = 10, .box_h = 21, .ofs_x = -1, .ofs_y = 0}, /* U+00EE */
    {.bitmap_index = 14927, .adv_w = 125, .box_w = 8, .box_h = 21, .ofs_x = 0, .ofs_y = 0}, /* U+00EF */
    {.bitmap_index = 15011, .adv_w = 268, .box_w = 17, .box_h = 21, .ofs_x = 0, .ofs_y = 0}, /* U+00F0 */
    {.bitmap_index = 15190, .adv_w = 305, .box_w = 19, .box_h = 21, .ofs_x = 0, .ofs_y = 0}, /* U+00F1 */
    {.bitmap_index = 15390, .adv_w = 284, .box_w = 18, .box_h = 21, .ofs_x = 0, .ofs_y = 0}, /* U+00F2 */
    {.bitmap_index = 15579, .adv_w = 284, .box_w = 18, .box_h = 21, .ofs_x = 0, .ofs_y = 0}, /* U+00F3 */
    {.bitmap_index = 15768, .adv_w = 284, .box_w = 18, .box_h = 21, .ofs_x = 0, .ofs_y = 0}, /* U+00F4 */
    {.bitmap_index = 15957, .adv_w = 284, .box_w = 18, .box_h = 21, .ofs_x = 0, .ofs_y = 0}, /* U+00F5 */
    {.bitmap_index = 16146, .adv_w = 284, .box_w = 18, .box_h = 20, .ofs_x = 0, .ofs_y = 0}, /* U+00F6 */
    {.bitmap_index = 16326, .adv_w = 261, .box_w = 16, .box_h = 17, .ofs_x = 0, .ofs_y = 0}, /* U+00F7 */
    {.bitmap_index = 16462, .adv_w = 284, .box_w = 18, .box_h = 19, .ofs_x = 0, .ofs_y = -2}, /* U+00F8 */
    {.bitmap_index = 16633, .adv_w = 303, .box_w = 19, .box_h = 21, .ofs_x = 0, .ofs_y = 0}, /* U+00F9 */
    {.bitmap_index = 16833, .adv_w = 303, .box_w = 19, .box_h = 21, .ofs_x = 0, .ofs_y = 0}, /* U+00FA */
    {.bitmap_index = 17033, .adv_w = 303, .box_w = 19, .box_h = 21, .ofs_x = 0, .ofs_y = 0}, /* U+00FB */
    {.bitmap_index = 17233, .adv_w = 303, .box_w = 19, .box_h = 20, .ofs_x = 0, .ofs_y = 0}, /* U+00FC */
    {.bitmap_index = 17423, .adv_w = 250, .box_w = 17, .box_h = 26, .ofs_x = -1, .ofs_y = -5}, /* U+00FD */
    {.bitmap_index = 17644, .adv_w = 306, .box_w = 19, .box_h = 26, .ofs_x = 0, .ofs_y = -5}, /* U+00FE */
    {.bitmap_index = 17891, .adv_w = 250, .box_w = 17, .box_h = 25, .ofs_x = -1, .ofs_y = -5}, /* U+00FF */
    {.bitmap_index = 18104, .adv_w = 504, .box_w = 32, .box_h = 20, .ofs_x = 0, .ofs_y = 0}, /* U+0152 */
    {.bitmap_index = 18424, .adv_w = 478, .box_w = 30, .box_h = 15, .ofs_x = 0, .ofs_y = 0}, /* U+0153 */
    {.bitmap_index = 18649, .adv_w = 357, .box_w = 22, .box_h = 20, .ofs_x = 0, .ofs_y = 0}, /* U+20AC */
};
static const uint16_t font_latin1_28_list[] = {0, 1, 2, 3, 4, 5, 6, 7, 8, 9, 10, 11, 13, 14, 16, 17, 18, 19, 20, 21, 22, 23, 24, 25, 26, 27, 28, 29, 30, 31, 32, 33, 34, 35, 36, 37, 38, 39, 40, 41, 42, 43, 44, 45, 46, 47, 48, 49, 50, 51, 52, 53, 54, 55, 56, 57, 58, 59, 60, 61, 62, 63, 64, 65, 66, 67, 68, 69, 70, 71, 72, 73, 74, 75, 76, 77, 78, 79, 80, 81, 82, 83, 84, 85, 86, 87, 88, 89, 90, 91, 92, 93, 94, 177, 178, 8203};
static const lv_font_fmt_txt_cmap_t font_latin1_28_cmaps[] = {
    {.range_start = 161, .range_length = 8204, .glyph_id_start = 1,
     .unicode_list = font_latin1_28_list, .glyph_id_ofs_list = NULL, .list_length = 96, .type = LV_FONT_FMT_TXT_CMAP_SPARSE_TINY}
};
static lv_font_fmt_txt_glyph_cache_t font_latin1_28_cache;
static const lv_font_fmt_txt_dsc_t font_latin1_28_dsc = {
    .glyph_bitmap = font_latin1_28_bitmap, .glyph_dsc = font_latin1_28_glyphs, .cmaps = font_latin1_28_cmaps, .kern_dsc = NULL,
    .kern_scale = 0, .cmap_num = 1, .bpp = 4, .kern_classes = 0, .bitmap_format = 0, .cache = &font_latin1_28_cache
};
const lv_font_t font_latin1_28 = {
    .get_glyph_dsc = lv_font_get_glyph_dsc_fmt_txt,
    .get_glyph_bitmap = lv_font_get_bitmap_fmt_txt,
    .line_height = 32,
    .base_line = 5,
    .subpx = LV_FONT_SUBPX_NONE,
    .underline_position = -2,
    .underline_thickness = 2,
    .dsc = &font_latin1_28_dsc,
    .fallback = &lv_font_montserrat_28,
};
#endif

#if LV_FONT_MONTSERRAT_32
static LV_ATTRIBUTE_LARGE_CONST const uint8_t font_latin1_32_bitmap[] = {
    0x00, 0x2c, 0xe9, 0x00, 0x00, 0x0a, 0xff, 0xf4, 0x00, 0x00, 0xaf, 0xff, 0x40, 0x00, 0x02, 0xce,
    0x90, 0x00, 0x00, 0x00, 0x00, 0x00, 0x00, 0x00, 0x00, 0x00, 0x00, 0x00, 0x00, 0x00, 0x00, 0x00,
    0x00, 0xef, 0x80, 0x00, 0x00, 0x0f, 0xf8, 0x00, 0x00, 0x00, 0xff, 0x90, 0x00, 0x00, 0x1f, 0xfa,
    0x00, 0x00, 0x01, 0xff, 0xa0, 0x00, 0x00, 0x2f, 0xfb, 0x00, 0x00, 0x03, 0xff, 0xb0, 0x00, 0x00,
    0x3f, 0xfc, 0x00, 0x00, 0x04, 0xff, 0xd0, 0x00, 0x00, 0x4f, 0xfd, 0x00, 0x00, 0x05, 0xff, 0xe0,
    0x00, 0x00, 0x6f, 0xff, 0x00, 0x00, 0x06, 0xff, 0xf0, 0x00, 0x00, 0x7f, 0xff, 0x10, 0x00, 0x07,
    0xff, 0xf1, 0x00, 0x00, 0x00, 0x00, 0x00, 0x0f, 0xf1, 0x00, 0x00, 0x00, 0x00, 0x00, 0x00, 0x00,
    0x0f, 0xf1, 0x00, 0x00, 0x00, 0x00, 0x00, 0x00, 0x00, 0x0f, 0xf1, 0x00, 0x00, 0x00, 0x00, 0x00,
    0x00, 0x00, 0x0f, 0xf1, 0x00, 0x00, 0x00, 0x00, 0x00, 0x00, 0x6b, 0xef, 0xfe, 0xc8, 0x20, 0x00,
    0x00, 0x00, 0x4d, 0xff, 0xff, 0xff, 0xff, 0xf6, 0x00, 0x00, 0x06, 0xff, 0xff, 0xef, 0xfd, 0xff,
    0xff, 0x60, 0x00, 0x3f, 0xff, 0xd4, 0x0f, 0xf1, 0x2a, 0xff, 0xe1, 0x00, 0xcf, 0xfc, 0x10, 0x0f,
    0xf1, 0x00, 0x89, 0x10, 0x03, 0xff, 0xf2, 0x00, 0x0f, 0xf1, 0x00, 0x00, 0x00, 0x07, 0xff, 0xb0,
    0x00, 0x0f, 0xf1, 0x00, 0x00, 0x00, 0x09, 0xff, 0x80, 0x00, 0x0f, 0xf1, 0x00, 0x00, 0x00, 0x09,
    0xff, 0x70, 0x00, 0x0f, 0xf1, 0x00, 0x00, 0x00, 0x08, 0xff, 0x90, 0x00, 0x0f, 0xf1, 0x00, 0x00,
    0x00, 0x05, 0xff, 0xd0, 0x00, 0x0f, 0xf1, 0x00, 0x00, 0x00, 0x00, 0xef, 0xf5, 0x00, 0x0f, 0xf1,
    0x00, 0x11, 0x00, 0x00, 0x7f, 0xfe, 0x40, 0x0f, 0xf1, 0x01, 0xcd, 0x50, 0x00, 0x0b, 0xff, 0xf9,
    0x4f, 0xf3, 0x7e, 0xff, 0xd1, 0x00, 0x01, 0xaf, 0xff, 0xff, 0xff, 0xff, 0xfd, 0x20, 0x00, 0x00,
    0x05, 0xcf, 0xff, 0xff, 0xfe, 0x81, 0x00, 0x00, 0x00, 0x00, 0x02, 0x5f, 0xf7, 0x41, 0x00, 0x00,
    0x00, 0x00, 0x00, 0x00, 0x0f, 0xf1, 0x00, 0x00, 0x00, 0x00, 0x00, 0x00, 0x00, 0x0f, 0xf1, 0x00,
    0x00, 0x00, 0x00, 0x00, 0x00, 0x00, 0x0f, 0xf1, 0x00, 0x00, 0x00, 0x00, 0x00, 0x00, 0x00, 0x04,
    0x9c, 0xdf, 0xfe, 0xc9, 0x40, 0x00, 0x00, 0x00, 0x00, 0x5d, 0xff, 0xff, 0xff, 0xff, 0xff, 0xc1,
    0x00, 0x00, 0x00, 0x8f, 0xff, 0xfd, 0xba, 0xbc, 0xef, 0xfc, 0x00, 0x00, 0x00, 0x6f, 0xff, 0xa3,
    0x00, 0x00, 0x00, 0x4a, 0x50, 0x00, 0x00, 0x0e, 0xff, 0x90, 0x00, 0x00, 0x00, 0x00, 0x00, 0x00,
    0x00, 0x04, 0xff, 0xe1, 0x00, 0x00, 0x00, 0x00, 0x00, 0x00, 0x00, 0x00, 0x7f, 0xfb, 0x00, 0x00,
    0x00, 0x00, 0x00, 0x00, 0x00, 0x00, 0x08, 0xff, 0x90, 0x00, 0x00, 0x00, 0x00, 0x00, 0x00, 0x00,
    0x00, 0x8f, 0xf9, 0x00, 0x00, 0x00, 0x00, 0x00, 0x00, 0x00, 0xaa, 0xad, 0xff, 0xda, 0xaa, 0xaa,
    0xaa, 0xa1, 0x00, 0x00, 0x1f, 0xff, 0xff, 0xff, 0xff, 0xff, 0xff, 0xff, 0x20, 0x00, 0x01, 0xff,
    0xff, 0xff, 0xff, 0xff, 0xff, 0xff, 0xf2, 0x00, 0x00, 0x00, 0x00, 0x8f, 0xf9, 0x00, 0x00, 0x00,
    0x00, 0x00, 0x00, 0x00, 0x00, 0x08, 0xff, 0x90, 0x00, 0x00, 0x00, 0x00, 0x00, 0x00, 0x00, 0x00,
    0x8f, 0xf9, 0x00, 0x00, 0x00, 0x00, 0x00, 0x00, 0x00, 0x00, 0x08, 0xff, 0x90, 0x00, 0x00, 0x00,
    0x00, 0x00, 0x00, 0x00, 0x00, 0x8f, 0xf9, 0x00, 0x00, 0x00, 0x00, 0x00, 0x00, 0x00, 0x00, 0x08,
    0xff, 0x90, 0x00, 0x00, 0x00, 0x00, 0x00, 0x00, 0x00, 0x00, 0x8f, 0xf9, 0x00, 0x00, 0x00, 0x00,
    0x00, 0x00, 0x00, 0xaa, 0xad, 0xff, 0xda, 0xaa, 0xaa, 0xaa, 0xaa, 0xaa, 0x70, 0x1f, 0xff, 0xff,
    0xff, 0xff, 0xff, 0xff, 0xff, 0xff, 0xfb, 0x01, 0xff, 0xff, 0xff, 0xff, 0xff, 0xff, 0xff, 0xff,
    0xff, 0xb0, 0x00, 0x51, 0x00, 0x00, 0x00, 0x00, 0x00, 0x00, 0x00, 0x06, 0x00, 0x05, 0xfd, 0x10,
    0x00, 0x00, 0x00, 0x00, 0x00, 0x00, 0x8f, 0xb0, 0x0b, 0xff, 0xc1, 0x02, 0x8c, 0xef, 0xda, 0x50,
    0x08, 0xff, 0xe2, 0x01, 0xbf, 0xfc, 0x8f, 0xff, 0xff, 0xff, 0xfc, 0x9f, 0xfe, 0x30, 0x00, 0x1c,
    0xff, 0xff, 0xfe, 0xbb, 0xdf, 0xff, 0xff, 0xe4, 0x00, 0x00, 0x01, 0xef, 0xfd, 0x50, 0x00, 0x02,
    0xaf, 0xff, 0x60, 0x00, 0x00, 0x05, 0xff, 0xc1, 0x00, 0x00, 0x00, 0x06, 0xff, 0xb0, 0x00, 0x00,
    0x0c, 0xfe, 0x10, 0x00, 0x00, 0x00, 0x00, 0x8f, 0xf4, 0x00, 0x00, 0x3f, 0xf7, 0x00, 0x00, 0x00,
    0x00, 0x00, 0x1e, 0xf9, 0x00, 0x00, 0x6f, 0xf3, 0x00, 0x00, 0x00, 0x00, 0x00, 0x0b, 0xfc, 0x00,
    0x00, 0x7f, 0xf1, 0x00, 0x00, 0x00, 0x00, 0x00, 0x09, 0xfd, 0x00, 0x00, 0x6f, 0xf3, 0x00, 0x00,
    0x00, 0x00, 0x00, 0x0b, 0xfc, 0x00, 0x00, 0x3f, 0xf7, 0x00, 0x00, 0x00, 0x00, 0x00, 0x1e, 0xf9,
    0x00, 0x00, 0x0d, 0xfe, 0x10, 0x00, 0x00, 0x00, 0x00, 0x8f, 0xf4, 0x00, 0x00, 0x06, 0xff, 0xb1,
    0x00, 0x00, 0x00, 0x05, 0xff, 0xc0, 0x00, 0x00, 0x00, 0xef, 0xfd, 0x50, 0x00, 0x02, 0x9f, 0xff,
    0x50, 0x00, 0x00, 0x0a, 0xff, 0xff, 0xfe, 0xbb, 0xdf, 0xff, 0xff, 0xd2, 0x00, 0x00, 0x9f, 0xfd,
    0x9f, 0xff, 0xff, 0xff, 0xfc, 0xaf, 0xfd, 0x20, 0x09, 0xff, 0xe2, 0x02, 0x8c, 0xef, 0xda, 0x50,
    0x0a, 0xff, 0xd2, 0x07, 0xfe, 0x20, 0x00, 0x00, 0x00, 0x00, 0x00, 0x00, 0xaf, 0xc1, 0x00, 0x72,
    0x00, 0x00, 0x00, 0x00, 0x00, 0x00, 0x00, 0x08, 0x10, 0x0b, 0xff, 0x90, 0x00, 0x00, 0x00, 0x00,
    0x00, 0x00, 0x01, 0xdf, 0xf6, 0x01, 0xef, 0xf6, 0x00, 0x00, 0x00, 0x00, 0x00, 0x00, 0x09, 0xff,
    0xa0, 0x00, 0x4f, 0xfe, 0x20, 0x00, 0x00, 0x00, 0x00, 0x00, 0x6f, 0xfd, 0x10, 0x00, 0x08, 0xff,
    0xc0, 0x00, 0x00, 0x00, 0x00, 0x02, 0xef, 0xf3, 0x00, 0x00, 0x00, 0xcf, 0xf9, 0x00, 0x00, 0x00,
    0x00, 0x0c, 0xff, 0x60, 0x00, 0x00, 0x00, 0x2e, 0xff, 0x50, 0x00, 0x00, 0x00, 0x9f, 0xfa, 0x00,
    0x00, 0x00, 0x00, 0x05, 0xff, 0xe2, 0x00, 0x00, 0x05, 0xff, 0xd1, 0x00, 0x00, 0x00, 0x00, 0x00,
    0x9f, 0xfc, 0x00, 0x00, 0x2e, 0xff, 0x30, 0x00, 0x00, 0x00, 0x00, 0x00, 0x0c, 0xff, 0x80, 0x00,
    0xcf, 0xf7, 0x00, 0x00, 0x00, 0x00, 0x00, 0x00, 0x02, 0xef, 0xf4, 0x09, 0xff, 0xb0, 0x00, 0x00,
    0x00, 0x00, 0x00, 0x00, 0x00, 0x5f, 0xfe, 0x6f, 0xfd, 0x10, 0x00, 0x00, 0x00, 0x00, 0x00, 0x00,
    0x00, 0x09, 0xff, 0xff, 0xf4, 0x00, 0x00, 0x00, 0x00, 0x00, 0x00, 0xff, 0xff, 0xff, 0xff, 0xff,
    0xff, 0xff, 0xff, 0xa0, 0x00, 0x00, 0x00, 0xdd, 0xdd, 0xdd, 0xdf, 0xff, 0xdd, 0xdd, 0xdd, 0x80,
    0x00, 0x00, 0x00, 0x00, 0x00, 0x00, 0x4f, 0xfd, 0x00, 0x00, 0x00, 0x00, 0x00, 0x00, 0x00, 0x00,
    0x00, 0x00, 0x4f, 0xfd, 0x00, 0x00, 0x00, 0x00, 0x00, 0x00, 0x00, 0xdd, 0xdd, 0xdd, 0xdf, 0xff,
    0xdd, 0xdd, 0xdd, 0x80, 0x00, 0x00, 0x00, 0xff, 0xff, 0xff, 0xff, 0xff, 0xff, 0xff, 0xff, 0xa0,
    0x00, 0x00, 0x00, 0x00, 0x00, 0x00, 0x4f, 0xfd, 0x00, 0x00, 0x00, 0x00, 0x00, 0x00, 0x00, 0x00,
    0x00, 0x00, 0x4f, 0xfd, 0x00, 0x00, 0x00, 0x00, 0x00, 0x00, 0x00, 0x00, 0x00, 0x00, 0x4f, 0xfd,
    0x00, 0x00, 0x00, 0x00, 0x00, 0x00, 0x00, 0x00, 0x00, 0x00, 0x4f, 0xfd, 0x00, 0x00, 0x00, 0x00,
    0x00, 0x00, 0x0a, 0xff, 0x30, 0x00, 0x00, 0x0a, 0xff, 0x30, 0x00, 0x00, 0x0a, 0xff, 0x30, 0x00,
    0x00, 0x0a, 0xff, 0x30, 0x00, 0x00, 0x0a, 0xff, 0x30, 0x00, 0x00, 0x0a, 0xff, 0x30, 0x00, 0x00,
    0x0a, 0xff, 0x30, 0x00, 0x00, 0x0a, 0xff, 0x30, 0x00, 0x00, 0x0a, 0xff, 0x30, 0x00, 0x00, 0x0a,
    0xff, 0x30, 0x00, 0x00, 0x0a, 0xff, 0x30, 0x00, 0x00, 0x00, 0x00, 0x00, 0x00, 0x00, 0x00, 0x00,
    0x00, 0x00, 0x00, 0x00, 0x00, 0x00, 0x00, 0x00, 0x00, 0x00, 0x00, 0x00, 0x00, 0x00, 0x00, 0x00,
    0x00, 0x00, 0x00, 0x00, 0x00, 0x00, 0x00, 0x00, 0x00, 0x00, 0x00, 0x00, 0x00, 0x00, 0x00, 0x00,
    0x00, 0x0a, 0xff, 0x30, 0x00, 0x00, 0x0a, 0xff, 0x30, 0x00, 0x00, 0x0a, 0xff, 0x30, 0x00, 0x00,
    0x0a, 0xff, 0x30, 0x00, 0x00, 0x0a, 0xff, 0x30, 0x00, 0x00, 0x0a, 0xff, 0x30, 0x00, 0x00, 0x0a,
    0xff, 0x30, 0x00, 0x00, 0x0a, 0xff, 0x30, 0x00, 0x00, 0x0a, 0xff, 0x30, 0x00, 0x00, 0x0a, 0xff,
    0x30, 0x00, 0x00, 0x0a, 0xff, 0x30, 0x00, 0x00, 0x00, 0x16, 0xbd, 0xee, 0xdb, 0x72, 0x00, 0x00,
    0x04, 0xef, 0xff, 0xff, 0xff, 0xff, 0xa0, 0x00, 0x3f, 0xff, 0xfc, 0xab, 0xcf, 0xff, 0xc0, 0x00,
    0xcf, 0xf8, 0x10, 0x00, 0x00, 0x5c, 0x60, 0x01, 0xff, 0xc0, 0x00, 0x00, 0x00, 0x00, 0x00, 0x02,
    0xff, 0xa0, 0x00, 0x00, 0x00, 0x00, 0x00, 0x00, 0xff, 0xe2, 0x00, 0x00, 0x00, 0x00, 0x00, 0x00,
    0x9f, 0xfe, 0x84, 0x00, 0x00, 0x00, 0x00, 0x00, 0x1c, 0xff, 0xff, 0xeb, 0x61, 0x00, 0x00, 0x00,
    0x5e, 0xff, 0xff, 0xff, 0xff, 0xa1, 0x00, 0x03, 0xff, 0xd4, 0x15, 0x9d, 0xff, 0xfd, 0x10, 0x09,
    0xff, 0x30, 0x00, 0x00, 0x3c, 0xff, 0x80, 0x0c, 0xfd, 0x00, 0x00, 0x00, 0x01, 0xef, 0xc0, 0x0c,
    0xfe, 0x10, 0x00, 0x00, 0x00, 0xdf, 0xd0, 0x08, 0xff, 0xa1, 0x00, 0x00, 0x01, 0xff, 0xa0, 0x01,
    0xdf, 0xfe, 0x95, 0x10, 0x1b, 0xff, 0x40, 0x00, 0x2a, 0xff, 0xff, 0xfc, 0xef, 0xf7, 0x00, 0x00,
    0x00, 0x16, 0xbe, 0xff, 0xff, 0xc1, 0x00, 0x00, 0x00, 0x00, 0x00, 0x38, 0xef, 0xf9, 0x00, 0x00,
    0x00, 0x00, 0x00, 0x00, 0x2e, 0xff, 0x10, 0x00, 0x00, 0x00, 0x00, 0x00, 0x09, 0xff, 0x30, 0x02,
    0x20, 0x00, 0x00, 0x00, 0x0a, 0xff, 0x20, 0x09, 0xe9, 0x30, 0x00, 0x01, 0x7f, 0xfd, 0x00, 0x1e,
    0xff, 0xfe, 0xba, 0xce, 0xff, 0xf5, 0x00, 0x05, 0xdf, 0xff, 0xff, 0xff, 0xfe, 0x60, 0x00, 0x00,
    0x04, 0x9c, 0xef, 0xec, 0x82, 0x00, 0x00, 0x00, 0x00, 0x04, 0x96, 0x00, 0x04, 0x96, 0x00, 0x00,
    0x00, 0x00, 0x00, 0xef, 0xf3, 0x00, 0xff, 0xf2, 0x00, 0x00, 0x00, 0x00, 0x08, 0xeb, 0x10, 0x09,
    0xeb, 0x00, 0x00, 0x00, 0x00, 0x00, 0x00, 0x00, 0x00, 0x00, 0x00, 0x00, 0x00, 0x00, 0x00, 0x00,
    0x00, 0x00, 0x00, 0x00, 0x00, 0x00, 0x00, 0x00, 0x00, 0x00, 0x00, 0x00, 0x00, 0x00, 0x00, 0x00,
    0x00, 0x00, 0x00, 0x00, 0x00, 0x00, 0x00, 0x00, 0x00, 0x00, 0x00, 0x00, 0x00, 0x00, 0x00, 0x00,
    0x00, 0x00, 0x00, 0x00, 0x00, 0x00, 0x00, 0x00, 0x00, 0x00, 0x00, 0x00, 0x00, 0x00, 0x00, 0x00,
    0x00, 0x00, 0x00, 0x00, 0x00, 0x00, 0x00, 0x00, 0x00, 0x00, 0x00, 0x00, 0x00, 0x00, 0x00, 0x00,
    0x00, 0x00, 0x00, 0x00, 0x00, 0x00, 0x00, 0x00, 0x00, 0x00, 0x00, 0x00, 0x00, 0x00, 0x00, 0x00,
    0x00, 0x00, 0x00, 0x00, 0x00, 0x00, 0x00, 0x00, 0x00, 0x00, 0x00, 0x00, 0x00, 0x00, 0x00, 0x00,
    0x00, 0x00, 0x00, 0x00, 0x00, 0x00, 0x00, 0x00, 0x00, 0x00, 0x00, 0x00, 0x00, 0x00, 0x00, 0x00,
    0x00, 0x00, 0x00, 0x00, 0x00, 0x00, 0x00, 0x00, 0x00, 0x00, 0x00, 0x00, 0x00, 0x00, 0x00, 0x00,
    0x00, 0x00, 0x00, 0x00, 0x00, 0x00, 0x00, 0x00, 0x00, 0x00, 0x00, 0x00, 0x00, 0x00, 0x00, 0x00,
    0x00, 0x00, 0x00, 0x00, 0x00, 0x00, 0x00, 0x00, 0x00, 0x00, 0x00, 0x00, 0x00, 0x00, 0x00, 0x00,
    0x00, 0x00, 0x00, 0x00, 0x00, 0x00, 0x00, 0x00, 0x00, 0x00, 0x00, 0x00, 0x00, 0x00, 0x00, 0x00,
    0x00, 0x00, 0x00, 0x00, 0x00, 0x00, 0x27, 0xbd, 0xee, 0xda, 0x61, 0x00, 0x00, 0x00, 0x00, 0x00,
    0x00, 0x00, 0x2a, 0xfc, 0x75, 0x33, 0x58, 0xce, 0x81, 0x00, 0x00, 0x00, 0x00, 0x00, 0x05, 0xeb,
    0x30, 0x00, 0x00, 0x00, 0x04, 0xdd, 0x30, 0x00, 0x00, 0x00, 0x00, 0x6f, 0x80, 0x00, 0x00, 0x00,
    0x00, 0x00, 0x1b, 0xe3, 0x00, 0x00, 0x00, 0x04, 0xf7, 0x00, 0x00, 0x27, 0x99, 0x72, 0x00, 0x00,
    0xbd, 0x10, 0x00, 0x00, 0x0d, 0xb0, 0x00, 0x1a, 0xff, 0xff, 0xff, 0x90, 0x00, 0x2e, 0xa0, 0x00,
    0x00, 0x7f, 0x20, 0x01, 0xdf, 0xff, 0xff, 0xff, 0xfa, 0x00, 0x06, 0xf3, 0x00, 0x00, 0xda, 0x00,
    0x0a, 0xff, 0xc4, 0x11, 0x3a, 0xfe, 0x20, 0x00, 0xe8, 0x00, 0x02, 0xf6, 0x00, 0x2f, 0xfa, 0x00,
    0x00, 0x00, 0x61, 0x00, 0x00, 0xac, 0x00, 0x05, 0xf3, 0x00, 0x6f, 0xf2, 0x00, 0x00, 0x00, 0x00,
    0x00, 0x00, 0x7f, 0x00, 0x06, 0xf1, 0x00, 0x8f, 0xd0, 0x00, 0x00, 0x00, 0x00, 0x00, 0x00, 0x6f,
    0x10, 0x06, 0xf1, 0x00, 0x8f, 0xd0, 0x00, 0x00, 0x00, 0x00, 0x00, 0x00, 0x6f, 0x10, 0x05, 0xf3,
    0x00, 0x6f, 0xf2, 0x00, 0x00, 0x00, 0x00, 0x00, 0x00, 0x8f, 0x00, 0x03, 0xf5, 0x00, 0x2f, 0xfa,
    0x00, 0x00, 0x00, 0x51, 0x00, 0x00, 0xad, 0x00, 0x00, 0xea, 0x00, 0x0a, 0xff, 0xb4, 0x11, 0x3a,
    0xfd, 0x20, 0x00, 0xe8, 0x00, 0x00, 0x9e, 0x10, 0x01, 0xdf, 0xff, 0xff, 0xff, 0xfa, 0x00, 0x06,
    0xf3, 0x00, 0x00, 0x1e, 0x90, 0x00, 0x1a, 0xff, 0xff, 0xff, 0x90, 0x00, 0x1d, 0xa0, 0x00, 0x00,
    0x07, 0xf5, 0x00, 0x00, 0x27, 0x99, 0x72, 0x00, 0x00, 0xae, 0x20, 0x00, 0x00, 0x00, 0x9e, 0x40,
    0x00, 0x00, 0x00, 0x00, 0x00, 0x09, 0xf4, 0x00, 0x00, 0x00, 0x00, 0x09, 0xf8, 0x10, 0x00, 0x00,
    0x00, 0x03, 0xce, 0x40, 0x00, 0x00, 0x00, 0x00, 0x00, 0x5d, 0xe8, 0x42, 0x01, 0x26, 0xbf, 0xa2,
    0x00, 0x00, 0x00, 0x00, 0x00, 0x00, 0x00, 0x5a, 0xef, 0xff, 0xfd, 0x83, 0x00, 0x00, 0x00, 0x00,
    0x00, 0x00, 0x00, 0x00, 0x00, 0x01, 0x22, 0x00, 0x00, 0x00, 0x00, 0x00, 0x00, 0x00, 0x17, 0xce,
    0xfd, 0x81, 0x00, 0x00, 0x3e, 0xff, 0xff, 0xff, 0xd1, 0x00, 0x02, 0xfa, 0x53, 0x48, 0xff, 0x70,
    0x00, 0x02, 0x00, 0x00, 0x0a, 0xfb, 0x00, 0x00, 0x00, 0x00, 0x00, 0x6f, 0xc0, 0x00, 0x05, 0xbe,
    0xff, 0xff, 0xfd, 0x00, 0x04, 0xfd, 0x53, 0x33, 0x7f, 0xd0, 0x00, 0xbf, 0x50, 0x00, 0x07, 0xfd,
    0x00, 0x0b, 0xfb, 0x30, 0x16, 0xef, 0xd0, 0x00, 0x6f, 0xff, 0xff, 0xfc, 0xfd, 0x00, 0x00, 0x6d,
    0xff, 0xe8, 0x3f, 0xd0, 0x00, 0x00, 0x01, 0x20, 0x00, 0x22, 0x00, 0x00, 0x00, 0x00, 0x00, 0x00,
    0x00, 0x00, 0x00, 0x00, 0x00, 0x00, 0x00, 0x00, 0x00, 0x00, 0x00, 0x00, 0x00, 0x00, 0x00, 0x00,
    0x00, 0x00, 0x00, 0x00, 0x00, 0x00, 0x00, 0x00, 0x00, 0x00, 0x00, 0x00, 0x00, 0x00, 0x00, 0x00,
    0x00, 0x00, 0x00, 0x00, 0x00, 0x00, 0x00, 0x00, 0x00, 0x00, 0x00, 0x00, 0x00, 0x00, 0x00, 0x00,
    0x00, 0x00, 0x00, 0x00, 0x00, 0x00, 0x00, 0x00, 0x00, 0x00, 0x00, 0x00, 0x00, 0x00, 0x00, 0x00,
    0x00, 0x00, 0x00, 0x00, 0x00, 0x00, 0x00, 0x00, 0x00, 0x00, 0x00, 0x05, 0xff, 0x80, 0x03, 0xff,
    0xa0, 0x00, 0x00, 0x2e, 0xfb, 0x00, 0x1d, 0xfd, 0x10, 0x00, 0x00, 0xcf, 0xe2, 0x00, 0xaf, 0xf3,
    0x00, 0x00, 0x09, 0xff, 0x40, 0x07, 0xff, 0x60, 0x00, 0x00, 0x6f, 0xf8, 0x00, 0x4f, 0xfa, 0x00,
    0x00, 0x03, 0xef, 0xb0, 0x01, 0xef, 0xd1, 0x00, 0x00, 0x03, 0xff, 0xb0, 0x02, 0xef, 0xd1, 0x00,
    0x00, 0x00, 0x6f, 0xf8, 0x00, 0x4f, 0xfa, 0x00, 0x00, 0x00, 0x09, 0xff, 0x40, 0x07, 0xff, 0x60,
    0x00, 0x00, 0x01, 0xcf, 0xe1, 0x00, 0xbf, 0xf3, 0x00, 0x00, 0x00, 0x2e, 0xfb, 0x00, 0x1d, 0xfd,
    0x10, 0x00, 0x00, 0x05, 0xff, 0x80, 0x03, 0xff, 0xa0, 0x00, 0x00, 0x00, 0x00, 0x00, 0x00, 0x00,
    0x00, 0x00, 0x00, 0x00, 0x00, 0x00, 0x00, 0x00, 0x00, 0x00, 0x9a, 0xaa, 0xaa, 0xaa, 0xaa, 0xaa,
    0xaa, 0x50, 0x00, 0x0d, 0xff, 0xff, 0xff, 0xff, 0xff, 0xff, 0xf7, 0x00, 0x00, 0xdf, 0xff, 0xff,
    0xff, 0xff, 0xff, 0xff, 0x70, 0x00, 0x00, 0x00, 0x00, 0x00, 0x00, 0x00, 0x4f, 0xf7, 0x00, 0x00,
    0x00, 0x00, 0x00, 0x00, 0x00, 0x04, 0xff, 0x70, 0x00, 0x00, 0x00, 0x00, 0x00, 0x00, 0x00, 0x4f,
    0xf7, 0x00, 0x00, 0x00, 0x00, 0x00, 0x00, 0x00, 0x04, 0xff, 0x70, 0x00, 0x00, 0x00, 0x00, 0x00,
    0x00, 0x00, 0x4f, 0xf7, 0x00, 0x00, 0x00, 0x00, 0x00, 0x00, 0x00, 0x02, 0x77, 0x40, 0x00, 0x00,
    0x00, 0x00, 0x00, 0x00, 0x00, 0x00, 0x00, 0x00, 0x00, 0x00, 0x00, 0x00, 0x00, 0x00, 0x00, 0x00,
    0x00, 0x00, 0x00, 0x00, 0x00, 0x00, 0x00, 0x00, 0x00, 0x00, 0x00, 0x00, 0x00, 0x00, 0x00, 0x00,
    0x00, 0x00, 0x00, 0x00, 0x00, 0x00, 0x00, 0x00, 0x00, 0x27, 0xbd, 0xee, 0xda, 0x61, 0x00, 0x00,
    0x00, 0x00, 0x00, 0x00, 0x00, 0x2a, 0xfc, 0x75, 0x33, 0x58, 0xce, 0x81, 0x00, 0x00, 0x00, 0x00,
    0x00, 0x05, 0xeb, 0x30, 0x00, 0x00, 0x00, 0x04, 0xdd, 0x30, 0x00, 0x00, 0x00, 0x00, 0x6f, 0x80,
    0x00, 0x00, 0x00, 0x00, 0x00, 0x1b, 0xe3, 0x00, 0x00, 0x00, 0x04, 0xf7, 0x00, 0x00, 0x00, 0x00,
    0x00, 0x00, 0x00, 0xbd, 0x10, 0x00, 0x00, 0x0d, 0xb0, 0x00, 0xbf, 0xff, 0xff, 0xeb, 0x50, 0x00,
    0x2e, 0xa0, 0x00, 0x00, 0x7f, 0x20, 0x00, 0xbf, 0xed, 0xdd, 0xff, 0xf9, 0x00, 0x06, 0xf3, 0x00,
    0x00, 0xda, 0x00, 0x00, 0xbf, 0x70, 0x00, 0x06, 0xff, 0x40, 0x00, 0xe8, 0x00, 0x02, 0xf6, 0x00,
    0x00, 0xbf, 0x70, 0x00, 0x00, 0x9f, 0x80, 0x00, 0xac, 0x00, 0x05, 0xf3, 0x00, 0x00, 0xbf, 0x70,
    0x00, 0x00, 0xaf, 0x80, 0x00, 0x7f, 0x00, 0x06, 0xf1, 0x00, 0x00, 0xbf, 0x70, 0x00, 0x06, 0xff,
    0x40, 0x00, 0x6f, 0x10, 0x06, 0xf1, 0x00, 0x00, 0xbf, 0xed, 0xdd, 0xff, 0xf9, 0x00, 0x00, 0x6f,
    0x10, 0x05, 0xf3, 0x00, 0x00, 0xbf, 0xff, 0xff, 0xff, 0x50, 0x00, 0x00, 0x8f, 0x00, 0x03, 0xf5,
    0x00, 0x00, 0xbf, 0x70, 0x00, 0xbf, 0x70, 0x00, 0x00, 0xad, 0x00, 0x00, 0xea, 0x00, 0x00, 0xbf,
    0x70, 0x00, 0x2f, 0xe2, 0x00, 0x00, 0xe8, 0x00, 0x00, 0x9e, 0x10, 0x00, 0xbf, 0x70, 0x00, 0x08,
    0xfa, 0x00, 0x06, 0xf3, 0x00, 0x00, 0x1e, 0x90, 0x00, 0xbf, 0x70, 0x00, 0x01, 0xdf, 0x40, 0x1d,
    0xa0, 0x00, 0x00, 0x07, 0xf5, 0x00, 0x45, 0x30, 0x00, 0x00, 0x35, 0x40, 0xae, 0x20, 0x00, 0x00,
    0x00, 0x9e, 0x40, 0x00, 0x00, 0x00, 0x00, 0x00, 0x09, 0xf4, 0x00, 0x00, 0x00, 0x00, 0x09, 0xf8,
    0x10, 0x00, 0x00, 0x00, 0x03, 0xce, 0x40, 0x00, 0x00, 0x00, 0x00, 0x00, 0x5d, 0xe8, 0x42, 0x01,
    0x26, 0xbf, 0xa2, 0x00, 0x00, 0x00, 0x00, 0x00, 0x00, 0x00, 0x5a, 0xef, 0xff, 0xfd, 0x83, 0x00,
    0x00, 0x00, 0x00, 0x00, 0x00, 0x00, 0x00, 0x00, 0x01, 0x22, 0x00, 0x00, 0x00, 0x00, 0x00, 0x00,
    0x00, 0x00, 0x8e, 0xee, 0xee, 0xee, 0xee, 0xb0, 0x00, 0x00, 0x00, 0x09, 0xff, 0xff, 0xff, 0xff,
    0xfc, 0x00, 0x00, 0x00, 0x00, 0x00, 0x00, 0x00, 0x00, 0x00, 0x00, 0x00, 0x00, 0x00, 0x00, 0x00,
    0x00, 0x00, 0x00, 0x00, 0x00, 0x00, 0x00, 0x00, 0x00, 0x00, 0x00, 0x00, 0x00, 0x00, 0x00, 0x00,
    0x00, 0x00, 0x00, 0x00, 0x00, 0x00, 0x00, 0x00, 0x00, 0x00, 0x00, 0x00, 0x00, 0x00, 0x00, 0x00,
    0x00, 0x00, 0x00, 0x00, 0x00, 0x00, 0x00, 0x00, 0x00, 0x00, 0x00, 0x00, 0x00, 0x00, 0x00, 0x00,
    0x00, 0x00, 0x00, 0x00, 0x00, 0x00, 0x00, 0x00, 0x00, 0x00, 0x00, 0x00, 0x00, 0x00, 0x00, 0x00,
    0x00, 0x00, 0x00, 0x00, 0x00, 0x00, 0x00, 0x00, 0x00, 0x00, 0x00, 0x00, 0x00, 0x00, 0x00, 0x00,
    0x00, 0x00, 0x00, 0x00, 0x00, 0x00, 0x00, 0x00, 0x00, 0x00, 0x00, 0x00, 0x00, 0x00, 0x00, 0x00,
    0x00, 0x00, 0x00, 0x00, 0x00, 0x00, 0x00, 0x00, 0x00, 0x00, 0x00, 0x00, 0x00, 0x00, 0x00, 0x00,
    0x00, 0x00, 0x00, 0x00, 0x00, 0x00, 0x00, 0x00, 0x00, 0x00, 0x00, 0x00, 0x00, 0x00, 0x00, 0x00,
    0x00, 0x00, 0x00, 0x00, 0x00, 0x00, 0x00, 0x00, 0x00, 0x00, 0x00, 0x00, 0x00, 0x00, 0x00, 0x00,
    0x00, 0x00, 0x00, 0x00, 0x00, 0x00, 0x00, 0x00, 0x00, 0x00, 0x00, 0x00, 0x00, 0x00, 0x00, 0x00,
    0x00, 0x00, 0x00, 0x00, 0x00, 0x00, 0x00, 0x00, 0x00, 0x00, 0x00, 0x00, 0x00, 0x00, 0x00, 0x00,
    0x00, 0x00, 0x00, 0x00, 0x00, 0xff, 0xa0, 0x00, 0x00, 0x00, 0x00, 0x00, 0x00, 0x00, 0x0f, 0xfa,
    0x00, 0x00, 0x00, 0x00, 0x00, 0x00, 0x00, 0x00, 0xff, 0xa0, 0x00, 0x00, 0x00, 0x00, 0x00, 0x00,
    0x00, 0x0f, 0xfa, 0x00, 0x00, 0x00, 0x00, 0x00, 0x00, 0x00, 0x00, 0xff, 0xa0, 0x00, 0x00, 0x00,
    0x00, 0x00, 0x00, 0x00, 0x0f, 0xfa, 0x00, 0x00, 0x00, 0x00, 0x00, 0xdf, 0xff, 0xff, 0xff, 0xff,
    0xff, 0xff, 0x70, 0x00, 0x0d, 0xff, 0xff, 0xff, 0xff, 0xff, 0xff, 0xf7, 0x00, 0x00, 0x9a, 0xaa,
    0xaa, 0xff, 0xda, 0xaa, 0xaa, 0x50, 0x00, 0x00, 0x00, 0x00, 0x0f, 0xfa, 0x00, 0x00, 0x00, 0x00,
    0x00, 0x00, 0x00, 0x00, 0xff, 0xa0, 0x00, 0x00, 0x00, 0x00, 0x00, 0x00, 0x00, 0x0f, 0xfa, 0x00,
    0x00, 0x00, 0x00, 0x00, 0x00, 0x00, 0x00, 0xff, 0xa0, 0x00, 0x00, 0x00, 0x00, 0x00, 0x00, 0x00,
    0x0f, 0xfa, 0x00, 0x00, 0x00, 0x00, 0x00, 0x00, 0x00, 0x00, 0x00, 0x00, 0x00, 0x00, 0x00, 0x00,
    0x00, 0x00, 0x00, 0x00, 0x00, 0x00, 0x00, 0x00, 0x00, 0x00, 0x00, 0x00, 0x00, 0x00, 0x00, 0x00,
    0x00, 0x00, 0x00, 0x09, 0xaa, 0xaa, 0xaa, 0xaa, 0xaa, 0xaa, 0xa5, 0x00, 0x00, 0xdf, 0xff, 0xff,
    0xff, 0xff, 0xff, 0xff, 0x70, 0x00, 0x0d, 0xff, 0xff, 0xff, 0xff, 0xff, 0xff, 0xf7, 0x00, 0x00,
    0x29, 0xce, 0xfe, 0xb5, 0x00, 0x00, 0x07, 0xff, 0xfe, 0xef, 0xff, 0xa0, 0x00, 0x08, 0xe7, 0x10,
    0x01, 0x7f, 0xf5, 0x00, 0x00, 0x10, 0x00, 0x00, 0x0c, 0xf8, 0x00, 0x00, 0x00, 0x00, 0x00, 0x0d,
    0xf6, 0x00, 0x00, 0x00, 0x00, 0x00, 0x8f, 0xe1, 0x00, 0x00, 0x00, 0x00, 0x08, 0xfe, 0x40, 0x00,
    0x00, 0x00, 0x01, 0xaf, 0xe4, 0x00, 0x00, 0x00, 0x00, 0x1c, 0xfd, 0x20, 0x00, 0x00, 0x00, 0x03,
    0xdf, 0xb1, 0x00, 0x00, 0x00, 0x00, 0x5e, 0xf9, 0x00, 0x00, 0x00, 0x00, 0x05, 0xff, 0xfd, 0xdd,
    0xdd, 0xdd, 0x20, 0x08, 0xff, 0xff, 0xff, 0xff, 0xff, 0x20, 0x00, 0x00, 0x00, 0x00, 0x00, 0x00,
    0x00, 0x00, 0x00, 0x00, 0x00, 0x00, 0x00, 0x00, 0x00, 0x00, 0x00, 0x00, 0x00, 0x00, 0x00, 0x00,
    0x00, 0x00, 0x00, 0x00, 0x00, 0x00, 0x00, 0x00, 0x00, 0x00, 0x00, 0x00, 0x00, 0x00, 0x00, 0x00,
    0x00, 0x00, 0x00, 0x00, 0x00, 0x00, 0x00, 0x00, 0x00, 0x00, 0x00, 0x00, 0x00, 0x00, 0x00, 0x00,
    0x00, 0x00, 0x00, 0x00, 0x00, 0x00, 0x00, 0x00, 0x00, 0x00, 0x00, 0x00, 0x00, 0x00, 0x00, 0x00,
    0x0b, 0xff, 0xff, 0xff, 0xff, 0xf8, 0x00, 0x09, 0xdd, 0xdd, 0xdd, 0xef, 0xf6, 0x00, 0x00, 0x00,
    0x00, 0x02, 0xdf, 0x80, 0x00, 0x00, 0x00, 0x00, 0x1d, 0xf8, 0x00, 0x00, 0x00, 0x00, 0x01, 0xdf,
    0x80, 0x00, 0x00, 0x00, 0x00, 0x0c, 0xfe, 0x84, 0x00, 0x00, 0x00, 0x00, 0x0d, 0xef, 0xff, 0xc2,
    0x00, 0x00, 0x00, 0x00, 0x01, 0x4c, 0xfc, 0x00, 0x00, 0x00, 0x00, 0x00, 0x03, 0xff, 0x20, 0x01,
    0x00, 0x00, 0x00, 0x03, 0xff, 0x20, 0x0a, 0xc5, 0x20, 0x00, 0x4c, 0xfc, 0x00, 0x0c, 0xff, 0xff,
    0xef, 0xff, 0xe3, 0x00, 0x00, 0x59, 0xde, 0xfe, 0xc8, 0x10, 0x00, 0x00, 0x00, 0x00, 0x00, 0x00,
    0x00, 0x00, 0x00, 0x00, 0x00, 0x00, 0x00, 0x00, 0x00, 0x00, 0x00, 0x00, 0x00, 0x00, 0x00, 0x00,
    0x00, 0x00, 0x00, 0x00, 0x00, 0x00, 0x00, 0x00, 0x00, 0x00, 0x00, 0x00, 0x00, 0x00, 0x00, 0x00,
    0x00, 0x00, 0x00, 0x00, 0x00, 0x00, 0x00, 0x00, 0x00, 0x00, 0x00, 0x00, 0x00, 0x00, 0x00, 0x00,
    0x00, 0x00, 0x00, 0x00, 0x00, 0x00, 0x00, 0x00, 0x00, 0x00, 0x00, 0x00, 0x00, 0x00, 0x00, 0x00,
    0x00, 0x00, 0x00, 0x00, 0x00, 0x00, 0x2d, 0xff, 0xb1, 0x00, 0x00, 0x00, 0x00, 0x00, 0x00, 0x3e,
    0xff, 0x70, 0x00, 0x00, 0x00, 0x00, 0x00, 0x00, 0x3e, 0xfd, 0x30, 0x00, 0x00, 0x00, 0x00, 0x00,
    0x00, 0x4e, 0xfa, 0x10, 0x00, 0x00, 0x00, 0x00, 0x00, 0x00, 0x00, 0x00, 0x00, 0x00, 0x00, 0x00,
    0x00, 0x00, 0x00, 0x00, 0x00, 0x00, 0x00, 0x00, 0x00, 0x00, 0x00, 0x00, 0x00, 0x00, 0x00, 0x00,
    0x00, 0x00, 0x00, 0x00, 0x00, 0x00, 0x00, 0x00, 0x00, 0x00, 0x00, 0x00, 0x00, 0x00, 0x00, 0x00,
    0x00, 0x00, 0x00, 0x00, 0x00, 0x00, 0x00, 0x00, 0x00, 0x00, 0x00, 0x00, 0x00, 0x00, 0x00, 0x00,
    0x00, 0x00, 0x00, 0x00, 0x00, 0x00, 0x00, 0x00, 0x00, 0x00, 0x00, 0x00, 0x00, 0x00, 0x00, 0x00,
    0x00, 0x00, 0x00, 0x00, 0x00, 0x00, 0x00, 0x00, 0x00, 0x00, 0x00, 0x00, 0x00, 0x00, 0x00, 0x00,
    0x00, 0x00, 0x00, 0x00, 0x00, 0x00, 0x00, 0x00, 0x00, 0x00, 0x00, 0x00, 0x00, 0x00, 0x00, 0x00,
    0x00, 0x00, 0x00, 0x00, 0x00, 0x00, 0x00, 0x00, 0x00, 0x00, 0x00, 0x00, 0x00, 0x00, 0x00, 0x00,
    0x00, 0x00, 0x00, 0x00, 0x00, 0x00, 0x00, 0x00, 0x00, 0x00, 0x00, 0x00, 0x00, 0x00, 0x00, 0x00,
    0x00, 0x00, 0x00, 0x00, 0x00, 0x00, 0x00, 0x00, 0x00, 0x00, 0x00, 0x00, 0x00, 0x00, 0x00, 0x00,
    0x00, 0x00, 0x00, 0x00, 0x00, 0x00, 0x00, 0x00, 0x00, 0x00, 0x00, 0x00, 0x00, 0x00, 0x00, 0x00,
    0x00, 0x00, 0x00, 0x00, 0x00, 0x00, 0x00, 0x00, 0x00, 0x00, 0x00, 0x00, 0x00, 0x1f, 0xff, 0x00,
    0x00, 0x00, 0x00, 0x03, 0xff, 0xd0, 0x00, 0x00, 0x1f, 0xff, 0x00, 0x00, 0x00, 0x00, 0x03, 0xff,
    0xd0, 0x00, 0x00, 0x1f, 0xff, 0x00, 0x00, 0x00, 0x00, 0x03, 0xff, 0xd0, 0x00, 0x00, 0x1f, 0xff,
    0x00, 0x00, 0x00, 0x00, 0x03, 0xff, 0xd0, 0x00, 0x00, 0x1f, 0xff, 0x00, 0x00, 0x00, 0x00, 0x03,
    0xff, 0xd0, 0x00, 0x00, 0x1f, 0xff, 0x00, 0x00, 0x00, 0x00, 0x03, 0xff, 0xd0, 0x00, 0x00, 0x1f,
    0xff, 0x00, 0x00, 0x00, 0x00, 0x03, 0xff, 0xd0, 0x00, 0x00, 0x1f, 0xff, 0x00, 0x00, 0x00, 0x00,
    0x03, 0xff, 0xd0, 0x00, 0x00, 0x1f, 0xff, 0x00, 0x00, 0x00, 0x00, 0x03, 0xff, 0xd0, 0x00, 0x00,
    0x1f, 0xff, 0x00, 0x00, 0x00, 0x00, 0x04, 0xff, 0xd0, 0x00, 0x00, 0x1f, 0xff, 0x10, 0x00, 0x00,
    0x00, 0x06, 0xff, 0xd0, 0x00, 0x00, 0x1f, 0xff, 0x50, 0x00, 0x00, 0x00, 0x0c, 0xff, 0xd0, 0x00,
    0x00, 0x1f, 0xff, 0xc1, 0x00, 0x00, 0x00, 0x7f, 0xff, 0xd0, 0x00, 0x00, 0x1f, 0xff, 0xfc, 0x30,
    0x00, 0x29, 0xff, 0xff, 0xd0, 0x00, 0x00, 0x1f, 0xff, 0xff, 0xfe, 0xde, 0xff, 0xfa, 0xff, 0xd0,
    0x00, 0x00, 0x1f, 0xff, 0x8f, 0xff, 0xff, 0xff, 0xa1, 0xff, 0xd0, 0x00, 0x00, 0x1f, 0xff, 0x04,
    0xae, 0xfe, 0xa5, 0x00, 0xff, 0xd0, 0x00, 0x00, 0x1f, 0xff, 0x00, 0x00, 0x00, 0x00, 0x00, 0x00,
    0x00, 0x00, 0x00, 0x1f, 0xff, 0x00, 0x00, 0x00, 0x00, 0x00, 0x00, 0x00, 0x00, 0x00, 0x1f, 0xff,
    0x00, 0x00, 0x00, 0x00, 0x00, 0x00, 0x00, 0x00, 0x00, 0x1f, 0xff, 0x00, 0x00, 0x00, 0x00, 0x00,
    0x00, 0x00, 0x00, 0x00, 0x1f, 0xff, 0x00, 0x00, 0x00, 0x00, 0x00, 0x00, 0x00, 0x00, 0x00, 0x1f,
    0xff, 0x00, 0x00, 0x00, 0x00, 0x00, 0x00, 0x00, 0x00, 0x00, 0x01, 0x7b, 0xef, 0xff, 0xff, 0xff,
    0xff, 0xf6, 0x00, 0x00, 0x05, 0xef, 0xff, 0xff, 0xff, 0xff, 0xff, 0xff, 0x60, 0x00, 0x05, 0xff,
    0xff, 0xff, 0xfe, 0xaa, 0xaa, 0xbf, 0xf6, 0x00, 0x00, 0xdf, 0xff, 0xff, 0xff, 0xc0, 0x00, 0x03,
    0xff, 0x60, 0x00, 0x3f, 0xff, 0xff, 0xff, 0xfc, 0x00, 0x00, 0x3f, 0xf6, 0x00, 0x05, 0xff, 0xff,
    0xff, 0xff, 0xc0, 0x00, 0x03, 0xff, 0x60, 0x00, 0x5f, 0xff, 0xff, 0xff, 0xfc, 0x00, 0x00, 0x3f,
    0xf6, 0x00, 0x02, 0xff, 0xff, 0xff, 0xff, 0xc0, 0x00, 0x03, 0xff, 0x60, 0x00, 0x0b, 0xff, 0xff,
    0xff, 0xfc, 0x00, 0x00, 0x3f, 0xf6, 0x00, 0x00, 0x2e, 0xff, 0xff, 0xff, 0xc0, 0x00, 0x03, 0xff,
    0x60, 0x00, 0x00, 0x2c, 0xff, 0xff, 0xfc, 0x00, 0x00, 0x3f, 0xf6, 0x00, 0x00, 0x00, 0x03, 0x8a,
    0xef, 0xc0, 0x00, 0x03, 0xff, 0x60, 0x00, 0x00, 0x00, 0x00, 0x0b, 0xfc, 0x00, 0x00, 0x3f, 0xf6,
    0x00, 0x00, 0x00, 0x00, 0x00, 0xbf, 0xc0, 0x00, 0x03, 0xff, 0x60, 0x00, 0x00, 0x00, 0x00, 0x0b,
    0xfc, 0x00, 0x00, 0x3f, 0xf6, 0x00, 0x00, 0x00, 0x00, 0x00, 0xbf, 0xc0, 0x00, 0x03, 0xff, 0x60,
    0x00, 0x00, 0x00, 0x00, 0x0b, 0xfc, 0x00, 0x00, 0x3f, 0xf6, 0x00, 0x00, 0x00, 0x00, 0x00, 0xbf,
    0xc0, 0x00, 0x03, 0xff, 0x60, 0x00, 0x00, 0x00, 0x00, 0x0b, 0xfc, 0x00, 0x00, 0x3f, 0xf6, 0x00,
    0x00, 0x00, 0x00, 0x00, 0xbf, 0xc0, 0x00, 0x03, 0xff, 0x60, 0x00, 0x00, 0x00, 0x00, 0x0b, 0xfc,
    0x00, 0x00, 0x3f, 0xf6, 0x00, 0x00, 0x00, 0x00, 0x00, 0xbf, 0xc0, 0x00, 0x03, 0xff, 0x60, 0x00,
    0x00, 0x00, 0x00, 0x0b, 0xfc, 0x00, 0x00, 0x3f, 0xf6, 0x00, 0x00, 0x00, 0x00, 0x00, 0xbf, 0xc0,
    0x00, 0x03, 0xff, 0x60, 0x00, 0x00, 0x00, 0x00, 0x0b, 0xfc, 0x00, 0x00, 0x3f, 0xf6, 0x00, 0x00,
    0x00, 0x00, 0x00, 0xbf, 0xc0, 0x00, 0x03, 0xff, 0x60, 0x00, 0x00, 0x00, 0x00, 0x0b, 0xfc, 0x00,
    0x00, 0x3f, 0xf6, 0x00, 0x00, 0x00, 0x00, 0x00, 0x22, 0x20, 0x00, 0x00, 0x22, 0x10, 0x00, 0x00,
    0x3c, 0xe9, 0x00, 0x00, 0x0c, 0xff, 0xf5, 0x00, 0x00, 0xcf, 0xff, 0x40, 0x00, 0x03, 0xce, 0x90,
    0x00, 0x00, 0x00, 0x00, 0x00, 0x00, 0x00, 0x00, 0x00, 0x00, 0x00, 0x00, 0x00, 0x00, 0x00, 0x00,
    0x00, 0x00, 0x00, 0x00, 0x00, 0x00, 0x00, 0x00, 0x00, 0x00, 0x00, 0x00, 0x00, 0x00, 0x00, 0x00,
    0x00, 0x00, 0x00, 0x00, 0x00, 0x7f, 0x50, 0x00, 0x00, 0x00, 0x00, 0x00, 0x00, 0x00, 0x0b, 0xf5,
    0x10, 0x00, 0x00, 0x00, 0x00, 0x00, 0x00, 0x00, 0xac, 0xfd, 0x20, 0x00, 0x00, 0x00, 0x00, 0x00,
    0x00, 0x00, 0x08, 0xf9, 0x00, 0x00, 0x00, 0x00, 0x00, 0x00, 0x21, 0x00, 0xaf, 0xb0, 0x00, 0x00,
    0x00, 0x00, 0x00, 0x0b, 0xfd, 0xef, 0xf5, 0x00, 0x00, 0x00, 0x00, 0x00, 0x00, 0x7d, 0xee, 0xb4,
    0x00, 0x00, 0x00, 0x00, 0x00, 0x2f, 0xff, 0xff, 0x90, 0x00, 0x00, 0x00, 0x2d, 0xdd, 0xef, 0x90,
    0x00, 0x00, 0x00, 0x00, 0x00, 0xbf, 0x90, 0x00, 0x00, 0x00, 0x00, 0x00, 0xbf, 0x90, 0x00, 0x00,
    0x00, 0x00, 0x00, 0xbf, 0x90, 0x00, 0x00, 0x00, 0x00, 0x00, 0xbf, 0x90, 0x00, 0x00, 0x00, 0x00,
    0x00, 0xbf, 0x90, 0x00, 0x00, 0x00, 0x00, 0x00, 0xbf, 0x90, 0x00, 0x00, 0x00, 0x00, 0x00, 0xbf,
    0x90, 0x00, 0x00, 0x00, 0x00, 0x00, 0xbf, 0x90, 0x00, 0x00, 0x00, 0x00, 0x00, 0xbf, 0x90, 0x00,
    0x00, 0x00, 0x5d, 0xdd, 0xef, 0xed, 0xdb, 0x00, 0x00, 0x6f, 0xff, 0xff, 0xff, 0xfd, 0x00, 0x00,
    0x00, 0x00, 0x00, 0x00, 0x00, 0x00, 0x00, 0x00, 0x00, 0x00, 0x00, 0x00, 0x00, 0x00, 0x00, 0x00,
    0x00, 0x00, 0x00, 0x00, 0x00, 0x00, 0x00, 0x00, 0x00, 0x00, 0x00, 0x00, 0x00, 0x00, 0x00, 0x00,
    0x00, 0x00, 0x00, 0x00, 0x00, 0x00, 0x00, 0x00, 0x00, 0x00, 0x00, 0x00, 0x00, 0x00, 0x00, 0x00,
    0x00, 0x00, 0x00, 0x00, 0x00, 0x00, 0x00, 0x00, 0x00, 0x00, 0x00, 0x00, 0x00, 0x00, 0x00, 0x00,
    0x00, 0x00, 0x00, 0x00, 0x00, 0x00, 0x02, 0x9d, 0xfe, 0xb5, 0x00, 0x00, 0x05, 0xef, 0xff, 0xff,
    0xfa, 0x00, 0x02, 0xef, 0xd5, 0x34, 0xaf, 0xf7, 0x00, 0x9f, 0xc0, 0x00, 0x00, 0x7f, 0xe1, 0x0d,
    0xf5, 0x00, 0x00, 0x00, 0xff, 0x40, 0xef, 0x30, 0x00, 0x00, 0x0d, 0xf5, 0x0d, 0xf5, 0x00, 0x00,
    0x00, 0xff, 0x30, 0x9f, 0xc0, 0x00, 0x00, 0x7f, 0xe1, 0x02, 0xef, 0xd5, 0x34, 0xaf, 0xf7, 0x00,
    0x04, 0xef, 0xff, 0xff, 0xf9, 0x00, 0x00, 0x02, 0x9d, 0xfe, 0xb5, 0x00, 0x00, 0x00, 0x00, 0x00,
    0x00, 0x00, 0x00, 0x00, 0x00, 0x00, 0x00, 0x00, 0x00, 0x00, 0x00, 0x00, 0x00, 0x00, 0x00, 0x00,
    0x00, 0x00, 0x00, 0x00, 0x00, 0x00, 0x00, 0x00, 0x00, 0x00, 0x00, 0x00, 0x00, 0x00, 0x00, 0x00,
    0x00, 0x00, 0x00, 0x00, 0x00, 0x00, 0x00, 0x00, 0x00, 0x00, 0x00, 0x00, 0x00, 0x00, 0x00, 0x00,
    0x00, 0x00, 0x00, 0x00, 0x00, 0x00, 0x00, 0x00, 0x00, 0x00, 0x00, 0x00, 0x00, 0x00, 0x00, 0x00,
    0x00, 0x00, 0x00, 0x00, 0x00, 0x00, 0x00, 0x00, 0x00, 0x00, 0x00, 0x00, 0x00, 0x00, 0x00, 0x00,
    0x00, 0x08, 0xff, 0x40, 0x06, 0xff, 0x60, 0x00, 0x00, 0x00, 0xcf, 0xe2, 0x00, 0xaf, 0xf3, 0x00,
    0x00, 0x00, 0x2e, 0xfc, 0x00, 0x1d, 0xfd, 0x10, 0x00, 0x00, 0x04, 0xff, 0x90, 0x03, 0xff, 0xb0,
    0x00, 0x00, 0x00, 0x8f, 0xf5, 0x00, 0x6f, 0xf7, 0x00, 0x00, 0x00, 0x0c, 0xfe, 0x20, 0x0a, 0xff,
    0x40, 0x00, 0x00, 0x0b, 0xfe, 0x30, 0x09, 0xff, 0x40, 0x00, 0x00, 0x8f, 0xf6, 0x00, 0x6f, 0xf8,
    0x00, 0x00, 0x04, 0xff, 0x90, 0x03, 0xef, 0xb0, 0x00, 0x00, 0x2e, 0xfc, 0x00, 0x1d, 0xfd, 0x10,
    0x00, 0x00, 0xbf, 0xe2, 0x00, 0xaf, 0xf3, 0x00, 0x00, 0x08, 0xff, 0x40, 0x06, 0xff, 0x60, 0x00,
    0x00, 0x00, 0x00, 0x00, 0x00, 0x00, 0x00, 0x00, 0x00, 0x00, 0x00, 0x00, 0x00, 0x00, 0x00, 0x00,
    0x00, 0x00, 0x2f, 0xff, 0xff, 0x90, 0x00, 0x00, 0x00, 0x00, 0x00, 0x00, 0x6f, 0xe2, 0x00, 0x00,
    0x00, 0x00, 0x02, 0xdd, 0xde, 0xf9, 0x00, 0x00, 0x00, 0x00, 0x00, 0x00, 0x2e, 0xf5, 0x00, 0x00,
    0x00, 0x00, 0x00, 0x00, 0x00, 0xbf, 0x90, 0x00, 0x00, 0x00, 0x00, 0x00, 0x0b, 0xfa, 0x00, 0x00,
    0x00, 0x00, 0x00, 0x00, 0x00, 0x0b, 0xf9, 0x00, 0x00, 0x00, 0x00, 0x00, 0x07, 0xfe, 0x10, 0x00,
    0x00, 0x00, 0x00, 0x00, 0x00, 0x00, 0xbf, 0x90, 0x00, 0x00, 0x00, 0x00, 0x03, 0xff, 0x40, 0x00,
    0x00, 0x00, 0x00, 0x00, 0x00, 0x00, 0x0b, 0xf9, 0x00, 0x00, 0x00, 0x00, 0x00, 0xcf, 0x90, 0x00,
    0x00, 0x00, 0x00, 0x00, 0x00, 0x00, 0x00, 0xbf, 0x90, 0x00, 0x00, 0x00, 0x00, 0x8f, 0xd1, 0x00,
    0x00, 0x00, 0x00, 0x00, 0x00, 0x00, 0x00, 0x0b, 0xf9, 0x00, 0x00, 0x00, 0x00, 0x4f, 0xf3, 0x00,
    0x00, 0x00, 0x00, 0x00, 0x00, 0x00, 0x00, 0x00, 0xbf, 0x90, 0x00, 0x00, 0x00, 0x1d, 0xf8, 0x00,
    0x00, 0x00, 0x00, 0x00, 0x00, 0x00, 0x00, 0x00, 0x0b, 0xf9, 0x00, 0x00, 0x00, 0x09, 0xfc, 0x00,
    0x00, 0x00, 0x1d, 0xf8, 0x00, 0x00, 0x00, 0x00, 0x00, 0xbf, 0x90, 0x00, 0x00, 0x05, 0xfe, 0x20,
    0x00, 0x00, 0x0a, 0xfc, 0x00, 0x00, 0x00, 0x05, 0xdd, 0xde, 0xfe, 0xdd, 0xb0, 0x01, 0xef, 0x60,
    0x00, 0x00, 0x07, 0xfe, 0x20, 0x00, 0x00, 0x00, 0x6f, 0xff, 0xff, 0xff, 0xfd, 0x00, 0xbf, 0xb0,
    0x00, 0x00, 0x04, 0xff, 0x40, 0x00, 0x00, 0x00, 0x00, 0x00, 0x00, 0x00, 0x00, 0x00, 0x6f, 0xe2,
    0x00, 0x00, 0x01, 0xef, 0x70, 0x00, 0x00, 0x00, 0x00, 0x00, 0x00, 0x00, 0x00, 0x00, 0x2e, 0xf5,
    0x00, 0x00, 0x00, 0xbf, 0xa0, 0x03, 0x85, 0x00, 0x00, 0x00, 0x00, 0x00, 0x00, 0x00, 0x0c, 0xfa,
    0x00, 0x00, 0x00, 0x8f, 0xd1, 0x00, 0x6f, 0x90, 0x00, 0x00, 0x00, 0x00, 0x00, 0x00, 0x07, 0xfd,
    0x10, 0x00, 0x00, 0x5f, 0xe3, 0x00, 0x06, 0xf9, 0x00, 0x00, 0x00, 0x00, 0x00, 0x00, 0x03, 0xff,
    0x40, 0x00, 0x00, 0x0e, 0xff, 0xff, 0xff, 0xff, 0xff, 0xf3, 0x00, 0x00, 0x00, 0x00, 0x01, 0xdf,
    0x80, 0x00, 0x00, 0x00, 0xcd, 0xdd, 0xdd, 0xde, 0xfe, 0xdd, 0x30, 0x00, 0x00, 0x00, 0x00, 0x9f,
    0xc0, 0x00, 0x00, 0x00, 0x00, 0x00, 0x00, 0x00, 0x9f, 0x90, 0x00, 0x00, 0x00, 0x00, 0x00, 0x4f,
    0xf3, 0x00, 0x00, 0x00, 0x00, 0x00, 0x00, 0x00, 0x09, 0xf9, 0x00, 0x00, 0x00, 0x00, 0x00, 0x1d,
    0xf7, 0x00, 0x00, 0x00, 0x00, 0x00, 0x00, 0x00, 0x00, 0x9f, 0x90, 0x00, 0x00, 0x2f, 0xff, 0xff,
    0x90, 0x00, 0x00, 0x00, 0x00, 0x00, 0x00, 0x6f, 0xe2, 0x00, 0x00, 0x00, 0x00, 0x02, 0xdd, 0xde,
    0xf9, 0x00, 0x00, 0x00, 0x00, 0x00, 0x00, 0x2e, 0xf5, 0x00, 0x00, 0x00, 0x00, 0x00, 0x00, 0x00,
    0xbf, 0x90, 0x00, 0x00, 0x00, 0x00, 0x00, 0x0b, 0xfa, 0x00, 0x00, 0x00, 0x00, 0x00, 0x00, 0x00,
    0x0b, 0xf9, 0x00, 0x00, 0x00, 0x00, 0x00, 0x07, 0xfe, 0x10, 0x00, 0x00, 0x00, 0x00, 0x00, 0x00,
    0x00, 0xbf, 0x90, 0x00, 0x00, 0x00, 0x00, 0x03, 0xff, 0x40, 0x00, 0x00, 0x00, 0x00, 0x00, 0x00,
    0x00, 0x0b, 0xf9, 0x00, 0x00, 0x00, 0x00, 0x00, 0xcf, 0x90, 0x00, 0x00, 0x00, 0x00, 0x00, 0x00,
    0x00, 0x00, 0xbf, 0x90, 0x00, 0x00, 0x00, 0x00, 0x8f, 0xd1, 0x00, 0x00, 0x00, 0x00, 0x00, 0x00,
    0x00, 0x00, 0x0b, 0xf9, 0x00, 0x00, 0x00, 0x00, 0x4f, 0xf3, 0x00, 0x00, 0x00, 0x00, 0x00, 0x00,
    0x00, 0x00, 0x00, 0xbf, 0x90, 0x00, 0x00, 0x00, 0x1d, 0xf8, 0x00, 0x00, 0x00, 0x00, 0x00, 0x00,
    0x00, 0x00, 0x00, 0x0b, 0xf9, 0x00, 0x00, 0x00, 0x09, 0xfc, 0x00, 0x17, 0xbe, 0xfe, 0xc8, 0x10,
    0x00, 0x00, 0x00, 0x00, 0xbf, 0x90, 0x00, 0x00, 0x05, 0xfe, 0x20, 0x3e, 0xff, 0xed, 0xff, 0xfd,
    0x20, 0x00, 0x05, 0xdd, 0xde, 0xfe, 0xdd, 0xb0, 0x01, 0xef, 0x60, 0x04, 0xea, 0x30, 0x00, 0x4e,
    0xfa, 0x00, 0x00, 0x6f, 0xff, 0xff, 0xff, 0xfd, 0x00, 0xbf, 0xb0, 0x00, 0x01, 0x00, 0x00, 0x00,
    0x7f, 0xd0, 0x00, 0x00, 0x00, 0x00, 0x00, 0x00, 0x00, 0x6f, 0xe2, 0x00, 0x00, 0x00, 0x00, 0x00,
    0x08, 0xfb, 0x00, 0x00, 0x00, 0x00, 0x00, 0x00, 0x00, 0x2e, 0xf5, 0x00, 0x00, 0x00, 0x00, 0x00,
    0x03, 0xff, 0x50, 0x00, 0x00, 0x00, 0x00, 0x00, 0x00, 0x0c, 0xfa, 0x00, 0x00, 0x00, 0x00, 0x00,
    0x04, 0xef, 0x80, 0x00, 0x00, 0x00, 0x00, 0x00, 0x00, 0x07, 0xfd, 0x10, 0x00, 0x00, 0x00, 0x00,
    0x06, 0xff, 0x80, 0x00, 0x00, 0x00, 0x00, 0x00, 0x00, 0x03, 0xff, 0x40, 0x00, 0x00, 0x00, 0x00,
    0x08, 0xff, 0x50, 0x00, 0x00, 0x00, 0x00, 0x00, 0x00, 0x01, 0xdf, 0x80, 0x00, 0x00, 0x00, 0x00,
    0x1b, 0xfe, 0x30, 0x00, 0x00, 0x00, 0x00, 0x00, 0x00, 0x00, 0x9f, 0xc0, 0x00, 0x00, 0x00, 0x00,
    0x2c, 0xfc, 0x20, 0x00, 0x00, 0x00, 0x00, 0x00, 0x00, 0x00, 0x4f, 0xf3, 0x00, 0x00, 0x00, 0x00,
    0x2e, 0xff, 0xdd, 0xdd, 0xdd, 0xd6, 0x00, 0x00, 0x00, 0x00, 0x1d, 0xf7, 0x00, 0x00, 0x00, 0x00,
    0x03, 0xff, 0xff, 0xff, 0xff, 0xff, 0x70, 0x0b, 0xff, 0xff, 0xff, 0xff, 0xf8, 0x00, 0x00, 0x00,
    0x00, 0x00, 0x6f, 0xe2, 0x00, 0x00, 0x00, 0x00, 0x9d, 0xdd, 0xdd, 0xde, 0xff, 0x60, 0x00, 0x00,
    0x00, 0x00, 0x2e, 0xf5, 0x00, 0x00, 0x00, 0x00, 0x00, 0x00, 0x00, 0x02, 0xdf, 0x80, 0x00, 0x00,
    0x00, 0x00, 0x0b, 0xfa, 0x00, 0x00, 0x00, 0x00, 0x00, 0x00, 0x00, 0x01, 0xdf, 0x80, 0x00, 0x00,
    0x00, 0x00, 0x07, 0xfe, 0x10, 0x00, 0x00, 0x00, 0x00, 0x00, 0x00, 0x01, 0xdf, 0x80, 0x00, 0x00,
    0x00, 0x00, 0x03, 0xff, 0x40, 0x00, 0x00, 0x00, 0x00, 0x00, 0x00, 0x00, 0xcf, 0xe8, 0x40, 0x00,
    0x00, 0x00, 0x00, 0xcf, 0x90, 0x00, 0x00, 0x00, 0x00, 0x00, 0x00, 0x00, 0x0d, 0xef, 0xff, 0xc2,
    0x00, 0x00, 0x00, 0x8f, 0xd1, 0x00, 0x00, 0x00, 0x00, 0x00, 0x00, 0x00, 0x00, 0x00, 0x14, 0xcf,
    0xc0, 0x00, 0x00, 0x4f, 0xf3, 0x00, 0x00, 0x00, 0x00, 0x00, 0x00, 0x00, 0x00, 0x00, 0x00, 0x03,
    0xff, 0x20, 0x00, 0x1d, 0xf8, 0x00, 0x00, 0x00, 0x00, 0x00, 0x00, 0x00, 0x10, 0x00, 0x00, 0x00,
    0x3f, 0xf2, 0x00, 0x09, 0xfc, 0x00, 0x00, 0x00, 0x1d, 0xf8, 0x00, 0x00, 0x0a, 0xc5, 0x20, 0x00,
    0x4c, 0xfc, 0x00, 0x05, 0xfe, 0x20, 0x00, 0x00, 0x0a, 0xfc, 0x00, 0x00, 0x00, 0xcf, 0xff, 0xfe,
    0xff, 0xfe, 0x30, 0x01, 0xef, 0x60, 0x00, 0x00, 0x07, 0xfe, 0x20, 0x00, 0x00, 0x00, 0x59, 0xde,
    0xfe, 0xc8, 0x10, 0x00, 0xbf, 0xb0, 0x00, 0x00, 0x04, 0xff, 0x40, 0x00, 0x00, 0x00, 0x00, 0x00,
    0x00, 0x00, 0x00, 0x00, 0x6f, 0xe2, 0x00, 0x00, 0x01, 0xef, 0x70, 0x00, 0x00, 0x00, 0x00, 0x00,
    0x00, 0x00, 0x00, 0x00, 0x2e, 0xf5, 0x00, 0x00, 0x00, 0xbf, 0xa0, 0x03, 0x85, 0x00, 0x00, 0x00,
    0x00, 0x00, 0x00, 0x00, 0x0c, 0xfa, 0x00, 0x00, 0x00, 0x8f, 0xd1, 0x00, 0x6f, 0x90, 0x00, 0x00,
    0x00, 0x00, 0x00, 0x00, 0x07, 0xfd, 0x10, 0x00, 0x00, 0x5f, 0xe3, 0x00, 0x06, 0xf9, 0x00, 0x00,
    0x00, 0x00, 0x00, 0x00, 0x03, 0xff, 0x40, 0x00, 0x00, 0x0e, 0xff, 0xff, 0xff, 0xff, 0xff, 0xf3,
    0x00, 0x00, 0x00, 0x00, 0x01, 0xdf, 0x80, 0x00, 0x00, 0x00, 0xcd, 0xdd, 0xdd, 0xde, 0xfe, 0xdd,
    0x30, 0x00, 0x00, 0x00, 0x00, 0x9f, 0xc0, 0x00, 0x00, 0x00, 0x00, 0x00, 0x00, 0x00, 0x9f, 0x90,
    0x00, 0x00, 0x00, 0x00, 0x00, 0x4f, 0xf3, 0x00, 0x00, 0x00, 0x00, 0x00, 0x00, 0x00, 0x09, 0xf9,
    0x00, 0x00, 0x00, 0x00, 0x00, 0x1d, 0xf7, 0x00, 0x00, 0x00, 0x00, 0x00, 0x00, 0x00, 0x00, 0x9f,
    0x90, 0x00, 0x00, 0x00, 0x00, 0x01, 0xbe, 0xa0, 0x00, 0x00, 0x00, 0x00, 0x00, 0x00, 0x00, 0x8f,
    0xff, 0x60, 0x00, 0x00, 0x00, 0x00, 0x00, 0x00, 0x08, 0xff, 0xf6, 0x00, 0x00, 0x00, 0x00, 0x00,
    0x00, 0x00, 0x1b, 0xea, 0x00, 0x00, 0x00, 0x00, 0x00, 0x00, 0x00, 0x00, 0x00, 0x00, 0x00, 0x00,
    0x00, 0x00, 0x00, 0x00, 0x00, 0x00, 0x00, 0x00, 0x00, 0x00, 0x00, 0x00, 0x00, 0x00, 0x00, 0x00,
    0x00, 0x00, 0x00, 0x00, 0x00, 0x00, 0x00, 0x00, 0x3e, 0xee, 0x00, 0x00, 0x00, 0x00, 0x00, 0x00,
    0x00, 0x07, 0xff, 0xd0, 0x00, 0x00, 0x00, 0x00, 0x00, 0x00, 0x02, 0xef, 0xf7, 0x00, 0x00, 0x00,
    0x00, 0x00, 0x00, 0x02, 0xdf, 0xfc, 0x00, 0x00, 0x00, 0x00, 0x00, 0x00, 0x03, 0xdf, 0xfc, 0x10,
    0x00, 0x00, 0x00, 0x00, 0x00, 0x03, 0xef, 0xfa, 0x10, 0x00, 0x00, 0x00, 0x00, 0x00, 0x01, 0xdf,
    0xfb, 0x00, 0x00, 0x00, 0x00, 0x00, 0x00, 0x00, 0x6f, 0xfd, 0x10, 0x00, 0x00, 0x00, 0x00, 0x00,
    0x00, 0x0a, 0xff, 0x80, 0x00, 0x00, 0x00, 0x00, 0x00, 0x00, 0x00, 0xcf, 0xf7, 0x00, 0x00, 0x00,
    0x00, 0x01, 0x00, 0x00, 0x0a, 0xff, 0xc0, 0x00, 0x00, 0x00, 0x02, 0xd9, 0x10, 0x00, 0x6f, 0xff,
    0xb3, 0x00, 0x00, 0x17, 0xef, 0xfb, 0x00, 0x00, 0xbf, 0xff, 0xfd, 0xbb, 0xdf, 0xff, 0xfd, 0x20,
    0x00, 0x01, 0xaf, 0xff, 0xff, 0xff, 0xff, 0xf9, 0x10, 0x00, 0x00, 0x00, 0x38, 0xce, 0xfe, 0xdb,
    0x72, 0x00, 0x00, 0x00, 0x00, 0x00, 0x07, 0xff, 0xf5, 0x00, 0x00, 0x00, 0x00, 0x00, 0x00, 0x00,
    0x00, 0x00, 0x00, 0x04, 0xdf, 0xf6, 0x00, 0x00, 0x00, 0x00, 0x00, 0x00, 0x00, 0x00, 0x00, 0x00,
    0x01, 0xbf, 0xf7, 0x00, 0x00, 0x00, 0x00, 0x00, 0x00, 0x00, 0x00, 0x00, 0x00, 0x00, 0x7f, 0xf8,
    0x00, 0x00, 0x00, 0x00, 0x00, 0x00, 0x00, 0x00, 0x00, 0x00, 0x00, 0x00, 0x00, 0x00, 0x00, 0x00,
    0x00, 0x00, 0x00, 0x00, 0x00, 0x00, 0x00, 0x00, 0x00, 0x00, 0x00, 0x00, 0x00, 0x00, 0x00, 0x00,
    0x00, 0x00, 0x00, 0x2f, 0xff, 0x80, 0x00, 0x00, 0x00, 0x00, 0x00, 0x00, 0x00, 0x00, 0x00, 0x09,
    0xff, 0xfe, 0x10, 0x00, 0x00, 0x00, 0x00, 0x00, 0x00, 0x00, 0x00, 0x01, 0xef, 0xff, 0xf7, 0x00,
    0x00, 0x00, 0x00, 0x00, 0x00, 0x00, 0x00, 0x00, 0x8f, 0xfb, 0xff, 0xd0, 0x00, 0x00, 0x00, 0x00,
    0x00, 0x00, 0x00, 0x00, 0x1e, 0xff, 0x2b, 0xff, 0x50, 0x00, 0x00, 0x00, 0x00, 0x00, 0x00, 0x00,
    0x06, 0xff, 0xa0, 0x5f, 0xfc, 0x00, 0x00, 0x00, 0x00, 0x00, 0x00, 0x00, 0x00, 0xdf, 0xf3, 0x00,
    0xdf, 0xf4, 0x00, 0x00, 0x00, 0x00, 0x00, 0x00, 0x00, 0x5f, 0xfc, 0x00, 0x06, 0xff, 0xb0, 0x00,
    0x00, 0x00, 0x00, 0x00, 0x00, 0x0c, 0xff, 0x50, 0x00, 0x1e, 0xff, 0x30, 0x00, 0x00, 0x00, 0x00,
    0x00, 0x04, 0xff, 0xd0, 0x00, 0x00, 0x8f, 0xfa, 0x00, 0x00, 0x00, 0x00, 0x00, 0x00, 0xbf, 0xf6,
    0x00, 0x00, 0x01, 0xff, 0xf2, 0x00, 0x00, 0x00, 0x00, 0x00, 0x3f, 0xfe, 0x10, 0x00, 0x00, 0x09,
    0xff, 0x90, 0x00, 0x00, 0x00, 0x00, 0x0a, 0xff, 0x80, 0x00, 0x00, 0x00, 0x2f, 0xff, 0x10, 0x00,
    0x00, 0x00, 0x02, 0xff, 0xf1, 0x00, 0x00, 0x00, 0x00, 0xbf, 0xf8, 0x00, 0x00, 0x00, 0x00, 0x9f,
    0xff, 0xff, 0xff, 0xff, 0xff, 0xff, 0xff, 0xe1, 0x00, 0x00, 0x00, 0x1e, 0xff, 0xff, 0xff, 0xff,
    0xff, 0xff, 0xff, 0xff, 0x70, 0x00, 0x00, 0x08, 0xff, 0xd8, 0x88, 0x88, 0x88, 0x88, 0x88, 0xaf,
    0xfd, 0x00, 0x00, 0x01, 0xef, 0xf5, 0x00, 0x00, 0x00, 0x00, 0x00, 0x00, 0xef, 0xf6, 0x00, 0x00,
    0x6f, 0xfd, 0x00, 0x00, 0x00, 0x00, 0x00, 0x00, 0x07, 0xff, 0xc0, 0x00, 0x0d, 0xff, 0x60, 0x00,
    0x00, 0x00, 0x00, 0x00, 0x00, 0x1e, 0xff, 0x40, 0x05, 0xff, 0xe0, 0x00, 0x00, 0x00, 0x00, 0x00,
    0x00, 0x00, 0x9f, 0xfb, 0x00, 0xcf, 0xf7, 0x00, 0x00, 0x00, 0x00, 0x00, 0x00, 0x00, 0x02, 0xff,
    0xf3, 0x00, 0x00, 0x00, 0x00, 0x00, 0x00, 0x01, 0xcf, 0xfc, 0x20, 0x00, 0x00, 0x00, 0x00, 0x00,
    0x00, 0x00, 0x00, 0x02, 0xdf, 0xf8, 0x00, 0x00, 0x00, 0x00, 0x00, 0x00, 0x00, 0x00, 0x00, 0x02,
    0xdf, 0xe4, 0x00, 0x00, 0x00, 0x00, 0x00, 0x00, 0x00, 0x00, 0x00, 0x03, 0xef, 0xb2, 0x00, 0x00,
    0x00, 0x00, 0x00, 0x00, 0x00, 0x00, 0x00, 0x00, 0x00, 0x00, 0x00, 0x00, 0x00, 0x00, 0x00, 0x00,
    0x00, 0x00, 0x00, 0x00, 0x00, 0x00, 0x00, 0x00, 0x00, 0x00, 0x00, 0x00, 0x00, 0x00, 0x00, 0x00,
    0x00, 0x2f, 0xff, 0x80, 0x00, 0x00, 0x00, 0x00, 0x00, 0x00, 0x00, 0x00, 0x00, 0x09, 0xff, 0xfe,
    0x10, 0x00, 0x00, 0x00, 0x00, 0x00, 0x00, 0x00, 0x00, 0x01, 0xef, 0xff, 0xf7, 0x00, 0x00, 0x00,
    0x00, 0x00, 0x00, 0x00, 0x00, 0x00, 0x8f, 0xfb, 0xff, 0xd0, 0x00, 0x00, 0x00, 0x00, 0x00, 0x00,
    0x00, 0x00, 0x1e, 0xff, 0x2b, 0xff, 0x50, 0x00, 0x00, 0x00, 0x00, 0x00, 0x00, 0x00, 0x06, 0xff,
    0xa0, 0x5f, 0xfc, 0x00, 0x00, 0x00, 0x00, 0x00, 0x00, 0x00, 0x00, 0xdf, 0xf3, 0x00, 0xdf, 0xf4,
    0x00, 0x00, 0x00, 0x00, 0x00, 0x00, 0x00, 0x5f, 0xfc, 0x00, 0x06, 0xff, 0xb0, 0x00, 0x00, 0x00,
    0x00, 0x00, 0x00, 0x0c, 0xff, 0x50, 0x00, 0x1e, 0xff, 0x30, 0x00, 0x00, 0x00, 0x00, 0x00, 0x04,
    0xff, 0xd0, 0x00, 0x00, 0x8f, 0xfa, 0x00, 0x00, 0x00, 0x00, 0x00, 0x00, 0xbf, 0xf6, 0x00, 0x00,
    0x01, 0xff, 0xf2, 0x00, 0x00, 0x00, 0x00, 0x00, 0x3f, 0xfe, 0x10, 0x00, 0x00, 0x09, 0xff, 0x90,
    0x00, 0x00, 0x00, 0x00, 0x0a, 0xff, 0x80, 0x00, 0x00, 0x00, 0x2f, 0xff, 0x10, 0x00, 0x00, 0x00,
    0x02, 0xff, 0xf1, 0x00, 0x00, 0x00, 0x00, 0xbf, 0xf8, 0x00, 0x00, 0x00, 0x00, 0x9f, 0xff, 0xff,
    0xff, 0xff, 0xff, 0xff, 0xff, 0xe1, 0x00, 0x00, 0x00, 0x1e, 0xff, 0xff, 0xff, 0xff, 0xff, 0xff,
    0xff, 0xff, 0x70, 0x00, 0x00, 0x08, 0xff, 0xd8, 0x88, 0x88, 0x88, 0x88, 0x88, 0xaf, 0xfd, 0x00,
    0x00, 0x01, 0xef, 0xf5, 0x00, 0x00, 0x00, 0x00, 0x00, 0x00, 0xef, 0xf6, 0x00, 0x00, 0x6f, 0xfd,
    0x00, 0x00, 0x00, 0x00, 0x00, 0x00, 0x07, 0xff, 0xc0, 0x00, 0x0d, 0xff, 0x60, 0x00, 0x00, 0x00,
    0x00, 0x00, 0x00, 0x1e, 0xff, 0x40, 0x05, 0xff, 0xe0, 0x00, 0x00, 0x00, 0x00, 0x00, 0x00, 0x00,
    0x9f, 0xfb, 0x00, 0xcf, 0xf7, 0x00, 0x00, 0x00, 0x00, 0x00, 0x00, 0x00, 0x02, 0xff, 0xf3, 0x00,
    0x00, 0x00, 0x00, 0x00, 0x5f, 0xff, 0xa0, 0x00, 0x00, 0x00, 0x00, 0x00, 0x00, 0x00, 0x00, 0x00,
    0x6f, 0xfd, 0xff, 0xb1, 0x00, 0x00, 0x00, 0x00, 0x00, 0x00, 0x00, 0x00, 0x6f, 0xf9, 0x04, 0xef,
    0xc1, 0x00, 0x00, 0x00, 0x00, 0x00, 0x00, 0x00, 0x7f, 0xf6, 0x00, 0x02, 0xcf, 0xc1, 0x00, 0x00,
    0x00, 0x00, 0x00, 0x00, 0x00, 0x00, 0x00, 0x00, 0x00, 0x00, 0x00, 0x00, 0x00, 0x00, 0x00, 0x00,
    0x00, 0x00, 0x00, 0x00, 0x00, 0x00, 0x00, 0x00, 0x00, 0x00, 0x00, 0x00, 0x00, 0x00, 0x00, 0x2f,
    0xff, 0x80, 0x00, 0x00, 0x00, 0x00, 0x00, 0x00, 0x00, 0x00, 0x00, 0x09, 0xff, 0xfe, 0x10, 0x00,
    0x00, 0x00, 0x00, 0x00, 0x00, 0x00, 0x00, 0x01, 0xef, 0xff, 0xf7, 0x00, 0x00, 0x00, 0x00, 0x00,
    0x00, 0x00, 0x00, 0x00, 0x8f, 0xfb, 0xff, 0xd0, 0x00, 0x00, 0x00, 0x00, 0x00, 0x00, 0x00, 0x00,
    0x1e, 0xff, 0x2b, 0xff, 0x50, 0x00, 0x00, 0x00, 0x00, 0x00, 0x00, 0x00, 0x06, 0xff, 0xa0, 0x5f,
    0xfc, 0x00, 0x00, 0x00, 0x00, 0x00, 0x00, 0x00, 0x00, 0xdf, 0xf3, 0x00, 0xdf, 0xf4, 0x00, 0x00,
    0x00, 0x00, 0x00, 0x00, 0x00, 0x5f, 0xfc, 0x00, 0x06, 0xff, 0xb0, 0x00, 0x00, 0x00, 0x00, 0x00,
    0x00, 0x0c, 0xff, 0x50, 0x00, 0x1e, 0xff, 0x30, 0x00, 0x00, 0x00, 0x00, 0x00, 0x04, 0xff, 0xd0,
    0x00, 0x00, 0x8f, 0xfa, 0x00, 0x00, 0x00, 0x00, 0x00, 0x00, 0xbf, 0xf6, 0x00, 0x00, 0x01, 0xff,
    0xf2, 0x00, 0x00, 0x00, 0x00, 0x00, 0x3f, 0xfe, 0x10, 0x00, 0x00, 0x09, 0xff, 0x90, 0x00, 0x00,
    0x00, 0x00, 0x0a, 0xff, 0x80, 0x00, 0x00, 0x00, 0x2f, 0xff, 0x10, 0x00, 0x00, 0x00, 0x02, 0xff,
    0xf1, 0x00, 0x00, 0x00, 0x00, 0xbf, 0xf8, 0x00, 0x00, 0x00, 0x00, 0x9f, 0xff, 0xff, 0xff, 0xff,
    0xff, 0xff, 0xff, 0xe1, 0x00, 0x00, 0x00, 0x1e, 0xff, 0xff, 0xff, 0xff, 0xff, 0xff, 0xff, 0xff,
    0x70, 0x00, 0x00, 0x08, 0xff, 0xd8, 0x88, 0x88, 0x88, 0x88, 0x88, 0xaf, 0xfd, 0x00, 0x00, 0x01,
    0xef, 0xf5, 0x00, 0x00, 0x00, 0x00, 0x00, 0x00, 0xef, 0xf6, 0x00, 0x00, 0x6f, 0xfd, 0x00, 0x00,
    0x00, 0x00, 0x00, 0x00, 0x07, 0xff, 0xc0, 0x00, 0x0d, 0xff, 0x60, 0x00, 0x00, 0x00, 0x00, 0x00,
    0x00, 0x1e, 0xff, 0x40, 0x05, 0xff, 0xe0, 0x00, 0x00, 0x00, 0x00, 0x00, 0x00, 0x00, 0x9f, 0xfb,
    0x00, 0xcf, 0xf7, 0x00, 0x00, 0x00, 0x00, 0x00, 0x00, 0x00, 0x02, 0xff, 0xf3, 0x00, 0x00, 0x00,
    0x00, 0x00, 0x00, 0x00, 0x00, 0x00, 0x00, 0x00, 0x00, 0x00, 0x00, 0x00, 0x00, 0x08, 0xef, 0xc4,
    0x00, 0x07, 0xf6, 0x00, 0x00, 0x00, 0x00, 0x00, 0x00, 0x06, 0xff, 0xff, 0xfa, 0x23, 0xdf, 0x30,
    0x00, 0x00, 0x00, 0x00, 0x00, 0x00, 0xdf, 0x60, 0x5e, 0xff, 0xff, 0xb0, 0x00, 0x00, 0x00, 0x00,
    0x00, 0x00, 0x1f, 0xe0, 0x00, 0x18, 0xef, 0xa1, 0x00, 0x00, 0x00, 0x00, 0x00, 0x00, 0x00, 0x00,
    0x00, 0x00, 0x00, 0x00, 0x00, 0x00, 0x00, 0x00, 0x00, 0x00, 0x00, 0x00, 0x00, 0x00, 0x00, 0x00,
    0x00, 0x00, 0x00, 0x00, 0x00, 0x00, 0x00, 0x00, 0x00, 0x02, 0xff, 0xf8, 0x00, 0x00, 0x00, 0x00,
    0x00, 0x00, 0x00, 0x00, 0x00, 0x00, 0x9f, 0xff, 0xe1, 0x00, 0x00, 0x00, 0x00, 0x00, 0x00, 0x00,
    0x00, 0x00, 0x1e, 0xff, 0xff, 0x70, 0x00, 0x00, 0x00, 0x00, 0x00, 0x00, 0x00, 0x00, 0x08, 0xff,
    0xbf, 0xfd, 0x00, 0x00, 0x00, 0x00, 0x00, 0x00, 0x00, 0x00, 0x01, 0xef, 0xf2, 0xbf, 0xf5, 0x00,
    0x00, 0x00, 0x00, 0x00, 0x00, 0x00, 0x00, 0x6f, 0xfa, 0x05, 0xff, 0xc0, 0x00, 0x00, 0x00, 0x00,
    0x00, 0x00, 0x00, 0x0d, 0xff, 0x30, 0x0d, 0xff, 0x40, 0x00, 0x00, 0x00, 0x00, 0x00, 0x00, 0x05,
    0xff, 0xc0, 0x00, 0x6f, 0xfb, 0x00, 0x00, 0x00, 0x00, 0x00, 0x00, 0x00, 0xcf, 0xf5, 0x00, 0x01,
    0xef, 0xf3, 0x00, 0x00, 0x00, 0x00, 0x00, 0x00, 0x4f, 0xfd, 0x00, 0x00, 0x08, 0xff, 0xa0, 0x00,
    0x00, 0x00, 0x00, 0x00, 0x0b, 0xff, 0x60, 0x00, 0x00, 0x1f, 0xff, 0x20, 0x00, 0x00, 0x00, 0x00,
    0x03, 0xff, 0xe1, 0x00, 0x00, 0x00, 0x9f, 0xf9, 0x00, 0x00, 0x00, 0x00, 0x00, 0xaf, 0xf8, 0x00,
    0x00, 0x00, 0x02, 0xff, 0xf1, 0x00, 0x00, 0x00, 0x00, 0x2f, 0xff, 0x10, 0x00, 0x00, 0x00, 0x0b,
    0xff, 0x80, 0x00, 0x00, 0x00, 0x09, 0xff, 0xff, 0xff, 0xff, 0xff, 0xff, 0xff, 0xfe, 0x10, 0x00,
    0x00, 0x01, 0xef, 0xff, 0xff, 0xff, 0xff, 0xff, 0xff, 0xff, 0xf7, 0x00, 0x00, 0x00, 0x8f, 0xfd,
    0x88, 0x88, 0x88, 0x88, 0x88, 0x8a, 0xff, 0xd0, 0x00, 0x00, 0x1e, 0xff, 0x50, 0x00, 0x00, 0x00,
    0x00, 0x00, 0x0e, 0xff, 0x60, 0x00, 0x06, 0xff, 0xd0, 0x00, 0x00, 0x00, 0x00, 0x00, 0x00, 0x7f,
    0xfc, 0x00, 0x00, 0xdf, 0xf6, 0x00, 0x00, 0x00, 0x00, 0x00, 0x00, 0x01, 0xef, 0xf4, 0x00, 0x5f,
    0xfe, 0x00, 0x00, 0x00, 0x00, 0x00, 0x00, 0x00, 0x09, 0xff, 0xb0, 0x0c, 0xff, 0x70, 0x00, 0x00,
    0x00, 0x00, 0x00, 0x00, 0x00, 0x2f, 0xff, 0x30, 0x00, 0x00, 0x00, 0x00, 0x39, 0x70, 0x00, 0x49,
    0x70, 0x00, 0x00, 0x00, 0x00, 0x00, 0x00, 0x00, 0x0d, 0xff, 0x40, 0x0d, 0xff, 0x40, 0x00, 0x00,
    0x00, 0x00, 0x00, 0x00, 0x00, 0x7e, 0xc1, 0x00, 0x8e, 0xc1, 0x00, 0x00, 0x00, 0x00, 0x00, 0x00,
    0x00, 0x00, 0x00, 0x00, 0x00, 0x00, 0x00, 0x00, 0x00, 0x00, 0x00, 0x00, 0x00, 0x00, 0x00, 0x00,
    0x00, 0x00, 0x00, 0x00, 0x00, 0x00, 0x00, 0x00, 0x00, 0x00, 0x00, 0x00, 0x00, 0x00, 0x00, 0x00,
    0x00, 0x00, 0x00, 0x00, 0x00, 0x00, 0x00, 0x00, 0x2f, 0xff, 0x80, 0x00, 0x00, 0x00, 0x00, 0x00,
    0x00, 0x00, 0x00, 0x00, 0x09, 0xff, 0xfe, 0x10, 0x00, 0x00, 0x00, 0x00, 0x00, 0x00, 0x00, 0x00,
    0x01, 0xef, 0xff, 0xf7, 0x00, 0x00, 0x00, 0x00, 0x00, 0x00, 0x00, 0x00, 0x00, 0x8f, 0xfb, 0xff,
    0xd0, 0x00, 0x00, 0x00, 0x00, 0x00, 0x00, 0x00, 0x00, 0x1e, 0xff, 0x2b, 0xff, 0x50, 0x00, 0x00,
    0x00, 0x00, 0x00, 0x00, 0x00, 0x06, 0xff, 0xa0, 0x5f, 0xfc, 0x00, 0x00, 0x00, 0x00, 0x00, 0x00,
    0x00, 0x00, 0xdf, 0xf3, 0x00, 0xdf, 0xf4, 0x00, 0x00, 0x00, 0x00, 0x00, 0x00, 0x00, 0x5f, 0xfc,
    0x00, 0x06, 0xff, 0xb0, 0x00, 0x00, 0x00, 0x00, 0x00, 0x00, 0x0c, 0xff, 0x50, 0x00, 0x1e, 0xff,
    0x30, 0x00, 0x00, 0x00, 0x00, 0x00, 0x04, 0xff, 0xd0, 0x00, 0x00, 0x8f, 0xfa, 0x00, 0x00, 0x00,
    0x00, 0x00, 0x00, 0xbf, 0xf6, 0x00, 0x00, 0x01, 0xff, 0xf2, 0x00, 0x00, 0x00, 0x00, 0x00, 0x3f,
    0xfe, 0x10, 0x00, 0x00, 0x09, 0xff, 0x90, 0x00, 0x00, 0x00, 0x00, 0x0a, 0xff, 0x80, 0x00, 0x00,
    0x00, 0x2f, 0xff, 0x10, 0x00, 0x00, 0x00, 0x02, 0xff, 0xf1, 0x00, 0x00, 0x00, 0x00, 0xbf, 0xf8,
    0x00, 0x00, 0x00, 0x00, 0x9f, 0xff, 0xff, 0xff, 0xff, 0xff, 0xff, 0xff, 0xe1, 0x00, 0x00, 0x00,
    0x1e, 0xff, 0xff, 0xff, 0xff, 0xff, 0xff, 0xff, 0xff, 0x70, 0x00, 0x00, 0x08, 0xff, 0xd8, 0x88,
    0x88, 0x88, 0x88, 0x88, 0xaf, 0xfd, 0x00, 0x00, 0x01, 0xef, 0xf5, 0x00, 0x00, 0x00, 0x00, 0x00,
    0x00, 0xef, 0xf6, 0x00, 0x00, 0x6f, 0xfd, 0x00, 0x00, 0x00, 0x00, 0x00, 0x00, 0x07, 0xff, 0xc0,
    0x00, 0x0d, 0xff, 0x60, 0x00, 0x00, 0x00, 0x00, 0x00, 0x00, 0x1e, 0xff, 0x40, 0x05, 0xff, 0xe0,
    0x00, 0x00, 0x00, 0x00, 0x00, 0x00, 0x00, 0x9f, 0xfb, 0x00, 0xcf, 0xf7, 0x00, 0x00, 0x00, 0x00,
    0x00, 0x00, 0x00, 0x02, 0xff, 0xf3, 0x00, 0x00, 0x00, 0x00, 0x00, 0x3c, 0xed, 0x70, 0x00, 0x00,
    0x00, 0x00, 0x00, 0x00, 0x00, 0x00, 0x00, 0x2e, 0xa3, 0x6e, 0x80, 0x00, 0x00, 0x00, 0x00, 0x00,
    0x00, 0x00, 0x00, 0x09, 0xd0, 0x00, 0x7f, 0x10, 0x00, 0x00, 0x00, 0x00, 0x00, 0x00, 0x00, 0x00,
    0xca, 0x00, 0x04, 0xf3, 0x00, 0x00, 0x00, 0x00, 0x00, 0x00, 0x00, 0x00, 0x0a, 0xc0, 0x00, 0x6f,
    0x20, 0x00, 0x00, 0x00, 0x00, 0x00, 0x00, 0x00, 0x00, 0x4f, 0x71, 0x3d, 0xa0, 0x00, 0x00, 0x00,
    0x00, 0x00, 0x00, 0x00, 0x00, 0x00, 0x6e, 0xff, 0xa1, 0x00, 0x00, 0x00, 0x00, 0x00, 0x00, 0x00,
    0x00, 0x00, 0x00, 0x02, 0x10, 0x00, 0x00, 0x00, 0x00, 0x00, 0x00, 0x00, 0x00, 0x00, 0x00, 0x00,
    0x00, 0x00, 0x00, 0x00, 0x00, 0x00, 0x00, 0x00, 0x00, 0x00, 0x00, 0x02, 0xff, 0xf8, 0x00, 0x00,
    0x00, 0x00, 0x00, 0x00, 0x00, 0x00, 0x00, 0x00, 0x9f, 0xff, 0xe1, 0x00, 0x00, 0x00, 0x00, 0x00,
    0x00, 0x00, 0x00, 0x00, 0x1e, 0xff, 0xff, 0x70, 0x00, 0x00, 0x00, 0x00, 0x00, 0x00, 0x00, 0x00,
    0x08, 0xff, 0xbf, 0xfd, 0x00, 0x00, 0x00, 0x00, 0x00, 0x00, 0x00, 0x00, 0x01, 0xef, 0xf2, 0xbf,
    0xf5, 0x00, 0x00, 0x00, 0x00, 0x00, 0x00, 0x00, 0x00, 0x6f, 0xfa, 0x05, 0xff, 0xc0, 0x00, 0x00,
    0x00, 0x00, 0x00, 0x00, 0x00, 0x0d, 0xff, 0x30, 0x0d, 0xff, 0x40, 0x00, 0x00, 0x00, 0x00, 0x00,
    0x00, 0x05, 0xff, 0xc0, 0x00, 0x6f, 0xfb, 0x00, 0x00, 0x00, 0x00, 0x00, 0x00, 0x00, 0xcf, 0xf5,
    0x00, 0x01, 0xef, 0xf3, 0x00, 0x00, 0x00, 0x00, 0x00, 0x00, 0x4f, 0xfd, 0x00, 0x00, 0x08, 0xff,
    0xa0, 0x00, 0x00, 0x00, 0x00, 0x00, 0x0b, 0xff, 0x60, 0x00, 0x00, 0x1f, 0xff, 0x20, 0x00, 0x00,
    0x00, 0x00, 0x03, 0xff, 0xe1, 0x00, 0x00, 0x00, 0x9f, 0xf9, 0x00, 0x00, 0x00, 0x00, 0x00, 0xaf,
    0xf8, 0x00, 0x00, 0x00, 0x02, 0xff, 0xf1, 0x00, 0x00, 0x00, 0x00, 0x2f, 0xff, 0x10, 0x00, 0x00,
    0x00, 0x0b, 0xff, 0x80, 0x00, 0x00, 0x00, 0x09, 0xff, 0xff, 0xff, 0xff, 0xff, 0xff, 0xff, 0xfe,
    0x10, 0x00, 0x00, 0x01, 0xef, 0xff, 0xff, 0xff, 0xff, 0xff, 0xff, 0xff, 0xf7, 0x00, 0x00, 0x00,
    0x8f, 0xfd, 0x88, 0x88, 0x88, 0x88, 0x88, 0x8a, 0xff, 0xd0, 0x00, 0x00, 0x1e, 0xff, 0x50, 0x00,
    0x00, 0x00, 0x00, 0x00, 0x0e, 0xff, 0x60, 0x00, 0x06, 0xff, 0xd0, 0x00, 0x00, 0x00, 0x00, 0x00,
    0x00, 0x7f, 0xfc, 0x00, 0x00, 0xdf, 0xf6, 0x00, 0x00, 0x00, 0x00, 0x00, 0x00, 0x01, 0xef, 0xf4,
    0x00, 0x5f, 0xfe, 0x00, 0x00, 0x00, 0x00, 0x00, 0x00, 0x00, 0x09, 0xff, 0xb0, 0x0c, 0xff, 0x70,
    0x00, 0x00, 0x00, 0x00, 0x00, 0x00, 0x00, 0x2f, 0xff, 0x30, 0x00, 0x00, 0x00, 0x00, 0x00, 0x00,
    0x01, 0xef, 0xff, 0xff, 0xff, 0xff, 0xff, 0xff, 0xff, 0xff, 0x40, 0x00, 0x00, 0x00, 0x00, 0x00,
    0x00, 0x00, 0x9f, 0xff, 0xff, 0xff, 0xff, 0xff, 0xff, 0xff, 0xff, 0xf4, 0x00, 0x00, 0x00, 0x00,
    0x00, 0x00, 0x00, 0x3f, 0xfe, 0xdf, 0xfd, 0xaa, 0xaa, 0xaa, 0xaa, 0xaa, 0xaa, 0x30, 0x00, 0x00,
    0x00, 0x00, 0x00, 0x00, 0x0c, 0xff, 0x58, 0xff, 0x90, 0x00, 0x00, 0x00, 0x00, 0x00, 0x00, 0x00,
    0x00, 0x00, 0x00, 0x00, 0x00, 0x06, 0xff, 0xb0, 0x8f, 0xf9, 0x00, 0x00, 0x00, 0x00, 0x00, 0x00,
    0x00, 0x00, 0x00, 0x00, 0x00, 0x00, 0x01, 0xef, 0xf2, 0x08, 0xff, 0x90, 0x00, 0x00, 0x00, 0x00,
    0x00, 0x00, 0x00, 0x00, 0x00, 0x00, 0x00, 0x00, 0x9f, 0xf8, 0x00, 0x8f, 0xf9, 0x00, 0x00, 0x00,
    0x00, 0x00, 0x00, 0x00, 0x00, 0x00, 0x00, 0x00, 0x00, 0x4f, 0xfd, 0x10, 0x08, 0xff, 0x90, 0x00,
    0x00, 0x00, 0x00, 0x00, 0x00, 0x00, 0x00, 0x00, 0x00, 0x00, 0x0c, 0xff, 0x50, 0x00, 0x8f, 0xf9,
    0x00, 0x00, 0x00, 0x00, 0x00, 0x00, 0x00, 0x00, 0x00, 0x00, 0x00, 0x07, 0xff, 0xb0, 0x00, 0x08,
    0xff, 0xda, 0xaa, 0xaa, 0xaa, 0xaa, 0xa9, 0x00, 0x00, 0x00, 0x00, 0x00, 0x02, 0xef, 0xf2, 0x00,
    0x00, 0x8f, 0xff, 0xff, 0xff, 0xff, 0xff, 0xff, 0xd0, 0x00, 0x00, 0x00, 0x00, 0x00, 0xaf, 0xf8,
    0x00, 0x00, 0x08, 0xff, 0xff, 0xff, 0xff, 0xff, 0xff, 0xfd, 0x00, 0x00, 0x00, 0x00, 0x00, 0x4f,
    0xfe, 0x10, 0x00, 0x00, 0x8f, 0xf9, 0x00, 0x00, 0x00, 0x00, 0x00, 0x00, 0x00, 0x00, 0x00, 0x00,
    0x0d, 0xff, 0x50, 0x00, 0x00, 0x08, 0xff, 0x90, 0x00, 0x00, 0x00, 0x00, 0x00, 0x00, 0x00, 0x00,
    0x00, 0x07, 0xff, 0xff, 0xff, 0xff, 0xff, 0xff, 0xf9, 0x00, 0x00, 0x00, 0x00, 0x00, 0x00, 0x00,
    0x00, 0x00, 0x02, 0xef, 0xff, 0xff, 0xff, 0xff, 0xff, 0xff, 0x90, 0x00, 0x00, 0x00, 0x00, 0x00,
    0x00, 0x00, 0x00, 0x00, 0xaf, 0xfc, 0xaa, 0xaa, 0xaa, 0xaa, 0xdf, 0xf9, 0x00, 0x00, 0x00, 0x00,
    0x00, 0x00, 0x00, 0x00, 0x00, 0x5f, 0xfe, 0x20, 0x00, 0x00, 0x00, 0x08, 0xff, 0x90, 0x00, 0x00,
    0x00, 0x00, 0x00, 0x00, 0x00, 0x00, 0x1d, 0xff, 0x60, 0x00, 0x00, 0x00, 0x00, 0x8f, 0xf9, 0x00,
    0x00, 0x00, 0x00, 0x00, 0x00, 0x00, 0x00, 0x08, 0xff, 0xc0, 0x00, 0x00, 0x00, 0x00, 0x08, 0xff,
    0xda, 0xaa, 0xaa, 0xaa, 0xaa, 0xaa, 0xa7, 0x00, 0x02, 0xff, 0xf3, 0x00, 0x00, 0x00, 0x00, 0x00,
    0x8f, 0xff, 0xff, 0xff, 0xff, 0xff, 0xff, 0xff, 0xb0, 0x00, 0xbf, 0xf9, 0x00, 0x00, 0x00, 0x00,
    0x00, 0x08, 0xff, 0xff, 0xff, 0xff, 0xff, 0xff, 0xff, 0xfb, 0x00, 0x00, 0x00, 0x00, 0x00, 0x26,
    0xad, 0xef, 0xec, 0x95, 0x10, 0x00, 0x00, 0x00, 0x00, 0x02, 0x9f, 0xff, 0xff, 0xff, 0xff, 0xfe,
    0x71, 0x00, 0x00, 0x00, 0x05, 0xef, 0xff, 0xfd, 0xba, 0xbe, 0xff, 0xff, 0xc1, 0x00, 0x00, 0x06,
    0xff, 0xff, 0x82, 0x00, 0x00, 0x03, 0x9f, 0xff, 0x90, 0x00, 0x04, 0xff, 0xfc, 0x30, 0x00, 0x00,
    0x00, 0x00, 0x3e, 0xa0, 0x00, 0x01, 0xdf, 0xfc, 0x10, 0x00, 0x00, 0x00, 0x00, 0x00, 0x10, 0x00,
    0x00, 0x7f, 0xfe, 0x20, 0x00, 0x00, 0x00, 0x00, 0x00, 0x00, 0x00, 0x00, 0x0d, 0xff, 0x70, 0x00,
    0x00, 0x00, 0x00, 0x00, 0x00, 0x00, 0x00, 0x03, 0xff, 0xf2, 0x00, 0x00, 0x00, 0x00, 0x00, 0x00,
    0x00, 0x00, 0x00, 0x5f, 0xfd, 0x00, 0x00, 0x00, 0x00, 0x00, 0x00, 0x00, 0x00, 0x00, 0x06, 0xff,
    0xb0, 0x00, 0x00, 0x00, 0x00, 0x00, 0x00, 0x00, 0x00, 0x00, 0x6f, 0xfb, 0x00, 0x00, 0x00, 0x00,
    0x00, 0x00, 0x00, 0x00, 0x00, 0x05, 0xff, 0xd0, 0x00, 0x00, 0x00, 0x00, 0x00, 0x00, 0x00, 0x00,
    0x00, 0x3f, 0xff, 0x20, 0x00, 0x00, 0x00, 0x00, 0x00, 0x00, 0x00, 0x00, 0x00, 0xdf, 0xf7, 0x00,
    0x00, 0x00, 0x00, 0x00, 0x00, 0x00, 0x00, 0x00, 0x07, 0xff, 0xe2, 0x00, 0x00, 0x00, 0x00, 0x00,
    0x00, 0x00, 0x00, 0x00, 0x1d, 0xff, 0xc1, 0x00, 0x00, 0x00, 0x00, 0x00, 0x01, 0x00, 0x00, 0x00,
    0x4f, 0xff, 0xc3, 0x00, 0x00, 0x00, 0x00, 0x03, 0xda, 0x00, 0x00, 0x00, 0x6f, 0xff, 0xe8, 0x20,
    0x00, 0x00, 0x29, 0xff, 0xf9, 0x00, 0x00, 0x00, 0x5e, 0xff, 0xff, 0xdb, 0xab, 0xdf, 0xff, 0xfc,
    0x20, 0x00, 0x00, 0x00, 0x29, 0xff, 0xff, 0xff, 0xff, 0xff, 0xe7, 0x10, 0x00, 0x00, 0x00, 0x00,
    0x02, 0x6a, 0xde, 0xfe, 0xc9, 0x51, 0x00, 0x00, 0x00, 0x00, 0x00, 0x00, 0x00, 0x00, 0xdd, 0x00,
    0x00, 0x00, 0x00, 0x00, 0x00, 0x00, 0x00, 0x00, 0x00, 0x3f, 0xc3, 0x00, 0x00, 0x00, 0x00, 0x00,
    0x00, 0x00, 0x00, 0x00, 0x04, 0xad, 0xf9, 0x00, 0x00, 0x00, 0x00, 0x00, 0x00, 0x00, 0x00, 0x00,
    0x00, 0x1e, 0xf3, 0x00, 0x00, 0x00, 0x00, 0x00, 0x00, 0x00, 0x00, 0x30, 0x02, 0xef, 0x40, 0x00,
    0x00, 0x00, 0x00, 0x00, 0x00, 0x00, 0x2f, 0xed, 0xff, 0xd1, 0x00, 0x00, 0x00, 0x00, 0x00, 0x00,
    0x00, 0x02, 0xae, 0xfd, 0x92, 0x00, 0x00, 0x00, 0x00, 0x00, 0x00, 0x02, 0xcf, 0xfc, 0x10, 0x00,
    0x00, 0x00, 0x00, 0x00, 0x00, 0x00, 0x00, 0x8f, 0xfc, 0x20, 0x00, 0x00, 0x00, 0x00, 0x00, 0x00,
    0x00, 0x00, 0x5e, 0xfd, 0x20, 0x00, 0x00, 0x00, 0x00, 0x00, 0x00, 0x00, 0x00, 0x2c, 0xfe, 0x30,
    0x00, 0x00, 0x00, 0x00, 0x00, 0x00, 0x00, 0x00, 0x00, 0x00, 0x00, 0x00, 0x00, 0x00, 0x00, 0x00,
    0x00, 0x00, 0x00, 0x00, 0x00, 0x00, 0x00, 0x00, 0x00, 0x0a, 0xff, 0xff, 0xff, 0xff, 0xff, 0xff,
    0xff, 0xf3, 0x00, 0x00, 0xaf, 0xff, 0xff, 0xff, 0xff, 0xff, 0xff, 0xff, 0x30, 0x00, 0x0a, 0xff,
    0xda, 0xaa, 0xaa, 0xaa, 0xaa, 0xaa, 0xa2, 0x00, 0x00, 0xaf, 0xf8, 0x00, 0x00, 0x00, 0x00, 0x00,
    0x00, 0x00, 0x00, 0x0a, 0xff, 0x80, 0x00, 0x00, 0x00, 0x00, 0x00, 0x00, 0x00, 0x00, 0xaf, 0xf8,
    0x00, 0x00, 0x00, 0x00, 0x00, 0x00, 0x00, 0x00, 0x0a, 0xff, 0x80, 0x00, 0x00, 0x00, 0x00, 0x00,
    0x00, 0x00, 0x00, 0xaf, 0xf8, 0x00, 0x00, 0x00, 0x00, 0x00, 0x00, 0x00, 0x00, 0x0a, 0xff, 0x80,
    0x00, 0x00, 0x00, 0x00, 0x00, 0x00, 0x00, 0x00, 0xaf, 0xfd, 0xaa, 0xaa, 0xaa, 0xaa, 0xaa, 0x80,
    0x00, 0x00, 0x0a, 0xff, 0xff, 0xff, 0xff, 0xff, 0xff, 0xfc, 0x00, 0x00, 0x00, 0xaf, 0xff, 0xff,
    0xff, 0xff, 0xff, 0xff, 0xc0, 0x00, 0x00, 0x0a, 0xff, 0x80, 0x00, 0x00, 0x00, 0x00, 0x00, 0x00,
    0x00, 0x00, 0xaf, 0xf8, 0x00, 0x00, 0x00, 0x00, 0x00, 0x00, 0x00, 0x00, 0x0a, 0xff, 0x80, 0x00,
    0x00, 0x00, 0x00, 0x00, 0x00, 0x00, 0x00, 0xaf, 0xf8, 0x00, 0x00, 0x00, 0x00, 0x00, 0x00, 0x00,
    0x00, 0x0a, 0xff, 0x80, 0x00, 0x00, 0x00, 0x00, 0x00, 0x00, 0x00, 0x00, 0xaf, 0xf8, 0x00, 0x00,
    0x00, 0x00, 0x00, 0x00, 0x00, 0x00, 0x0a, 0xff, 0x80, 0x00, 0x00, 0x00, 0x00, 0x00, 0x00, 0x00,
    0x00, 0xaf, 0xfd, 0xaa, 0xaa, 0xaa, 0xaa, 0xaa, 0xaa, 0x60, 0x00, 0x0a, 0xff, 0xff, 0xff, 0xff,
    0xff, 0xff, 0xff, 0xf9, 0x00, 0x00, 0xaf, 0xff, 0xff, 0xff, 0xff, 0xff, 0xff, 0xff, 0x90, 0x00,
    0x00, 0x00, 0x00, 0x00, 0x00, 0x5f, 0xff, 0x70, 0x00, 0x00, 0x00, 0x00, 0x00, 0x00, 0x00, 0x6f,
    0xfd, 0x30, 0x00, 0x00, 0x00, 0x00, 0x00, 0x00, 0x00, 0x8f, 0xfa, 0x10, 0x00, 0x00, 0x00, 0x00,
    0x00, 0x00, 0x00, 0x9f, 0xf6, 0x00, 0x00, 0x00, 0x00, 0x00, 0x00, 0x00, 0x00, 0x00, 0x00, 0x00,
    0x00, 0x00, 0x00, 0x00, 0x00, 0x00, 0x00, 0x00, 0x00, 0x00, 0x00, 0x00, 0x00, 0x00, 0x00, 0x0a,
    0xff, 0xff, 0xff, 0xff, 0xff, 0xff, 0xff, 0xf3, 0x00, 0x00, 0xaf, 0xff, 0xff, 0xff, 0xff, 0xff,
    0xff, 0xff, 0x30, 0x00, 0x0a, 0xff, 0xda, 0xaa, 0xaa, 0xaa, 0xaa, 0xaa, 0xa2, 0x00, 0x00, 0xaf,
    0xf8, 0x00, 0x00, 0x00, 0x00, 0x00, 0x00, 0x00, 0x00, 0x0a, 0xff, 0x80, 0x00, 0x00, 0x00, 0x00,
    0x00, 0x00, 0x00, 0x00, 0xaf, 0xf8, 0x00, 0x00, 0x00, 0x00, 0x00, 0x00, 0x00, 0x00, 0x0a, 0xff,
    0x80, 0x00, 0x00, 0x00, 0x00, 0x00, 0x00, 0x00, 0x00, 0xaf, 0xf8, 0x00, 0x00, 0x00, 0x00, 0x00,
    0x00, 0x00, 0x00, 0x0a, 0xff, 0x80, 0x00, 0x00, 0x00, 0x00, 0x00, 0x00, 0x00, 0x00, 0xaf, 0xfd,
    0xaa, 0xaa, 0xaa, 0xaa, 0xaa, 0x80, 0x00, 0x00, 0x0a, 0xff, 0xff, 0xff, 0xff, 0xff, 0xff, 0xfc,
    0x00, 0x00, 0x00, 0xaf, 0xff, 0xff, 0xff, 0xff, 0xff, 0xff, 0xc0, 0x00, 0x00, 0x0a, 0xff, 0x80,
    0x00, 0x00, 0x00, 0x00, 0x00, 0x00, 0x00, 0x00, 0xaf, 0xf8, 0x00, 0x00, 0x00, 0x00, 0x00, 0x00,
    0x00, 0x00, 0x0a, 0xff, 0x80, 0x00, 0x00, 0x00, 0x00, 0x00, 0x00, 0x00, 0x00, 0xaf, 0xf8, 0x00,
    0x00, 0x00, 0x00, 0x00, 0x00, 0x00, 0x00, 0x0a, 0xff, 0x80, 0x00, 0x00, 0x00, 0x00, 0x00, 0x00,
    0x00, 0x00, 0xaf, 0xf8, 0x00, 0x00, 0x00, 0x00, 0x00, 0x00, 0x00, 0x00, 0x0a, 0xff, 0x80, 0x00,
    0x00, 0x00, 0x00, 0x00, 0x00, 0x00, 0x00, 0xaf, 0xfd, 0xaa, 0xaa, 0xaa, 0xaa, 0xaa, 0xaa, 0x60,
    0x00, 0x0a, 0xff, 0xff, 0xff, 0xff, 0xff, 0xff, 0xff, 0xf9, 0x00, 0x00, 0xaf, 0xff, 0xff, 0xff,
    0xff, 0xff, 0xff, 0xff, 0x90, 0x00, 0x00, 0x00, 0x00, 0x1b, 0xff, 0xf4, 0x00, 0x00, 0x00, 0x00,
    0x00, 0x00, 0x00, 0x1b, 0xff, 0xdf, 0xf5, 0x00, 0x00, 0x00, 0x00, 0x00, 0x00, 0x1c, 0xfe, 0x41,
    0xaf, 0xf6, 0x00, 0x00, 0x00, 0x00, 0x00, 0x2d, 0xfc, 0x20, 0x00, 0x7f, 0xf7, 0x00, 0x00, 0x00,
    0x00, 0x00, 0x00, 0x00, 0x00, 0x00, 0x00, 0x00, 0x00, 0x00, 0x00, 0x00, 0x00, 0x00, 0x00, 0x00,
    0x00, 0x00, 0x00, 0x00, 0x00, 0x0a, 0xff, 0xff, 0xff, 0xff, 0xff, 0xff, 0xff, 0xf3, 0x00, 0x00,
    0xaf, 0xff, 0xff, 0xff, 0xff, 0xff, 0xff, 0xff, 0x30, 0x00, 0x0a, 0xff, 0xda, 0xaa, 0xaa, 0xaa,
    0xaa, 0xaa, 0xa2, 0x00, 0x00, 0xaf, 0xf8, 0x00, 0x00, 0x00, 0x00, 0x00, 0x00, 0x00, 0x00, 0x0a,
    0xff, 0x80, 0x00, 0x00, 0x00, 0x00, 0x00, 0x00, 0x00, 0x00, 0xaf, 0xf8, 0x00, 0x00, 0x00, 0x00,
    0x00, 0x00, 0x00, 0x00, 0x0a, 0xff, 0x80, 0x00, 0x00, 0x00, 0x00, 0x00, 0x00, 0x00, 0x00, 0xaf,
    0xf8, 0x00, 0x00, 0x00, 0x00, 0x00, 0x00, 0x00, 0x00, 0x0a, 0xff, 0x80, 0x00, 0x00, 0x00, 0x00,
    0x00, 0x00, 0x00, 0x00, 0xaf, 0xfd, 0xaa, 0xaa, 0xaa, 0xaa, 0xaa, 0x80, 0x00, 0x00, 0x0a, 0xff,
    0xff, 0xff, 0xff, 0xff, 0xff, 0xfc, 0x00, 0x00, 0x00, 0xaf, 0xff, 0xff, 0xff, 0xff, 0xff, 0xff,
    0xc0, 0x00, 0x00, 0x0a, 0xff, 0x80, 0x00, 0x00, 0x00, 0x00, 0x00, 0x00, 0x00, 0x00, 0xaf, 0xf8,
    0x00, 0x00, 0x00, 0x00, 0x00, 0x00, 0x00, 0x00, 0x0a, 0xff, 0x80, 0x00, 0x00, 0x00, 0x00, 0x00,
    0x00, 0x00, 0x00, 0xaf, 0xf8, 0x00, 0x00, 0x00, 0x00, 0x00, 0x00, 0x00, 0x00, 0x0a, 0xff, 0x80,
    0x00, 0x00, 0x00, 0x00, 0x00, 0x00, 0x00, 0x00, 0xaf, 0xf8, 0x00, 0x00, 0x00, 0x00, 0x00, 0x00,
    0x00, 0x00, 0x0a, 0xff, 0x80, 0x00, 0x00, 0x00, 0x00, 0x00, 0x00, 0x00, 0x00, 0xaf, 0xfd, 0xaa,
    0xaa, 0xaa, 0xaa, 0xaa, 0xaa, 0x60, 0x00, 0x0a, 0xff, 0xff, 0xff, 0xff, 0xff, 0xff, 0xff, 0xf9,
    0x00, 0x00, 0xaf, 0xff, 0xff, 0xff, 0xff, 0xff, 0xff, 0xff, 0x90, 0x00, 0x00, 0x00, 0x07, 0x93,
    0x00, 0x07, 0x93, 0x00, 0x00, 0x00, 0x00, 0x00, 0x04, 0xff, 0xd0, 0x05, 0xff, 0xc0, 0x00, 0x00,
    0x00, 0x00, 0x00, 0x1c, 0xe7, 0x00, 0x2c, 0xe6, 0x00, 0x00, 0x00, 0x00, 0x00, 0x00, 0x00, 0x00,
    0x00, 0x00, 0x00, 0x00, 0x00, 0x00, 0x00, 0x00, 0x00, 0x00, 0x00, 0x00, 0x00, 0x00, 0x00, 0x00,
    0x00, 0x00, 0x00, 0x00, 0x00, 0x00, 0x00, 0x00, 0x00, 0x00, 0x00, 0x0a, 0xff, 0xff, 0xff, 0xff,
    0xff, 0xff, 0xff, 0xf3, 0x00, 0x00, 0xaf, 0xff, 0xff, 0xff, 0xff, 0xff, 0xff, 0xff, 0x30, 0x00,
    0x0a, 0xff, 0xda, 0xaa, 0xaa, 0xaa, 0xaa, 0xaa, 0xa2, 0x00, 0x00, 0xaf, 0xf8, 0x00, 0x00, 0x00,
    0x00, 0x00, 0x00, 0x00, 0x00, 0x0a, 0xff, 0x80, 0x00, 0x00, 0x00, 0x00, 0x00, 0x00, 0x00, 0x00,
    0xaf, 0xf8, 0x00, 0x00, 0x00, 0x00, 0x00, 0x00, 0x00, 0x00, 0x0a, 0xff, 0x80, 0x00, 0x00, 0x00,
    0x00, 0x00, 0x00, 0x00, 0x00, 0xaf, 0xf8, 0x00, 0x00, 0x00, 0x00, 0x00, 0x00, 0x00, 0x00, 0x0a,
    0xff, 0x80, 0x00, 0x00, 0x00, 0x00, 0x00, 0x00, 0x00, 0x00, 0xaf, 0xfd, 0xaa, 0xaa, 0xaa, 0xaa,
    0xaa, 0x80, 0x00, 0x00, 0x0a, 0xff, 0xff, 0xff, 0xff, 0xff, 0xff, 0xfc, 0x00, 0x00, 0x00, 0xaf,
    0xff, 0xff, 0xff, 0xff, 0xff, 0xff, 0xc0, 0x00, 0x00, 0x0a, 0xff, 0x80, 0x00, 0x00, 0x00, 0x00,
    0x00, 0x00, 0x00, 0x00, 0xaf, 0xf8, 0x00, 0x00, 0x00, 0x00, 0x00, 0x00, 0x00, 0x00, 0x0a, 0xff,
    0x80, 0x00, 0x00, 0x00, 0x00, 0x00, 0x00, 0x00, 0x00, 0xaf, 0xf8, 0x00, 0x00, 0x00, 0x00, 0x00,
    0x00, 0x00, 0x00, 0x0a, 0xff, 0x80, 0x00, 0x00, 0x00, 0x00, 0x00, 0x00, 0x00, 0x00, 0xaf, 0xf8,
    0x00, 0x00, 0x00, 0x00, 0x00, 0x00, 0x00, 0x00, 0x0a, 0xff, 0x80, 0x00, 0x00, 0x00, 0x00, 0x00,
    0x00, 0x00, 0x00, 0xaf, 0xfd, 0xaa, 0xaa, 0xaa, 0xaa, 0xaa, 0xaa, 0x60, 0x00, 0x0a, 0xff, 0xff,
    0xff, 0xff, 0xff, 0xff, 0xff, 0xf9, 0x00, 0x00, 0xaf, 0xff, 0xff, 0xff, 0xff, 0xff, 0xff, 0xff,
    0x90, 0x4e, 0xff, 0x80, 0x00, 0x00, 0x00, 0x2c, 0xff, 0x90, 0x00, 0x00, 0x00, 0x08, 0xff, 0xa0,
    0x00, 0x00, 0x00, 0x04, 0xef, 0xb1, 0x00, 0x00, 0x00, 0x00, 0x00, 0x00, 0x00, 0x00, 0x00, 0x00,
    0x00, 0x00, 0x00, 0x00, 0xaf, 0xf8, 0x00, 0x00, 0x00, 0x0a, 0xff, 0x80, 0x00, 0x00, 0x00, 0xaf,
    0xf8, 0x00, 0x00, 0x00, 0x0a, 0xff, 0x80, 0x00, 0x00, 0x00, 0xaf, 0xf8, 0x00, 0x00, 0x00, 0x0a,
    0xff, 0x80, 0x00, 0x00, 0x00, 0xaf, 0xf8, 0x00, 0x00, 0x00, 0x0a, 0xff, 0x80, 0x00, 0x00, 0x00,
    0xaf, 0xf8, 0x00, 0x00, 0x00, 0x0a, 0xff, 0x80, 0x00, 0x00, 0x00, 0xaf, 0xf8, 0x00, 0x00, 0x00,
    0x0a, 0xff, 0x80, 0x00, 0x00, 0x00, 0xaf, 0xf8, 0x00, 0x00, 0x00, 0x0a, 0xff, 0x80, 0x00, 0x00,
    0x00, 0xaf, 0xf8, 0x00, 0x00, 0x00, 0x0a, 0xff, 0x80, 0x00, 0x00, 0x00, 0xaf, 0xf8, 0x00, 0x00,
    0x00, 0x0a, 0xff, 0x80, 0x00, 0x00, 0x00, 0xaf, 0xf8, 0x00, 0x00, 0x00, 0x0a, 0xff, 0x80, 0x00,
    0x00, 0x00, 0xaf, 0xf8, 0x00, 0x00, 0x00, 0x0a, 0xff, 0x80, 0x00, 0x00, 0x00, 0x00, 0x9f, 0xfd,
    0x40, 0x00, 0x00, 0xaf, 0xfb, 0x10, 0x00, 0x01, 0xbf, 0xf7, 0x00, 0x00, 0x01, 0xcf, 0xd3, 0x00,
    0x00, 0x00, 0x00, 0x00, 0x00, 0x00, 0x00, 0x00, 0x00, 0x00, 0x00, 0x00, 0x00, 0x0a, 0xff, 0x80,
    0x00, 0x00, 0x00, 0xaf, 0xf8, 0x00, 0x00, 0x00, 0x0a, 0xff, 0x80, 0x00, 0x00, 0x00, 0xaf, 0xf8,
    0x00, 0x00, 0x00, 0x0a, 0xff, 0x80, 0x00, 0x00, 0x00, 0xaf, 0xf8, 0x00, 0x00, 0x00, 0x0a, 0xff,
    0x80, 0x00, 0x00, 0x00, 0xaf, 0xf8, 0x00, 0x00, 0x00, 0x0a, 0xff, 0x80, 0x00, 0x00, 0x00, 0xaf,
    0xf8, 0x00, 0x00, 0x00, 0x0a, 0xff, 0x80, 0x00, 0x00, 0x00, 0xaf, 0xf8, 0x00, 0x00, 0x00, 0x0a,
    0xff, 0x80, 0x00, 0x00, 0x00, 0xaf, 0xf8, 0x00, 0x00, 0x00, 0x0a, 0xff, 0x80, 0x00, 0x00, 0x00,
    0xaf, 0xf8, 0x00, 0x00, 0x00, 0x0a, 0xff, 0x80, 0x00, 0x00, 0x00, 0xaf, 0xf8, 0x00, 0x00, 0x00,
    0x0a, 0xff, 0x80, 0x00, 0x00, 0x00, 0xaf, 0xf8, 0x00, 0x00, 0x00, 0x0a, 0xff, 0x80, 0x00, 0x00,
    0x00, 0xaf, 0xf8, 0x00, 0x00, 0x00, 0x02, 0xdf, 0xfd, 0x20, 0x00, 0x00, 0x3e, 0xfe, 0xef, 0xd2,
    0x00, 0x03, 0xef, 0xc2, 0x2d, 0xfe, 0x30, 0x4e, 0xf9, 0x00, 0x01, 0xaf, 0xe3, 0x00, 0x00, 0x00,
    0x00, 0x00, 0x00, 0x00, 0x00, 0x00, 0x00, 0x00, 0x00, 0x00, 0x00, 0xaf, 0xf8, 0x00, 0x00, 0x00,
    0x00, 0xaf, 0xf8, 0x00, 0x00, 0x00, 0x00, 0xaf, 0xf8, 0x00, 0x00, 0x00, 0x00, 0xaf, 0xf8, 0x00,
    0x00, 0x00, 0x00, 0xaf, 0xf8, 0x00, 0x00, 0x00, 0x00, 0xaf, 0xf8, 0x00, 0x00, 0x00, 0x00, 0xaf,
    0xf8, 0x00, 0x00, 0x00, 0x00, 0xaf, 0xf8, 0x00, 0x00, 0x00, 0x00, 0xaf, 0xf8, 0x00, 0x00, 0x00,
    0x00, 0xaf, 0xf8, 0x00, 0x00, 0x00, 0x00, 0xaf, 0xf8, 0x00, 0x00, 0x00, 0x00, 0xaf, 0xf8, 0x00,
    0x00, 0x00, 0x00, 0xaf, 0xf8, 0x00, 0x00, 0x00, 0x00, 0xaf, 0xf8, 0x00, 0x00, 0x00, 0x00, 0xaf,
    0xf8, 0x00, 0x00, 0x00, 0x00, 0xaf, 0xf8, 0x00, 0x00, 0x00, 0x00, 0xaf, 0xf8, 0x00, 0x00, 0x00,
    0x00, 0xaf, 0xf8, 0x00, 0x00, 0x00, 0x00, 0xaf, 0xf8, 0x00, 0x00, 0x00, 0x00, 0xaf, 0xf8, 0x00,
    0x00, 0x00, 0x00, 0xaf, 0xf8, 0x00, 0x00, 0x00, 0x00, 0xaf, 0xf8, 0x00, 0x00, 0x19, 0x81, 0x00,
    0x29, 0x81, 0x9f, 0xf8, 0x00, 0xaf, 0xf7, 0x4e, 0xd4, 0x00, 0x5e, 0xd3, 0x00, 0x00, 0x00, 0x00,
    0x00, 0x00, 0x00, 0x00, 0x00, 0x00, 0x00, 0x00, 0x00, 0x00, 0x00, 0x00, 0x0a, 0xff, 0x80, 0x00,
    0x00, 0x0a, 0xff, 0x80, 0x00, 0x00, 0x0a, 0xff, 0x80, 0x00, 0x00, 0x0a, 0xff, 0x80, 0x00, 0x00,
    0x0a, 0xff, 0x80, 0x00, 0x00, 0x0a, 0xff, 0x80, 0x00, 0x00, 0x0a, 0xff, 0x80, 0x00, 0x00, 0x0a,
    0xff, 0x80, 0x00, 0x00, 0x0a, 0xff, 0x80, 0x00, 0x00, 0x0a, 0xff, 0x80, 0x00, 0x00, 0x0a, 0xff,
    0x80, 0x00, 0x00, 0x0a, 0xff, 0x80, 0x00, 0x00, 0x0a, 0xff, 0x80, 0x00, 0x00, 0x0a, 0xff, 0x80,
    0x00, 0x00, 0x0a, 0xff, 0x80, 0x00, 0x00, 0x0a, 0xff, 0x80, 0x00, 0x00, 0x0a, 0xff, 0x80, 0x00,
    0x00, 0x0a, 0xff, 0x80, 0x00, 0x00, 0x0a, 0xff, 0x80, 0x00, 0x00, 0x0a, 0xff, 0x80, 0x00, 0x00,
    0x0a, 0xff, 0x80, 0x00, 0x00, 0x0a, 0xff, 0x80, 0x00, 0x00, 0x06, 0xff, 0xff, 0xff, 0xff, 0xff,
    0xec, 0x95, 0x10, 0x00, 0x00, 0x00, 0x00, 0x00, 0x6f, 0xff, 0xff, 0xff, 0xff, 0xff, 0xff, 0xfe,
    0x81, 0x00, 0x00, 0x00, 0x00, 0x06, 0xff, 0xea, 0xaa, 0xaa, 0xab, 0xce, 0xff, 0xff, 0xd3, 0x00,
    0x00, 0x00, 0x00, 0x6f, 0xfc, 0x00, 0x00, 0x00, 0x00, 0x04, 0xaf, 0xff, 0xf4, 0x00, 0x00, 0x00,
    0x06, 0xff, 0xc0, 0x00, 0x00, 0x00, 0x00, 0x00, 0x4e, 0xff, 0xe2, 0x00, 0x00, 0x00, 0x6f, 0xfc,
    0x00, 0x00, 0x00, 0x00, 0x00, 0x00, 0x2e, 0xff, 0xb0, 0x00, 0x00, 0x06, 0xff, 0xc0, 0x00, 0x00,
    0x00, 0x00, 0x00, 0x00, 0x5f, 0xff, 0x40, 0x00, 0x00, 0x6f, 0xfc, 0x00, 0x00, 0x00, 0x00, 0x00,
    0x00, 0x00, 0xbf, 0xf9, 0x00, 0x00, 0x06, 0xff, 0xc0, 0x00, 0x00, 0x00, 0x00, 0x00, 0x00, 0x06,
    0xff, 0xd0, 0x07, 0xaa, 0xff, 0xff, 0xaa, 0xaa, 0xaa, 0x10, 0x00, 0x00, 0x00, 0x3f, 0xff, 0x10,
    0xaf, 0xff, 0xff, 0xff, 0xff, 0xff, 0xf2, 0x00, 0x00, 0x00, 0x01, 0xff, 0xf2, 0x0a, 0xff, 0xff,
    0xff, 0xff, 0xff, 0xff, 0x20, 0x00, 0x00, 0x00, 0x1f, 0xff, 0x20, 0x00, 0x06, 0xff, 0xc0, 0x00,
    0x00, 0x00, 0x00, 0x00, 0x00, 0x03, 0xff, 0xf1, 0x00, 0x00, 0x6f, 0xfc, 0x00, 0x00, 0x00, 0x00,
    0x00, 0x00, 0x00, 0x6f, 0xfd, 0x00, 0x00, 0x06, 0xff, 0xc0, 0x00, 0x00, 0x00, 0x00, 0x00, 0x00,
    0x0b, 0xff, 0x90, 0x00, 0x00, 0x6f, 0xfc, 0x00, 0x00, 0x00, 0x00, 0x00, 0x00, 0x04, 0xff, 0xf4,
    0x00, 0x00, 0x06, 0xff, 0xc0, 0x00, 0x00, 0x00, 0x00, 0x00, 0x02, 0xef, 0xfb, 0x00, 0x00, 0x00,
    0x6f, 0xfc, 0x00, 0x00, 0x00, 0x00, 0x00, 0x04, 0xef, 0xfe, 0x20, 0x00, 0x00, 0x06, 0xff, 0xc0,
    0x00, 0x00, 0x00, 0x00, 0x4a, 0xff, 0xff, 0x40, 0x00, 0x00, 0x00, 0x6f, 0xfe, 0xaa, 0xaa, 0xaa,
    0xbc, 0xef, 0xff, 0xfd, 0x30, 0x00, 0x00, 0x00, 0x06, 0xff, 0xff, 0xff, 0xff, 0xff, 0xff, 0xff,
    0xe8, 0x10, 0x00, 0x00, 0x00, 0x00, 0x6f, 0xff, 0xff, 0xff, 0xff, 0xfe, 0xc9, 0x51, 0x00, 0x00,
    0x00, 0x00, 0x00, 0x00, 0x00, 0x00, 0x00, 0x00, 0x00, 0x00, 0x00, 0x00, 0x00, 0x00, 0x00, 0x00,
    0x00, 0x00, 0x00, 0x5d, 0xfd, 0x60, 0x00, 0x4f, 0xa0, 0x00, 0x00, 0x00, 0x00, 0x00, 0x00, 0x02,
    0xff, 0xff, 0xfc, 0x31, 0xbf, 0x70, 0x00, 0x00, 0x00, 0x00, 0x00, 0x00, 0x09, 0xfa, 0x03, 0xcf,
    0xff, 0xfe, 0x10, 0x00, 0x00, 0x00, 0x00, 0x00, 0x00, 0x0c, 0xf2, 0x00, 0x06, 0xdf, 0xc3, 0x00,
    0x00, 0x00, 0x00, 0x00, 0x00, 0x00, 0x00, 0x00, 0x00, 0x00, 0x00, 0x00, 0x00, 0x00, 0x00, 0x00,
    0x00, 0x00, 0x00, 0x00, 0x00, 0x00, 0x00, 0x00, 0x00, 0x00, 0x00, 0x00, 0x00, 0x00, 0x0a, 0xff,
    0x60, 0x00, 0x00, 0x00, 0x00, 0x00, 0x09, 0xff, 0x90, 0x00, 0x00, 0x0a, 0xff, 0xf3, 0x00, 0x00,
    0x00, 0x00, 0x00, 0x09, 0xff, 0x90, 0x00, 0x00, 0x0a, 0xff, 0xfe, 0x20, 0x00, 0x00, 0x00, 0x00,
    0x09, 0xff, 0x90, 0x00, 0x00, 0x0a, 0xff, 0xff, 0xc1, 0x00, 0x00, 0x00, 0x00, 0x09, 0xff, 0x90,
    0x00, 0x00, 0x0a, 0xff, 0xff, 0xfa, 0x00, 0x00, 0x00, 0x00, 0x09, 0xff, 0x90, 0x00, 0x00, 0x0a,
    0xff, 0xef, 0xff, 0x70, 0x00, 0x00, 0x00, 0x09, 0xff, 0x90, 0x00, 0x00, 0x0a, 0xff, 0x9b, 0xff,
    0xf5, 0x00, 0x00, 0x00, 0x09, 0xff, 0x90, 0x00, 0x00, 0x0a, 0xff, 0x81, 0xdf, 0xfe, 0x30, 0x00,
    0x00, 0x09, 0xff, 0x90, 0x00, 0x00, 0x0a, 0xff, 0x80, 0x2e, 0xff, 0xd1, 0x00, 0x00, 0x09, 0xff,
    0x90, 0x00, 0x00, 0x0a, 0xff, 0x80, 0x04, 0xff, 0xfb, 0x00, 0x00, 0x09, 0xff, 0x90, 0x00, 0x00,
    0x0a, 0xff, 0x80, 0x00, 0x7f, 0xff, 0x90, 0x00, 0x09, 0xff, 0x90, 0x00, 0x00, 0x0a, 0xff, 0x80,
    0x00, 0x0a, 0xff, 0xf6, 0x00, 0x09, 0xff, 0x90, 0x00, 0x00, 0x0a, 0xff, 0x80, 0x00, 0x00, 0xcf,
    0xff, 0x40, 0x09, 0xff, 0x90, 0x00, 0x00, 0x0a, 0xff, 0x80, 0x00, 0x00, 0x2d, 0xff, 0xe2, 0x09,
    0xff, 0x90, 0x00, 0x00, 0x0a, 0xff, 0x80, 0x00, 0x00, 0x03, 0xff, 0xfc, 0x19, 0xff, 0x90, 0x00,
    0x00, 0x0a, 0xff, 0x80, 0x00, 0x00, 0x00, 0x5f, 0xff, 0xa9, 0xff, 0x90, 0x00, 0x00, 0x0a, 0xff,
    0x80, 0x00, 0x00, 0x00, 0x08, 0xff, 0xfe, 0xff, 0x90, 0x00, 0x00, 0x0a, 0xff, 0x80, 0x00, 0x00,
    0x00, 0x00, 0xaf, 0xff, 0xff, 0x90, 0x00, 0x00, 0x0a, 0xff, 0x80, 0x00, 0x00, 0x00, 0x00, 0x1c,
    0xff, 0xff, 0x90, 0x00, 0x00, 0x0a, 0xff, 0x80, 0x00, 0x00, 0x00, 0x00, 0x02, 0xef, 0xff, 0x90,
    0x00, 0x00, 0x0a, 0xff, 0x80, 0x00, 0x00, 0x00, 0x00, 0x00, 0x4f, 0xff, 0x90, 0x00, 0x00, 0x0a,
    0xff, 0x80, 0x00, 0x00, 0x00, 0x00, 0x00, 0x06, 0xff, 0x90, 0x00, 0x00, 0x00, 0x00, 0x01, 0xaf,
    0xfd, 0x20, 0x00, 0x00, 0x00, 0x00, 0x00, 0x00, 0x00, 0x00, 0x00, 0x00, 0x00, 0x6e, 0xfe, 0x30,
    0x00, 0x00, 0x00, 0x00, 0x00, 0x00, 0x00, 0x00, 0x00, 0x00, 0x00, 0x3d, 0xfe, 0x40, 0x00, 0x00,
    0x00, 0x00, 0x00, 0x00, 0x00, 0x00, 0x00, 0x00, 0x00, 0x19, 0xff, 0x50, 0x00, 0x00, 0x00, 0x00,
    0x00, 0x00, 0x00, 0x00, 0x00, 0x00, 0x00, 0x00, 0x00, 0x00, 0x00, 0x00, 0x00, 0x00, 0x00, 0x00,
    0x00, 0x00, 0x00, 0x00, 0x00, 0x00, 0x00, 0x00, 0x00, 0x00, 0x00, 0x00, 0x00, 0x00, 0x00, 0x00,
    0x16, 0xad, 0xef, 0xec, 0xa6, 0x10, 0x00, 0x00, 0x00, 0x00, 0x00, 0x00, 0x02, 0x9f, 0xff, 0xff,
    0xff, 0xff, 0xfe, 0x81, 0x00, 0x00, 0x00, 0x00, 0x00, 0x04, 0xef, 0xff, 0xfd, 0xba, 0xbd, 0xff,
    0xff, 0xe4, 0x00, 0x00, 0x00, 0x00, 0x06, 0xff, 0xfe, 0x82, 0x00, 0x00, 0x02, 0x9f, 0xff, 0xf5,
    0x00, 0x00, 0x00, 0x04, 0xff, 0xfc, 0x20, 0x00, 0x00, 0x00, 0x00, 0x3d, 0xff, 0xe3, 0x00, 0x00,
    0x01, 0xdf, 0xfc, 0x10, 0x00, 0x00, 0x00, 0x00, 0x00, 0x1d, 0xff, 0xc0, 0x00, 0x00, 0x7f, 0xfe,
    0x20, 0x00, 0x00, 0x00, 0x00, 0x00, 0x00, 0x3f, 0xff, 0x50, 0x00, 0x0d, 0xff, 0x70, 0x00, 0x00,
    0x00, 0x00, 0x00, 0x00, 0x00, 0x9f, 0xfb, 0x00, 0x02, 0xff, 0xf2, 0x00, 0x00, 0x00, 0x00, 0x00,
    0x00, 0x00, 0x03, 0xff, 0xf1, 0x00, 0x5f, 0xfd, 0x00, 0x00, 0x00, 0x00, 0x00, 0x00, 0x00, 0x00,
    0x0f, 0xff, 0x30, 0x06, 0xff, 0xb0, 0x00, 0x00, 0x00, 0x00, 0x00, 0x00, 0x00, 0x00, 0xdf, 0xf4,
    0x00, 0x6f, 0xfb, 0x00, 0x00, 0x00, 0x00, 0x00, 0x00, 0x00, 0x00, 0x0d, 0xff, 0x40, 0x05, 0xff,
    0xd0, 0x00, 0x00, 0x00, 0x00, 0x00, 0x00, 0x00, 0x00, 0xff, 0xf3, 0x00, 0x2f, 0xff, 0x20, 0x00,
    0x00, 0x00, 0x00, 0x00, 0x00, 0x00, 0x3f, 0xff, 0x10, 0x00, 0xdf, 0xf7, 0x00, 0x00, 0x00, 0x00,
    0x00, 0x00, 0x00, 0x09, 0xff, 0xb0, 0x00, 0x07, 0xff, 0xe2, 0x00, 0x00, 0x00, 0x00, 0x00, 0x00,
    0x03, 0xff, 0xf5, 0x00, 0x00, 0x1d, 0xff, 0xc1, 0x00, 0x00, 0x00, 0x00, 0x00, 0x01, 0xdf, 0xfc,
    0x00, 0x00, 0x00, 0x4f, 0xff, 0xc2, 0x00, 0x00, 0x00, 0x00, 0x03, 0xdf, 0xfe, 0x30, 0x00, 0x00,
    0x00, 0x6f, 0xff, 0xe8, 0x20, 0x00, 0x00, 0x28, 0xff, 0xff, 0x50, 0x00, 0x00, 0x00, 0x00, 0x5e,
    0xff, 0xff, 0xdb, 0xab, 0xdf, 0xff, 0xfe, 0x40, 0x00, 0x00, 0x00, 0x00, 0x00, 0x29, 0xff, 0xff,
    0xff, 0xff, 0xff, 0xe8, 0x10, 0x00, 0x00, 0x00, 0x00, 0x00, 0x00, 0x01, 0x6a, 0xde, 0xfe, 0xda,
    0x61, 0x00, 0x00, 0x00, 0x00, 0x00, 0x00, 0x00, 0x00, 0x00, 0x00, 0x00, 0x3e, 0xff, 0x91, 0x00,
    0x00, 0x00, 0x00, 0x00, 0x00, 0x00, 0x00, 0x00, 0x00, 0x4e, 0xfe, 0x50, 0x00, 0x00, 0x00, 0x00,
    0x00, 0x00, 0x00, 0x00, 0x00, 0x00, 0x5f, 0xfc, 0x20, 0x00, 0x00, 0x00, 0x00, 0x00, 0x00, 0x00,
    0x00, 0x00, 0x00, 0x6f, 0xf9, 0x00, 0x00, 0x00, 0x00, 0x00, 0x00, 0x00, 0x00, 0x00, 0x00, 0x00,
    0x00, 0x00, 0x00, 0x00, 0x00, 0x00, 0x00, 0x00, 0x00, 0x00, 0x00, 0x00, 0x00, 0x00, 0x00, 0x00,
    0x00, 0x00, 0x00, 0x00, 0x00, 0x00, 0x00, 0x00, 0x00, 0x00, 0x16, 0xad, 0xef, 0xec, 0xa6, 0x10,
    0x00, 0x00, 0x00, 0x00, 0x00, 0x00, 0x02, 0x9f, 0xff, 0xff, 0xff, 0xff, 0xfe, 0x81, 0x00, 0x00,
    0x00, 0x00, 0x00, 0x04, 0xef, 0xff, 0xfd, 0xba, 0xbd, 0xff, 0xff, 0xe4, 0x00, 0x00, 0x00, 0x00,
    0x06, 0xff, 0xfe, 0x82, 0x00, 0x00, 0x02, 0x9f, 0xff, 0xf5, 0x00, 0x00, 0x00, 0x04, 0xff, 0xfc,
    0x20, 0x00, 0x00, 0x00, 0x00, 0x3d, 0xff, 0xe3, 0x00, 0x00, 0x01, 0xdf, 0xfc, 0x10, 0x00, 0x00,
    0x00, 0x00, 0x00, 0x1d, 0xff, 0xc0, 0x00, 0x00, 0x7f, 0xfe, 0x20, 0x00, 0x00, 0x00, 0x00, 0x00,
    0x00, 0x3f, 0xff, 0x50, 0x00, 0x0d, 0xff, 0x70, 0x00, 0x00, 0x00, 0x00, 0x00, 0x00, 0x00, 0x9f,
    0xfb, 0x00, 0x02, 0xff, 0xf2, 0x00, 0x00, 0x00, 0x00, 0x00, 0x00, 0x00, 0x03, 0xff, 0xf1, 0x00,
    0x5f, 0xfd, 0x00, 0x00, 0x00, 0x00, 0x00, 0x00, 0x00, 0x00, 0x0f, 0xff, 0x30, 0x06, 0xff, 0xb0,
    0x00, 0x00, 0x00, 0x00, 0x00, 0x00, 0x00, 0x00, 0xdf, 0xf4, 0x00, 0x6f, 0xfb, 0x00, 0x00, 0x00,
    0x00, 0x00, 0x00, 0x00, 0x00, 0x0d, 0xff, 0x40, 0x05, 0xff, 0xd0, 0x00, 0x00, 0x00, 0x00, 0x00,
    0x00, 0x00, 0x00, 0xff, 0xf3, 0x00, 0x2f, 0xff, 0x20, 0x00, 0x00, 0x00, 0x00, 0x00, 0x00, 0x00,
    0x3f, 0xff, 0x10, 0x00, 0xdf, 0xf7, 0x00, 0x00, 0x00, 0x00, 0x00, 0x00, 0x00, 0x09, 0xff, 0xb0,
    0x00, 0x07, 0xff, 0xe2, 0x00, 0x00, 0x00, 0x00, 0x00, 0x00, 0x03, 0xff, 0xf5, 0x00, 0x00, 0x1d,
    0xff, 0xc1, 0x00, 0x00, 0x00, 0x00, 0x00, 0x01, 0xdf, 0xfc, 0x00, 0x00, 0x00, 0x4f, 0xff, 0xc2,
    0x00, 0x00, 0x00, 0x00, 0x03, 0xdf, 0xfe, 0x30, 0x00, 0x00, 0x00, 0x6f, 0xff, 0xe8, 0x20, 0x00,
    0x00, 0x28, 0xff, 0xff, 0x50, 0x00, 0x00, 0x00, 0x00, 0x5e, 0xff, 0xff, 0xdb, 0xab, 0xdf, 0xff,
    0xfe, 0x40, 0x00, 0x00, 0x00, 0x00, 0x00, 0x29, 0xff, 0xff, 0xff, 0xff, 0xff, 0xe8, 0x10, 0x00,
    0x00, 0x00, 0x00, 0x00, 0x00, 0x01, 0x6a, 0xde, 0xfe, 0xda, 0x61, 0x00, 0x00, 0x00, 0x00, 0x00,
    0x00, 0x00, 0x00, 0x00, 0x08, 0xff, 0xf7, 0x00, 0x00, 0x00, 0x00, 0x00, 0x00, 0x00, 0x00, 0x00,
    0x00, 0x09, 0xff, 0xdf, 0xf8, 0x00, 0x00, 0x00, 0x00, 0x00, 0x00, 0x00, 0x00, 0x00, 0x0a, 0xff,
    0x60, 0x7f, 0xf9, 0x00, 0x00, 0x00, 0x00, 0x00, 0x00, 0x00, 0x00, 0x0a, 0xfe, 0x40, 0x00, 0x4e,
    0xfa, 0x00, 0x00, 0x00, 0x00, 0x00, 0x00, 0x00, 0x00, 0x00, 0x00, 0x00, 0x00, 0x00, 0x00, 0x00,
    0x00, 0x00, 0x00, 0x00, 0x00, 0x00, 0x00, 0x00, 0x00, 0x00, 0x00, 0x00, 0x00, 0x00, 0x00, 0x00,
    0x00, 0x00, 0x00, 0x00, 0x16, 0xad, 0xef, 0xec, 0xa6, 0x10, 0x00, 0x00, 0x00, 0x00, 0x00, 0x00,
    0x02, 0x9f, 0xff, 0xff, 0xff, 0xff, 0xfe, 0x81, 0x00, 0x00, 0x00, 0x00, 0x00, 0x04, 0xef, 0xff,
    0xfd, 0xba, 0xbd, 0xff, 0xff, 0xe4, 0x00, 0x00, 0x00, 0x00, 0x06, 0xff, 0xfe, 0x82, 0x00, 0x00,
    0x02, 0x9f, 0xff, 0xf5, 0x00, 0x00, 0x00, 0x04, 0xff, 0xfc, 0x20, 0x00, 0x00, 0x00, 0x00, 0x3d,
    0xff, 0xe3, 0x00, 0x00, 0x01, 0xdf, 0xfc, 0x10, 0x00, 0x00, 0x00, 0x00, 0x00, 0x1d, 0xff, 0xc0,
    0x00, 0x00, 0x7f, 0xfe, 0x20, 0x00, 0x00, 0x00, 0x00, 0x00, 0x00, 0x3f, 0xff, 0x50, 0x00, 0x0d,
    0xff, 0x70, 0x00, 0x00, 0x00, 0x00, 0x00, 0x00, 0x00, 0x9f, 0xfb, 0x00, 0x02, 0xff, 0xf2, 0x00,
    0x00, 0x00, 0x00, 0x00, 0x00, 0x00, 0x03, 0xff, 0xf1, 0x00, 0x5f, 0xfd, 0x00, 0x00, 0x00, 0x00,
    0x00, 0x00, 0x00, 0x00, 0x0f, 0xff, 0x30, 0x06, 0xff, 0xb0, 0x00, 0x00, 0x00, 0x00, 0x00, 0x00,
    0x00, 0x00, 0xdf, 0xf4, 0x00, 0x6f, 0xfb, 0x00, 0x00, 0x00, 0x00, 0x00, 0x00, 0x00, 0x00, 0x0d,
    0xff, 0x40, 0x05, 0xff, 0xd0, 0x00, 0x00, 0x00, 0x00, 0x00, 0x00, 0x00, 0x00, 0xff, 0xf3, 0x00,
    0x2f, 0xff, 0x20, 0x00, 0x00, 0x00, 0x00, 0x00, 0x00, 0x00, 0x3f, 0xff, 0x10, 0x00, 0xdf, 0xf7,
    0x00, 0x00, 0x00, 0x00, 0x00, 0x00, 0x00, 0x09, 0xff, 0xb0, 0x00, 0x07, 0xff, 0xe2, 0x00, 0x00,
    0x00, 0x00, 0x00, 0x00, 0x03, 0xff, 0xf5, 0x00, 0x00, 0x1d, 0xff, 0xc1, 0x00, 0x00, 0x00, 0x00,
    0x00, 0x01, 0xdf, 0xfc, 0x00, 0x00, 0x00, 0x4f, 0xff, 0xc2, 0x00, 0x00, 0x00, 0x00, 0x03, 0xdf,
    0xfe, 0x30, 0x00, 0x00, 0x00, 0x6f, 0xff, 0xe8, 0x20, 0x00, 0x00, 0x28, 0xff, 0xff, 0x50, 0x00,
    0x00, 0x00, 0x00, 0x5e, 0xff, 0xff, 0xdb, 0xab, 0xdf, 0xff, 0xfe, 0x40, 0x00, 0x00, 0x00, 0x00,
    0x00, 0x29, 0xff, 0xff, 0xff, 0xff, 0xff, 0xe8, 0x10, 0x00, 0x00, 0x00, 0x00, 0x00, 0x00, 0x01,
    0x6a, 0xde, 0xfe, 0xda, 0x61, 0x00, 0x00, 0x00, 0x00, 0x00, 0x00, 0x00, 0x00, 0x00, 0x00, 0x00,
    0x00, 0x00, 0x00, 0x00, 0x00, 0x00, 0x00, 0x00, 0x00, 0x00, 0x01, 0xaf, 0xfa, 0x20, 0x00, 0xbf,
    0x30, 0x00, 0x00, 0x00, 0x00, 0x00, 0x00, 0x00, 0xaf, 0xff, 0xff, 0x71, 0x5f, 0xe0, 0x00, 0x00,
    0x00, 0x00, 0x00, 0x00, 0x00, 0x2f, 0xe3, 0x17, 0xff, 0xff, 0xf8, 0x00, 0x00, 0x00, 0x00, 0x00,
    0x00, 0x00, 0x04, 0xfa, 0x00, 0x02, 0xae, 0xe8, 0x00, 0x00, 0x00, 0x00, 0x00, 0x00, 0x00, 0x00,
    0x00, 0x00, 0x00, 0x00, 0x00, 0x00, 0x00, 0x00, 0x00, 0x00, 0x00, 0x00, 0x00, 0x00, 0x00, 0x00,
    0x00, 0x00, 0x00, 0x00, 0x00, 0x00, 0x00, 0x00, 0x00, 0x00, 0x00, 0x01, 0x6a, 0xde, 0xfe, 0xca,
    0x61, 0x00, 0x00, 0x00, 0x00, 0x00, 0x00, 0x00, 0x29, 0xff, 0xff, 0xff, 0xff, 0xff, 0xe8, 0x10,
    0x00, 0x00, 0x00, 0x00, 0x00, 0x4e, 0xff, 0xff, 0xdb, 0xab, 0xdf, 0xff, 0xfe, 0x40, 0x00, 0x00,
    0x00, 0x00, 0x6f, 0xff, 0xe8, 0x20, 0x00, 0x00, 0x29, 0xff, 0xff, 0x50, 0x00, 0x00, 0x00, 0x4f,
    0xff, 0xc2, 0x00, 0x00, 0x00, 0x00, 0x03, 0xdf, 0xfe, 0x30, 0x00, 0x00, 0x1d, 0xff, 0xc1, 0x00,
    0x00, 0x00, 0x00, 0x00, 0x01, 0xdf, 0xfc, 0x00, 0x00, 0x07, 0xff, 0xe2, 0x00, 0x00, 0x00, 0x00,
    0x00, 0x00, 0x03, 0xff, 0xf5, 0x00, 0x00, 0xdf, 0xf7, 0x00, 0x00, 0x00, 0x00, 0x00, 0x00, 0x00,
    0x09, 0xff, 0xb0, 0x00, 0x2f, 0xff, 0x20, 0x00, 0x00, 0x00, 0x00, 0x00, 0x00, 0x00, 0x3f, 0xff,
    0x10, 0x05, 0xff, 0xd0, 0x00, 0x00, 0x00, 0x00, 0x00, 0x00, 0x00, 0x00, 0xff, 0xf3, 0x00, 0x6f,
    0xfb, 0x00, 0x00, 0x00, 0x00, 0x00, 0x00, 0x00, 0x00, 0x0d, 0xff, 0x40, 0x06, 0xff, 0xb0, 0x00,
    0x00, 0x00, 0x00, 0x00, 0x00, 0x00, 0x00, 0xdf, 0xf4, 0x00, 0x5f, 0xfd, 0x00, 0x00, 0x00, 0x00,
    0x00, 0x00, 0x00, 0x00, 0x0f, 0xff, 0x30, 0x02, 0xff, 0xf2, 0x00, 0x00, 0x00, 0x00, 0x00, 0x00,
    0x00, 0x03, 0xff, 0xf1, 0x00, 0x0d, 0xff, 0x70, 0x00, 0x00, 0x00, 0x00, 0x00, 0x00, 0x00, 0x9f,
    0xfb, 0x00, 0x00, 0x7f, 0xfe, 0x20, 0x00, 0x00, 0x00, 0x00, 0x00, 0x00, 0x3f, 0xff, 0x50, 0x00,
    0x01, 0xdf, 0xfc, 0x10, 0x00, 0x00, 0x00, 0x00, 0x00, 0x1d, 0xff, 0xc0, 0x00, 0x00, 0x04, 0xff,
    0xfc, 0x20, 0x00, 0x00, 0x00, 0x00, 0x3d, 0xff, 0xe3, 0x00, 0x00, 0x00, 0x06, 0xff, 0xfe, 0x82,
    0x00, 0x00, 0x02, 0x8f, 0xff, 0xf5, 0x00, 0x00, 0x00, 0x00, 0x05, 0xef, 0xff, 0xfd, 0xba, 0xbd,
    0xff, 0xff, 0xe4, 0x00, 0x00, 0x00, 0x00, 0x00, 0x02, 0x9f, 0xff, 0xff, 0xff, 0xff, 0xfe, 0x81,
    0x00, 0x00, 0x00, 0x00, 0x00, 0x00, 0x00, 0x16, 0xad, 0xef, 0xed, 0xa6, 0x10, 0x00, 0x00, 0x00,
    0x00, 0x00, 0x00, 0x00, 0x00, 0x05, 0xa5, 0x00, 0x06, 0x95, 0x00, 0x00, 0x00, 0x00, 0x00, 0x00,
    0x00, 0x00, 0x01, 0xff, 0xf1, 0x02, 0xff, 0xf0, 0x00, 0x00, 0x00, 0x00, 0x00, 0x00, 0x00, 0x00,
    0x0a, 0xea, 0x00, 0x0a, 0xe9, 0x00, 0x00, 0x00, 0x00, 0x00, 0x00, 0x00, 0x00, 0x00, 0x00, 0x00,
    0x00, 0x00, 0x00, 0x00, 0x00, 0x00, 0x00, 0x00, 0x00, 0x00, 0x00, 0x00, 0x00, 0x00, 0x00, 0x00,
    0x00, 0x00, 0x00, 0x00, 0x00, 0x00, 0x00, 0x00, 0x00, 0x00, 0x00, 0x00, 0x00, 0x00, 0x00, 0x00,
    0x00, 0x00, 0x00, 0x00, 0x00, 0x00, 0x16, 0xad, 0xef, 0xec, 0xa6, 0x10, 0x00, 0x00, 0x00, 0x00,
    0x00, 0x00, 0x02, 0x9f, 0xff, 0xff, 0xff, 0xff, 0xfe, 0x81, 0x00, 0x00, 0x00, 0x00, 0x00, 0x04,
    0xef, 0xff, 0xfd, 0xba, 0xbd, 0xff, 0xff, 0xe4, 0x00, 0x00, 0x00, 0x00, 0x06, 0xff, 0xfe, 0x82,
    0x00, 0x00, 0x02, 0x9f, 0xff, 0xf5, 0x00, 0x00, 0x00, 0x04, 0xff, 0xfc, 0x20, 0x00, 0x00, 0x00,
    0x00, 0x3d, 0xff, 0xe3, 0x00, 0x00, 0x01, 0xdf, 0xfc, 0x10, 0x00, 0x00, 0x00, 0x00, 0x00, 0x1d,
    0xff, 0xc0, 0x00, 0x00, 0x7f, 0xfe, 0x20, 0x00, 0x00, 0x00, 0x00, 0x00, 0x00, 0x3f, 0xff, 0x50,
    0x00, 0x0d, 0xff, 0x70, 0x00, 0x00, 0x00, 0x00, 0x00, 0x00, 0x00, 0x9f, 0xfb, 0x00, 0x02, 0xff,
    0xf2, 0x00, 0x00, 0x00, 0x00, 0x00, 0x00, 0x00, 0x03, 0xff, 0xf1, 0x00, 0x5f, 0xfd, 0x00, 0x00,
    0x00, 0x00, 0x00, 0x00, 0x00, 0x00, 0x0f, 0xff, 0x30, 0x06, 0xff, 0xb0, 0x00, 0x00, 0x00, 0x00,
    0x00, 0x00, 0x00, 0x00, 0xdf, 0xf4, 0x00, 0x6f, 0xfb, 0x00, 0x00, 0x00, 0x00, 0x00, 0x00, 0x00,
    0x00, 0x0d, 0xff, 0x40, 0x05, 0xff, 0xd0, 0x00, 0x00, 0x00, 0x00, 0x00, 0x00, 0x00, 0x00, 0xff,
    0xf3, 0x00, 0x2f, 0xff, 0x20, 0x00, 0x00, 0x00, 0x00, 0x00, 0x00, 0x00, 0x3f, 0xff, 0x10, 0x00,
    0xdf, 0xf7, 0x00, 0x00, 0x00, 0x00, 0x00, 0x00, 0x00, 0x09, 0xff, 0xb0, 0x00, 0x07, 0xff, 0xe2,
    0x00, 0x00, 0x00, 0x00, 0x00, 0x00, 0x03, 0xff, 0xf5, 0x00, 0x00, 0x1d, 0xff, 0xc1, 0x00, 0x00,
    0x00, 0x00, 0x00, 0x01, 0xdf, 0xfc, 0x00, 0x00, 0x00, 0x4f, 0xff, 0xc2, 0x00, 0x00, 0x00, 0x00,
    0x03, 0xdf, 0xfe, 0x30, 0x00, 0x00, 0x00, 0x6f, 0xff, 0xe8, 0x20, 0x00, 0x00, 0x28, 0xff, 0xff,
    0x50, 0x00, 0x00, 0x00, 0x00, 0x5e, 0xff, 0xff, 0xdb, 0xab, 0xdf, 0xff, 0xfe, 0x40, 0x00, 0x00,
    0x00, 0x00, 0x00, 0x29, 0xff, 0xff, 0xff, 0xff, 0xff, 0xe8, 0x10, 0x00, 0x00, 0x00, 0x00, 0x00,
    0x00, 0x01, 0x6a, 0xde, 0xfe, 0xda, 0x61, 0x00, 0x00, 0x00, 0x00, 0x00, 0x00, 0x01, 0x00, 0x00,
    0x00, 0x01, 0x00, 0x00, 0x00, 0x00, 0x08, 0xc1, 0x00, 0x00, 0x04, 0xe3, 0x00, 0x00, 0x00, 0x05,
    0xff, 0xc1, 0x00, 0x04, 0xef, 0xe1, 0x00, 0x00, 0x00, 0x0b, 0xff, 0xb1, 0x04, 0xef, 0xf6, 0x00,
    0x00, 0x00, 0x00, 0x0b, 0xff, 0xb4, 0xef, 0xf6, 0x00, 0x00, 0x00, 0x00, 0x00, 0x0b, 0xff, 0xff,
    0xf6, 0x00, 0x00, 0x00, 0x00, 0x00, 0x00, 0x0b, 0xff, 0xf7, 0x00, 0x00, 0x00, 0x00, 0x00, 0x00,
    0x03, 0xef, 0xff, 0xb1, 0x00, 0x00, 0x00, 0x00, 0x00, 0x03, 0xef, 0xfd, 0xff, 0xb1, 0x00, 0x00,
    0x00, 0x00, 0x03, 0xef, 0xf6, 0x1b, 0xff, 0xb1, 0x00, 0x00, 0x00, 0x03, 0xef, 0xf6, 0x00, 0x1b,
    0xff, 0xb1, 0x00, 0x00, 0x00, 0x2e, 0xf6, 0x00, 0x00, 0x1b, 0xfb, 0x00, 0x00, 0x00, 0x00, 0x36,
    0x00, 0x00, 0x00, 0x18, 0x10, 0x00, 0x00, 0x00, 0x00, 0x00, 0x00, 0x00, 0x00, 0x00, 0x00, 0x00,
    0x00, 0x00, 0x00, 0x00, 0x00, 0x00, 0x00, 0x00, 0x00, 0x00, 0x00, 0x00, 0x00, 0x00, 0x00, 0x00,
    0x00, 0x00, 0x00, 0x00, 0x00, 0x00, 0x00, 0x00, 0x00, 0x00, 0x00, 0x00, 0x00, 0x00, 0x00, 0x00,
    0x00, 0x00, 0x00, 0x00, 0x00, 0x00, 0x00, 0x00, 0x00, 0x00, 0x00, 0x00, 0x00, 0x00, 0x00, 0x05,
    0x87, 0x10, 0x00, 0x00, 0x00, 0x00, 0x00, 0x00, 0x00, 0x00, 0x00, 0x00, 0x01, 0xef, 0xa0, 0x00,
    0x00, 0x00, 0x00, 0x00, 0x00, 0x00, 0x00, 0x00, 0x00, 0x00, 0x9f, 0xf2, 0x00, 0x00, 0x00, 0x00,
    0x00, 0x00, 0x01, 0x6a, 0xde, 0xfe, 0xca, 0x8f, 0xf9, 0x00, 0x00, 0x00, 0x00, 0x00, 0x00, 0x29,
    0xff, 0xff, 0xff, 0xff, 0xff, 0xff, 0x20, 0x00, 0x00, 0x00, 0x00, 0x00, 0x4e, 0xff, 0xff, 0xdb,
    0xab, 0xdf, 0xff, 0xfe, 0x40, 0x00, 0x00, 0x00, 0x00, 0x6f, 0xff, 0xe8, 0x20, 0x00, 0x00, 0xff,
    0xff, 0xff, 0x50, 0x00, 0x00, 0x00, 0x4f, 0xff, 0xc2, 0x00, 0x00, 0x00, 0x6f, 0xf8, 0xdf, 0xfe,
    0x30, 0x00, 0x00, 0x1d, 0xff, 0xc1, 0x00, 0x00, 0x00, 0x1e, 0xfc, 0x01, 0xdf, 0xfc, 0x00, 0x00,
    0x07, 0xff, 0xe2, 0x00, 0x00, 0x00, 0x08, 0xff, 0x30, 0x03, 0xff, 0xf5, 0x00, 0x00, 0xdf, 0xf7,
    0x00, 0x00, 0x00, 0x02, 0xef, 0xa0, 0x00, 0x09, 0xff, 0xb0, 0x00, 0x2f, 0xff, 0x20, 0x00, 0x00,
    0x00, 0x9f, 0xf2, 0x00, 0x00, 0x3f, 0xff, 0x10, 0x05, 0xff, 0xd0, 0x00, 0x00, 0x00, 0x3f, 0xf8,
    0x00, 0x00, 0x00, 0xff, 0xf3, 0x00, 0x6f, 0xfb, 0x00, 0x00, 0x00, 0x0b, 0xfe, 0x10, 0x00, 0x00,
    0x0d, 0xff, 0x40, 0x06, 0xff, 0xb0, 0x00, 0x00, 0x05, 0xff, 0x60, 0x00, 0x00, 0x00, 0xdf, 0xf4,
    0x00, 0x5f, 0xfd, 0x00, 0x00, 0x00, 0xdf, 0xd0, 0x00, 0x00, 0x00, 0x0f, 0xff, 0x30, 0x02, 0xff,
    0xf2, 0x00, 0x00, 0x6f, 0xf5, 0x00, 0x00, 0x00, 0x03, 0xff, 0xf1, 0x00, 0x0d, 0xff, 0x70, 0x00,
    0x1e, 0xfb, 0x00, 0x00, 0x00, 0x00, 0x9f, 0xfb, 0x00, 0x00, 0x7f, 0xfe, 0x20, 0x08, 0xff, 0x30,
    0x00, 0x00, 0x00, 0x3f, 0xff, 0x50, 0x00, 0x01, 0xdf, 0xfc, 0x12, 0xff, 0xa0, 0x00, 0x00, 0x00,
    0x1d, 0xff, 0xc0, 0x00, 0x00, 0x04, 0xff, 0xfc, 0xcf, 0xf2, 0x00, 0x00, 0x00, 0x3d, 0xff, 0xe3,
    0x00, 0x00, 0x00, 0x06, 0xff, 0xff, 0xfa, 0x00, 0x00, 0x02, 0x8f, 0xff, 0xf5, 0x00, 0x00, 0x00,
    0x00, 0x05, 0xef, 0xff, 0xfd, 0xba, 0xbd, 0xff, 0xff, 0xe4, 0x00, 0x00, 0x00, 0x00, 0x00, 0x07,
    0xff, 0xff, 0xff, 0xff, 0xff, 0xfe, 0x81, 0x00, 0x00, 0x00, 0x00, 0x00, 0x00, 0xdf, 0xe6, 0xad,
    0xef, 0xed, 0xa6, 0x10, 0x00, 0x00, 0x00, 0x00, 0x00, 0x00, 0x7f, 0xf4, 0x00, 0x00, 0x00, 0x00,
    0x00, 0x00, 0x00, 0x00, 0x00, 0x00, 0x00, 0x1e, 0xfb, 0x00, 0x00, 0x00, 0x00, 0x00, 0x00, 0x00,
    0x00, 0x00, 0x00, 0x00, 0x00, 0x00, 0x08, 0xff, 0xe4, 0x00, 0x00, 0x00, 0x00, 0x00, 0x00, 0x00,
    0x00, 0x00, 0x00, 0x04, 0xef, 0xf6, 0x00, 0x00, 0x00, 0x00, 0x00, 0x00, 0x00, 0x00, 0x00, 0x00,
    0x01, 0xbf, 0xf7, 0x00, 0x00, 0x00, 0x00, 0x00, 0x00, 0x00, 0x00, 0x00, 0x00, 0x00, 0x7f, 0xf8,
    0x00, 0x00, 0x00, 0x00, 0x00, 0x00, 0x00, 0x00, 0x00, 0x00, 0x00, 0x00, 0x00, 0x00, 0x00, 0x00,
    0x00, 0x00, 0x00, 0x00, 0x00, 0x00, 0x00, 0x00, 0x00, 0x00, 0x00, 0x00, 0x00, 0x00, 0x00, 0x0c,
    0xff, 0x60, 0x00, 0x00, 0x00, 0x00, 0x00, 0x0f, 0xff, 0x20, 0x00, 0x00, 0xcf, 0xf6, 0x00, 0x00,
    0x00, 0x00, 0x00, 0x00, 0xff, 0xf2, 0x00, 0x00, 0x0c, 0xff, 0x60, 0x00, 0x00, 0x00, 0x00, 0x00,
    0x0f, 0xff, 0x20, 0x00, 0x00, 0xcf, 0xf6, 0x00, 0x00, 0x00, 0x00, 0x00, 0x00, 0xff, 0xf2, 0x00,
    0x00, 0x0c, 0xff, 0x60, 0x00, 0x00, 0x00, 0x00, 0x00, 0x0f, 0xff, 0x20, 0x00, 0x00, 0xcf, 0xf6,
    0x00, 0x00, 0x00, 0x00, 0x00, 0x00, 0xff, 0xf2, 0x00, 0x00, 0x0c, 0xff, 0x60, 0x00, 0x00, 0x00,
    0x00, 0x00, 0x0f, 0xff, 0x20, 0x00, 0x00, 0xcf, 0xf6, 0x00, 0x00, 0x00, 0x00, 0x00, 0x00, 0xff,
    0xf2, 0x00, 0x00, 0x0c, 0xff, 0x60, 0x00, 0x00, 0x00, 0x00, 0x00, 0x0f, 0xff, 0x20, 0x00, 0x00,
    0xcf, 0xf6, 0x00, 0x00, 0x00, 0x00, 0x00, 0x00, 0xff, 0xf2, 0x00, 0x00, 0x0c, 0xff, 0x60, 0x00,
    0x00, 0x00, 0x00, 0x00, 0x0f, 0xff, 0x20, 0x00, 0x00, 0xcf, 0xf6, 0x00, 0x00, 0x00, 0x00, 0x00,
    0x00, 0xff, 0xf2, 0x00, 0x00, 0x0c, 0xff, 0x60, 0x00, 0x00, 0x00, 0x00, 0x00, 0x0f, 0xff, 0x10,
    0x00, 0x00, 0xbf, 0xf7, 0x00, 0x00, 0x00, 0x00, 0x00, 0x01, 0xff, 0xf0, 0x00, 0x00, 0x0a, 0xff,
    0x90, 0x00, 0x00, 0x00, 0x00, 0x00, 0x3f, 0xfe, 0x00, 0x00, 0x00, 0x7f, 0xfc, 0x00, 0x00, 0x00,
    0x00, 0x00, 0x07, 0xff, 0xb0, 0x00, 0x00, 0x03, 0xff, 0xf4, 0x00, 0x00, 0x00, 0x00, 0x00, 0xdf,
    0xf7, 0x00, 0x00, 0x00, 0x0b, 0xff, 0xd1, 0x00, 0x00, 0x00, 0x00, 0x9f, 0xfe, 0x10, 0x00, 0x00,
    0x00, 0x3e, 0xff, 0xd5, 0x00, 0x00, 0x03, 0xbf, 0xff, 0x60, 0x00, 0x00, 0x00, 0x00, 0x5f, 0xff,
    0xfe, 0xba, 0xbd, 0xff, 0xff, 0x90, 0x00, 0x00, 0x00, 0x00, 0x00, 0x3c, 0xff, 0xff, 0xff, 0xff,
    0xfe, 0x60, 0x00, 0x00, 0x00, 0x00, 0x00, 0x00, 0x04, 0x9c, 0xef, 0xed, 0xa6, 0x10, 0x00, 0x00,
    0x00, 0x00, 0x00, 0x00, 0x00, 0x00, 0x00, 0x01, 0xcf, 0xfb, 0x20, 0x00, 0x00, 0x00, 0x00, 0x00,
    0x00, 0x00, 0x00, 0x02, 0xdf, 0xf8, 0x00, 0x00, 0x00, 0x00, 0x00, 0x00, 0x00, 0x00, 0x00, 0x03,
    0xef, 0xe4, 0x00, 0x00, 0x00, 0x00, 0x00, 0x00, 0x00, 0x00, 0x00, 0x04, 0xef, 0xb1, 0x00, 0x00,
    0x00, 0x00, 0x00, 0x00, 0x00, 0x00, 0x00, 0x00, 0x00, 0x00, 0x00, 0x00, 0x00, 0x00, 0x00, 0x00,
    0x00, 0x00, 0x00, 0x00, 0x00, 0x00, 0x00, 0x00, 0x00, 0x00, 0x00, 0x00, 0x00, 0x0c, 0xff, 0x60,
    0x00, 0x00, 0x00, 0x00, 0x00, 0x0f, 0xff, 0x20, 0x00, 0x00, 0xcf, 0xf6, 0x00, 0x00, 0x00, 0x00,
    0x00, 0x00, 0xff, 0xf2, 0x00, 0x00, 0x0c, 0xff, 0x60, 0x00, 0x00, 0x00, 0x00, 0x00, 0x0f, 0xff,
    0x20, 0x00, 0x00, 0xcf, 0xf6, 0x00, 0x00, 0x00, 0x00, 0x00, 0x00, 0xff, 0xf2, 0x00, 0x00, 0x0c,
    0xff, 0x60, 0x00, 0x00, 0x00, 0x00, 0x00, 0x0f, 0xff, 0x20, 0x00, 0x00, 0xcf, 0xf6, 0x00, 0x00,
    0x00, 0x00, 0x00, 0x00, 0xff, 0xf2, 0x00, 0x00, 0x0c, 0xff, 0x60, 0x00, 0x00, 0x00, 0x00, 0x00,
    0x0f, 0xff, 0x20, 0x00, 0x00, 0xcf, 0xf6, 0x00, 0x00, 0x00, 0x00, 0x00, 0x00, 0xff, 0xf2, 0x00,
    0x00, 0x0c, 0xff, 0x60, 0x00, 0x00, 0x00, 0x00, 0x00, 0x0f, 0xff, 0x20, 0x00, 0x00, 0xcf, 0xf6,
    0x00, 0x00, 0x00, 0x00, 0x00, 0x00, 0xff, 0xf2, 0x00, 0x00, 0x0c, 0xff, 0x60, 0x00, 0x00, 0x00,
    0x00, 0x00, 0x0f, 0xff, 0x20, 0x00, 0x00, 0xcf, 0xf6, 0x00, 0x00, 0x00, 0x00, 0x00, 0x00, 0xff,
    0xf2, 0x00, 0x00, 0x0c, 0xff, 0x60, 0x00, 0x00, 0x00, 0x00, 0x00, 0x0f, 0xff, 0x10, 0x00, 0x00,
    0xbf, 0xf7, 0x00, 0x00, 0x00, 0x00, 0x00, 0x01, 0xff, 0xf0, 0x00, 0x00, 0x0a, 0xff, 0x90, 0x00,
    0x00, 0x00, 0x00, 0x00, 0x3f, 0xfe, 0x00, 0x00, 0x00, 0x7f, 0xfc, 0x00, 0x00, 0x00, 0x00, 0x00,
    0x07, 0xff, 0xb0, 0x00, 0x00, 0x03, 0xff, 0xf4, 0x00, 0x00, 0x00, 0x00, 0x00, 0xdf, 0xf7, 0x00,
    0x00, 0x00, 0x0b, 0xff, 0xd1, 0x00, 0x00, 0x00, 0x00, 0x9f, 0xfe, 0x10, 0x00, 0x00, 0x00, 0x3e,
    0xff, 0xd5, 0x00, 0x00, 0x03, 0xbf, 0xff, 0x60, 0x00, 0x00, 0x00, 0x00, 0x5f, 0xff, 0xfe, 0xba,
    0xbd, 0xff, 0xff, 0x90, 0x00, 0x00, 0x00, 0x00, 0x00, 0x3c, 0xff, 0xff, 0xff, 0xff, 0xfe, 0x60,
    0x00, 0x00, 0x00, 0x00, 0x00, 0x00, 0x04, 0x9c, 0xef, 0xed, 0xa6, 0x10, 0x00, 0x00, 0x00, 0x00,
    0x00, 0x00, 0x00, 0x00, 0x5f, 0xff, 0xa0, 0x00, 0x00, 0x00, 0x00, 0x00, 0x00, 0x00, 0x00, 0x00,
    0x6f, 0xfd, 0xff, 0xb1, 0x00, 0x00, 0x00, 0x00, 0x00, 0x00, 0x00, 0x00, 0x7f, 0xf9, 0x05, 0xef,
    0xb1, 0x00, 0x00, 0x00, 0x00, 0x00, 0x00, 0x00, 0x8f, 0xf6, 0x00, 0x02, 0xdf, 0xc1, 0x00, 0x00,
    0x00, 0x00, 0x00, 0x00, 0x00, 0x00, 0x00, 0x00, 0x00, 0x00, 0x00, 0x00, 0x00, 0x00, 0x00, 0x00,
    0x00, 0x00, 0x00, 0x00, 0x00, 0x00, 0x00, 0x00, 0x00, 0x00, 0x00, 0x0c, 0xff, 0x60, 0x00, 0x00,
    0x00, 0x00, 0x00, 0x0f, 0xff, 0x20, 0x00, 0x00, 0xcf, 0xf6, 0x00, 0x00, 0x00, 0x00, 0x00, 0x00,
    0xff, 0xf2, 0x00, 0x00, 0x0c, 0xff, 0x60, 0x00, 0x00, 0x00, 0x00, 0x00, 0x0f, 0xff, 0x20, 0x00,
    0x00, 0xcf, 0xf6, 0x00, 0x00, 0x00, 0x00, 0x00, 0x00, 0xff, 0xf2, 0x00, 0x00, 0x0c, 0xff, 0x60,
    0x00, 0x00, 0x00, 0x00, 0x00, 0x0f, 0xff, 0x20, 0x00, 0x00, 0xcf, 0xf6, 0x00, 0x00, 0x00, 0x00,
    0x00, 0x00, 0xff, 0xf2, 0x00, 0x00, 0x0c, 0xff, 0x60, 0x00, 0x00, 0x00, 0x00, 0x00, 0x0f, 0xff,
    0x20, 0x00, 0x00, 0xcf, 0xf6, 0x00, 0x00, 0x00, 0x00, 0x00, 0x00, 0xff, 0xf2, 0x00, 0x00, 0x0c,
    0xff, 0x60, 0x00, 0x00, 0x00, 0x00, 0x00, 0x0f, 0xff, 0x20, 0x00, 0x00, 0xcf, 0xf6, 0x00, 0x00,
    0x00, 0x00, 0x00, 0x00, 0xff, 0xf2, 0x00, 0x00, 0x0c, 0xff, 0x60, 0x00, 0x00, 0x00, 0x00, 0x00,
    0x0f, 0xff, 0x20, 0x00, 0x00, 0xcf, 0xf6, 0x00, 0x00, 0x00, 0x00, 0x00, 0x00, 0xff, 0xf2, 0x00,
    0x00, 0x0c, 0xff, 0x60, 0x00, 0x00, 0x00, 0x00, 0x00, 0x0f, 0xff, 0x10, 0x00, 0x00, 0xbf, 0xf7,
    0x00, 0x00, 0x00, 0x00, 0x00, 0x01, 0xff, 0xf0, 0x00, 0x00, 0x0a, 0xff, 0x90, 0x00, 0x00, 0x00,
    0x00, 0x00, 0x3f, 0xfe, 0x00, 0x00, 0x00, 0x7f, 0xfc, 0x00, 0x00, 0x00, 0x00, 0x00, 0x07, 0xff,
    0xb0, 0x00, 0x00, 0x03, 0xff, 0xf4, 0x00, 0x00, 0x00, 0x00, 0x00, 0xdf, 0xf7, 0x00, 0x00, 0x00,
    0x0b, 0xff, 0xd1, 0x00, 0x00, 0x00, 0x00, 0x9f, 0xfe, 0x10, 0x00, 0x00, 0x00, 0x3e, 0xff, 0xd5,
    0x00, 0x00, 0x03, 0xbf, 0xff, 0x60, 0x00, 0x00, 0x00, 0x00, 0x5f, 0xff, 0xfe, 0xba, 0xbd, 0xff,
    0xff, 0x90, 0x00, 0x00, 0x00, 0x00, 0x00, 0x3c, 0xff, 0xff, 0xff, 0xff, 0xfe, 0x60, 0x00, 0x00,
    0x00, 0x00, 0x00, 0x00, 0x04, 0x9c, 0xef, 0xed, 0xa6, 0x10, 0x00, 0x00, 0x00, 0x00, 0x00, 0x00,
    0x00, 0x39, 0x70, 0x00, 0x49, 0x60, 0x00, 0x00, 0x00, 0x00, 0x00, 0x00, 0x00, 0x0d, 0xff, 0x40,
    0x0e, 0xff, 0x30, 0x00, 0x00, 0x00, 0x00, 0x00, 0x00, 0x00, 0x7e, 0xc1, 0x00, 0x8e, 0xb1, 0x00,
    0x00, 0x00, 0x00, 0x00, 0x00, 0x00, 0x00, 0x00, 0x00, 0x00, 0x00, 0x00, 0x00, 0x00, 0x00, 0x00,
    0x00, 0x00, 0x00, 0x00, 0x00, 0x00, 0x00, 0x00, 0x00, 0x00, 0x00, 0x00, 0x00, 0x00, 0x00, 0x00,
    0x00, 0x00, 0x00, 0x00, 0x00, 0x00, 0x00, 0x00, 0x00, 0x0c, 0xff, 0x60, 0x00, 0x00, 0x00, 0x00,
    0x00, 0x0f, 0xff, 0x20, 0x00, 0x00, 0xcf, 0xf6, 0x00, 0x00, 0x00, 0x00, 0x00, 0x00, 0xff, 0xf2,
    0x00, 0x00, 0x0c, 0xff, 0x60, 0x00, 0x00, 0x00, 0x00, 0x00, 0x0f, 0xff, 0x20, 0x00, 0x00, 0xcf,
    0xf6, 0x00, 0x00, 0x00, 0x00, 0x00, 0x00, 0xff, 0xf2, 0x00, 0x00, 0x0c, 0xff, 0x60, 0x00, 0x00,
    0x00, 0x00, 0x00, 0x0f, 0xff, 0x20, 0x00, 0x00, 0xcf, 0xf6, 0x00, 0x00, 0x00, 0x00, 0x00, 0x00,
    0xff, 0xf2, 0x00, 0x00, 0x0c, 0xff, 0x60, 0x00, 0x00, 0x00, 0x00, 0x00, 0x0f, 0xff, 0x20, 0x00,
    0x00, 0xcf, 0xf6, 0x00, 0x00, 0x00, 0x00, 0x00, 0x00, 0xff, 0xf2, 0x00, 0x00, 0x0c, 0xff, 0x60,
    0x00, 0x00, 0x00, 0x00, 0x00, 0x0f, 0xff, 0x20, 0x00, 0x00, 0xcf, 0xf6, 0x00, 0x00, 0x00, 0x00,
    0x00, 0x00, 0xff, 0xf2, 0x00, 0x00, 0x0c, 0xff, 0x60, 0x00, 0x00, 0x00, 0x00, 0x00, 0x0f, 0xff,
    0x20, 0x00, 0x00, 0xcf, 0xf6, 0x00, 0x00, 0x00, 0x00, 0x00, 0x00, 0xff, 0xf2, 0x00, 0x00, 0x0c,
    0xff, 0x60, 0x00, 0x00, 0x00, 0x00, 0x00, 0x0f, 0xff, 0x10, 0x00, 0x00, 0xbf, 0xf7, 0x00, 0x00,
    0x00, 0x00, 0x00, 0x01, 0xff, 0xf0, 0x00, 0x00, 0x0a, 0xff, 0x90, 0x00, 0x00, 0x00, 0x00, 0x00,
    0x3f, 0xfe, 0x00, 0x00, 0x00, 0x7f, 0xfc, 0x00, 0x00, 0x00, 0x00, 0x00, 0x07, 0xff, 0xb0, 0x00,
    0x00, 0x03, 0xff, 0xf4, 0x00, 0x00, 0x00, 0x00, 0x00, 0xdf, 0xf7, 0x00, 0x00, 0x00, 0x0b, 0xff,
    0xd1, 0x00, 0x00, 0x00, 0x00, 0x9f, 0xfe, 0x10, 0x00, 0x00, 0x00, 0x3e, 0xff, 0xd5, 0x00, 0x00,
    0x03, 0xbf, 0xff, 0x60, 0x00, 0x00, 0x00, 0x00, 0x5f, 0xff, 0xfe, 0xba, 0xbd, 0xff, 0xff, 0x90,
    0x00, 0x00, 0x00, 0x00, 0x00, 0x3c, 0xff, 0xff, 0xff, 0xff, 0xfe, 0x60, 0x00, 0x00, 0x00, 0x00,
    0x00, 0x00, 0x04, 0x9c, 0xef, 0xed, 0xa6, 0x10, 0x00, 0x00, 0x00, 0x00, 0x00, 0x00, 0x00, 0x00,
    0x00, 0x4e, 0xff, 0x80, 0x00, 0x00, 0x00, 0x00, 0x00, 0x00, 0x00, 0x05, 0xff, 0xe4, 0x00, 0x00,
    0x00, 0x00, 0x00, 0x00, 0x00, 0x00, 0x6f, 0xfb, 0x20, 0x00, 0x00, 0x00, 0x00, 0x00, 0x00, 0x00,
    0x07, 0xff, 0x80, 0x00, 0x00, 0x00, 0x00, 0x00, 0x00, 0x00, 0x00, 0x00, 0x00, 0x00, 0x00, 0x00,
    0x00, 0x00, 0x00, 0x00, 0x00, 0x00, 0x00, 0x00, 0x00, 0x00, 0x00, 0x00, 0x00, 0x0c, 0xff, 0x90,
    0x00, 0x00, 0x00, 0x00, 0x00, 0x00, 0xaf, 0xf8, 0x03, 0xff, 0xf3, 0x00, 0x00, 0x00, 0x00, 0x00,
    0x04, 0xff, 0xd1, 0x00, 0x9f, 0xfc, 0x00, 0x00, 0x00, 0x00, 0x00, 0x0d, 0xff, 0x40, 0x00, 0x1e,
    0xff, 0x70, 0x00, 0x00, 0x00, 0x00, 0x8f, 0xfa, 0x00, 0x00, 0x05, 0xff, 0xe2, 0x00, 0x00, 0x00,
    0x02, 0xff, 0xe1, 0x00, 0x00, 0x00, 0xbf, 0xfa, 0x00, 0x00, 0x00, 0x0b, 0xff, 0x60, 0x00, 0x00,
    0x00, 0x2f, 0xff, 0x50, 0x00, 0x00, 0x6f, 0xfc, 0x00, 0x00, 0x00, 0x00, 0x07, 0xff, 0xd1, 0x00,
    0x01, 0xef, 0xf3, 0x00, 0x00, 0x00, 0x00, 0x00, 0xdf, 0xf8, 0x00, 0x09, 0xff, 0x80, 0x00, 0x00,
    0x00, 0x00, 0x00, 0x4f, 0xff, 0x30, 0x3f, 0xfd, 0x10, 0x00, 0x00, 0x00, 0x00, 0x00, 0x09, 0xff,
    0xc0, 0xcf, 0xf5, 0x00, 0x00, 0x00, 0x00, 0x00, 0x00, 0x01, 0xef, 0xfc, 0xff, 0xb0, 0x00, 0x00,
    0x00, 0x00, 0x00, 0x00, 0x00, 0x6f, 0xff, 0xfe, 0x20, 0x00, 0x00, 0x00, 0x00, 0x00, 0x00, 0x00,
    0x0b, 0xff, 0xf7, 0x00, 0x00, 0x00, 0x00, 0x00, 0x00, 0x00, 0x00, 0x04, 0xff, 0xe0, 0x00, 0x00,
    0x00, 0x00, 0x00, 0x00, 0x00, 0x00, 0x04, 0xff, 0xe0, 0x00, 0x00, 0x00, 0x00, 0x00, 0x00, 0x00,
    0x00, 0x04, 0xff, 0xe0, 0x00, 0x00, 0x00, 0x00, 0x00, 0x00, 0x00, 0x00, 0x04, 0xff, 0xe0, 0x00,
    0x00, 0x00, 0x00, 0x00, 0x00, 0x00, 0x00, 0x04, 0xff, 0xe0, 0x00, 0x00, 0x00, 0x00, 0x00, 0x00,
    0x00, 0x00, 0x04, 0xff, 0xe0, 0x00, 0x00, 0x00, 0x00, 0x00, 0x00, 0x00, 0x00, 0x04, 0xff, 0xe0,
    0x00, 0x00, 0x00, 0x00, 0x00, 0x00, 0x00, 0x00, 0x04, 0xff, 0xe0, 0x00, 0x00, 0x00, 0x00, 0x00,
    0x0a, 0xff, 0x80, 0x00, 0x00, 0x00, 0x00, 0x00, 0x00, 0x00, 0x00, 0x00, 0xaf, 0xf8, 0x00, 0x00,
    0x00, 0x00, 0x00, 0x00, 0x00, 0x00, 0x00, 0x0a, 0xff, 0xda, 0xaa, 0xaa, 0xa9, 0x74, 0x00, 0x00,
    0x00, 0x00, 0x00, 0xaf, 0xff, 0xff, 0xff, 0xff, 0xff, 0xfe, 0x70, 0x00, 0x00, 0x00, 0x0a, 0xff,
    0xff, 0xff, 0xff, 0xff, 0xff, 0xff, 0xc2, 0x00, 0x00, 0x00, 0xaf, 0xf8, 0x00, 0x00, 0x00, 0x25,
    0xaf, 0xff, 0xd1, 0x00, 0x00, 0x0a, 0xff, 0x80, 0x00, 0x00, 0x00, 0x00, 0x4f, 0xff, 0x80, 0x00,
    0x00, 0xaf, 0xf8, 0x00, 0x00, 0x00, 0x00, 0x00, 0x7f, 0xfe, 0x00, 0x00, 0x0a, 0xff, 0x80, 0x00,
    0x00, 0x00, 0x00, 0x01, 0xff, 0xf4, 0x00, 0x00, 0xaf, 0xf8, 0x00, 0x00, 0x00, 0x00, 0x00, 0x0c,
    0xff, 0x60, 0x00, 0x0a, 0xff, 0x80, 0x00, 0x00, 0x00, 0x00, 0x00, 0xcf, 0xf6, 0x00, 0x00, 0xaf,
    0xf8, 0x00, 0x00, 0x00, 0x00, 0x00, 0x0e, 0xff, 0x50, 0x00, 0x0a, 0xff, 0x80, 0x00, 0x00, 0x00,
    0x00, 0x04, 0xff, 0xf2, 0x00, 0x00, 0xaf, 0xf8, 0x00, 0x00, 0x00, 0x00, 0x01, 0xdf, 0xfb, 0x00,
    0x00, 0x0a, 0xff, 0x80, 0x00, 0x00, 0x00, 0x05, 0xdf, 0xff, 0x30, 0x00, 0x00, 0xaf, 0xfd, 0xaa,
    0xaa, 0xab, 0xce, 0xff, 0xff, 0x50, 0x00, 0x00, 0x0a, 0xff, 0xff, 0xff, 0xff, 0xff, 0xff, 0xfd,
    0x30, 0x00, 0x00, 0x00, 0xaf, 0xff, 0xff, 0xff, 0xff, 0xec, 0x94, 0x00, 0x00, 0x00, 0x00, 0x0a,
    0xff, 0x80, 0x00, 0x00, 0x00, 0x00, 0x00, 0x00, 0x00, 0x00, 0x00, 0xaf, 0xf8, 0x00, 0x00, 0x00,
    0x00, 0x00, 0x00, 0x00, 0x00, 0x00, 0x0a, 0xff, 0x80, 0x00, 0x00, 0x00, 0x00, 0x00, 0x00, 0x00,
    0x00, 0x00, 0xaf, 0xf8, 0x00, 0x00, 0x00, 0x00, 0x00, 0x00, 0x00, 0x00, 0x00, 0x00, 0x00, 0x05,
    0xad, 0xee, 0xda, 0x40, 0x00, 0x00, 0x00, 0x00, 0x00, 0x03, 0xcf, 0xff, 0xff, 0xff, 0xfb, 0x20,
    0x00, 0x00, 0x00, 0x00, 0x3e, 0xff, 0xfd, 0xbb, 0xdf, 0xff, 0xd1, 0x00, 0x00, 0x00, 0x01, 0xdf,
    0xfc, 0x30, 0x00, 0x04, 0xdf, 0xf9, 0x00, 0x00, 0x00, 0x06, 0xff, 0xd1, 0x00, 0x00, 0x00, 0x3f,
    0xff, 0x10, 0x00, 0x00, 0x0c, 0xff, 0x60, 0x00, 0x00, 0x00, 0x0b, 0xff, 0x40, 0x00, 0x00, 0x0e,
    0xff, 0x20, 0x00, 0x00, 0x00, 0x0a, 0xff, 0x50, 0x00, 0x00, 0x1f, 0xff, 0x00, 0x00, 0x00, 0x00,
    0x0b, 0xff, 0x40, 0x00, 0x00, 0x1f, 0xff, 0x00, 0x00, 0x00, 0x00, 0x1e, 0xfe, 0x10, 0x00, 0x00,
    0x1f, 0xff, 0x00, 0x00, 0x00, 0x00, 0xaf, 0xf9, 0x00, 0x00, 0x00, 0x1f, 0xff, 0x00, 0x00, 0x02,
    0x5c, 0xff, 0xc1, 0x00, 0x00, 0x00, 0x1f, 0xff, 0x00, 0x00, 0xcf, 0xff, 0xfd, 0x10, 0x00, 0x00,
    0x00, 0x1f, 0xff, 0x00, 0x00, 0xcf, 0xff, 0xff, 0xd6, 0x00, 0x00, 0x00, 0x1f, 0xff, 0x00, 0x00,
    0x8a, 0xbd, 0xff, 0xff, 0x90, 0x00, 0x00, 0x1f, 0xff, 0x00, 0x00, 0x00, 0x00, 0x28, 0xff, 0xf6,
    0x00, 0x00, 0x1f, 0xff, 0x00, 0x00, 0x00, 0x00, 0x00, 0x6f, 0xfe, 0x00, 0x00, 0x1f, 0xff, 0x00,
    0x00, 0x00, 0x00, 0x00, 0x0e, 0xff, 0x20, 0x00, 0x1f, 0xff, 0x00, 0x00, 0x00, 0x00, 0x00, 0x0d,
    0xff, 0x30, 0x00, 0x1f, 0xff, 0x00, 0x00, 0x00, 0x00, 0x00, 0x0e, 0xff, 0x20, 0x00, 0x1f, 0xff,
    0x00, 0x00, 0x00, 0x00, 0x00, 0x6f, 0xfe, 0x00, 0x00, 0x1f, 0xff, 0x00, 0x00, 0x00, 0x00, 0x17,
    0xff, 0xf7, 0x00, 0x00, 0x1f, 0xff, 0x00, 0x0b, 0xcb, 0xac, 0xef, 0xff, 0xc1, 0x00, 0x00, 0x1f,
    0xff, 0x00, 0x0e, 0xff, 0xff, 0xff, 0xfa, 0x10, 0x00, 0x00, 0x1f, 0xff, 0x00, 0x1a, 0xde, 0xfe,
    0xc8, 0x30, 0x00, 0x00, 0x00, 0x02, 0xbf, 0xfc, 0x10, 0x00, 0x00, 0x00, 0x00, 0x00, 0x00, 0x00,
    0x8f, 0xfd, 0x20, 0x00, 0x00, 0x00, 0x00, 0x00, 0x00, 0x00, 0x4e, 0xfe, 0x30, 0x00, 0x00, 0x00,
    0x00, 0x00, 0x00, 0x00, 0x1b, 0xfe, 0x40, 0x00, 0x00, 0x00, 0x00, 0x00, 0x00, 0x00, 0x00, 0x00,
    0x00, 0x00, 0x00, 0x00, 0x00, 0x00, 0x00, 0x00, 0x00, 0x00, 0x00, 0x00, 0x00, 0x00, 0x00, 0x27,
    0xbd, 0xef, 0xeb, 0x61, 0x00, 0x00, 0x00, 0x02, 0xaf, 0xff, 0xff, 0xff, 0xff, 0xe4, 0x00, 0x00,
    0x00, 0xbf, 0xff, 0xec, 0xab, 0xdf, 0xff, 0xe3, 0x00, 0x00, 0x03, 0xfa, 0x40, 0x00, 0x00, 0x4d,
    0xff, 0xb0, 0x00, 0x00, 0x02, 0x00, 0x00, 0x00, 0x00, 0x3f, 0xff, 0x10, 0x00, 0x00, 0x00, 0x00,
    0x00, 0x00, 0x00, 0xdf, 0xf4, 0x00, 0x00, 0x00, 0x00, 0x00, 0x00, 0x00, 0x0b, 0xff, 0x50, 0x00,
    0x00, 0x05, 0xad, 0xef, 0xff, 0xff, 0xff, 0xf5, 0x00, 0x00, 0x1c, 0xff, 0xff, 0xff, 0xff, 0xff,
    0xff, 0x50, 0x00, 0x0b, 0xff, 0xfd, 0xba, 0xaa, 0xaa, 0xef, 0xf5, 0x00, 0x02, 0xff, 0xf6, 0x00,
    0x00, 0x00, 0x0b, 0xff, 0x50, 0x00, 0x5f, 0xfb, 0x00, 0x00, 0x00, 0x00, 0xbf, 0xf5, 0x00, 0x05,
    0xff, 0xc0, 0x00, 0x00, 0x00, 0x4f, 0xff, 0x50, 0x00, 0x2f, 0xff, 0x70, 0x00, 0x01, 0x6e, 0xff,
    0xf5, 0x00, 0x00, 0xaf, 0xff, 0xeb, 0xac, 0xef, 0xfc, 0xff, 0x50, 0x00, 0x01, 0xbf, 0xff, 0xff,
    0xff, 0xe6, 0x8f, 0xf5, 0x00, 0x00, 0x00, 0x5a, 0xdf, 0xec, 0x82, 0x08, 0xff, 0x50, 0x00, 0x00,
    0x00, 0x00, 0x00, 0x00, 0x5f, 0xff, 0x80, 0x00, 0x00, 0x00, 0x00, 0x00, 0x00, 0x6f, 0xfe, 0x40,
    0x00, 0x00, 0x00, 0x00, 0x00, 0x00, 0x7f, 0xfb, 0x10, 0x00, 0x00, 0x00, 0x00, 0x00, 0x00, 0x8f,
    0xf7, 0x00, 0x00, 0x00, 0x00, 0x00, 0x00, 0x00, 0x00, 0x00, 0x00, 0x00, 0x00, 0x00, 0x00, 0x00,
    0x00, 0x00, 0x00, 0x00, 0x00, 0x00, 0x00, 0x00, 0x00, 0x00, 0x27, 0xbd, 0xef, 0xeb, 0x61, 0x00,
    0x00, 0x00, 0x02, 0xaf, 0xff, 0xff, 0xff, 0xff, 0xe4, 0x00, 0x00, 0x00, 0xbf, 0xff, 0xec, 0xab,
    0xdf, 0xff, 0xe3, 0x00, 0x00, 0x03, 0xfa, 0x40, 0x00, 0x00, 0x4d, 0xff, 0xb0, 0x00, 0x00, 0x02,
    0x00, 0x00, 0x00, 0x00, 0x3f, 0xff, 0x10, 0x00, 0x00, 0x00, 0x00, 0x00, 0x00, 0x00, 0xdf, 0xf4,
    0x00, 0x00, 0x00, 0x00, 0x00, 0x00, 0x00, 0x0b, 0xff, 0x50, 0x00, 0x00, 0x05, 0xad, 0xef, 0xff,
    0xff, 0xff, 0xf5, 0x00, 0x00, 0x1c, 0xff, 0xff, 0xff, 0xff, 0xff, 0xff, 0x50, 0x00, 0x0b, 0xff,
    0xfd, 0xba, 0xaa, 0xaa, 0xef, 0xf5, 0x00, 0x02, 0xff, 0xf6, 0x00, 0x00, 0x00, 0x0b, 0xff, 0x50,
    0x00, 0x5f, 0xfb, 0x00, 0x00, 0x00, 0x00, 0xbf, 0xf5, 0x00, 0x05, 0xff, 0xc0, 0x00, 0x00, 0x00,
    0x4f, 0xff, 0x50, 0x00, 0x2f, 0xff, 0x70, 0x00, 0x01, 0x6e, 0xff, 0xf5, 0x00, 0x00, 0xaf, 0xff,
    0xeb, 0xac, 0xef, 0xfc, 0xff, 0x50, 0x00, 0x01, 0xbf, 0xff, 0xff, 0xff, 0xe6, 0x8f, 0xf5, 0x00,
    0x00, 0x00, 0x5a, 0xdf, 0xec, 0x82, 0x08, 0xff, 0x50, 0x00, 0x00, 0x00, 0x00, 0x0a, 0xff, 0xf5,
    0x00, 0x00, 0x00, 0x00, 0x00, 0x00, 0x1b, 0xff, 0xdf, 0xf6, 0x00, 0x00, 0x00, 0x00, 0x00, 0x1b,
    0xfe, 0x50, 0x9f, 0xf7, 0x00, 0x00, 0x00, 0x00, 0x1c, 0xfd, 0x20, 0x00, 0x6f, 0xf8, 0x00, 0x00,
    0x00, 0x00, 0x00, 0x00, 0x00, 0x00, 0x00, 0x00, 0x00, 0x00, 0x00, 0x00, 0x00, 0x00, 0x00, 0x00,
    0x00, 0x00, 0x00, 0x00, 0x00, 0x27, 0xbd, 0xef, 0xeb, 0x61, 0x00, 0x00, 0x00, 0x02, 0xaf, 0xff,
    0xff, 0xff, 0xff, 0xe4, 0x00, 0x00, 0x00, 0xbf, 0xff, 0xec, 0xab, 0xdf, 0xff, 0xe3, 0x00, 0x00,
    0x03, 0xfa, 0x40, 0x00, 0x00, 0x4d, 0xff, 0xb0, 0x00, 0x00, 0x02, 0x00, 0x00, 0x00, 0x00, 0x3f,
    0xff, 0x10, 0x00, 0x00, 0x00, 0x00, 0x00, 0x00, 0x00, 0xdf, 0xf4, 0x00, 0x00, 0x00, 0x00, 0x00,
    0x00, 0x00, 0x0b, 0xff, 0x50, 0x00, 0x00, 0x05, 0xad, 0xef, 0xff, 0xff, 0xff, 0xf5, 0x00, 0x00,
    0x1c, 0xff, 0xff, 0xff, 0xff, 0xff, 0xff, 0x50, 0x00, 0x0b, 0xff, 0xfd, 0xba, 0xaa, 0xaa, 0xef,
    0xf5, 0x00, 0x02, 0xff, 0xf6, 0x00, 0x00, 0x00, 0x0b, 0xff, 0x50, 0x00, 0x5f, 0xfb, 0x00, 0x00,
    0x00, 0x00, 0xbf, 0xf5, 0x00, 0x05, 0xff, 0xc0, 0x00, 0x00, 0x00, 0x4f, 0xff, 0x50, 0x00, 0x2f,
    0xff, 0x70, 0x00, 0x01, 0x6e, 0xff, 0xf5, 0x00, 0x00, 0xaf, 0xff, 0xeb, 0xac, 0xef, 0xfc, 0xff,
    0x50, 0x00, 0x01, 0xbf, 0xff, 0xff, 0xff, 0xe6, 0x8f, 0xf5, 0x00, 0x00, 0x00, 0x5a, 0xdf, 0xec,
    0x82, 0x08, 0xff, 0x50, 0x00, 0x00, 0x00, 0x07, 0xee, 0x91, 0x00, 0x1c, 0x70, 0x00, 0x00, 0x00,
    0x06, 0xff, 0xef, 0xd3, 0x08, 0xf7, 0x00, 0x00, 0x00, 0x00, 0xcf, 0x30, 0x7f, 0xfe, 0xfe, 0x10,
    0x00, 0x00, 0x00, 0x0f, 0xb0, 0x00, 0x3c, 0xfc, 0x40, 0x00, 0x00, 0x00, 0x00, 0x00, 0x00, 0x00,
    0x00, 0x00, 0x00, 0x00, 0x00, 0x00, 0x00, 0x00, 0x00, 0x00, 0x00, 0x00, 0x00, 0x00, 0x00, 0x00,
    0x27, 0xbd, 0xef, 0xeb, 0x61, 0x00, 0x00, 0x00, 0x02, 0xaf, 0xff, 0xff, 0xff, 0xff, 0xe4, 0x00,
    0x00, 0x00, 0xbf, 0xff, 0xec, 0xab, 0xdf, 0xff, 0xe3, 0x00, 0x00, 0x03, 0xfa, 0x40, 0x00, 0x00,
    0x4d, 0xff, 0xb0, 0x00, 0x00, 0x02, 0x00, 0x00, 0x00, 0x00, 0x3f, 0xff, 0x10, 0x00, 0x00, 0x00,
    0x00, 0x00, 0x00, 0x00, 0xdf, 0xf4, 0x00, 0x00, 0x00, 0x00, 0x00, 0x00, 0x00, 0x0b, 0xff, 0x50,
    0x00, 0x00, 0x05, 0xad, 0xef, 0xff, 0xff, 0xff, 0xf5, 0x00, 0x00, 0x1c, 0xff, 0xff, 0xff, 0xff,
    0xff, 0xff, 0x50, 0x00, 0x0b, 0xff, 0xfd, 0xba, 0xaa, 0xaa, 0xef, 0xf5, 0x00, 0x02, 0xff, 0xf6,
    0x00, 0x00, 0x00, 0x0b, 0xff, 0x50, 0x00, 0x5f, 0xfb, 0x00, 0x00, 0x00, 0x00, 0xbf, 0xf5, 0x00,
    0x05, 0xff, 0xc0, 0x00, 0x00, 0x00, 0x4f, 0xff, 0x50, 0x00, 0x2f, 0xff, 0x70, 0x00, 0x01, 0x6e,
    0xff, 0xf5, 0x00, 0x00, 0xaf, 0xff, 0xeb, 0xac, 0xef, 0xfc, 0xff, 0x50, 0x00, 0x01, 0xbf, 0xff,
    0xff, 0xff, 0xe6, 0x8f, 0xf5, 0x00, 0x00, 0x00, 0x5a, 0xdf, 0xec, 0x82, 0x08, 0xff, 0x50, 0x00,
    0x00, 0x00, 0x07, 0x94, 0x00, 0x07, 0x93, 0x00, 0x00, 0x00, 0x00, 0x03, 0xff, 0xe0, 0x04, 0xff,
    0xd0, 0x00, 0x00, 0x00, 0x00, 0x1b, 0xe8, 0x00, 0x1c, 0xe7, 0x00, 0x00, 0x00, 0x00, 0x00, 0x00,
    0x00, 0x00, 0x00, 0x00, 0x00, 0x00, 0x00, 0x00, 0x00, 0x00, 0x00, 0x00, 0x00, 0x00, 0x00, 0x00,
    0x00, 0x00, 0x00, 0x00, 0x00, 0x00, 0x00, 0x00, 0x00, 0x00, 0x00, 0x27, 0xbd, 0xef, 0xeb, 0x61,
    0x00, 0x00, 0x00, 0x02, 0xaf, 0xff, 0xff, 0xff, 0xff, 0xe4, 0x00, 0x00, 0x00, 0xbf, 0xff, 0xec,
    0xab, 0xdf, 0xff, 0xe3, 0x00, 0x00, 0x03, 0xfa, 0x40, 0x00, 0x00, 0x4d, 0xff, 0xb0, 0x00, 0x00,
    0x02, 0x00, 0x00, 0x00, 0x00, 0x3f, 0xff, 0x10, 0x00, 0x00, 0x00, 0x00, 0x00, 0x00, 0x00, 0xdf,
    0xf4, 0x00, 0x00, 0x00, 0x00, 0x00, 0x00, 0x00, 0x0b, 0xff, 0x50, 0x00, 0x00, 0x05, 0xad, 0xef,
    0xff, 0xff, 0xff, 0xf5, 0x00, 0x00, 0x1c, 0xff, 0xff, 0xff, 0xff, 0xff, 0xff, 0x50, 0x00, 0x0b,
    0xff, 0xfd, 0xba, 0xaa, 0xaa, 0xef, 0xf5, 0x00, 0x02, 0xff, 0xf6, 0x00, 0x00, 0x00, 0x0b, 0xff,
    0x50, 0x00, 0x5f, 0xfb, 0x00, 0x00, 0x00, 0x00, 0xbf, 0xf5, 0x00, 0x05, 0xff, 0xc0, 0x00, 0x00,
    0x00, 0x4f, 0xff, 0x50, 0x00, 0x2f, 0xff, 0x70, 0x00, 0x01, 0x6e, 0xff, 0xf5, 0x00, 0x00, 0xaf,
    0xff, 0xeb, 0xac, 0xef, 0xfc, 0xff, 0x50, 0x00, 0x01, 0xbf, 0xff, 0xff, 0xff, 0xe6, 0x8f, 0xf5,
    0x00, 0x00, 0x00, 0x5a, 0xdf, 0xec, 0x82, 0x08, 0xff, 0x50, 0x00, 0x00, 0x00, 0x00, 0x07, 0xde,
    0xb3, 0x00, 0x00, 0x00, 0x00, 0x00, 0x00, 0x07, 0xe6, 0x4a, 0xe2, 0x00, 0x00, 0x00, 0x00, 0x00,
    0x01, 0xf7, 0x00, 0x0d, 0xa0, 0x00, 0x00, 0x00, 0x00, 0x00, 0x3f, 0x40, 0x00, 0xac, 0x00, 0x00,
    0x00, 0x00, 0x00, 0x01, 0xf6, 0x00, 0x0c, 0xb0, 0x00, 0x00, 0x00, 0x00, 0x00, 0x0a, 0xd3, 0x17,
    0xf4, 0x00, 0x00, 0x00, 0x00, 0x00, 0x00, 0x1a, 0xff, 0xe6, 0x00, 0x00, 0x00, 0x00, 0x00, 0x00,
    0x00, 0x01, 0x20, 0x00, 0x00, 0x00, 0x00, 0x00, 0x00, 0x00, 0x00, 0x00, 0x00, 0x00, 0x00, 0x00,
    0x00, 0x00, 0x02, 0x7b, 0xde, 0xfe, 0xb6, 0x10, 0x00, 0x00, 0x00, 0x2a, 0xff, 0xff, 0xff, 0xff,
    0xfe, 0x40, 0x00, 0x00, 0x0b, 0xff, 0xfe, 0xca, 0xbd, 0xff, 0xfe, 0x30, 0x00, 0x00, 0x3f, 0xa4,
    0x00, 0x00, 0x04, 0xdf, 0xfb, 0x00, 0x00, 0x00, 0x20, 0x00, 0x00, 0x00, 0x03, 0xff, 0xf1, 0x00,
    0x00, 0x00, 0x00, 0x00, 0x00, 0x00, 0x0d, 0xff, 0x40, 0x00, 0x00, 0x00, 0x00, 0x00, 0x00, 0x00,
    0xbf, 0xf5, 0x00, 0x00, 0x00, 0x5a, 0xde, 0xff, 0xff, 0xff, 0xff, 0x50, 0x00, 0x01, 0xcf, 0xff,
    0xff, 0xff, 0xff, 0xff, 0xf5, 0x00, 0x00, 0xbf, 0xff, 0xdb, 0xaa, 0xaa, 0xae, 0xff, 0x50, 0x00,
    0x2f, 0xff, 0x60, 0x00, 0x00, 0x00, 0xbf, 0xf5, 0x00, 0x05, 0xff, 0xb0, 0x00, 0x00, 0x00, 0x0b,
    0xff, 0x50, 0x00, 0x5f, 0xfc, 0x00, 0x00, 0x00, 0x04, 0xff, 0xf5, 0x00, 0x02, 0xff, 0xf7, 0x00,
    0x00, 0x16, 0xef, 0xff, 0x50, 0x00, 0x0a, 0xff, 0xfe, 0xba, 0xce, 0xff, 0xcf, 0xf5, 0x00, 0x00,
    0x1b, 0xff, 0xff, 0xff, 0xfe, 0x68, 0xff, 0x50, 0x00, 0x00, 0x05, 0xad, 0xfe, 0xc8, 0x20, 0x8f,
    0xf5, 0x00, 0x00, 0x00, 0x27, 0xbd, 0xee, 0xdb, 0x61, 0x00, 0x00, 0x5a, 0xde, 0xed, 0x93, 0x00,
    0x00, 0x00, 0x00, 0x2a, 0xff, 0xff, 0xff, 0xff, 0xfd, 0x30, 0x2c, 0xff, 0xff, 0xff, 0xff, 0xa1,
    0x00, 0x00, 0x00, 0xbf, 0xff, 0xec, 0xab, 0xdf, 0xff, 0xd4, 0xef, 0xff, 0xdb, 0xbe, 0xff, 0xfc,
    0x10, 0x00, 0x00, 0x3f, 0xa4, 0x00, 0x00, 0x04, 0xdf, 0xff, 0xff, 0xa2, 0x00, 0x00, 0x5d, 0xff,
    0xa0, 0x00, 0x00, 0x02, 0x00, 0x00, 0x00, 0x00, 0x3f, 0xff, 0xf9, 0x00, 0x00, 0x00, 0x01, 0xcf,
    0xf5, 0x00, 0x00, 0x00, 0x00, 0x00, 0x00, 0x00, 0x0d, 0xff, 0xd0, 0x00, 0x00, 0x00, 0x00, 0x3f,
    0xfc, 0x00, 0x00, 0x00, 0x00, 0x00, 0x00, 0x00, 0x0b, 0xff, 0x80, 0x00, 0x00, 0x00, 0x00, 0x0d,
    0xff, 0x10, 0x00, 0x00, 0x5a, 0xde, 0xff, 0xff, 0xff, 0xff, 0xff, 0xff, 0xff, 0xff, 0xff, 0xff,
    0xff, 0x30, 0x00, 0x1b, 0xff, 0xff, 0xff, 0xff, 0xff, 0xff, 0xff, 0xff, 0xff, 0xff, 0xff, 0xff,
    0xff, 0x40, 0x00, 0xbf, 0xff, 0xdb, 0xaa, 0xaa, 0xae, 0xff, 0xca, 0xaa, 0xaa, 0xaa, 0xaa, 0xaa,
    0xaa, 0x20, 0x03, 0xff, 0xf5, 0x00, 0x00, 0x00, 0x0b, 0xff, 0x90, 0x00, 0x00, 0x00, 0x00, 0x00,
    0x00, 0x00, 0x05, 0xff, 0xb0, 0x00, 0x00, 0x00, 0x0d, 0xff, 0xe1, 0x00, 0x00, 0x00, 0x00, 0x00,
    0x00, 0x00, 0x05, 0xff, 0xc0, 0x00, 0x00, 0x00, 0x4f, 0xff, 0xfa, 0x00, 0x00, 0x00, 0x00, 0x05,
    0x00, 0x00, 0x02, 0xff, 0xf7, 0x10, 0x00, 0x06, 0xef, 0xee, 0xff, 0xc4, 0x00, 0x00, 0x04, 0xcf,
    0x60, 0x00, 0x00, 0x9f, 0xff, 0xec, 0xab, 0xef, 0xff, 0x54, 0xef, 0xff, 0xeb, 0xab, 0xef, 0xff,
    0xc0, 0x00, 0x00, 0x0a, 0xff, 0xff, 0xff, 0xff, 0xe6, 0x00, 0x3c, 0xff, 0xff, 0xff, 0xff, 0xfa,
    0x10, 0x00, 0x00, 0x00, 0x4a, 0xde, 0xfd, 0xb6, 0x10, 0x00, 0x00, 0x49, 0xce, 0xfe, 0xc8, 0x30,
    0x00, 0x00, 0x00, 0x00, 0x00, 0x49, 0xde, 0xfd, 0xb6, 0x10, 0x00, 0x00, 0x00, 0x2c, 0xff, 0xff,
    0xff, 0xff, 0xd4, 0x00, 0x00, 0x04, 0xef, 0xff, 0xeb, 0xbd, 0xff, 0xff, 0x40, 0x00, 0x2e, 0xff,
    0xd5, 0x00, 0x00, 0x2b, 0xff, 0xe1, 0x00, 0xbf, 0xfd, 0x10, 0x00, 0x00, 0x00, 0xac, 0x30, 0x02,
    0xff, 0xf3, 0x00, 0x00, 0x00, 0x00, 0x00, 0x00, 0x07, 0xff, 0xc0, 0x00, 0x00, 0x00, 0x00, 0x00,
    0x00, 0x09, 0xff, 0x80, 0x00, 0x00, 0x00, 0x00, 0x00, 0x00, 0x0a, 0xff, 0x70, 0x00, 0x00, 0x00,
    0x00, 0x00, 0x00, 0x09, 0xff, 0x90, 0x00, 0x00, 0x00, 0x00, 0x00, 0x00, 0x06, 0xff, 0xc0, 0x00,
    0x00, 0x00, 0x00, 0x00, 0x00, 0x02, 0xff, 0xf3, 0x00, 0x00, 0x00, 0x00, 0x00, 0x00, 0x00, 0xbf,
    0xfd, 0x10, 0x00, 0x00, 0x00, 0x89, 0x10, 0x00, 0x2e, 0xff, 0xd5, 0x00, 0x00, 0x2a, 0xff, 0xd1,
    0x00, 0x04, 0xef, 0xff, 0xeb, 0xbc, 0xff, 0xff, 0x50, 0x00, 0x00, 0x2c, 0xff, 0xff, 0xff, 0xff,
    0xe5, 0x00, 0x00, 0x00, 0x00, 0x49, 0xde, 0xfd, 0xb6, 0x10, 0x00, 0x00, 0x00, 0x00, 0x00, 0x3f,
    0x80, 0x00, 0x00, 0x00, 0x00, 0x00, 0x00, 0x00, 0x8f, 0x81, 0x00, 0x00, 0x00, 0x00, 0x00, 0x00,
    0x00, 0x8b, 0xfe, 0x40, 0x00, 0x00, 0x00, 0x00, 0x00, 0x00, 0x00, 0x5f, 0xd0, 0x00, 0x00, 0x00,
    0x00, 0x00, 0x12, 0x00, 0x6f, 0xe0, 0x00, 0x00, 0x00, 0x00, 0x00, 0x8f, 0xed, 0xff, 0x90, 0x00,
    0x00, 0x00, 0x00, 0x00, 0x5c, 0xee, 0xc6, 0x00, 0x00, 0x00, 0x00, 0x00, 0x6e, 0xff, 0x60, 0x00,
    0x00, 0x00, 0x00, 0x00, 0x00, 0x00, 0x03, 0xdf, 0xf7, 0x00, 0x00, 0x00, 0x00, 0x00, 0x00, 0x00,
    0x00, 0x19, 0xff, 0x90, 0x00, 0x00, 0x00, 0x00, 0x00, 0x00, 0x00, 0x00, 0x6e, 0xfa, 0x00, 0x00,
    0x00, 0x00, 0x00, 0x00, 0x00, 0x00, 0x00, 0x00, 0x00, 0x00, 0x00, 0x00, 0x00, 0x00, 0x00, 0x00,
    0x00, 0x00, 0x00, 0x00, 0x00, 0x00, 0x00, 0x00, 0x00, 0x6a, 0xdf, 0xed, 0x93, 0x00, 0x00, 0x00,
    0x00, 0x00, 0x3d, 0xff, 0xff, 0xff, 0xff, 0xa1, 0x00, 0x00, 0x00, 0x05, 0xff, 0xff, 0xcb, 0xbd,
    0xff, 0xfc, 0x10, 0x00, 0x00, 0x2e, 0xff, 0xa2, 0x00, 0x00, 0x4c, 0xff, 0x90, 0x00, 0x00, 0xbf,
    0xf8, 0x00, 0x00, 0x00, 0x01, 0xcf, 0xf4, 0x00, 0x03, 0xff, 0xd0, 0x00, 0x00, 0x00, 0x00, 0x2f,
    0xfa, 0x00, 0x07, 0xff, 0x80, 0x00, 0x00, 0x00, 0x00, 0x0c, 0xfe, 0x00, 0x09, 0xff, 0xff, 0xff,
    0xff, 0xff, 0xff, 0xff, 0xff, 0x20, 0x0a, 0xff, 0xff, 0xff, 0xff, 0xff, 0xff, 0xff, 0xff, 0x30,
    0x09, 0xff, 0xca, 0xaa, 0xaa, 0xaa, 0xaa, 0xaa, 0xaa, 0x20, 0x07, 0xff, 0x90, 0x00, 0x00, 0x00,
    0x00, 0x00, 0x00, 0x00, 0x02, 0xff, 0xe1, 0x00, 0x00, 0x00, 0x00, 0x00, 0x00, 0x00, 0x00, 0xbf,
    0xfb, 0x10, 0x00, 0x00, 0x00, 0x05, 0x00, 0x00, 0x00, 0x2e, 0xff, 0xc4, 0x00, 0x00, 0x04, 0xcf,
    0x70, 0x00, 0x00, 0x04, 0xef, 0xff, 0xeb, 0xab, 0xef, 0xff, 0xc0, 0x00, 0x00, 0x00, 0x2c, 0xff,
    0xff, 0xff, 0xff, 0xf9, 0x10, 0x00, 0x00, 0x00, 0x00, 0x49, 0xce, 0xfe, 0xc8, 0x30, 0x00, 0x00,
    0x00, 0x00, 0x00, 0x00, 0x00, 0x1b, 0xff, 0xd3, 0x00, 0x00, 0x00, 0x00, 0x00, 0x00, 0x01, 0xcf,
    0xf9, 0x10, 0x00, 0x00, 0x00, 0x00, 0x00, 0x00, 0x2d, 0xfe, 0x50, 0x00, 0x00, 0x00, 0x00, 0x00,
    0x00, 0x02, 0xdf, 0xc2, 0x00, 0x00, 0x00, 0x00, 0x00, 0x00, 0x00, 0x00, 0x00, 0x00, 0x00, 0x00,
    0x00, 0x00, 0x00, 0x00, 0x00, 0x00, 0x00, 0x00, 0x00, 0x00, 0x00, 0x00, 0x00, 0x00, 0x00, 0x6a,
    0xdf, 0xed, 0x93, 0x00, 0x00, 0x00, 0x00, 0x00, 0x3d, 0xff, 0xff, 0xff, 0xff, 0xa1, 0x00, 0x00,
    0x00, 0x05, 0xff, 0xff, 0xcb, 0xbd, 0xff, 0xfc, 0x10, 0x00, 0x00, 0x2e, 0xff, 0xa2, 0x00, 0x00,
    0x4c, 0xff, 0x90, 0x00, 0x00, 0xbf, 0xf8, 0x00, 0x00, 0x00, 0x01, 0xcf, 0xf4, 0x00, 0x03, 0xff,
    0xd0, 0x00, 0x00, 0x00, 0x00, 0x2f, 0xfa, 0x00, 0x07, 0xff, 0x80, 0x00, 0x00, 0x00, 0x00, 0x0c,
    0xfe, 0x00, 0x09, 0xff, 0xff, 0xff, 0xff, 0xff, 0xff, 0xff, 0xff, 0x20, 0x0a, 0xff, 0xff, 0xff,
    0xff, 0xff, 0xff, 0xff, 0xff, 0x30, 0x09, 0xff, 0xca, 0xaa, 0xaa, 0xaa, 0xaa, 0xaa, 0xaa, 0x20,
    0x07, 0xff, 0x90, 0x00, 0x00, 0x00, 0x00, 0x00, 0x00, 0x00, 0x02, 0xff, 0xe1, 0x00, 0x00, 0x00,
    0x00, 0x00, 0x00, 0x00, 0x00, 0xbf, 0xfb, 0x10, 0x00, 0x00, 0x00, 0x05, 0x00, 0x00, 0x00, 0x2e,
    0xff, 0xc4, 0x00, 0x00, 0x04, 0xcf, 0x70, 0x00, 0x00, 0x04, 0xef, 0xff, 0xeb, 0xab, 0xef, 0xff,
    0xc0, 0x00, 0x00, 0x00, 0x2c, 0xff, 0xff, 0xff, 0xff, 0xf9, 0x10, 0x00, 0x00, 0x00, 0x00, 0x49,
    0xce, 0xfe, 0xc8, 0x30, 0x00, 0x00, 0x00, 0x00, 0x00, 0x04, 0xef, 0xfb, 0x10, 0x00, 0x00, 0x00,
    0x00, 0x00, 0x00, 0x4e, 0xfd, 0xff, 0xc1, 0x00, 0x00, 0x00, 0x00, 0x00, 0x05, 0xff, 0xa1, 0x3e,
    0xfd, 0x20, 0x00, 0x00, 0x00, 0x00, 0x6f, 0xf8, 0x00, 0x01, 0xcf, 0xd2, 0x00, 0x00, 0x00, 0x00,
    0x00, 0x00, 0x00, 0x00, 0x00, 0x00, 0x00, 0x00, 0x00, 0x00, 0x00, 0x00, 0x00, 0x00, 0x00, 0x00,
    0x00, 0x00, 0x00, 0x00, 0x00, 0x6a, 0xdf, 0xed, 0x93, 0x00, 0x00, 0x00, 0x00, 0x00, 0x3d, 0xff,
    0xff, 0xff, 0xff, 0xa1, 0x00, 0x00, 0x00, 0x05, 0xff, 0xff, 0xcb, 0xbd, 0xff, 0xfc, 0x10, 0x00,
    0x00, 0x2e, 0xff, 0xa2, 0x00, 0x00, 0x4c, 0xff, 0x90, 0x00, 0x00, 0xbf, 0xf8, 0x00, 0x00, 0x00,
    0x01, 0xcf, 0xf4, 0x00, 0x03, 0xff, 0xd0, 0x00, 0x00, 0x00, 0x00, 0x2f, 0xfa, 0x00, 0x07, 0xff,
    0x80, 0x00, 0x00, 0x00, 0x00, 0x0c, 0xfe, 0x00, 0x09, 0xff, 0xff, 0xff, 0xff, 0xff, 0xff, 0xff,
    0xff, 0x20, 0x0a, 0xff, 0xff, 0xff, 0xff, 0xff, 0xff, 0xff, 0xff, 0x30, 0x09, 0xff, 0xca, 0xaa,
    0xaa, 0xaa, 0xaa, 0xaa, 0xaa, 0x20, 0x07, 0xff, 0x90, 0x00, 0x00, 0x00, 0x00, 0x00, 0x00, 0x00,
    0x02, 0xff, 0xe1, 0x00, 0x00, 0x00, 0x00, 0x00, 0x00, 0x00, 0x00, 0xbf, 0xfb, 0x10, 0x00, 0x00,
    0x00, 0x05, 0x00, 0x00, 0x00, 0x2e, 0xff, 0xc4, 0x00, 0x00, 0x04, 0xcf, 0x70, 0x00, 0x00, 0x04,
    0xef, 0xff, 0xeb, 0xab, 0xef, 0xff, 0xc0, 0x00, 0x00, 0x00, 0x2c, 0xff, 0xff, 0xff, 0xff, 0xf9,
    0x10, 0x00, 0x00, 0x00, 0x00, 0x49, 0xce, 0xfe, 0xc8, 0x30, 0x00, 0x00, 0x00, 0x00, 0x02, 0x98,
    0x00, 0x03, 0x97, 0x00, 0x00, 0x00, 0x00, 0x00, 0x0b, 0xff, 0x60, 0x0c, 0xff, 0x50, 0x00, 0x00,
    0x00, 0x00, 0x06, 0xed, 0x20, 0x06, 0xec, 0x20, 0x00, 0x00, 0x00, 0x00, 0x00, 0x00, 0x00, 0x00,
    0x00, 0x00, 0x00, 0x00, 0x00, 0x00, 0x00, 0x00, 0x00, 0x00, 0x00, 0x00, 0x00, 0x00, 0x00, 0x00,
    0x00, 0x00, 0x00, 0x00, 0x00, 0x00, 0x00, 0x00, 0x00, 0x00, 0x00, 0x6a, 0xdf, 0xed, 0x93, 0x00,
    0x00, 0x00, 0x00, 0x00, 0x3d, 0xff, 0xff, 0xff, 0xff, 0xa1, 0x00, 0x00, 0x00, 0x05, 0xff, 0xff,
    0xcb, 0xbd, 0xff, 0xfc, 0x10, 0x00, 0x00, 0x2e, 0xff, 0xa2, 0x00, 0x00, 0x4c, 0xff, 0x90, 0x00,
    0x00, 0xbf, 0xf8, 0x00, 0x00, 0x00, 0x01, 0xcf, 0xf4, 0x00, 0x03, 0xff, 0xd0, 0x00, 0x00, 0x00,
    0x00, 0x2f, 0xfa, 0x00, 0x07, 0xff, 0x80, 0x00, 0x00, 0x00, 0x00, 0x0c, 0xfe, 0x00, 0x09, 0xff,
    0xff, 0xff, 0xff, 0xff, 0xff, 0xff, 0xff, 0x20, 0x0a, 0xff, 0xff, 0xff, 0xff, 0xff, 0xff, 0xff,
    0xff, 0x30, 0x09, 0xff, 0xca, 0xaa, 0xaa, 0xaa, 0xaa, 0xaa, 0xaa, 0x20, 0x07, 0xff, 0x90, 0x00,
    0x00, 0x00, 0x00, 0x00, 0x00, 0x00, 0x02, 0xff, 0xe1, 0x00, 0x00, 0x00, 0x00, 0x00, 0x00, 0x00,
    0x00, 0xbf, 0xfb, 0x10, 0x00, 0x00, 0x00, 0x05, 0x00, 0x00, 0x00, 0x2e, 0xff, 0xc4, 0x00, 0x00,
    0x04, 0xcf, 0x70, 0x00, 0x00, 0x04, 0xef, 0xff, 0xeb, 0xab, 0xef, 0xff, 0xc0, 0x00, 0x00, 0x00,
    0x2c, 0xff, 0xff, 0xff, 0xff, 0xf9, 0x10, 0x00, 0x00, 0x00, 0x00, 0x49, 0xce, 0xfe, 0xc8, 0x30,
    0x00, 0x00, 0x1a, 0xff, 0xd2, 0x00, 0x00, 0x00, 0x06, 0xff, 0xe3, 0x00, 0x00, 0x00, 0x03, 0xdf,
    0xe4, 0x00, 0x00, 0x00, 0x01, 0xaf, 0xf5, 0x00, 0x00, 0x00, 0x00, 0x00, 0x00, 0x00, 0x00, 0x00,
    0x00, 0x00, 0x00, 0x00, 0x00, 0x1f, 0xff, 0x00, 0x00, 0x00, 0x01, 0xff, 0xf0, 0x00, 0x00, 0x00,
    0x1f, 0xff, 0x00, 0x00, 0x00, 0x01, 0xff, 0xf0, 0x00, 0x00, 0x00, 0x1f, 0xff, 0x00, 0x00, 0x00,
    0x01, 0xff, 0xf0, 0x00, 0x00, 0x00, 0x1f, 0xff, 0x00, 0x00, 0x00, 0x01, 0xff, 0xf0, 0x00, 0x00,
    0x00, 0x1f, 0xff, 0x00, 0x00, 0x00, 0x01, 0xff, 0xf0, 0x00, 0x00, 0x00, 0x1f, 0xff, 0x00, 0x00,
    0x00, 0x01, 0xff, 0xf0, 0x00, 0x00, 0x00, 0x1f, 0xff, 0x00, 0x00, 0x00, 0x01, 0xff, 0xf0, 0x00,
    0x00, 0x00, 0x1f, 0xff, 0x00, 0x00, 0x00, 0x01, 0xff, 0xf0, 0x00, 0x00, 0x00, 0x1f, 0xff, 0x00,
    0x00, 0x00, 0x00, 0x03, 0xef, 0xf9, 0x00, 0x00, 0x04, 0xef, 0xe5, 0x00, 0x00, 0x05, 0xff, 0xc2,
    0x00, 0x00, 0x06, 0xff, 0x90, 0x00, 0x00, 0x00, 0x00, 0x00, 0x00, 0x00, 0x00, 0x00, 0x00, 0x00,
    0x00, 0x00, 0x00, 0x1f, 0xff, 0x00, 0x00, 0x00, 0x01, 0xff, 0xf0, 0x00, 0x00, 0x00, 0x1f, 0xff,
    0x00, 0x00, 0x00, 0x01, 0xff, 0xf0, 0x00, 0x00, 0x00, 0x1f, 0xff, 0x00, 0x00, 0x00, 0x01, 0xff,
    0xf0, 0x00, 0x00, 0x00, 0x1f, 0xff, 0x00, 0x00, 0x00, 0x01, 0xff, 0xf0, 0x00, 0x00, 0x00, 0x1f,
    0xff, 0x00, 0x00, 0x00, 0x01, 0xff, 0xf0, 0x00, 0x00, 0x00, 0x1f, 0xff, 0x00, 0x00, 0x00, 0x01,
    0xff, 0xf0, 0x00, 0x00, 0x00, 0x1f, 0xff, 0x00, 0x00, 0x00, 0x01, 0xff, 0xf0, 0x00, 0x00, 0x00,
    0x1f, 0xff, 0x00, 0x00, 0x00, 0x01, 0xff, 0xf0, 0x00, 0x00, 0x00, 0x1f, 0xff, 0x00, 0x00, 0x00,
    0x00, 0x07, 0xff, 0xf5, 0x00, 0x00, 0x05, 0xff, 0xef, 0xf3, 0x00, 0x03, 0xef, 0xa1, 0xbf, 0xe2,
    0x02, 0xef, 0x90, 0x00, 0xbf, 0xd1, 0x00, 0x00, 0x00, 0x00, 0x00, 0x00, 0x00, 0x00, 0x00, 0x00,
    0x00, 0x00, 0x00, 0x00, 0x00, 0x00, 0x00, 0x00, 0x1f, 0xff, 0x00, 0x00, 0x00, 0x01, 0xff, 0xf0,
    0x00, 0x00, 0x00, 0x1f, 0xff, 0x00, 0x00, 0x00, 0x01, 0xff, 0xf0, 0x00, 0x00, 0x00, 0x1f, 0xff,
    0x00, 0x00, 0x00, 0x01, 0xff, 0xf0, 0x00, 0x00, 0x00, 0x1f, 0xff, 0x00, 0x00, 0x00, 0x01, 0xff,
    0xf0, 0x00, 0x00, 0x00, 0x1f, 0xff, 0x00, 0x00, 0x00, 0x01, 0xff, 0xf0, 0x00, 0x00, 0x00, 0x1f,
    0xff, 0x00, 0x00, 0x00, 0x01, 0xff, 0xf0, 0x00, 0x00, 0x00, 0x1f, 0xff, 0x00, 0x00, 0x00, 0x01,
    0xff, 0xf0, 0x00, 0x00, 0x00, 0x1f, 0xff, 0x00, 0x00, 0x00, 0x01, 0xff, 0xf0, 0x00, 0x00, 0x00,
    0x1f, 0xff, 0x00, 0x00, 0x08, 0x92, 0x03, 0x97, 0x05, 0xff, 0xa0, 0xcf, 0xf4, 0x2d, 0xe5, 0x07,
    0xec, 0x10, 0x00, 0x00, 0x00, 0x00, 0x00, 0x00, 0x00, 0x00, 0x00, 0x00, 0x00, 0x00, 0x00, 0x00,
    0x1f, 0xff, 0x00, 0x00, 0x01, 0xff, 0xf0, 0x00, 0x00, 0x1f, 0xff, 0x00, 0x00, 0x01, 0xff, 0xf0,
    0x00, 0x00, 0x1f, 0xff, 0x00, 0x00, 0x01, 0xff, 0xf0, 0x00, 0x00, 0x1f, 0xff, 0x00, 0x00, 0x01,
    0xff, 0xf0, 0x00, 0x00, 0x1f, 0xff, 0x00, 0x00, 0x01, 0xff, 0xf0, 0x00, 0x00, 0x1f, 0xff, 0x00,
    0x00, 0x01, 0xff, 0xf0, 0x00, 0x00, 0x1f, 0xff, 0x00, 0x00, 0x01, 0xff, 0xf0, 0x00, 0x00, 0x1f,
    0xff, 0x00, 0x00, 0x01, 0xff, 0xf0, 0x00, 0x00, 0x1f, 0xff, 0x00, 0x00, 0x00, 0x00, 0x03, 0x71,
    0x00, 0x00, 0x00, 0x00, 0x00, 0x00, 0x00, 0x06, 0xff, 0xd6, 0x00, 0x00, 0x04, 0x40, 0x00, 0x00,
    0x00, 0x18, 0xff, 0xfa, 0x10, 0x5c, 0xfd, 0x00, 0x00, 0x00, 0x00, 0x02, 0xcf, 0xfd, 0xdf, 0xfb,
    0x40, 0x00, 0x00, 0x00, 0x00, 0x02, 0xdf, 0xff, 0xc3, 0x00, 0x00, 0x00, 0x00, 0x00, 0x29, 0xff,
    0xef, 0xfe, 0x30, 0x00, 0x00, 0x00, 0x02, 0xbf, 0xfe, 0x71, 0x5f, 0xfe, 0x20, 0x00, 0x00, 0x00,
    0x1e, 0xd6, 0x00, 0x00, 0x7f, 0xfc, 0x00, 0x00, 0x00, 0x00, 0x20, 0x00, 0x00, 0x00, 0xbf, 0xf7,
    0x00, 0x00, 0x00, 0x00, 0x00, 0x00, 0x00, 0x02, 0xff, 0xe1, 0x00, 0x00, 0x00, 0x17, 0xbd, 0xfd,
    0xb5, 0x09, 0xff, 0x70, 0x00, 0x00, 0x5e, 0xff, 0xff, 0xff, 0xfb, 0x3f, 0xfd, 0x00, 0x00, 0x4f,
    0xff, 0xfe, 0xba, 0xcf, 0xfc, 0xdf, 0xf2, 0x00, 0x0e, 0xff, 0xd4, 0x00, 0x00, 0x2a, 0xff, 0xff,
    0x50, 0x05, 0xff, 0xe2, 0x00, 0x00, 0x00, 0x09, 0xff, 0xf8, 0x00, 0x9f, 0xf9, 0x00, 0x00, 0x00,
    0x00, 0x1f, 0xff, 0x90, 0x0a, 0xff, 0x60, 0x00, 0x00, 0x00, 0x00, 0xdf, 0xf8, 0x00, 0xaf, 0xf6,
    0x00, 0x00, 0x00, 0x00, 0x0d, 0xff, 0x60, 0x08, 0xff, 0xa0, 0x00, 0x00, 0x00, 0x01, 0xff, 0xf3,
    0x00, 0x3f, 0xff, 0x30, 0x00, 0x00, 0x00, 0x9f, 0xfc, 0x00, 0x00, 0xcf, 0xfe, 0x50, 0x00, 0x01,
    0x9f, 0xff, 0x40, 0x00, 0x02, 0xef, 0xff, 0xeb, 0xac, 0xff, 0xff, 0x70, 0x00, 0x00, 0x02, 0xcf,
    0xff, 0xff, 0xff, 0xfe, 0x50, 0x00, 0x00, 0x00, 0x00, 0x5a, 0xde, 0xed, 0xb6, 0x10, 0x00, 0x00,
    0x00, 0x00, 0x00, 0x1a, 0xfd, 0x60, 0x00, 0x5c, 0x30, 0x00, 0x00, 0x00, 0x00, 0x00, 0xbf, 0xff,
    0xfa, 0x11, 0xcf, 0x20, 0x00, 0x00, 0x00, 0x00, 0x03, 0xfc, 0x11, 0xbf, 0xff, 0xfa, 0x00, 0x00,
    0x00, 0x00, 0x00, 0x05, 0xf6, 0x00, 0x07, 0xdf, 0xa1, 0x00, 0x00, 0x00, 0x00, 0x00, 0x00, 0x00,
    0x00, 0x00, 0x00, 0x00, 0x00, 0x00, 0x00, 0x00, 0x00, 0x00, 0x00, 0x00, 0x00, 0x00, 0x00, 0x00,
    0x00, 0x00, 0x00, 0x1f, 0xfd, 0x00, 0x5a, 0xde, 0xed, 0x93, 0x00, 0x00, 0x00, 0x00, 0x1f, 0xfd,
    0x2c, 0xff, 0xff, 0xff, 0xff, 0x90, 0x00, 0x00, 0x00, 0x1f, 0xfe, 0xdf, 0xfe, 0xba, 0xcf, 0xff,
    0xf8, 0x00, 0x00, 0x00, 0x1f, 0xff, 0xfe, 0x50, 0x00, 0x02, 0xbf, 0xff, 0x30, 0x00, 0x00, 0x1f,
    0xff, 0xe3, 0x00, 0x00, 0x00, 0x0c, 0xff, 0x90, 0x00, 0x00, 0x1f, 0xff, 0x80, 0x00, 0x00, 0x00,
    0x06, 0xff, 0xd0, 0x00, 0x00, 0x1f, 0xff, 0x30, 0x00, 0x00, 0x00, 0x02, 0xff, 0xe0, 0x00, 0x00,
    0x1f, 0xff, 0x10, 0x00, 0x00, 0x00, 0x01, 0xff, 0xf0, 0x00, 0x00, 0x1f, 0xff, 0x00, 0x00, 0x00,
    0x00, 0x01, 0xff, 0xf0, 0x00, 0x00, 0x1f, 0xff, 0x00, 0x00, 0x00, 0x00, 0x01, 0xff, 0xf0, 0x00,
    0x00, 0x1f, 0xff, 0x00, 0x00, 0x00, 0x00, 0x01, 0xff, 0xf0, 0x00, 0x00, 0x1f, 0xff, 0x00, 0x00,
    0x00, 0x00, 0x01, 0xff, 0xf0, 0x00, 0x00, 0x1f, 0xff, 0x00, 0x00, 0x00, 0x00, 0x01, 0xff, 0xf0,
    0x00, 0x00, 0x1f, 0xff, 0x00, 0x00, 0x00, 0x00, 0x01, 0xff, 0xf0, 0x00, 0x00, 0x1f, 0xff, 0x00,
    0x00, 0x00, 0x00, 0x01, 0xff, 0xf0, 0x00, 0x00, 0x1f, 0xff, 0x00, 0x00, 0x00, 0x00, 0x01, 0xff,
    0xf0, 0x00, 0x00, 0x1f, 0xff, 0x00, 0x00, 0x00, 0x00, 0x01, 0xff, 0xf0, 0x00, 0x00, 0x00, 0x3d,
    0xff, 0xa0, 0x00, 0x00, 0x00, 0x00, 0x00, 0x00, 0x00, 0x01, 0xaf, 0xfb, 0x10, 0x00, 0x00, 0x00,
    0x00, 0x00, 0x00, 0x00, 0x06, 0xef, 0xc1, 0x00, 0x00, 0x00, 0x00, 0x00, 0x00, 0x00, 0x00, 0x3d,
    0xfd, 0x20, 0x00, 0x00, 0x00, 0x00, 0x00, 0x00, 0x00, 0x00, 0x00, 0x00, 0x00, 0x00, 0x00, 0x00,
    0x00, 0x00, 0x00, 0x00, 0x00, 0x00, 0x00, 0x00, 0x00, 0x00, 0x00, 0x00, 0x5a, 0xde, 0xfe, 0xb6,
    0x10, 0x00, 0x00, 0x00, 0x00, 0x2c, 0xff, 0xff, 0xff, 0xff, 0xe5, 0x00, 0x00, 0x00, 0x04, 0xef,
    0xff, 0xeb, 0xbd, 0xff, 0xff, 0x80, 0x00, 0x00, 0x2e, 0xff, 0xd5, 0x00, 0x00, 0x2a, 0xff, 0xf5,
    0x00, 0x00, 0xbf, 0xfd, 0x10, 0x00, 0x00, 0x00, 0x9f, 0xfe, 0x10, 0x02, 0xff, 0xf3, 0x00, 0x00,
    0x00, 0x00, 0x0d, 0xff, 0x70, 0x07, 0xff, 0xc0, 0x00, 0x00, 0x00, 0x00, 0x07, 0xff, 0xb0, 0x09,
    0xff, 0x80, 0x00, 0x00, 0x00, 0x00, 0x04, 0xff, 0xe0, 0x0a, 0xff, 0x70, 0x00, 0x00, 0x00, 0x00,
    0x02, 0xff, 0xe0, 0x09, 0xff, 0x90, 0x00, 0x00, 0x00, 0x00, 0x04, 0xff, 0xe0, 0x06, 0xff, 0xc0,
    0x00, 0x00, 0x00, 0x00, 0x07, 0xff, 0xb0, 0x02, 0xff, 0xf3, 0x00, 0x00, 0x00, 0x00, 0x0d, 0xff,
    0x70, 0x00, 0xbf, 0xfd, 0x10, 0x00, 0x00, 0x00, 0x9f, 0xfe, 0x10, 0x00, 0x2e, 0xff, 0xd5, 0x00,
    0x00, 0x2b, 0xff, 0xf5, 0x00, 0x00, 0x04, 0xef, 0xff, 0xeb, 0xbd, 0xff, 0xff, 0x80, 0x00, 0x00,
    0x00, 0x2c, 0xff, 0xff, 0xff, 0xff, 0xe5, 0x00, 0x00, 0x00, 0x00, 0x00, 0x5a, 0xdf, 0xfe, 0xb6,
    0x10, 0x00, 0x00, 0x00, 0x00, 0x00, 0x00, 0x00, 0x07, 0xff, 0xe6, 0x00, 0x00, 0x00, 0x00, 0x00,
    0x00, 0x00, 0x8f, 0xfc, 0x20, 0x00, 0x00, 0x00, 0x00, 0x00, 0x00, 0x09, 0xff, 0x91, 0x00, 0x00,
    0x00, 0x00, 0x00, 0x00, 0x00, 0xaf, 0xe5, 0x00, 0x00, 0x00, 0x00, 0x00, 0x00, 0x00, 0x00, 0x00,
    0x00, 0x00, 0x00, 0x00, 0x00, 0x00, 0x00, 0x00, 0x00, 0x00, 0x00, 0x00, 0x00, 0x00, 0x00, 0x00,
    0x00, 0x00, 0x5a, 0xde, 0xfe, 0xb6, 0x10, 0x00, 0x00, 0x00, 0x00, 0x2c, 0xff, 0xff, 0xff, 0xff,
    0xe5, 0x00, 0x00, 0x00, 0x04, 0xef, 0xff, 0xeb, 0xbd, 0xff, 0xff, 0x80, 0x00, 0x00, 0x2e, 0xff,
    0xd5, 0x00, 0x00, 0x2a, 0xff, 0xf5, 0x00, 0x00, 0xbf, 0xfd, 0x10, 0x00, 0x00, 0x00, 0x9f, 0xfe,
    0x10, 0x02, 0xff, 0xf3, 0x00, 0x00, 0x00, 0x00, 0x0d, 0xff, 0x70, 0x07, 0xff, 0xc0, 0x00, 0x00,
    0x00, 0x00, 0x07, 0xff, 0xb0, 0x09, 0xff, 0x80, 0x00, 0x00, 0x00, 0x00, 0x04, 0xff, 0xe0, 0x0a,
    0xff, 0x70, 0x00, 0x00, 0x00, 0x00, 0x02, 0xff, 0xe0, 0x09, 0xff, 0x90, 0x00, 0x00, 0x00, 0x00,
    0x04, 0xff, 0xe0, 0x06, 0xff, 0xc0, 0x00, 0x00, 0x00, 0x00, 0x07, 0xff, 0xb0, 0x02, 0xff, 0xf3,
    0x00, 0x00, 0x00, 0x00, 0x0d, 0xff, 0x70, 0x00, 0xbf, 0xfd, 0x10, 0x00, 0x00, 0x00, 0x9f, 0xfe,
    0x10, 0x00, 0x2e, 0xff, 0xd5, 0x00, 0x00, 0x2b, 0xff, 0xf5, 0x00, 0x00, 0x04, 0xef, 0xff, 0xeb,
    0xbd, 0xff, 0xff, 0x80, 0x00, 0x00, 0x00, 0x2c, 0xff, 0xff, 0xff, 0xff, 0xe5, 0x00, 0x00, 0x00,
    0x00, 0x00, 0x5a, 0xdf, 0xfe, 0xb6, 0x10, 0x00, 0x00, 0x00, 0x00, 0x00, 0x01, 0xcf, 0xfe, 0x30,
    0x00, 0x00, 0x00, 0x00, 0x00, 0x00, 0x1c, 0xff, 0xdf, 0xe4, 0x00, 0x00, 0x00, 0x00, 0x00, 0x02,
    0xdf, 0xd3, 0x1b, 0xff, 0x50, 0x00, 0x00, 0x00, 0x00, 0x2d, 0xfb, 0x10, 0x00, 0x8f, 0xf5, 0x00,
    0x00, 0x00, 0x00, 0x00, 0x00, 0x00, 0x00, 0x00, 0x00, 0x00, 0x00, 0x00, 0x00, 0x00, 0x00, 0x00,
    0x00, 0x00, 0x00, 0x00, 0x00, 0x00, 0x00, 0x00, 0x5a, 0xde, 0xfe, 0xb6, 0x10, 0x00, 0x00, 0x00,
    0x00, 0x2c, 0xff, 0xff, 0xff, 0xff, 0xe5, 0x00, 0x00, 0x00, 0x04, 0xef, 0xff, 0xeb, 0xbd, 0xff,
    0xff, 0x80, 0x00, 0x00, 0x2e, 0xff, 0xd5, 0x00, 0x00, 0x2a, 0xff, 0xf5, 0x00, 0x00, 0xbf, 0xfd,
    0x10, 0x00, 0x00, 0x00, 0x9f, 0xfe, 0x10, 0x02, 0xff, 0xf3, 0x00, 0x00, 0x00, 0x00, 0x0d, 0xff,
    0x70, 0x07, 0xff, 0xc0, 0x00, 0x00, 0x00, 0x00, 0x07, 0xff, 0xb0, 0x09, 0xff, 0x80, 0x00, 0x00,
    0x00, 0x00, 0x04, 0xff, 0xe0, 0x0a, 0xff, 0x70, 0x00, 0x00, 0x00, 0x00, 0x02, 0xff, 0xe0, 0x09,
    0xff, 0x90, 0x00, 0x00, 0x00, 0x00, 0x04, 0xff, 0xe0, 0x06, 0xff, 0xc0, 0x00, 0x00, 0x00, 0x00,
    0x07, 0xff, 0xb0, 0x02, 0xff, 0xf3, 0x00, 0x00, 0x00, 0x00, 0x0d, 0xff, 0x70, 0x00, 0xbf, 0xfd,
    0x10, 0x00, 0x00, 0x00, 0x9f, 0xfe, 0x10, 0x00, 0x2e, 0xff, 0xd5, 0x00, 0x00, 0x2b, 0xff, 0xf5,
    0x00, 0x00, 0x04, 0xef, 0xff, 0xeb, 0xbd, 0xff, 0xff, 0x80, 0x00, 0x00, 0x00, 0x2c, 0xff, 0xff,
    0xff, 0xff, 0xe5, 0x00, 0x00, 0x00, 0x00, 0x00, 0x5a, 0xdf, 0xfe, 0xb6, 0x10, 0x00, 0x00, 0x00,
    0x00, 0x01, 0x9e, 0xe8, 0x00, 0x03, 0xc5, 0x00, 0x00, 0x00, 0x00, 0x08, 0xff, 0xef, 0xc2, 0x0a,
    0xf5, 0x00, 0x00, 0x00, 0x00, 0x0f, 0xe2, 0x19, 0xff, 0xef, 0xd0, 0x00, 0x00, 0x00, 0x00, 0x2f,
    0x90, 0x00, 0x5d, 0xfc, 0x20, 0x00, 0x00, 0x00, 0x00, 0x00, 0x00, 0x00, 0x00, 0x00, 0x00, 0x00,
    0x00, 0x00, 0x00, 0x00, 0x00, 0x00, 0x00, 0x00, 0x00, 0x00, 0x00, 0x00, 0x00, 0x00, 0x5a, 0xde,
    0xfe, 0xb6, 0x10, 0x00, 0x00, 0x00, 0x00, 0x2c, 0xff, 0xff, 0xff, 0xff, 0xe5, 0x00, 0x00, 0x00,
    0x04, 0xef, 0xff, 0xeb, 0xbd, 0xff, 0xff, 0x80, 0x00, 0x00, 0x2e, 0xff, 0xd5, 0x00, 0x00, 0x2a,
    0xff, 0xf5, 0x00, 0x00, 0xbf, 0xfd, 0x10, 0x00, 0x00, 0x00, 0x9f, 0xfe, 0x10, 0x02, 0xff, 0xf3,
    0x00, 0x00, 0x00, 0x00, 0x0d, 0xff, 0x70, 0x07, 0xff, 0xc0, 0x00, 0x00, 0x00, 0x00, 0x07, 0xff,
    0xb0, 0x09, 0xff, 0x80, 0x00, 0x00, 0x00, 0x00, 0x04, 0xff, 0xe0, 0x0a, 0xff, 0x70, 0x00, 0x00,
    0x00, 0x00, 0x02, 0xff, 0xe0, 0x09, 0xff, 0x90, 0x00, 0x00, 0x00, 0x00, 0x04, 0xff, 0xe0, 0x06,
    0xff, 0xc0, 0x00, 0x00, 0x00, 0x00, 0x07, 0xff, 0xb0, 0x02, 0xff, 0xf3, 0x00, 0x00, 0x00, 0x00,
    0x0d, 0xff, 0x70, 0x00, 0xbf, 0xfd, 0x10, 0x00, 0x00, 0x00, 0x9f, 0xfe, 0x10, 0x00, 0x2e, 0xff,
    0xd5, 0x00, 0x00, 0x2b, 0xff, 0xf5, 0x00, 0x00, 0x04, 0xef, 0xff, 0xeb, 0xbd, 0xff, 0xff, 0x80,
    0x00, 0x00, 0x00, 0x2c, 0xff, 0xff, 0xff, 0xff, 0xe5, 0x00, 0x00, 0x00, 0x00, 0x00, 0x5a, 0xdf,
    0xfe, 0xb6, 0x10, 0x00, 0x00, 0x00, 0x00, 0x00, 0x89, 0x20, 0x01, 0x89, 0x20, 0x00, 0x00, 0x00,
    0x00, 0x06, 0xff, 0xb0, 0x07, 0xff, 0xa0, 0x00, 0x00, 0x00, 0x00, 0x02, 0xde, 0x60, 0x03, 0xde,
    0x50, 0x00, 0x00, 0x00, 0x00, 0x00, 0x00, 0x00, 0x00, 0x00, 0x00, 0x00, 0x00, 0x00, 0x00, 0x00,
    0x00, 0x00, 0x00, 0x00, 0x00, 0x00, 0x00, 0x00, 0x00, 0x00, 0x00, 0x00, 0x00, 0x00, 0x00, 0x00,
    0x00, 0x00, 0x00, 0x00, 0x5a, 0xde, 0xfe, 0xb6, 0x10, 0x00, 0x00, 0x00, 0x00, 0x2c, 0xff, 0xff,
    0xff, 0xff, 0xe5, 0x00, 0x00, 0x00, 0x04, 0xef, 0xff, 0xeb, 0xbd, 0xff, 0xff, 0x80, 0x00, 0x00,
    0x2e, 0xff, 0xd5, 0x00, 0x00, 0x2a, 0xff, 0xf5, 0x00, 0x00, 0xbf, 0xfd, 0x10, 0x00, 0x00, 0x00,
    0x9f, 0xfe, 0x10, 0x02, 0xff, 0xf3, 0x00, 0x00, 0x00, 0x00, 0x0d, 0xff, 0x70, 0x07, 0xff, 0xc0,
    0x00, 0x00, 0x00, 0x00, 0x07, 0xff, 0xb0, 0x09, 0xff, 0x80, 0x00, 0x00, 0x00, 0x00, 0x04, 0xff,
    0xe0, 0x0a, 0xff, 0x70, 0x00, 0x00, 0x00, 0x00, 0x02, 0xff, 0xe0, 0x09, 0xff, 0x90, 0x00, 0x00,
    0x00, 0x00, 0x04, 0xff, 0xe0, 0x06, 0xff, 0xc0, 0x00, 0x00, 0x00, 0x00, 0x07, 0xff, 0xb0, 0x02,
    0xff, 0xf3, 0x00, 0x00, 0x00, 0x00, 0x0d, 0xff, 0x70, 0x00, 0xbf, 0xfd, 0x10, 0x00, 0x00, 0x00,
    0x9f, 0xfe, 0x10, 0x00, 0x2e, 0xff, 0xd5, 0x00, 0x00, 0x2b, 0xff, 0xf5, 0x00, 0x00, 0x04, 0xef,
    0xff, 0xeb, 0xbd, 0xff, 0xff, 0x80, 0x00, 0x00, 0x00, 0x2c, 0xff, 0xff, 0xff, 0xff, 0xe5, 0x00,
    0x00, 0x00, 0x00, 0x00, 0x5a, 0xdf, 0xfe, 0xb6, 0x10, 0x00, 0x00, 0x00, 0x00, 0x00, 0x01, 0xbe,
    0x70, 0x00, 0x00, 0x00, 0x00, 0x00, 0x00, 0x00, 0x6f, 0xff, 0x10, 0x00, 0x00, 0x00, 0x00, 0x00,
    0x00, 0x06, 0xff, 0xf1, 0x00, 0x00, 0x00, 0x00, 0x00, 0x00, 0x00, 0x1b, 0xe7, 0x00, 0x00, 0x00,
    0x00, 0x00, 0x00, 0x00, 0x00, 0x00, 0x00, 0x00, 0x00, 0x00, 0x00, 0x00, 0x00, 0x00, 0x00, 0x00,
    0x00, 0x00, 0x00, 0x00, 0x00, 0x9a, 0xaa, 0xaa, 0xaa, 0xaa, 0xaa, 0xaa, 0x50, 0x00, 0x0d, 0xff,
    0xff, 0xff, 0xff, 0xff, 0xff, 0xf7, 0x00, 0x00, 0xdf, 0xff, 0xff, 0xff, 0xff, 0xff, 0xff, 0x70,
    0x00, 0x00, 0x00, 0x00, 0x00, 0x00, 0x00, 0x00, 0x00, 0x00, 0x00, 0x00, 0x00, 0x00, 0x00, 0x00,
    0x00, 0x00, 0x00, 0x00, 0x00, 0x00, 0x00, 0x00, 0x00, 0x00, 0x00, 0x00, 0x00, 0x00, 0x00, 0x00,
    0x01, 0xbe, 0x70, 0x00, 0x00, 0x00, 0x00, 0x00, 0x00, 0x00, 0x6f, 0xff, 0x10, 0x00, 0x00, 0x00,
    0x00, 0x00, 0x00, 0x06, 0xff, 0xf1, 0x00, 0x00, 0x00, 0x00, 0x00, 0x00, 0x00, 0x1b, 0xe7, 0x00,
    0x00, 0x00, 0x00, 0x00, 0x00, 0x00, 0x00, 0x00, 0x00, 0x00, 0x00, 0x00, 0x00, 0x00, 0x00, 0x00,
    0x00, 0x00, 0x00, 0x00, 0x00, 0x00, 0x00, 0x00, 0x00, 0x00, 0x00, 0x00, 0x00, 0x00, 0x00, 0x00,
    0x00, 0x00, 0x00, 0x00, 0x00, 0x00, 0x00, 0x58, 0x50, 0x00, 0x00, 0x00, 0x00, 0x00, 0x00, 0x00,
    0x01, 0xef, 0x30, 0x00, 0x00, 0x00, 0x00, 0x5a, 0xde, 0xfe, 0xbf, 0xfa, 0x00, 0x00, 0x00, 0x00,
    0x2c, 0xff, 0xff, 0xff, 0xff, 0xf8, 0x00, 0x00, 0x00, 0x04, 0xef, 0xff, 0xeb, 0xbd, 0xff, 0xff,
    0x80, 0x00, 0x00, 0x2e, 0xff, 0xd5, 0x00, 0x02, 0xff, 0xff, 0xf5, 0x00, 0x00, 0xbf, 0xfd, 0x10,
    0x00, 0x0a, 0xf9, 0x9f, 0xfe, 0x10, 0x02, 0xff, 0xf3, 0x00, 0x00, 0x3f, 0xf2, 0x0d, 0xff, 0x70,
    0x07, 0xff, 0xc0, 0x00, 0x00, 0xaf, 0x90, 0x07, 0xff, 0xb0, 0x09, 0xff, 0x80, 0x00, 0x03, 0xfe,
    0x10, 0x04, 0xff, 0xe0, 0x0a, 0xff, 0x70, 0x00, 0x0b, 0xf8, 0x00, 0x02, 0xff, 0xe0, 0x09, 0xff,
    0x90, 0x00, 0x4f, 0xe1, 0x00, 0x04, 0xff, 0xe0, 0x06, 0xff, 0xc0, 0x00, 0xcf, 0x70, 0x00, 0x07,
    0xff, 0xb0, 0x02, 0xff, 0xf3, 0x04, 0xfe, 0x10, 0x00, 0x0d, 0xff, 0x70, 0x00, 0xbf, 0xfd, 0x1c,
    0xf7, 0x00, 0x00, 0x9f, 0xfe, 0x10, 0x00, 0x2e, 0xff, 0xff, 0xe1, 0x00, 0x2b, 0xff, 0xf5, 0x00,
    0x00, 0x04, 0xef, 0xff, 0xfb, 0xbd, 0xff, 0xff, 0x80, 0x00, 0x00, 0x00, 0x2f, 0xff, 0xff, 0xff,
    0xff, 0xe5, 0x00, 0x00, 0x00, 0x00, 0x0d, 0xff, 0xdf, 0xfe, 0xb6, 0x10, 0x00, 0x00, 0x00, 0x00,
    0x6f, 0xd0, 0x00, 0x00, 0x00, 0x00, 0x00, 0x00, 0x00, 0x00, 0xdf, 0x50, 0x00, 0x00, 0x00, 0x00,
    0x00, 0x00, 0x00, 0x07, 0xfc, 0x00, 0x00, 0x00, 0x00, 0x00, 0x00, 0x00, 0x00, 0x00, 0x07, 0xff,
    0xf5, 0x00, 0x00, 0x00, 0x00, 0x00, 0x00, 0x00, 0x00, 0x00, 0x3d, 0xff, 0x70, 0x00, 0x00, 0x00,
    0x00, 0x00, 0x00, 0x00, 0x00, 0x01, 0xaf, 0xf8, 0x00, 0x00, 0x00, 0x00, 0x00, 0x00, 0x00, 0x00,
    0x00, 0x06, 0xff, 0x90, 0x00, 0x00, 0x00, 0x00, 0x00, 0x00, 0x00, 0x00, 0x00, 0x00, 0x00, 0x00,
    0x00, 0x00, 0x00, 0x00, 0x00, 0x00, 0x00, 0x00, 0x00, 0x00, 0x00, 0x00, 0x00, 0x00, 0x00, 0x4f,
    0xfc, 0x00, 0x00, 0x00, 0x00, 0x05, 0xff, 0xb0, 0x00, 0x00, 0x4f, 0xfc, 0x00, 0x00, 0x00, 0x00,
    0x05, 0xff, 0xb0, 0x00, 0x00, 0x4f, 0xfc, 0x00, 0x00, 0x00, 0x00, 0x05, 0xff, 0xb0, 0x00, 0x00,
    0x4f, 0xfc, 0x00, 0x00, 0x00, 0x00, 0x05, 0xff, 0xb0, 0x00, 0x00, 0x4f, 0xfc, 0x00, 0x00, 0x00,
    0x00, 0x05, 0xff, 0xb0, 0x00, 0x00, 0x4f, 0xfc, 0x00, 0x00, 0x00, 0x00, 0x05, 0xff, 0xb0, 0x00,
    0x00, 0x4f, 0xfc, 0x00, 0x00, 0x00, 0x00, 0x05, 0xff, 0xb0, 0x00, 0x00, 0x4f, 0xfc, 0x00, 0x00,
    0x00, 0x00, 0x05, 0xff, 0xb0, 0x00, 0x00, 0x4f, 0xfc, 0x00, 0x00, 0x00, 0x00, 0x05, 0xff, 0xb0,
    0x00, 0x00, 0x4f, 0xfd, 0x00, 0x00, 0x00, 0x00, 0x06, 0xff, 0xb0, 0x00, 0x00, 0x3f, 0xfe, 0x00,
    0x00, 0x00, 0x00, 0x09, 0xff, 0xb0, 0x00, 0x00, 0x1f, 0xff, 0x20, 0x00, 0x00, 0x00, 0x0d, 0xff,
    0xb0, 0x00, 0x00, 0x0d, 0xff, 0x90, 0x00, 0x00, 0x00, 0x7f, 0xff, 0xb0, 0x00, 0x00, 0x07, 0xff,
    0xf8, 0x10, 0x00, 0x18, 0xff, 0xff, 0xb0, 0x00, 0x00, 0x01, 0xcf, 0xff, 0xeb, 0xac, 0xff, 0xfc,
    0xff, 0xb0, 0x00, 0x00, 0x00, 0x1b, 0xff, 0xff, 0xff, 0xff, 0x93, 0xff, 0xb0, 0x00, 0x00, 0x00,
    0x00, 0x4a, 0xdf, 0xed, 0x93, 0x03, 0xff, 0xb0, 0x00, 0x00, 0x00, 0x00, 0x00, 0x00, 0x01, 0xcf,
    0xfc, 0x20, 0x00, 0x00, 0x00, 0x00, 0x00, 0x00, 0x00, 0x1c, 0xff, 0x90, 0x00, 0x00, 0x00, 0x00,
    0x00, 0x00, 0x00, 0x02, 0xdf, 0xe5, 0x00, 0x00, 0x00, 0x00, 0x00, 0x00, 0x00, 0x00, 0x3e, 0xfc,
    0x20, 0x00, 0x00, 0x00, 0x00, 0x00, 0x00, 0x00, 0x00, 0x00, 0x00, 0x00, 0x00, 0x00, 0x00, 0x00,
    0x00, 0x00, 0x00, 0x00, 0x00, 0x00, 0x00, 0x00, 0x00, 0x00, 0x00, 0x00, 0x4f, 0xfc, 0x00, 0x00,
    0x00, 0x00, 0x05, 0xff, 0xb0, 0x00, 0x00, 0x4f, 0xfc, 0x00, 0x00, 0x00, 0x00, 0x05, 0xff, 0xb0,
    0x00, 0x00, 0x4f, 0xfc, 0x00, 0x00, 0x00, 0x00, 0x05, 0xff, 0xb0, 0x00, 0x00, 0x4f, 0xfc, 0x00,
    0x00, 0x00, 0x00, 0x05, 0xff, 0xb0, 0x00, 0x00, 0x4f, 0xfc, 0x00, 0x00, 0x00, 0x00, 0x05, 0xff,
    0xb0, 0x00, 0x00, 0x4f, 0xfc, 0x00, 0x00, 0x00, 0x00, 0x05, 0xff, 0xb0, 0x00, 0x00, 0x4f, 0xfc,
    0x00, 0x00, 0x00, 0x00, 0x05, 0xff, 0xb0, 0x00, 0x00, 0x4f, 0xfc, 0x00, 0x00, 0x00, 0x00, 0x05,
    0xff, 0xb0, 0x00, 0x00, 0x4f, 0xfc, 0x00, 0x00, 0x00, 0x00, 0x05, 0xff, 0xb0, 0x00, 0x00, 0x4f,
    0xfd, 0x00, 0x00, 0x00, 0x00, 0x06, 0xff, 0xb0, 0x00, 0x00, 0x3f, 0xfe, 0x00, 0x00, 0x00, 0x00,
    0x09, 0xff, 0xb0, 0x00, 0x00, 0x1f, 0xff, 0x20, 0x00, 0x00, 0x00, 0x0d, 0xff, 0xb0, 0x00, 0x00,
    0x0d, 0xff, 0x90, 0x00, 0x00, 0x00, 0x7f, 0xff, 0xb0, 0x00, 0x00, 0x07, 0xff, 0xf8, 0x10, 0x00,
    0x18, 0xff, 0xff, 0xb0, 0x00, 0x00, 0x01, 0xcf, 0xff, 0xeb, 0xac, 0xff, 0xfc, 0xff, 0xb0, 0x00,
    0x00, 0x00, 0x1b, 0xff, 0xff, 0xff, 0xff, 0x93, 0xff, 0xb0, 0x00, 0x00, 0x00, 0x00, 0x4a, 0xdf,
    0xed, 0x93, 0x03, 0xff, 0xb0, 0x00, 0x00, 0x00, 0x00, 0x00, 0x4e, 0xff, 0xb1, 0x00, 0x00, 0x00,
    0x00, 0x00, 0x00, 0x00, 0x05, 0xff, 0xdf, 0xfb, 0x10, 0x00, 0x00, 0x00, 0x00, 0x00, 0x00, 0x6f,
    0xfa, 0x14, 0xef, 0xc1, 0x00, 0x00, 0x00, 0x00, 0x00, 0x07, 0xff, 0x70, 0x00, 0x2c, 0xfd, 0x20,
    0x00, 0x00, 0x00, 0x00, 0x00, 0x00, 0x00, 0x00, 0x00, 0x00, 0x00, 0x00, 0x00, 0x00, 0x00, 0x00,
    0x00, 0x00, 0x00, 0x00, 0x00, 0x00, 0x00, 0x00, 0x00, 0x4f, 0xfc, 0x00, 0x00, 0x00, 0x00, 0x05,
    0xff, 0xb0, 0x00, 0x00, 0x4f, 0xfc, 0x00, 0x00, 0x00, 0x00, 0x05, 0xff, 0xb0, 0x00, 0x00, 0x4f,
    0xfc, 0x00, 0x00, 0x00, 0x00, 0x05, 0xff, 0xb0, 0x00, 0x00, 0x4f, 0xfc, 0x00, 0x00, 0x00, 0x00,
    0x05, 0xff, 0xb0, 0x00, 0x00, 0x4f, 0xfc, 0x00, 0x00, 0x00, 0x00, 0x05, 0xff, 0xb0, 0x00, 0x00,
    0x4f, 0xfc, 0x00, 0x00, 0x00, 0x00, 0x05, 0xff, 0xb0, 0x00, 0x00, 0x4f, 0xfc, 0x00, 0x00, 0x00,
    0x00, 0x05, 0xff, 0xb0, 0x00, 0x00, 0x4f, 0xfc, 0x00, 0x00, 0x00, 0x00, 0x05, 0xff, 0xb0, 0x00,
    0x00, 0x4f, 0xfc, 0x00, 0x00, 0x00, 0x00, 0x05, 0xff, 0xb0, 0x00, 0x00, 0x4f, 0xfd, 0x00, 0x00,
    0x00, 0x00, 0x06, 0xff, 0xb0, 0x00, 0x00, 0x3f, 0xfe, 0x00, 0x00, 0x00, 0x00, 0x09, 0xff, 0xb0,
    0x00, 0x00, 0x1f, 0xff, 0x20, 0x00, 0x00, 0x00, 0x0d, 0xff, 0xb0, 0x00, 0x00, 0x0d, 0xff, 0x90,
    0x00, 0x00, 0x00, 0x7f, 0xff, 0xb0, 0x00, 0x00, 0x07, 0xff, 0xf8, 0x10, 0x00, 0x18, 0xff, 0xff,
    0xb0, 0x00, 0x00, 0x01, 0xcf, 0xff, 0xeb, 0xac, 0xff, 0xfc, 0xff, 0xb0, 0x00, 0x00, 0x00, 0x1b,
    0xff, 0xff, 0xff, 0xff, 0x93, 0xff, 0xb0, 0x00, 0x00, 0x00, 0x00, 0x4a, 0xdf, 0xed, 0x93, 0x03,
    0xff, 0xb0, 0x00, 0x00, 0x00, 0x00, 0x39, 0x70, 0x00, 0x39, 0x70, 0x00, 0x00, 0x00, 0x00, 0x00,
    0x00, 0xcf, 0xf5, 0x00, 0xdf, 0xf4, 0x00, 0x00, 0x00, 0x00, 0x00, 0x00, 0x6e, 0xc2, 0x00, 0x7e,
    0xc1, 0x00, 0x00, 0x00, 0x00, 0x00, 0x00, 0x00, 0x00, 0x00, 0x00, 0x00, 0x00, 0x00, 0x00, 0x00,
    0x00, 0x00, 0x00, 0x00, 0x00, 0x00, 0x00, 0x00, 0x00, 0x00, 0x00, 0x00, 0x00, 0x00, 0x00, 0x00,
    0x00, 0x00, 0x00, 0x00, 0x00, 0x00, 0x4f, 0xfc, 0x00, 0x00, 0x00, 0x00, 0x05, 0xff, 0xb0, 0x00,
    0x00, 0x4f, 0xfc, 0x00, 0x00, 0x00, 0x00, 0x05, 0xff, 0xb0, 0x00, 0x00, 0x4f, 0xfc, 0x00, 0x00,
    0x00, 0x00, 0x05, 0xff, 0xb0, 0x00, 0x00, 0x4f, 0xfc, 0x00, 0x00, 0x00, 0x00, 0x05, 0xff, 0xb0,
    0x00, 0x00, 0x4f, 0xfc, 0x00, 0x00, 0x00, 0x00, 0x05, 0xff, 0xb0, 0x00, 0x00, 0x4f, 0xfc, 0x00,
    0x00, 0x00, 0x00, 0x05, 0xff, 0xb0, 0x00, 0x00, 0x4f, 0xfc, 0x00, 0x00, 0x00, 0x00, 0x05, 0xff,
    0xb0, 0x00, 0x00, 0x4f, 0xfc, 0x00, 0x00, 0x00, 0x00, 0x05, 0xff, 0xb0, 0x00, 0x00, 0x4f, 0xfc,
    0x00, 0x00, 0x00, 0x00, 0x05, 0xff, 0xb0, 0x00, 0x00, 0x4f, 0xfd, 0x00, 0x00, 0x00, 0x00, 0x06,
    0xff, 0xb0, 0x00, 0x00, 0x3f, 0xfe, 0x00, 0x00, 0x00, 0x00, 0x09, 0xff, 0xb0, 0x00, 0x00, 0x1f,
    0xff, 0x20, 0x00, 0x00, 0x00, 0x0d, 0xff, 0xb0, 0x00, 0x00, 0x0d, 0xff, 0x90, 0x00, 0x00, 0x00,
    0x7f, 0xff, 0xb0, 0x00, 0x00, 0x07, 0xff, 0xf8, 0x10, 0x00, 0x18, 0xff, 0xff, 0xb0, 0x00, 0x00,
    0x01, 0xcf, 0xff, 0xeb, 0xac, 0xff, 0xfc, 0xff, 0xb0, 0x00, 0x00, 0x00, 0x1b, 0xff, 0xff, 0xff,
    0xff, 0x93, 0xff, 0xb0, 0x00, 0x00, 0x00, 0x00, 0x4a, 0xdf, 0xed, 0x93, 0x03, 0xff, 0xb0, 0x00,
    0x00, 0x00, 0x00, 0x00, 0x00, 0x3e, 0xff, 0xa1, 0x00, 0x00, 0x00, 0x00, 0x00, 0x00, 0x4e, 0xfe,
    0x60, 0x00, 0x00, 0x00, 0x00, 0x00, 0x00, 0x4e, 0xfd, 0x30, 0x00, 0x00, 0x00, 0x00, 0x00, 0x00,
    0x5f, 0xf9, 0x10, 0x00, 0x00, 0x00, 0x00, 0x00, 0x00, 0x00, 0x00, 0x00, 0x00, 0x00, 0x00, 0x00,
    0x00, 0x00, 0x00, 0x00, 0x00, 0x00, 0x00, 0x00, 0x00, 0x0d, 0xff, 0x50, 0x00, 0x00, 0x00, 0x00,
    0x05, 0xff, 0xa0, 0x6f, 0xfc, 0x00, 0x00, 0x00, 0x00, 0x00, 0xbf, 0xf4, 0x00, 0xef, 0xf4, 0x00,
    0x00, 0x00, 0x00, 0x3f, 0xfc, 0x00, 0x07, 0xff, 0xa0, 0x00, 0x00, 0x00, 0x0a, 0xff, 0x50, 0x00,
    0x1f, 0xff, 0x20, 0x00, 0x00, 0x01, 0xff, 0xd0, 0x00, 0x00, 0x9f, 0xf9, 0x00, 0x00, 0x00, 0x8f,
    0xf7, 0x00, 0x00, 0x02, 0xff, 0xe1, 0x00, 0x00, 0x0e, 0xfe, 0x10, 0x00, 0x00, 0x0b, 0xff, 0x70,
    0x00, 0x06, 0xff, 0x80, 0x00, 0x00, 0x00, 0x4f, 0xfd, 0x00, 0x00, 0xdf, 0xf2, 0x00, 0x00, 0x00,
    0x00, 0xcf, 0xf5, 0x00, 0x4f, 0xfa, 0x00, 0x00, 0x00, 0x00, 0x05, 0xff, 0xc0, 0x0b, 0xff, 0x30,
    0x00, 0x00, 0x00, 0x00, 0x0d, 0xff, 0x32, 0xff, 0xc0, 0x00, 0x00, 0x00, 0x00, 0x00, 0x7f, 0xfa,
    0x9f, 0xf5, 0x00, 0x00, 0x00, 0x00, 0x00, 0x01, 0xef, 0xff, 0xfd, 0x00, 0x00, 0x00, 0x00, 0x00,
    0x00, 0x09, 0xff, 0xff, 0x70, 0x00, 0x00, 0x00, 0x00, 0x00, 0x00, 0x2f, 0xff, 0xe1, 0x00, 0x00,
    0x00, 0x00, 0x00, 0x00, 0x00, 0xbf, 0xf8, 0x00, 0x00, 0x00, 0x00, 0x00, 0x00, 0x00, 0x1e, 0xff,
    0x20, 0x00, 0x00, 0x00, 0x00, 0x00, 0x00, 0x07, 0xff, 0xa0, 0x00, 0x00, 0x00, 0x00, 0x73, 0x00,
    0x04, 0xff, 0xf2, 0x00, 0x00, 0x00, 0x00, 0x3f, 0xfc, 0xab, 0xff, 0xf8, 0x00, 0x00, 0x00, 0x00,
    0x07, 0xff, 0xff, 0xff, 0xfa, 0x00, 0x00, 0x00, 0x00, 0x00, 0x04, 0xad, 0xfd, 0xb4, 0x00, 0x00,
    0x00, 0x00, 0x00, 0x00, 0x00, 0x1f, 0xff, 0x00, 0x00, 0x00, 0x00, 0x00, 0x00, 0x00, 0x00, 0x00,
    0x1f, 0xff, 0x00, 0x00, 0x00, 0x00, 0x00, 0x00, 0x00, 0x00, 0x00, 0x1f, 0xff, 0x00, 0x00, 0x00,
    0x00, 0x00, 0x00, 0x00, 0x00, 0x00, 0x1f, 0xff, 0x00, 0x00, 0x00, 0x00, 0x00, 0x00, 0x00, 0x00,
    0x00, 0x1f, 0xff, 0x00, 0x00, 0x00, 0x00, 0x00, 0x00, 0x00, 0x00, 0x00, 0x1f, 0xff, 0x00, 0x00,
    0x00, 0x00, 0x00, 0x00, 0x00, 0x00, 0x00, 0x1f, 0xff, 0x00, 0x00, 0x00, 0x00, 0x00, 0x00, 0x00,
    0x00, 0x00, 0x1f, 0xff, 0x00, 0x49, 0xde, 0xfd, 0xa5, 0x00, 0x00, 0x00, 0x00, 0x1f, 0xff, 0x1b,
    0xff, 0xff, 0xff, 0xff, 0xc2, 0x00, 0x00, 0x00, 0x1f, 0xff, 0xcf, 0xff, 0xcb, 0xce, 0xff, 0xfe,
    0x30, 0x00, 0x00, 0x1f, 0xff, 0xff, 0x92, 0x00, 0x01, 0x6e, 0xff, 0xd1, 0x00, 0x00, 0x1f, 0xff,
    0xf6, 0x00, 0x00, 0x00, 0x02, 0xef, 0xf9, 0x00, 0x00, 0x1f, 0xff, 0xb0, 0x00, 0x00, 0x00, 0x00,
    0x6f, 0xfe, 0x10, 0x00, 0x1f, 0xff, 0x40, 0x00, 0x00, 0x00, 0x00, 0x0e, 0xff, 0x40, 0x00, 0x1f,
    0xff, 0x10, 0x00, 0x00, 0x00, 0x00, 0x0b, 0xff, 0x60, 0x00, 0x1f, 0xff, 0x00, 0x00, 0x00, 0x00,
    0x00, 0x0a, 0xff, 0x70, 0x00, 0x1f, 0xff, 0x10, 0x00, 0x00, 0x00, 0x00, 0x0b, 0xff, 0x60, 0x00,
    0x1f, 0xff, 0x40, 0x00, 0x00, 0x00, 0x00, 0x0e, 0xff, 0x40, 0x00, 0x1f, 0xff, 0xb0, 0x00, 0x00,
    0x00, 0x00, 0x6f, 0xfe, 0x10, 0x00, 0x1f, 0xff, 0xf7, 0x00, 0x00, 0x00, 0x03, 0xef, 0xf9, 0x00,
    0x00, 0x1f, 0xff, 0xff, 0x92, 0x00, 0x01, 0x6e, 0xff, 0xd1, 0x00, 0x00, 0x1f, 0xff, 0xbf, 0xff,
    0xcb, 0xce, 0xff, 0xfe, 0x30, 0x00, 0x00, 0x1f, 0xff, 0x1a, 0xff, 0xff, 0xff, 0xff, 0xc2, 0x00,
    0x00, 0x00, 0x1f, 0xff, 0x00, 0x49, 0xde, 0xfd, 0xa5, 0x00, 0x00, 0x00, 0x00, 0x1f, 0xff, 0x00,
    0x00, 0x00, 0x00, 0x00, 0x00, 0x00, 0x00, 0x00, 0x1f, 0xff, 0x00, 0x00, 0x00, 0x00, 0x00, 0x00,
    0x00, 0x00, 0x00, 0x1f, 0xff, 0x00, 0x00, 0x00, 0x00, 0x00, 0x00, 0x00, 0x00, 0x00, 0x1f, 0xff,
    0x00, 0x00, 0x00, 0x00, 0x00, 0x00, 0x00, 0x00, 0x00, 0x1f, 0xff, 0x00, 0x00, 0x00, 0x00, 0x00,
    0x00, 0x00, 0x00, 0x00, 0x1f, 0xff, 0x00, 0x00, 0x00, 0x00, 0x00, 0x00, 0x00, 0x00, 0x00, 0x00,
    0x05, 0x95, 0x00, 0x05, 0xa5, 0x00, 0x00, 0x00, 0x00, 0x01, 0xff, 0xf1, 0x01, 0xff, 0xf1, 0x00,
    0x00, 0x00, 0x00, 0x0a, 0xea, 0x00, 0x0a, 0xea, 0x00, 0x00, 0x00, 0x00, 0x00, 0x00, 0x00, 0x00,
    0x00, 0x00, 0x00, 0x00, 0x00, 0x00, 0x00, 0x00, 0x00, 0x00, 0x00, 0x00, 0x00, 0x00, 0x00, 0x00,
    0x00, 0x00, 0x00, 0x00, 0x00, 0x00, 0x00, 0x0d, 0xff, 0x50, 0x00, 0x00, 0x00, 0x00, 0x05, 0xff,
    0xa0, 0x6f, 0xfc, 0x00, 0x00, 0x00, 0x00, 0x00, 0xbf, 0xf4, 0x00, 0xef, 0xf4, 0x00, 0x00, 0x00,
    0x00, 0x3f, 0xfc, 0x00, 0x07, 0xff, 0xa0, 0x00, 0x00, 0x00, 0x0a, 0xff, 0x50, 0x00, 0x1f, 0xff,
    0x20, 0x00, 0x00, 0x01, 0xff, 0xd0, 0x00, 0x00, 0x9f, 0xf9, 0x00, 0x00, 0x00, 0x8f, 0xf7, 0x00,
    0x00, 0x02, 0xff, 0xe1, 0x00, 0x00, 0x0e, 0xfe, 0x10, 0x00, 0x00, 0x0b, 0xff, 0x70, 0x00, 0x06,
    0xff, 0x80, 0x00, 0x00, 0x00, 0x4f, 0xfd, 0x00, 0x00, 0xdf, 0xf2, 0x00, 0x00, 0x00, 0x00, 0xcf,
    0xf5, 0x00, 0x4f, 0xfa, 0x00, 0x00, 0x00, 0x00, 0x05, 0xff, 0xc0, 0x0b, 0xff, 0x30, 0x00, 0x00,
    0x00, 0x00, 0x0d, 0xff, 0x32, 0xff, 0xc0, 0x00, 0x00, 0x00, 0x00, 0x00, 0x7f, 0xfa, 0x9f, 0xf5,
    0x00, 0x00, 0x00, 0x00, 0x00, 0x01, 0xef, 0xff, 0xfd, 0x00, 0x00, 0x00, 0x00, 0x00, 0x00, 0x09,
    0xff, 0xff, 0x70, 0x00, 0x00, 0x00, 0x00, 0x00, 0x00, 0x2f, 0xff, 0xe1, 0x00, 0x00, 0x00, 0x00,
    0x00, 0x00, 0x00, 0xbf, 0xf8, 0x00, 0x00, 0x00, 0x00, 0x00, 0x00, 0x00, 0x1e, 0xff, 0x20, 0x00,
    0x00, 0x00, 0x00, 0x00, 0x00, 0x07, 0xff, 0xa0, 0x00, 0x00, 0x00, 0x00, 0x73, 0x00, 0x04, 0xff,
    0xf2, 0x00, 0x00, 0x00, 0x00, 0x3f, 0xfc, 0xab, 0xff, 0xf8, 0x00, 0x00, 0x00, 0x00, 0x07, 0xff,
    0xff, 0xff, 0xfa, 0x00, 0x00, 0x00, 0x00, 0x00, 0x04, 0xad, 0xfd, 0xb4, 0x00, 0x00, 0x00, 0x00,
    0x00, 0x00, 0x00, 0x00, 0x00, 0x00, 0x26, 0xad, 0xef, 0xff, 0xff, 0xff, 0xff, 0xff, 0xff, 0xff,
    0xff, 0xff, 0xfc, 0x00, 0x00, 0x00, 0x00, 0x2a, 0xff, 0xff, 0xff, 0xff, 0xff, 0xff, 0xff, 0xff,
    0xff, 0xff, 0xff, 0xff, 0xfc, 0x00, 0x00, 0x00, 0x06, 0xff, 0xff, 0xfd, 0xba, 0xaa, 0xaa, 0xff,
    0xfb, 0xaa, 0xaa, 0xaa, 0xaa, 0xaa, 0xa8, 0x00, 0x00, 0x00, 0x8f, 0xff, 0xe8, 0x20, 0x00, 0x00,
    0x01, 0xff, 0xf2, 0x00, 0x00, 0x00, 0x00, 0x00, 0x00, 0x00, 0x00, 0x06, 0xff, 0xfb, 0x20, 0x00,
    0x00, 0x00, 0x01, 0xff, 0xf2, 0x00, 0x00, 0x00, 0x00, 0x00, 0x00, 0x00, 0x00, 0x1e, 0xff, 0xb0,
    0x00, 0x00, 0x00, 0x00, 0x01, 0xff, 0xf2, 0x00, 0x00, 0x00, 0x00, 0x00, 0x00, 0x00, 0x00, 0x8f,
    0xfe, 0x10, 0x00, 0x00, 0x00, 0x00, 0x01, 0xff, 0xf2, 0x00, 0x00, 0x00, 0x00, 0x00, 0x00, 0x00,
    0x00, 0xef, 0xf6, 0x00, 0x00, 0x00, 0x00, 0x00, 0x01, 0xff, 0xf2, 0x00, 0x00, 0x00, 0x00, 0x00,
    0x00, 0x00, 0x03, 0xff, 0xf1, 0x00, 0x00, 0x00, 0x00, 0x00, 0x01, 0xff, 0xf2, 0x00, 0x00, 0x00,
    0x00, 0x00, 0x00, 0x00, 0x05, 0xff, 0xd0, 0x00, 0x00, 0x00, 0x00, 0x00, 0x01, 0xff, 0xfb, 0xaa,
    0xaa, 0xaa, 0xaa, 0xaa, 0x40, 0x00, 0x07, 0xff, 0xb0, 0x00, 0x00, 0x00, 0x00, 0x00, 0x01, 0xff,
    0xff, 0xff, 0xff, 0xff, 0xff, 0xff, 0x60, 0x00, 0x07, 0xff, 0xb0, 0x00, 0x00, 0x00, 0x00, 0x00,
    0x01, 0xff, 0xff, 0xff, 0xff, 0xff, 0xff, 0xff, 0x60, 0x00, 0x06, 0xff, 0xd0, 0x00, 0x00, 0x00,
    0x00, 0x00, 0x01, 0xff, 0xf2, 0x00, 0x00, 0x00, 0x00, 0x00, 0x00, 0x00, 0x03, 0xff, 0xf1, 0x00,
    0x00, 0x00, 0x00, 0x00, 0x01, 0xff, 0xf2, 0x00, 0x00, 0x00, 0x00, 0x00, 0x00, 0x00, 0x00, 0xef,
    0xf6, 0x00, 0x00, 0x00, 0x00, 0x00, 0x01, 0xff, 0xf2, 0x00, 0x00, 0x00, 0x00, 0x00, 0x00, 0x00,
    0x00, 0x9f, 0xfd, 0x10, 0x00, 0x00, 0x00, 0x00, 0x01, 0xff, 0xf2, 0x00, 0x00, 0x00, 0x00, 0x00,
    0x00, 0x00, 0x00, 0x2f, 0xff, 0xb0, 0x00, 0x00, 0x00, 0x00, 0x01, 0xff, 0xf2, 0x00, 0x00, 0x00,
    0x00, 0x00, 0x00, 0x00, 0x00, 0x06, 0xff, 0xfb, 0x20, 0x00, 0x00, 0x00, 0x01, 0xff, 0xf2, 0x00,
    0x00, 0x00, 0x00, 0x00, 0x00, 0x00, 0x00, 0x00, 0x9f, 0xff, 0xe8, 0x20, 0x00, 0x00, 0x01, 0xff,
    0xf2, 0x00, 0x00, 0x00, 0x00, 0x00, 0x00, 0x00, 0x00, 0x00, 0x07, 0xff, 0xff, 0xfd, 0xba, 0xaa,
    0xaa, 0xff, 0xfb, 0xaa, 0xaa, 0xaa, 0xaa, 0xaa, 0xaa, 0x20, 0x00, 0x00, 0x00, 0x2a, 0xff, 0xff,
    0xff, 0xff, 0xff, 0xff, 0xff, 0xff, 0xff, 0xff, 0xff, 0xff, 0xff, 0x30, 0x00, 0x00, 0x00, 0x00,
    0x27, 0xad, 0xef, 0xff, 0xff, 0xff, 0xff, 0xff, 0xff, 0xff, 0xff, 0xff, 0xff, 0x30, 0x00, 0x00,
    0x00, 0x5a, 0xde, 0xed, 0xb5, 0x10, 0x00, 0x00, 0x27, 0xce, 0xfe, 0xb7, 0x10, 0x00, 0x00, 0x00,
    0x00, 0x2c, 0xff, 0xff, 0xff, 0xff, 0xd4, 0x00, 0x07, 0xff, 0xff, 0xff, 0xff, 0xe4, 0x00, 0x00,
    0x00, 0x04, 0xef, 0xff, 0xeb, 0xbd, 0xff, 0xff, 0x60, 0xaf, 0xff, 0xeb, 0xac, 0xff, 0xff, 0x60,
    0x00, 0x00, 0x2e, 0xff, 0xd5, 0x00, 0x00, 0x2a, 0xff, 0xfa, 0xff, 0xe6, 0x00, 0x00, 0x17, 0xff,
    0xf3, 0x00, 0x00, 0xbf, 0xfd, 0x10, 0x00, 0x00, 0x00, 0x9f, 0xff, 0xfe, 0x20, 0x00, 0x00, 0x00,
    0x5f, 0xfc, 0x00, 0x02, 0xff, 0xf3, 0x00, 0x00, 0x00, 0x00, 0x0d, 0xff, 0xf6, 0x00, 0x00, 0x00,
    0x00, 0x09, 0xff, 0x30, 0x07, 0xff, 0xc0, 0x00, 0x00, 0x00, 0x00, 0x07, 0xff, 0xf1, 0x00, 0x00,
    0x00, 0x00, 0x04, 0xff, 0x70, 0x09, 0xff, 0x80, 0x00, 0x00, 0x00, 0x00, 0x04, 0xff, 0xff, 0xff,
    0xff, 0xff, 0xff, 0xff, 0xff, 0xa0, 0x0a, 0xff, 0x70, 0x00, 0x00, 0x00, 0x00, 0x02, 0xff, 0xff,
    0xff, 0xff, 0xff, 0xff, 0xff, 0xff, 0xb0, 0x09, 0xff, 0x90, 0x00, 0x00, 0x00, 0x00, 0x04, 0xff,
    0xfa, 0xaa, 0xaa, 0xaa, 0xaa, 0xaa, 0xaa, 0x80, 0x06, 0xff, 0xc0, 0x00, 0x00, 0x00, 0x00, 0x07,
    0xff, 0xf2, 0x00, 0x00, 0x00, 0x00, 0x00, 0x00, 0x00, 0x02, 0xff, 0xf3, 0x00, 0x00, 0x00, 0x00,
    0x0d, 0xff, 0xf8, 0x00, 0x00, 0x00, 0x00, 0x00, 0x00, 0x00, 0x00, 0xbf, 0xfd, 0x10, 0x00, 0x00,
    0x00, 0x9f, 0xff, 0xff, 0x50, 0x00, 0x00, 0x00, 0x03, 0x20, 0x00, 0x00, 0x2e, 0xff, 0xd5, 0x00,
    0x00, 0x2b, 0xff, 0xf9, 0xff, 0xf8, 0x20, 0x00, 0x01, 0x7e, 0xd2, 0x00, 0x00, 0x04, 0xef, 0xff,
    0xeb, 0xbd, 0xff, 0xff, 0x60, 0x9f, 0xff, 0xfc, 0xbb, 0xcf, 0xff, 0xf5, 0x00, 0x00, 0x00, 0x2c,
    0xff, 0xff, 0xff, 0xff, 0xd4, 0x00, 0x06, 0xef, 0xff, 0xff, 0xff, 0xfd, 0x50, 0x00, 0x00, 0x00,
    0x00, 0x5a, 0xdf, 0xed, 0xb5, 0x10, 0x00, 0x00, 0x16, 0xbd, 0xee, 0xda, 0x60, 0x00, 0x00, 0x00,
    0x00, 0x00, 0x00, 0x00, 0x04, 0x8c, 0xde, 0xed, 0xc8, 0x40, 0x00, 0x00, 0x00, 0x00, 0x00, 0x00,
    0x06, 0xdf, 0xff, 0xff, 0xff, 0xff, 0xfd, 0x60, 0x00, 0x00, 0x00, 0x00, 0x02, 0xcf, 0xff, 0xff,
    0xcb, 0xac, 0xef, 0xff, 0xfa, 0x10, 0x00, 0x00, 0x00, 0x3e, 0xff, 0xfb, 0x40, 0x00, 0x00, 0x03,
    0x9e, 0xfe, 0x40, 0x00, 0x00, 0x01, 0xdf, 0xfe, 0x40, 0x00, 0x00, 0x00, 0x00, 0x02, 0xa2, 0x00,
    0x00, 0x00, 0x09, 0xff, 0xe2, 0x00, 0x00, 0x00, 0x00, 0x00, 0x00, 0x00, 0x00, 0x00, 0x00, 0x1f,
    0xff, 0x50, 0x00, 0x00, 0x00, 0x00, 0x00, 0x00, 0x00, 0x00, 0x1d, 0xdd, 0xdf, 0xff, 0xdd, 0xdd,
    0xdd, 0xdd, 0xdd, 0x20, 0x00, 0x00, 0x00, 0x1f, 0xff, 0xff, 0xff, 0xff, 0xff, 0xff, 0xff, 0xff,
    0x20, 0x00, 0x00, 0x00, 0x00, 0x00, 0xbf, 0xf7, 0x00, 0x00, 0x00, 0x00, 0x00, 0x00, 0x00, 0x00,
    0x00, 0x00, 0x00, 0xcf, 0xf7, 0x00, 0x00, 0x00, 0x00, 0x00, 0x00, 0x00, 0x00, 0x00, 0x00, 0x00,
    0xbf, 0xf7, 0x00, 0x00, 0x00, 0x00, 0x00, 0x00, 0x00, 0x00, 0x00, 0x1f, 0xff, 0xff, 0xff, 0xff,
    0xff, 0xff, 0xff, 0xff, 0x20, 0x00, 0x00, 0x00, 0x1d, 0xdd, 0xdf, 0xff, 0xdd, 0xdd, 0xdd, 0xdd,
    0xdd, 0x20, 0x00, 0x00, 0x00, 0x00, 0x00, 0x2f, 0xff, 0x40, 0x00, 0x00, 0x00, 0x00, 0x00, 0x00,
    0x00, 0x00, 0x00, 0x00, 0x0b, 0xff, 0xc0, 0x00, 0x00, 0x00, 0x00, 0x00, 0x00, 0x00, 0x00, 0x00,
    0x00, 0x03, 0xff, 0xf9, 0x00, 0x00, 0x00, 0x00, 0x00, 0x00, 0x20, 0x00, 0x00, 0x00, 0x00, 0x8f,
    0xff, 0x91, 0x00, 0x00, 0x00, 0x00, 0x06, 0xf6, 0x00, 0x00, 0x00, 0x00, 0x0a, 0xff, 0xfd, 0x61,
    0x00, 0x00, 0x04, 0xcf, 0xff, 0x50, 0x00, 0x00, 0x00, 0x00, 0x8f, 0xff, 0xff, 0xcb, 0xac, 0xef,
    0xff, 0xf9, 0x00, 0x00, 0x00, 0x00, 0x00, 0x03, 0xbf, 0xff, 0xff, 0xff, 0xff, 0xfd, 0x50, 0x00,
    0x00, 0x00, 0x00, 0x00, 0x00, 0x03, 0x8b, 0xef, 0xed, 0xc8, 0x40, 0x00, 0x00,
};
static const lv_font_fmt_txt_glyph_dsc_t font_latin1_32_glyphs[] = {
    {.bitmap_index = 0, .adv_w = 0, .box_w = 0, .box_h = 0, .ofs_x = 0, .ofs_y = 0},
    {.bitmap_index = 0, .adv_w = 137, .box_w = 9, .box_h = 22, .ofs_x = 0, .ofs_y = -5}, /* U+00A1 */
    {.bitmap_index = 99, .adv_w = 292, .box_w = 18, .box_h = 24, .ofs_x = 0, .ofs_y = -3}, /* U+00A2 */
    {.bitmap_index = 315, .adv_w = 331, .box_w = 21, .box_h = 22, .ofs_x = 0, .ofs_y = 0}, /* U+00A3 */
    {.bitmap_index = 546, .adv_w = 358, .box_w = 22, .box_h = 21, .ofs_x = 0, .ofs_y = 0}, /* U+00A4 */
    {.bitmap_index = 777, .adv_w = 362, .box_w = 24, .box_h = 22, .ofs_x = -1, .ofs_y = 0}, /* U+00A5 */
    {.bitmap_index = 1041, .adv_w = 153, .box_w = 10, .box_h = 30, .ofs_x = 0, .ofs_y = -6}, /* U+00A6 */
    {.bitmap_index = 1191, .adv_w = 256, .box_w = 16, .box_h = 26, .ofs_x = 0, .ofs_y = -4}, /* U+00A7 */
    {.bitmap_index = 1399, .adv_w = 307, .box_w = 19, .box_h = 23, .ofs_x = 0, .ofs_y = 0}, /* U+00A8 */
    {.bitmap_index = 1618, .adv_w = 410, .box_w = 26, .box_h = 23, .ofs_x = 0, .ofs_y = -1}, /* U+00A9 */
    {.bitmap_index = 1917, .adv_w = 207, .box_w = 13, .box_h = 24, .ofs_x = 0, .ofs_y = 0}, /* U+00AA */
    {.bitmap_index = 2073, .adv_w = 258, .box_w = 16, .box_h = 14, .ofs_x = 0, .ofs_y = 0}, /* U+00AB */
    {.bitmap_index = 2185, .adv_w = 298, .box_w = 19, .box_h = 13, .ofs_x = 0, .ofs_y = 0}, /* U+00AC */
    {.bitmap_index = 2309, .adv_w = 410, .box_w = 26, .box_h = 23, .ofs_x = 0, .ofs_y = -1}, /* U+00AE */
    {.bitmap_index = 2608, .adv_w = 307, .box_w = 19, .box_h = 22, .ofs_x = 0, .ofs_y = 0}, /* U+00AF */
    {.bitmap_index = 2817, .adv_w = 298, .box_w = 19, .box_h = 20, .ofs_x = 0, .ofs_y = 0}, /* U+00B1 */
    {.bitmap_index = 3007, .adv_w = 220, .box_w = 14, .box_h = 23, .ofs_x = 0, .ofs_y = 0}, /* U+00B2 */
    {.bitmap_index = 3168, .adv_w = 220, .box_w = 14, .box_h = 23, .ofs_x = 0, .ofs_y = 0}, /* U+00B3 */
    {.bitmap_index = 3329, .adv_w = 307, .box_w = 19, .box_h = 23, .ofs_x = 0, .ofs_y = 0}, /* U+00B4 */
    {.bitmap_index = 3548, .adv_w = 349, .box_w = 22, .box_h = 23, .ofs_x = 0, .ofs_y = -6}, /* U+00B5 */
    {.bitmap_index = 3801, .adv_w = 332, .box_w = 21, .box_h = 28, .ofs_x = 0, .ofs_y = -4}, /* U+00B6 */
    {.bitmap_index = 4095, .adv_w = 137, .box_w = 9, .box_h = 11, .ofs_x = 0, .ofs_y = 0}, /* U+00B7 */
    {.bitmap_index = 4145, .adv_w = 307, .box_w = 19, .box_h = 7, .ofs_x = 0, .ofs_y = -7}, /* U+00B8 */
    {.bitmap_index = 4212, .adv_w = 220, .box_w = 14, .box_h = 23, .ofs_x = 0, .ofs_y = 0}, /* U+00B9 */
    {.bitmap_index = 4373, .adv_w = 214, .box_w = 13, .box_h = 24, .ofs_x = 0, .ofs_y = 0}, /* U+00BA */
    {.bitmap_index = 4529, .adv_w = 258, .box_w = 16, .box_h = 14, .ofs_x = 0, .ofs_y = 0}, /* U+00BB */
    {.bitmap_index = 4641, .adv_w = 530, .box_w = 33, .box_h = 22, .ofs_x = 0, .ofs_y = 0}, /* U+00BC */
    {.bitmap_index = 5004, .adv_w = 530, .box_w = 33, .box_h = 22, .ofs_x = 0, .ofs_y = 0}, /* U+00BD */
    {.bitmap_index = 5367, .adv_w = 530, .box_w = 33, .box_h = 22, .ofs_x = 0, .ofs_y = 0}, /* U+00BE */
    {.bitmap_index = 5730, .adv_w = 294, .box_w = 19, .box_h = 22, .ofs_x = 0, .ofs_y = -5}, /* U+00BF */
    {.bitmap_index = 5939, .adv_w = 375, .box_w = 25, .box_h = 28, .ofs_x = -1, .ofs_y = 0}, /* U+00C0 */
    {.bitmap_index = 6289, .adv_w = 375, .box_w = 25, .box_h = 28, .ofs_x = -1, .ofs_y = 0}, /* U+00C1 */
    {.bitmap_index = 6639, .adv_w = 375, .box_w = 25, .box_h = 28, .ofs_x = -1, .ofs_y = 0}, /* U+00C2 */
    {.bitmap_index = 6989, .adv_w = 375, .box_w = 25, .box_h = 29, .ofs_x = -1, .ofs_y = 0}, /* U+00C3 */
    {.bitmap_index = 7352, .adv_w = 375, .box_w = 25, .box_h = 28, .ofs_x = -1, .ofs_y = 0}, /* U+00C4 */
    {.bitmap_index = 7702, .adv_w = 375, .box_w = 25, .box_h = 31, .ofs_x = -1, .ofs_y = 0}, /* U+00C5 */
    {.bitmap_index = 8090, .adv_w = 536, .box_w = 35, .box_h = 22, .ofs_x = -1, .ofs_y = 0}, /* U+00C6 */
    {.bitmap_index = 8475, .adv_w = 365, .box_w = 23, .box_h = 29, .ofs_x = 0, .ofs_y = -7}, /* U+00C7 */
    {.bitmap_index = 8809, .adv_w = 343, .box_w = 21, .box_h = 28, .ofs_x = 0, .ofs_y = 0}, /* U+00C8 */
    {.bitmap_index = 9103, .adv_w = 343, .box_w = 21, .box_h = 28, .ofs_x = 0, .ofs_y = 0}, /* U+00C9 */
    {.bitmap_index = 9397, .adv_w = 343, .box_w = 21, .box_h = 28, .ofs_x = 0, .ofs_y = 0}, /* U+00CA */
    {.bitmap_index = 9691, .adv_w = 343, .box_w = 21, .box_h = 28, .ofs_x = 0, .ofs_y = 0}, /* U+00CB */
    {.bitmap_index = 9985, .adv_w = 159, .box_w = 11, .box_h = 28, .ofs_x = -1, .ofs_y = 0}, /* U+00CC */
    {.bitmap_index = 10139, .adv_w = 159, .box_w = 11, .box_h = 28, .ofs_x = 0, .ofs_y = 0}, /* U+00CD */
    {.bitmap_index = 10293, .adv_w = 159, .box_w = 12, .box_h = 28, .ofs_x = -1, .ofs_y = 0}, /* U+00CE */
    {.bitmap_index = 10461, .adv_w = 159, .box_w = 10, .box_h = 28, .ofs_x = 0, .ofs_y = 0}, /* U+00CF */
    {.bitmap_index = 10601, .adv_w = 427, .box_w = 27, .box_h = 22, .ofs_x = 0, .ofs_y = 0}, /* U+00D0 */
    {.bitmap_index = 10898, .adv_w = 416, .box_w = 26, .box_h = 29, .ofs_x = 0, .ofs_y = 0}, /* U+00D1 */
    {.bitmap_index = 11275, .adv_w = 430, .box_w = 27, .box_h = 28, .ofs_x = 0, .ofs_y = 0}, /* U+00D2 */
    {.bitmap_index = 11653, .adv_w = 430, .box_w = 27, .box_h = 28, .ofs_x = 0, .ofs_y = 0}, /* U+00D3 */
    {.bitmap_index = 12031, .adv_w = 430, .box_w = 27, .box_h = 28, .ofs_x = 0, .ofs_y = 0}, /* U+00D4 */
    {.bitmap_index = 12409, .adv_w = 430, .box_w = 27, .box_h = 29, .ofs_x = 0, .ofs_y = 0}, /* U+00D5 */
    {.bitmap_index = 12801, .adv_w = 430, .box_w = 27, .box_h = 28, .ofs_x = 0, .ofs_y = 0}, /* U+00D6 */
    {.bitmap_index = 13179, .adv_w = 298, .box_w = 19, .box_h = 18, .ofs_x = 0, .ofs_y = 0}, /* U+00D7 */
    {.bitmap_index = 13350, .adv_w = 430, .box_w = 27, .box_h = 27, .ofs_x = 0, .ofs_y = -2}, /* U+00D8 */
    {.bitmap_index = 13715, .adv_w = 405, .box_w = 25, .box_h = 28, .ofs_x = 0, .ofs_y = 0}, /* U+00D9 */
    {.bitmap_index = 14065, .adv_w = 405, .box_w = 25, .box_h = 28, .ofs_x = 0, .ofs_y = 0}, /* U+00DA */
    {.bitmap_index = 14415, .adv_w = 405, .box_w = 25, .box_h = 28, .ofs_x = 0, .ofs_y = 0}, /* U+00DB */
    {.bitmap_index = 14765, .adv_w = 405, .box_w = 25, .box_h = 28, .ofs_x = 0, .ofs_y = 0}, /* U+00DC */
    {.bitmap_index = 15115, .adv_w = 331, .box_w = 22, .box_h = 28, .ofs_x = -1, .ofs_y = 0}, /* U+00DD */
    {.bitmap_index = 15423, .adv_w = 370, .box_w = 23, .box_h = 22, .ofs_x = 0, .ofs_y = 0}, /* U+00DE */
    {.bitmap_index = 15676, .adv_w = 346, .box_w = 22, .box_h = 24, .ofs_x = 0, .ofs_y = 0}, /* U+00DF */
    {.bitmap_index = 15940, .adv_w = 306, .box_w = 19, .box_h = 23, .ofs_x = 0, .ofs_y = 0}, /* U+00E0 */
    {.bitmap_index = 16159, .adv_w = 306, .box_w = 19, .box_h = 23, .ofs_x = 0, .ofs_y = 0}, /* U+00E1 */
    {.bitmap_index = 16378, .adv_w = 306, .box_w = 19, .box_h = 23, .ofs_x = 0, .ofs_y = 0}, /* U+00E2 */
    {.bitmap_index = 16597, .adv_w = 306, .box_w = 19, .box_h = 23, .ofs_x = 0, .ofs_y = 0}, /* U+00E3 */
    {.bitmap_index = 16816, .adv_w = 306, .box_w = 19, .box_h = 23, .ofs_x = 0, .ofs_y = 0}, /* U+00E4 */
    {.bitmap_index = 17035, .adv_w = 306, .box_w = 19, .box_h = 26, .ofs_x = 0, .ofs_y = 0}, /* U+00E5 */
    {.bitmap_index = 17282, .adv_w = 506, .box_w = 32, .box_h = 17, .ofs_x = 0, .ofs_y = 0}, /* U+00E6 */
    {.bitmap_index = 17554, .adv_w = 292, .box_w = 18, .box_h = 24, .ofs_x = 0, .ofs_y = -7}, /* U+00E7 */
    {.bitmap_index = 17770, .adv_w = 313, .box_w = 20, .box_h = 23, .ofs_x = 0, .ofs_y = 0}, /* U+00E8 */
    {.bitmap_index = 18000, .adv_w = 313, .box_w = 20, .box_h = 23, .ofs_x = 0, .ofs_y = 0}, /* U+00E9 */
    {.bitmap_index = 18230, .adv_w = 313, .box_w = 20, .box_h = 23, .ofs_x = 0, .ofs_y = 0}, /* U+00EA */
    {.bitmap_index = 18460, .adv_w = 313, .box_w = 20, .box_h = 23, .ofs_x = 0, .ofs_y = 0}, /* U+00EB */
    {.bitmap_index = 18690, .adv_w = 143, .box_w = 11, .box_h = 23, .ofs_x = -2, .ofs_y = 0}, /* U+00EC */
    {.bitmap_index = 18817, .adv_w = 143, .box_w = 11, .box_h = 23, .ofs_x = 0, .ofs_y = 0}, /* U+00ED */
    {.bitmap_index = 18944, .adv_w = 143, .box_w = 11, .box_h = 24, .ofs_x = -1, .ofs_y = 0}, /* U+00EE */
    {.bitmap_index = 19076, .adv_w = 143, .box_w = 9, .box_h = 23, .ofs_x = 0, .ofs_y = 0}, /* U+00EF */
    {.bitmap_index = 19180, .adv_w = 306, .box_w = 19, .box_h = 24, .ofs_x = 0, .ofs_y = 0}, /* U+00F0 */
    {.bitmap_index = 19408, .adv_w = 349, .box_w = 22, .box_h = 23, .ofs_x = 0, .ofs_y = 0}, /* U+00F1 */
    {.bitmap_index = 19661, .adv_w = 325, .box_w = 20, .box_h = 23, .ofs_x = 0, .ofs_y = 0}, /* U+00F2 */
    {.bitmap_index = 19891, .adv_w = 325, .box_w = 20, .box_h = 23, .ofs_x = 0, .ofs_y = 0}, /* U+00F3 */
    {.bitmap_index = 20121, .adv_w = 325, .box_w = 20, .box_h = 23, .ofs_x = 0, .ofs_y = 0}, /* U+00F4 */
    {.bitmap_index = 20351, .adv_w = 325, .box_w = 20, .box_h = 23, .ofs_x = 0, .ofs_y = 0}, /* U+00F5 */
    {.bitmap_index = 20581, .adv_w = 325, .box_w = 20, .box_h = 23, .ofs_x = 0, .ofs_y = 0}, /* U+00F6 */
    {.bitmap_index = 20811, .adv_w = 298, .box_w = 19, .box_h = 19, .ofs_x = 0, .ofs_y = 0}, /* U+00F7 */
    {.bitmap_index = 20992, .adv_w = 325, .box_w = 20, .box_h = 22, .ofs_x = 0, .ofs_y = -3}, /* U+00F8 */
    {.bitmap_index = 21212, .adv_w = 346, .box_w = 22, .box_h = 23, .ofs_x = 0, .ofs_y = 0}, /* U+00F9 */
    {.bitmap_index = 21465, .adv_w = 346, .box_w = 22, .box_h = 23, .ofs_x = 0, .ofs_y = 0}, /* U+00FA */
    {.bitmap_index = 21718, .adv_w = 346, .box_w = 22, .box_h = 23, .ofs_x = 0, .ofs_y = 0}, /* U+00FB */
    {.bitmap_index = 21971, .adv_w = 346, .box_w = 22, .box_h = 23, .ofs_x = 0, .ofs_y = 0}, /* U+00FC */
    {.bitmap_index = 22224, .adv_w = 286, .box_w = 19, .box_h = 29, .ofs_x = -1, .ofs_y = -6}, /* U+00FD */
    {.bitmap_index = 22500, .adv_w = 349, .box_w = 22, .box_h = 30, .ofs_x = 0, .ofs_y = -6}, /* U+00FE */
    {.bitmap_index = 22830, .adv_w = 286, .box_w = 19, .box_h = 29, .ofs_x = -1, .ofs_y = -6}, /* U+00FF */
    {.bitmap_index = 23106, .adv_w = 576, .box_w = 36, .box_h = 22, .ofs_x = 0, .ofs_y = 0}, /* U+0152 */
    {.bitmap_index = 23502, .adv_w = 546, .box_w = 34, .box_h = 17, .ofs_x = 0, .ofs_y = 0}, /* U+0153 */
    {.bitmap_index = 23791, .adv_w = 408, .box_w = 26, .box_h = 22, .ofs_x = 0, .ofs_y = 0}, /* U+20AC */
};
static const uint16_t font_latin1_32_list[] = {0, 1, 2, 3, 4, 5, 6, 7, 8, 9, 10, 11, 13, 14, 16, 17, 18, 19, 20, 21, 22, 23, 24, 25, 26, 27, 28, 29, 30, 31, 32, 33, 34, 35, 36, 37, 38, 39, 40, 41, 42, 43, 44, 45, 46, 47, 48, 49, 50, 51, 52, 53, 54, 55, 56, 57, 58, 59, 60, 61, 62, 63, 64, 65, 66, 67, 68, 69, 70, 71, 72, 73, 74, 75, 76, 77, 78, 79, 80, 81, 82, 83, 84, 85, 86, 87, 88, 89, 90, 91, 92, 93, 94, 177, 178, 8203};
static const lv_font_fmt_txt_cmap_t font_latin1_32_cmaps[] = {
    {.range_start = 161, .range_length = 8204, .glyph_id_start = 1,
     .unicode_list = font_latin1_32_list, .glyph_id_ofs_list = NULL, .list_length = 96, .type = LV_FONT_FMT_TXT_CMAP_SPARSE_TINY}
};
static lv_font_fmt_txt_glyph_cache_t font_latin1_32_cache;
static const lv_font_fmt_txt_dsc_t font_latin1_32_dsc = {
    .glyph_bitmap = font_latin1_32_bitmap, .glyph_dsc = font_latin1_32_glyphs, .cmaps = font_latin1_32_cmaps, .kern_dsc = NULL,
    .kern_scale = 0, .cmap_num = 1, .bpp = 4, .kern_classes = 0, .bitmap_format = 0, .cache = &font_latin1_32_cache
};
const lv_font_t font_latin1_32 = {
    .get_glyph_dsc = lv_font_get_glyph_dsc_fmt_txt,
    .get_glyph_bitmap = lv_font_get_bitmap_fmt_txt,
    .line_height = 37,
    .base_line = 6,
    .subpx = LV_FONT_SUBPX_NONE,
    .underline_position = -2,
    .underline_thickness = 2,
    .dsc = &font_latin1_32_dsc,
    .fallback = &lv_font_montserrat_32,
};
#endif

#if LV_FONT_MONTSERRAT_48
static LV_ATTRIBUTE_LARGE_CONST const uint8_t font_latin1_48_bitmap[] = {
    0x00, 0x00, 0x4c, 0xec, 0x40, 0x00, 0x00, 0x00, 0x3f, 0xff, 0xfe, 0x20, 0x00, 0x00, 0x09, 0xff,
    0xff, 0xf7, 0x00, 0x00, 0x00, 0x9f, 0xff, 0xff, 0x70, 0x00, 0x00, 0x04, 0xff, 0xff, 0xe2, 0x00,
    0x00, 0x00, 0x05, 0xce, 0xc4, 0x00, 0x00, 0x00, 0x00, 0x00, 0x00, 0x00, 0x00, 0x00, 0x00, 0x00,
    0x00, 0x00, 0x00, 0x00, 0x00, 0x00, 0x00, 0x00, 0x00, 0x00, 0x00, 0x00, 0x00, 0x00, 0x00, 0x00,
    0x00, 0x00, 0x00, 0x00, 0x00, 0x00, 0x00, 0x00, 0x00, 0x06, 0xff, 0xf4, 0x00, 0x00, 0x00, 0x00,
    0x7f, 0xff, 0x50, 0x00, 0x00, 0x00, 0x07, 0xff, 0xf5, 0x00, 0x00, 0x00, 0x00, 0x8f, 0xff, 0x60,
    0x00, 0x00, 0x00, 0x09, 0xff, 0xf7, 0x00, 0x00, 0x00, 0x00, 0x9f, 0xff, 0x70, 0x00, 0x00, 0x00,
    0x0a, 0xff, 0xf8, 0x00, 0x00, 0x00, 0x00, 0xaf, 0xff, 0x80, 0x00, 0x00, 0x00, 0x0b, 0xff, 0xf9,
    0x00, 0x00, 0x00, 0x00, 0xcf, 0xff, 0xa0, 0x00, 0x00, 0x00, 0x0c, 0xff, 0xfa, 0x00, 0x00, 0x00,
    0x00, 0xdf, 0xff, 0xb0, 0x00, 0x00, 0x00, 0x0d, 0xff, 0xfc, 0x00, 0x00, 0x00, 0x00, 0xef, 0xff,
    0xc0, 0x00, 0x00, 0x00, 0x0e, 0xff, 0xfd, 0x00, 0x00, 0x00, 0x00, 0xff, 0xff, 0xd0, 0x00, 0x00,
    0x00, 0x1f, 0xff, 0xfe, 0x00, 0x00, 0x00, 0x01, 0xff, 0xff, 0xf0, 0x00, 0x00, 0x00, 0x2f, 0xff,
    0xff, 0x00, 0x00, 0x00, 0x02, 0xff, 0xff, 0xf1, 0x00, 0x00, 0x00, 0x3f, 0xff, 0xff, 0x20, 0x00,
    0x00, 0x03, 0xff, 0xff, 0xf2, 0x00, 0x00, 0x00, 0x00, 0x00, 0x00, 0x00, 0x00, 0x07, 0xff, 0x90,
    0x00, 0x00, 0x00, 0x00, 0x00, 0x00, 0x00, 0x00, 0x00, 0x00, 0x00, 0x7f, 0xf9, 0x00, 0x00, 0x00,
    0x00, 0x00, 0x00, 0x00, 0x00, 0x00, 0x00, 0x00, 0x07, 0xff, 0x90, 0x00, 0x00, 0x00, 0x00, 0x00,
    0x00, 0x00, 0x00, 0x00, 0x00, 0x00, 0x7f, 0xf9, 0x00, 0x00, 0x00, 0x00, 0x00, 0x00, 0x00, 0x00,
    0x00, 0x00, 0x00, 0x07, 0xff, 0x90, 0x00, 0x00, 0x00, 0x00, 0x00, 0x00, 0x00, 0x00, 0x00, 0x00,
    0x00, 0x7f, 0xf9, 0x00, 0x00, 0x00, 0x00, 0x00, 0x00, 0x00, 0x00, 0x00, 0x01, 0x6a, 0xdf, 0xff,
    0xfe, 0xc9, 0x40, 0x00, 0x00, 0x00, 0x00, 0x00, 0x00, 0x07, 0xef, 0xff, 0xff, 0xff, 0xff, 0xff,
    0xc3, 0x00, 0x00, 0x00, 0x00, 0x00, 0x3d, 0xff, 0xff, 0xff, 0xff, 0xff, 0xff, 0xff, 0xf6, 0x00,
    0x00, 0x00, 0x00, 0x4e, 0xff, 0xff, 0xff, 0xff, 0xff, 0xff, 0xff, 0xff, 0xf6, 0x00, 0x00, 0x00,
    0x3e, 0xff, 0xff, 0xfe, 0x9a, 0xff, 0xb6, 0xbf, 0xff, 0xff, 0xf3, 0x00, 0x00, 0x0d, 0xff, 0xff,
    0xf7, 0x10, 0x7f, 0xf9, 0x00, 0x3c, 0xff, 0xff, 0x80, 0x00, 0x07, 0xff, 0xff, 0xe4, 0x00, 0x07,
    0xff, 0x90, 0x00, 0x0b, 0xfe, 0x50, 0x00, 0x01, 0xef, 0xff, 0xf5, 0x00, 0x00, 0x7f, 0xf9, 0x00,
    0x00, 0x18, 0x10, 0x00, 0x00, 0x5f, 0xff, 0xfb, 0x00, 0x00, 0x07, 0xff, 0x90, 0x00, 0x00, 0x00,
    0x00, 0x00, 0x09, 0xff, 0xff, 0x40, 0x00, 0x00, 0x7f, 0xf9, 0x00, 0x00, 0x00, 0x00, 0x00, 0x00,
    0xcf, 0xff, 0xe0, 0x00, 0x00, 0x07, 0xff, 0x90, 0x00, 0x00, 0x00, 0x00, 0x00, 0x0e, 0xff, 0xfc,
    0x00, 0x00, 0x00, 0x7f, 0xf9, 0x00, 0x00, 0x00, 0x00, 0x00, 0x00, 0xff, 0xff, 0xb0, 0x00, 0x00,
    0x07, 0xff, 0x90, 0x00, 0x00, 0x00, 0x00, 0x00, 0x0e, 0xff, 0xfb, 0x00, 0x00, 0x00, 0x7f, 0xf9,
    0x00, 0x00, 0x00, 0x00, 0x00, 0x00, 0xdf, 0xff, 0xc0, 0x00, 0x00, 0x07, 0xff, 0x90, 0x00, 0x00,
    0x00, 0x00, 0x00, 0x0b, 0xff, 0xff, 0x00, 0x00, 0x00, 0x7f, 0xf9, 0x00, 0x00, 0x00, 0x00, 0x00,
    0x00, 0x7f, 0xff, 0xf5, 0x00, 0x00, 0x07, 0xff, 0x90, 0x00, 0x00, 0x00, 0x00, 0x00, 0x02, 0xff,
    0xff, 0xc0, 0x00, 0x00, 0x7f, 0xf9, 0x00, 0x00, 0x00, 0x00, 0x00, 0x00, 0x0b, 0xff, 0xff, 0x70,
    0x00, 0x07, 0xff, 0x90, 0x00, 0x01, 0xa2, 0x00, 0x00, 0x00, 0x3f, 0xff, 0xff, 0x60, 0x00, 0x7f,
    0xf9, 0x00, 0x01, 0xcf, 0xf8, 0x10, 0x00, 0x00, 0x8f, 0xff, 0xff, 0xa2, 0x07, 0xff, 0x90, 0x05,
    0xef, 0xff, 0xf9, 0x00, 0x00, 0x00, 0xaf, 0xff, 0xff, 0xfb, 0xbf, 0xfc, 0x9d, 0xff, 0xff, 0xfd,
    0x10, 0x00, 0x00, 0x00, 0x9f, 0xff, 0xff, 0xff, 0xff, 0xff, 0xff, 0xff, 0xfd, 0x20, 0x00, 0x00,
    0x00, 0x00, 0x5e, 0xff, 0xff, 0xff, 0xff, 0xff, 0xff, 0xfb, 0x20, 0x00, 0x00, 0x00, 0x00, 0x00,
    0x17, 0xcf, 0xff, 0xff, 0xff, 0xff, 0xb4, 0x00, 0x00, 0x00, 0x00, 0x00, 0x00, 0x00, 0x00, 0x25,
    0xbf, 0xfd, 0x75, 0x10, 0x00, 0x00, 0x00, 0x00, 0x00, 0x00, 0x00, 0x00, 0x00, 0x07, 0xff, 0x90,
    0x00, 0x00, 0x00, 0x00, 0x00, 0x00, 0x00, 0x00, 0x00, 0x00, 0x00, 0x7f, 0xf9, 0x00, 0x00, 0x00,
    0x00, 0x00, 0x00, 0x00, 0x00, 0x00, 0x00, 0x00, 0x07, 0xff, 0x90, 0x00, 0x00, 0x00, 0x00, 0x00,
    0x00, 0x00, 0x00, 0x00, 0x00, 0x00, 0x7f, 0xf9, 0x00, 0x00, 0x00, 0x00, 0x00, 0x00, 0x00, 0x00,
    0x00, 0x00, 0x00, 0x07, 0xff, 0x90, 0x00, 0x00, 0x00, 0x00, 0x00, 0x00, 0x00, 0x00, 0x00, 0x00,
    0x00, 0x00, 0x15, 0x9b, 0xde, 0xfe, 0xed, 0xa8, 0x40, 0x00, 0x00, 0x00, 0x00, 0x00, 0x00, 0x00,
    0x02, 0xaf, 0xff, 0xff, 0xff, 0xff, 0xff, 0xff, 0xe9, 0x20, 0x00, 0x00, 0x00, 0x00, 0x00, 0x08,
    0xff, 0xff, 0xff, 0xff, 0xff, 0xff, 0xff, 0xff, 0xff, 0x20, 0x00, 0x00, 0x00, 0x00, 0x1c, 0xff,
    0xff, 0xff, 0xff, 0xff, 0xff, 0xff, 0xff, 0xff, 0xc0, 0x00, 0x00, 0x00, 0x00, 0x0b, 0xff, 0xff,
    0xfe, 0x96, 0x32, 0x12, 0x35, 0x8c, 0xff, 0xf6, 0x00, 0x00, 0x00, 0x00, 0x08, 0xff, 0xff, 0xf8,
    0x10, 0x00, 0x00, 0x00, 0x00, 0x02, 0x9e, 0x10, 0x00, 0x00, 0x00, 0x02, 0xff, 0xff, 0xf5, 0x00,
    0x00, 0x00, 0x00, 0x00, 0x00, 0x00, 0x10, 0x00, 0x00, 0x00, 0x00, 0x8f, 0xff, 0xf9, 0x00, 0x00,
    0x00, 0x00, 0x00, 0x00, 0x00, 0x00, 0x00, 0x00, 0x00, 0x00, 0x0d, 0xff, 0xff, 0x10, 0x00, 0x00,
    0x00, 0x00, 0x00, 0x00, 0x00, 0x00, 0x00, 0x00, 0x00, 0x01, 0xff, 0xff, 0xb0, 0x00, 0x00, 0x00,
    0x00, 0x00, 0x00, 0x00, 0x00, 0x00, 0x00, 0x00, 0x00, 0x4f, 0xff, 0xf8, 0x00, 0x00, 0x00, 0x00,
    0x00, 0x00, 0x00, 0x00, 0x00, 0x00, 0x00, 0x00, 0x05, 0xff, 0xff, 0x70, 0x00, 0x00, 0x00, 0x00,
    0x00, 0x00, 0x00, 0x00, 0x00, 0x00, 0x00, 0x00, 0x5f, 0xff, 0xf6, 0x00, 0x00, 0x00, 0x00, 0x00,
    0x00, 0x00, 0x00, 0x00, 0x00, 0x00, 0x00, 0x05, 0xff, 0xff, 0x60, 0x00, 0x00, 0x00, 0x00, 0x00,
    0x00, 0x00, 0x00, 0x00, 0x00, 0x00, 0x00, 0x5f, 0xff, 0xf6, 0x00, 0x00, 0x00, 0x00, 0x00, 0x00,
    0x00, 0x00, 0x00, 0x00, 0x8f, 0xff, 0xff, 0xff, 0xff, 0xff, 0xff, 0xff, 0xff, 0xff, 0xff, 0xf3,
    0x00, 0x00, 0x00, 0x08, 0xff, 0xff, 0xff, 0xff, 0xff, 0xff, 0xff, 0xff, 0xff, 0xff, 0xff, 0x30,
    0x00, 0x00, 0x00, 0x8f, 0xff, 0xff, 0xff, 0xff, 0xff, 0xff, 0xff, 0xff, 0xff, 0xff, 0xf3, 0x00,
    0x00, 0x00, 0x00, 0x00, 0x00, 0x5f, 0xff, 0xf6, 0x00, 0x00, 0x00, 0x00, 0x00, 0x00, 0x00, 0x00,
    0x00, 0x00, 0x00, 0x00, 0x05, 0xff, 0xff, 0x60, 0x00, 0x00, 0x00, 0x00, 0x00, 0x00, 0x00, 0x00,
    0x00, 0x00, 0x00, 0x00, 0x5f, 0xff, 0xf6, 0x00, 0x00, 0x00, 0x00, 0x00, 0x00, 0x00, 0x00, 0x00,
    0x00, 0x00, 0x00, 0x05, 0xff, 0xff, 0x60, 0x00, 0x00, 0x00, 0x00, 0x00, 0x00, 0x00, 0x00, 0x00,
    0x00, 0x00, 0x00, 0x5f, 0xff, 0xf6, 0x00, 0x00, 0x00, 0x00, 0x00, 0x00, 0x00, 0x00, 0x00, 0x00,
    0x00, 0x00, 0x05, 0xff, 0xff, 0x60, 0x00, 0x00, 0x00, 0x00, 0x00, 0x00, 0x00, 0x00, 0x00, 0x00,
    0x00, 0x00, 0x5f, 0xff, 0xf6, 0x00, 0x00, 0x00, 0x00, 0x00, 0x00, 0x00, 0x00, 0x00, 0x00, 0x00,
    0x00, 0x05, 0xff, 0xff, 0x60, 0x00, 0x00, 0x00, 0x00, 0x00, 0x00, 0x00, 0x00, 0x00, 0x00, 0x00,
    0x00, 0x5f, 0xff, 0xf6, 0x00, 0x00, 0x00, 0x00, 0x00, 0x00, 0x00, 0x00, 0x00, 0x00, 0x00, 0x00,
    0x05, 0xff, 0xff, 0x60, 0x00, 0x00, 0x00, 0x00, 0x00, 0x00, 0x00, 0x00, 0x00, 0x00, 0x00, 0x00,
    0x5f, 0xff, 0xf6, 0x00, 0x00, 0x00, 0x00, 0x00, 0x00, 0x00, 0x00, 0x00, 0x00, 0x11, 0x11, 0x16,
    0xff, 0xff, 0x71, 0x11, 0x11, 0x11, 0x11, 0x11, 0x11, 0x11, 0x11, 0x10, 0x08, 0xff, 0xff, 0xff,
    0xff, 0xff, 0xff, 0xff, 0xff, 0xff, 0xff, 0xff, 0xff, 0xff, 0xf8, 0x00, 0x8f, 0xff, 0xff, 0xff,
    0xff, 0xff, 0xff, 0xff, 0xff, 0xff, 0xff, 0xff, 0xff, 0xff, 0x80, 0x08, 0xff, 0xff, 0xff, 0xff,
    0xff, 0xff, 0xff, 0xff, 0xff, 0xff, 0xff, 0xff, 0xff, 0xf8, 0x00, 0x8f, 0xff, 0xff, 0xff, 0xff,
    0xff, 0xff, 0xff, 0xff, 0xff, 0xff, 0xff, 0xff, 0xff, 0x80, 0x00, 0x01, 0x30, 0x00, 0x00, 0x00,
    0x00, 0x00, 0x00, 0x00, 0x00, 0x00, 0x00, 0x00, 0x05, 0x00, 0x00, 0x00, 0x1c, 0xe3, 0x00, 0x00,
    0x00, 0x00, 0x00, 0x00, 0x00, 0x00, 0x00, 0x00, 0x00, 0x9f, 0x60, 0x00, 0x00, 0xbf, 0xfe, 0x30,
    0x00, 0x00, 0x00, 0x00, 0x00, 0x00, 0x00, 0x00, 0x00, 0x09, 0xff, 0xf5, 0x00, 0x04, 0xff, 0xff,
    0xe3, 0x00, 0x00, 0x37, 0xbd, 0xfe, 0xda, 0x61, 0x00, 0x00, 0x8f, 0xff, 0xfd, 0x00, 0x00, 0x6f,
    0xff, 0xfe, 0x20, 0x3b, 0xff, 0xff, 0xff, 0xff, 0xfe, 0x91, 0x08, 0xff, 0xff, 0xd2, 0x00, 0x00,
    0x07, 0xff, 0xff, 0xd9, 0xff, 0xff, 0xff, 0xff, 0xff, 0xff, 0xfe, 0x9f, 0xff, 0xfe, 0x20, 0x00,
    0x00, 0x00, 0x8f, 0xff, 0xff, 0xff, 0xff, 0xff, 0xff, 0xff, 0xff, 0xff, 0xff, 0xff, 0xe3, 0x00,
    0x00, 0x00, 0x00, 0x09, 0xff, 0xff, 0xff, 0xfa, 0x63, 0x12, 0x47, 0xdf, 0xff, 0xff, 0xfe, 0x40,
    0x00, 0x00, 0x00, 0x00, 0x00, 0xcf, 0xff, 0xfc, 0x20, 0x00, 0x00, 0x00, 0x05, 0xef, 0xff, 0xf7,
    0x00, 0x00, 0x00, 0x00, 0x00, 0x03, 0xff, 0xff, 0x90, 0x00, 0x00, 0x00, 0x00, 0x00, 0x2c, 0xff,
    0xfd, 0x00, 0x00, 0x00, 0x00, 0x00, 0x0c, 0xff, 0xfa, 0x00, 0x00, 0x00, 0x00, 0x00, 0x00, 0x01,
    0xdf, 0xff, 0x70, 0x00, 0x00, 0x00, 0x00, 0x4f, 0xff, 0xd1, 0x00, 0x00, 0x00, 0x00, 0x00, 0x00,
    0x00, 0x3f, 0xff, 0xd0, 0x00, 0x00, 0x00, 0x00, 0x9f, 0xff, 0x50, 0x00, 0x00, 0x00, 0x00, 0x00,
    0x00, 0x00, 0x0a, 0xff, 0xf4, 0x00, 0x00, 0x00, 0x00, 0xdf, 0xfe, 0x00, 0x00, 0x00, 0x00, 0x00,
    0x00, 0x00, 0x00, 0x04, 0xff, 0xf8, 0x00, 0x00, 0x00, 0x01, 0xff, 0xfb, 0x00, 0x00, 0x00, 0x00,
    0x00, 0x00, 0x00, 0x00, 0x00, 0xff, 0xfb, 0x00, 0x00, 0x00, 0x02, 0xff, 0xf9, 0x00, 0x00, 0x00,
    0x00, 0x00, 0x00, 0x00, 0x00, 0x00, 0xdf, 0xfc, 0x00, 0x00, 0x00, 0x03, 0xff, 0xf9, 0x00, 0x00,
    0x00, 0x00, 0x00, 0x00, 0x00, 0x00, 0x00, 0xdf, 0xfc, 0x00, 0x00, 0x00, 0x01, 0xff, 0xfb, 0x00,
    0x00, 0x00, 0x00, 0x00, 0x00, 0x00, 0x00, 0x00, 0xff, 0xfb, 0x00, 0x00, 0x00, 0x00, 0xef, 0xfe,
    0x00, 0x00, 0x00, 0x00, 0x00, 0x00, 0x00, 0x00, 0x03, 0xff, 0xf9, 0x00, 0x00, 0x00, 0x00, 0xaf,
    0xff, 0x50, 0x00, 0x00, 0x00, 0x00, 0x00, 0x00, 0x00, 0x09, 0xff, 0xf5, 0x00, 0x00, 0x00, 0x00,
    0x6f, 0xff, 0xd1, 0x00, 0x00, 0x00, 0x00, 0x00, 0x00, 0x00, 0x3f, 0xff, 0xe1, 0x00, 0x00, 0x00,
    0x00, 0x0d, 0xff, 0xfa, 0x00, 0x00, 0x00, 0x00, 0x00, 0x00, 0x01, 0xdf, 0xff, 0x80, 0x00, 0x00,
    0x00, 0x00, 0x05, 0xff, 0xff, 0x90, 0x00, 0x00, 0x00, 0x00, 0x00, 0x2c, 0xff, 0xfe, 0x10, 0x00,
    0x00, 0x00, 0x00, 0x00, 0xcf, 0xff, 0xfc, 0x20, 0x00, 0x00, 0x00, 0x05, 0xef, 0xff, 0xf6, 0x00,
    0x00, 0x00, 0x00, 0x00, 0x05, 0xff, 0xff, 0xff, 0xfa, 0x53, 0x12, 0x47, 0xcf, 0xff, 0xff, 0xfc,
    0x10, 0x00, 0x00, 0x00, 0x00, 0x5f, 0xff, 0xff, 0xff, 0xff, 0xff, 0xff, 0xff, 0xff, 0xff, 0xff,
    0xff, 0xc1, 0x00, 0x00, 0x00, 0x04, 0xff, 0xff, 0xfb, 0xff, 0xff, 0xff, 0xff, 0xff, 0xff, 0xfe,
    0xcf, 0xff, 0xfb, 0x10, 0x00, 0x00, 0x3e, 0xff, 0xff, 0x50, 0x4c, 0xff, 0xff, 0xff, 0xff, 0xff,
    0x92, 0x0b, 0xff, 0xff, 0xb0, 0x00, 0x03, 0xef, 0xff, 0xf5, 0x00, 0x00, 0x38, 0xce, 0xfe, 0xda,
    0x61, 0x00, 0x01, 0xbf, 0xff, 0xfa, 0x00, 0x01, 0xdf, 0xff, 0x50, 0x00, 0x00, 0x00, 0x00, 0x00,
    0x00, 0x00, 0x00, 0x00, 0x1b, 0xff, 0xf8, 0x00, 0x00, 0x2e, 0xf6, 0x00, 0x00, 0x00, 0x00, 0x00,
    0x00, 0x00, 0x00, 0x00, 0x00, 0x01, 0xcf, 0x90, 0x00, 0x00, 0x03, 0x60, 0x00, 0x00, 0x00, 0x00,
    0x00, 0x00, 0x00, 0x00, 0x00, 0x00, 0x00, 0x17, 0x00, 0x00, 0x0c, 0xff, 0xff, 0x40, 0x00, 0x00,
    0x00, 0x00, 0x00, 0x00, 0x00, 0x00, 0x00, 0x00, 0x02, 0xef, 0xff, 0xb0, 0x03, 0xff, 0xff, 0xd1,
    0x00, 0x00, 0x00, 0x00, 0x00, 0x00, 0x00, 0x00, 0x00, 0x00, 0x0c, 0xff, 0xfe, 0x20, 0x00, 0x7f,
    0xff, 0xfa, 0x00, 0x00, 0x00, 0x00, 0x00, 0x00, 0x00, 0x00, 0x00, 0x00, 0x8f, 0xff, 0xf6, 0x00,
    0x00, 0x0b, 0xff, 0xff, 0x50, 0x00, 0x00, 0x00, 0x00, 0x00, 0x00, 0x00, 0x00, 0x04, 0xff, 0xff,
    0xa0, 0x00, 0x00, 0x02, 0xef, 0xff, 0xe2, 0x00, 0x00, 0x00, 0x00, 0x00, 0x00, 0x00, 0x00, 0x1d,
    0xff, 0xfd, 0x10, 0x00, 0x00, 0x00, 0x5f, 0xff, 0xfb, 0x00, 0x00, 0x00, 0x00, 0x00, 0x00, 0x00,
    0x00, 0xaf, 0xff, 0xf4, 0x00, 0x00, 0x00, 0x00, 0x09, 0xff, 0xff, 0x70, 0x00, 0x00, 0x00, 0x00,
    0x00, 0x00, 0x05, 0xff, 0xff, 0x80, 0x00, 0x00, 0x00, 0x00, 0x01, 0xdf, 0xff, 0xf3, 0x00, 0x00,
    0x00, 0x00, 0x00, 0x00, 0x2e, 0xff, 0xfc, 0x00, 0x00, 0x00, 0x00, 0x00, 0x00, 0x3f, 0xff, 0xfc,
    0x00, 0x00, 0x00, 0x00, 0x00, 0x00, 0xbf, 0xff, 0xf3, 0x00, 0x00, 0x00, 0x00, 0x00, 0x00, 0x08,
    0xff, 0xff, 0x80, 0x00, 0x00, 0x00, 0x00, 0x07, 0xff, 0xff, 0x70, 0x00, 0x00, 0x00, 0x00, 0x00,
    0x00, 0x00, 0xcf, 0xff, 0xf4, 0x00, 0x00, 0x00, 0x00, 0x3f, 0xff, 0xfb, 0x00, 0x00, 0x00, 0x00,
    0x00, 0x00, 0x00, 0x00, 0x2e, 0xff, 0xfd, 0x10, 0x00, 0x00, 0x00, 0xcf, 0xff, 0xe2, 0x00, 0x00,
    0x00, 0x00, 0x00, 0x00, 0x00, 0x00, 0x06, 0xff, 0xff, 0xa0, 0x00, 0x00, 0x08, 0xff, 0xff, 0x50,
    0x00, 0x00, 0x00, 0x00, 0x00, 0x00, 0x00, 0x00, 0x00, 0xbf, 0xff, 0xf5, 0x00, 0x00, 0x4f, 0xff,
    0xfa, 0x00, 0x00, 0x00, 0x00, 0x00, 0x00, 0x00, 0x00, 0x00, 0x00, 0x1e, 0xff, 0xfe, 0x20, 0x01,
    0xdf, 0xff, 0xd1, 0x00, 0x00, 0x00, 0x00, 0x00, 0x00, 0x00, 0x00, 0x00, 0x00, 0x05, 0xff, 0xff,
    0xb0, 0x0a, 0xff, 0xff, 0x40, 0x00, 0x00, 0x00, 0x00, 0x00, 0x00, 0x00, 0x00, 0x00, 0x00, 0x00,
    0x9f, 0xff, 0xf7, 0x5f, 0xff, 0xf8, 0x00, 0x00, 0x00, 0x00, 0x00, 0x00, 0x00, 0x00, 0x00, 0x00,
    0x00, 0x00, 0x1d, 0xff, 0xff, 0xef, 0xff, 0xc0, 0x00, 0x00, 0x00, 0x00, 0x00, 0x00, 0x00, 0x00,
    0x00, 0x00, 0x00, 0x00, 0x03, 0xff, 0xff, 0xff, 0xff, 0x20, 0x00, 0x00, 0x00, 0x00, 0x00, 0x00,
    0x00, 0x00, 0x08, 0xff, 0xff, 0xff, 0xff, 0xff, 0xff, 0xff, 0xff, 0xff, 0xff, 0xff, 0xff, 0x70,
    0x00, 0x00, 0x00, 0x00, 0x08, 0xff, 0xff, 0xff, 0xff, 0xff, 0xff, 0xff, 0xff, 0xff, 0xff, 0xff,
    0xff, 0x70, 0x00, 0x00, 0x00, 0x00, 0x07, 0xdd, 0xdd, 0xdd, 0xdd, 0xde, 0xff, 0xff, 0xdd, 0xdd,
    0xdd, 0xdd, 0xdd, 0x60, 0x00, 0x00, 0x00, 0x00, 0x00, 0x00, 0x00, 0x00, 0x00, 0x06, 0xff, 0xff,
    0x50, 0x00, 0x00, 0x00, 0x00, 0x00, 0x00, 0x00, 0x00, 0x00, 0x00, 0x00, 0x00, 0x00, 0x00, 0x06,
    0xff, 0xff, 0x50, 0x00, 0x00, 0x00, 0x00, 0x00, 0x00, 0x00, 0x00, 0x00, 0x00, 0x00, 0x00, 0x00,
    0x00, 0x06, 0xff, 0xff, 0x50, 0x00, 0x00, 0x00, 0x00, 0x00, 0x00, 0x00, 0x00, 0x00, 0x07, 0xdd,
    0xdd, 0xdd, 0xdd, 0xde, 0xff, 0xff, 0xdd, 0xdd, 0xdd, 0xdd, 0xdd, 0x60, 0x00, 0x00, 0x00, 0x00,
    0x08, 0xff, 0xff, 0xff, 0xff, 0xff, 0xff, 0xff, 0xff, 0xff, 0xff, 0xff, 0xff, 0x70, 0x00, 0x00,
    0x00, 0x00, 0x08, 0xff, 0xff, 0xff, 0xff, 0xff, 0xff, 0xff, 0xff, 0xff, 0xff, 0xff, 0xff, 0x70,
    0x00, 0x00, 0x00, 0x00, 0x00, 0x00, 0x00, 0x00, 0x00, 0x06, 0xff, 0xff, 0x50, 0x00, 0x00, 0x00,
    0x00, 0x00, 0x00, 0x00, 0x00, 0x00, 0x00, 0x00, 0x00, 0x00, 0x00, 0x06, 0xff, 0xff, 0x50, 0x00,
    0x00, 0x00, 0x00, 0x00, 0x00, 0x00, 0x00, 0x00, 0x00, 0x00, 0x00, 0x00, 0x00, 0x06, 0xff, 0xff,
    0x50, 0x00, 0x00, 0x00, 0x00, 0x00, 0x00, 0x00, 0x00, 0x00, 0x00, 0x00, 0x00, 0x00, 0x00, 0x06,
    0xff, 0xff, 0x50, 0x00, 0x00, 0x00, 0x00, 0x00, 0x00, 0x00, 0x00, 0x00, 0x00, 0x00, 0x00, 0x00,
    0x00, 0x06, 0xff, 0xff, 0x50, 0x00, 0x00, 0x00, 0x00, 0x00, 0x00, 0x00, 0x00, 0x00, 0x00, 0x00,
    0x00, 0x00, 0x00, 0x06, 0xff, 0xff, 0x50, 0x00, 0x00, 0x00, 0x00, 0x00, 0x00, 0x00, 0x00, 0x00,
    0x0e, 0xff, 0xf5, 0x00, 0x00, 0x00, 0x00, 0x0e, 0xff, 0xf5, 0x00, 0x00, 0x00, 0x00, 0x0e, 0xff,
    0xf5, 0x00, 0x00, 0x00, 0x00, 0x0e, 0xff, 0xf5, 0x00, 0x00, 0x00, 0x00, 0x0e, 0xff, 0xf5, 0x00,
    0x00, 0x00, 0x00, 0x0e, 0xff, 0xf5, 0x00, 0x00, 0x00, 0x00, 0x0e, 0xff, 0xf5, 0x00, 0x00, 0x00,
    0x00, 0x0e, 0xff, 0xf5, 0x00, 0x00, 0x00, 0x00, 0x0e, 0xff, 0xf5, 0x00, 0x00, 0x00, 0x00, 0x0e,
    0xff, 0xf5, 0x00, 0x00, 0x00, 0x00, 0x0e, 0xff, 0xf5, 0x00, 0x00, 0x00, 0x00, 0x0e, 0xff, 0xf5,
    0x00, 0x00, 0x00, 0x00, 0x0e, 0xff, 0xf5, 0x00, 0x00, 0x00, 0x00, 0x0e, 0xff, 0xf5, 0x00, 0x00,
    0x00, 0x00, 0x0e, 0xff, 0xf5, 0x00, 0x00, 0x00, 0x00, 0x0e, 0xff, 0xf5, 0x00, 0x00, 0x00, 0x00,
    0x0e, 0xff, 0xf5, 0x00, 0x00, 0x00, 0x00, 0x00, 0x00, 0x00, 0x00, 0x00, 0x00, 0x00, 0x00, 0x00,
    0x00, 0x00, 0x00, 0x00, 0x00, 0x00, 0x00, 0x00, 0x00, 0x00, 0x00, 0x00, 0x00, 0x00, 0x00, 0x00,
    0x00, 0x00, 0x00, 0x00, 0x00, 0x00, 0x00, 0x00, 0x00, 0x00, 0x00, 0x00, 0x00, 0x00, 0x00, 0x00,
    0x00, 0x00, 0x00, 0x00, 0x00, 0x00, 0x00, 0x00, 0x00, 0x00, 0x00, 0x00, 0x00, 0x00, 0x00, 0x00,
    0x00, 0x00, 0x00, 0x00, 0x00, 0x00, 0x00, 0x00, 0x00, 0x00, 0x00, 0x00, 0x00, 0x00, 0x00, 0x00,
    0x00, 0x00, 0x00, 0x00, 0x0e, 0xff, 0xf5, 0x00, 0x00, 0x00, 0x00, 0x0e, 0xff, 0xf5, 0x00, 0x00,
    0x00, 0x00, 0x0e, 0xff, 0xf5, 0x00, 0x00, 0x00, 0x00, 0x0e, 0xff, 0xf5, 0x00, 0x00, 0x00, 0x00,
    0x0e, 0xff, 0xf5, 0x00, 0x00, 0x00, 0x00, 0x0e, 0xff, 0xf5, 0x00, 0x00, 0x00, 0x00, 0x0e, 0xff,
    0xf5, 0x00, 0x00, 0x00, 0x00, 0x0e, 0xff, 0xf5, 0x00, 0x00, 0x00, 0x00, 0x0e, 0xff, 0xf5, 0x00,
    0x00, 0x00, 0x00, 0x0e, 0xff, 0xf5, 0x00, 0x00, 0x00, 0x00, 0x0e, 0xff, 0xf5, 0x00, 0x00, 0x00,
    0x00, 0x0e, 0xff, 0xf5, 0x00, 0x00, 0x00, 0x00, 0x0e, 0xff, 0xf5, 0x00, 0x00, 0x00, 0x00, 0x0e,
    0xff, 0xf5, 0x00, 0x00, 0x00, 0x00, 0x0e, 0xff, 0xf5, 0x00, 0x00, 0x00, 0x00, 0x0e, 0xff, 0xf5,
    0x00, 0x00, 0x00, 0x00, 0x0e, 0xff, 0xf5, 0x00, 0x00, 0x00, 0x00, 0x00, 0x00, 0x37, 0xad, 0xef,
    0xed, 0xb8, 0x40, 0x00, 0x00, 0x00, 0x00, 0x00, 0x4c, 0xff, 0xff, 0xff, 0xff, 0xff, 0xfe, 0x92,
    0x00, 0x00, 0x00, 0x08, 0xff, 0xff, 0xff, 0xff, 0xff, 0xff, 0xff, 0xff, 0x50, 0x00, 0x00, 0x8f,
    0xff, 0xff, 0xff, 0xff, 0xff, 0xff, 0xff, 0xff, 0x50, 0x00, 0x04, 0xff, 0xff, 0xfa, 0x63, 0x21,
    0x24, 0x7b, 0xff, 0xfe, 0x10, 0x00, 0x0b, 0xff, 0xfe, 0x30, 0x00, 0x00, 0x00, 0x00, 0x29, 0xf9,
    0x00, 0x00, 0x0f, 0xff, 0xf5, 0x00, 0x00, 0x00, 0x00, 0x00, 0x00, 0x43, 0x00, 0x00, 0x2f, 0xff,
    0xf0, 0x00, 0x00, 0x00, 0x00, 0x00, 0x00, 0x00, 0x00, 0x00, 0x3f, 0xff, 0xe0, 0x00, 0x00, 0x00,
    0x00, 0x00, 0x00, 0x00, 0x00, 0x00, 0x2f, 0xff, 0xf3, 0x00, 0x00, 0x00, 0x00, 0x00, 0x00, 0x00,
    0x00, 0x00, 0x0e, 0xff, 0xfd, 0x30, 0x00, 0x00, 0x00, 0x00, 0x00, 0x00, 0x00, 0x00, 0x08, 0xff,
    0xff, 0xfa, 0x40, 0x00, 0x00, 0x00, 0x00, 0x00, 0x00, 0x00, 0x01, 0xdf, 0xff, 0xff, 0xfe, 0xb7,
    0x30, 0x00, 0x00, 0x00, 0x00, 0x00, 0x00, 0x2e, 0xff, 0xff, 0xff, 0xff, 0xfd, 0x93, 0x00, 0x00,
    0x00, 0x00, 0x00, 0x9f, 0xff, 0xff, 0xff, 0xff, 0xff, 0xff, 0xb2, 0x00, 0x00, 0x00, 0x0a, 0xff,
    0xff, 0xd9, 0xcf, 0xff, 0xff, 0xff, 0xff, 0x40, 0x00, 0x00, 0x5f, 0xff, 0xf7, 0x00, 0x01, 0x59,
    0xdf, 0xff, 0xff, 0xe3, 0x00, 0x00, 0xcf, 0xff, 0x70, 0x00, 0x00, 0x00, 0x04, 0xcf, 0xff, 0xfb,
    0x00, 0x01, 0xff, 0xfe, 0x00, 0x00, 0x00, 0x00, 0x00, 0x09, 0xff, 0xff, 0x10, 0x03, 0xff, 0xfc,
    0x00, 0x00, 0x00, 0x00, 0x00, 0x01, 0xef, 0xff, 0x40, 0x04, 0xff, 0xfd, 0x00, 0x00, 0x00, 0x00,
    0x00, 0x00, 0xcf, 0xff, 0x40, 0x02, 0xff, 0xff, 0x40, 0x00, 0x00, 0x00, 0x00, 0x00, 0xdf, 0xff,
    0x30, 0x00, 0xdf, 0xff, 0xe5, 0x00, 0x00, 0x00, 0x00, 0x03, 0xff, 0xff, 0x10, 0x00, 0x6f, 0xff,
    0xff, 0xc6, 0x20, 0x00, 0x00, 0x1c, 0xff, 0xf9, 0x00, 0x00, 0x08, 0xff, 0xff, 0xff, 0xfd, 0x95,
    0x15, 0xdf, 0xff, 0xe2, 0x00, 0x00, 0x00, 0x5d, 0xff, 0xff, 0xff, 0xff, 0xff, 0xff, 0xfe, 0x40,
    0x00, 0x00, 0x00, 0x00, 0x5b, 0xef, 0xff, 0xff, 0xff, 0xff, 0xe2, 0x00, 0x00, 0x00, 0x00, 0x00,
    0x00, 0x04, 0x8c, 0xff, 0xff, 0xff, 0xfa, 0x00, 0x00, 0x00, 0x00, 0x00, 0x00, 0x00, 0x00, 0x14,
    0xaf, 0xff, 0xff, 0x60, 0x00, 0x00, 0x00, 0x00, 0x00, 0x00, 0x00, 0x00, 0x03, 0xdf, 0xff, 0xd0,
    0x00, 0x00, 0x00, 0x00, 0x00, 0x00, 0x00, 0x00, 0x00, 0x2f, 0xff, 0xf2, 0x00, 0x00, 0x00, 0x00,
    0x00, 0x00, 0x00, 0x00, 0x00, 0x0d, 0xff, 0xf4, 0x00, 0x00, 0x00, 0x00, 0x00, 0x00, 0x00, 0x00,
    0x00, 0x0d, 0xff, 0xf4, 0x00, 0x00, 0x66, 0x00, 0x00, 0x00, 0x00, 0x00, 0x00, 0x3f, 0xff, 0xf2,
    0x00, 0x00, 0xdf, 0xc5, 0x00, 0x00, 0x00, 0x00, 0x02, 0xcf, 0xff, 0xd0, 0x00, 0x04, 0xff, 0xff,
    0xea, 0x63, 0x21, 0x24, 0x9e, 0xff, 0xff, 0x70, 0x00, 0x09, 0xff, 0xff, 0xff, 0xff, 0xff, 0xff,
    0xff, 0xff, 0xfc, 0x00, 0x00, 0x01, 0x9f, 0xff, 0xff, 0xff, 0xff, 0xff, 0xff, 0xff, 0xc1, 0x00,
    0x00, 0x00, 0x03, 0xaf, 0xff, 0xff, 0xff, 0xff, 0xff, 0xe7, 0x00, 0x00, 0x00, 0x00, 0x00, 0x01,
    0x59, 0xbe, 0xff, 0xec, 0x95, 0x10, 0x00, 0x00, 0x00, 0x00, 0x00, 0x00, 0x00, 0x7e, 0xd6, 0x00,
    0x00, 0x08, 0xed, 0x50, 0x00, 0x00, 0x00, 0x00, 0x00, 0x00, 0x00, 0x4f, 0xff, 0xf2, 0x00, 0x05,
    0xff, 0xff, 0x10, 0x00, 0x00, 0x00, 0x00, 0x00, 0x00, 0x07, 0xff, 0xff, 0x50, 0x00, 0x8f, 0xff,
    0xf4, 0x00, 0x00, 0x00, 0x00, 0x00, 0x00, 0x00, 0x4f, 0xff, 0xf2, 0x00, 0x05, 0xff, 0xff, 0x20,
    0x00, 0x00, 0x00, 0x00, 0x00, 0x00, 0x00, 0x7e, 0xd6, 0x00, 0x00, 0x08, 0xed, 0x50, 0x00, 0x00,
    0x00, 0x00, 0x00, 0x00, 0x00, 0x00, 0x00, 0x00, 0x00, 0x00, 0x00, 0x00, 0x00, 0x00, 0x00, 0x00,
    0x00, 0x00, 0x00, 0x00, 0x00, 0x00, 0x00, 0x00, 0x00, 0x00, 0x00, 0x00, 0x00, 0x00, 0x00, 0x00,
    0x00, 0x00, 0x00, 0x00, 0x00, 0x00, 0x00, 0x00, 0x00, 0x00, 0x00, 0x00, 0x00, 0x00, 0x00, 0x00,
    0x00, 0x00, 0x00, 0x00, 0x00, 0x00, 0x00, 0x00, 0x00, 0x00, 0x00, 0x00, 0x00, 0x00, 0x00, 0x00,
    0x00, 0x00, 0x00, 0x00, 0x00, 0x00, 0x00, 0x00, 0x00, 0x00, 0x00, 0x00, 0x00, 0x00, 0x00, 0x00,
    0x00, 0x00, 0x00, 0x00, 0x00, 0x00, 0x00, 0x00, 0x00, 0x00, 0x00, 0x00, 0x00, 0x00, 0x00, 0x00,
    0x00, 0x00, 0x00, 0x00, 0x00, 0x00, 0x00, 0x00, 0x00, 0x00, 0x00, 0x00, 0x00, 0x00, 0x00, 0x00,
    0x00, 0x00, 0x00, 0x00, 0x00, 0x00, 0x00, 0x00, 0x00, 0x00, 0x00, 0x00, 0x00, 0x00, 0x00, 0x00,
    0x00, 0x00, 0x00, 0x00, 0x00, 0x00, 0x00, 0x00, 0x00, 0x00, 0x00, 0x00, 0x00, 0x00, 0x00, 0x00,
    0x00, 0x00, 0x00, 0x00, 0x00, 0x00, 0x00, 0x00, 0x00, 0x00, 0x00, 0x00, 0x00, 0x00, 0x00, 0x00,
    0x00, 0x00, 0x00, 0x00, 0x00, 0x00, 0x00, 0x00, 0x00, 0x00, 0x00, 0x00, 0x00, 0x00, 0x00, 0x00,
    0x00, 0x00, 0x00, 0x00, 0x00, 0x00, 0x00, 0x00, 0x00, 0x00, 0x00, 0x00, 0x00, 0x00, 0x00, 0x00,
    0x00, 0x00, 0x00, 0x00, 0x00, 0x00, 0x00, 0x00, 0x00, 0x00, 0x00, 0x00, 0x00, 0x00, 0x00, 0x00,
    0x00, 0x00, 0x00, 0x00, 0x00, 0x00, 0x00, 0x00, 0x00, 0x00, 0x00, 0x00, 0x00, 0x00, 0x00, 0x00,
    0x00, 0x00, 0x00, 0x00, 0x00, 0x00, 0x00, 0x00, 0x00, 0x00, 0x00, 0x00, 0x00, 0x00, 0x00, 0x00,
    0x00, 0x00, 0x00, 0x00, 0x00, 0x00, 0x00, 0x00, 0x00, 0x00, 0x00, 0x00, 0x00, 0x00, 0x00, 0x00,
    0x00, 0x00, 0x00, 0x00, 0x00, 0x00, 0x00, 0x00, 0x00, 0x00, 0x00, 0x00, 0x00, 0x00, 0x00, 0x00,
    0x00, 0x00, 0x00, 0x00, 0x00, 0x00, 0x00, 0x00, 0x00, 0x00, 0x00, 0x00, 0x00, 0x00, 0x00, 0x00,
    0x00, 0x00, 0x00, 0x00, 0x00, 0x00, 0x00, 0x00, 0x00, 0x00, 0x00, 0x00, 0x00, 0x00, 0x00, 0x00,
    0x00, 0x00, 0x00, 0x00, 0x00, 0x00, 0x00, 0x00, 0x00, 0x00, 0x00, 0x00, 0x00, 0x00, 0x00, 0x00,
    0x00, 0x00, 0x00, 0x00, 0x00, 0x00, 0x00, 0x00, 0x00, 0x00, 0x00, 0x00, 0x00, 0x00, 0x00, 0x00,
    0x00, 0x00, 0x00, 0x00, 0x00, 0x00, 0x00, 0x00, 0x00, 0x00, 0x00, 0x00, 0x00, 0x00, 0x00, 0x00,
    0x00, 0x00, 0x00, 0x00, 0x00, 0x00, 0x00, 0x00, 0x00, 0x00, 0x00, 0x00, 0x00, 0x00, 0x00, 0x00,
    0x00, 0x00, 0x00, 0x00, 0x00, 0x00, 0x00, 0x00, 0x00, 0x00, 0x00, 0x00, 0x00, 0x00, 0x00, 0x00,
    0x00, 0x00, 0x00, 0x00, 0x00, 0x00, 0x00, 0x00, 0x00, 0x00, 0x00, 0x00, 0x00, 0x00, 0x00, 0x00,
    0x00, 0x00, 0x00, 0x00, 0x00, 0x00, 0x00, 0x00, 0x00, 0x00, 0x00, 0x00, 0x00, 0x00, 0x00, 0x00,
    0x00, 0x00, 0x00, 0x00, 0x00, 0x00, 0x00, 0x00, 0x00, 0x00, 0x00, 0x00, 0x00, 0x00, 0x00, 0x00,
    0x00, 0x00, 0x00, 0x00, 0x00, 0x00, 0x00, 0x00, 0x00, 0x00, 0x00, 0x00, 0x00, 0x01, 0x22, 0x10,
    0x00, 0x00, 0x00, 0x00, 0x00, 0x00, 0x00, 0x00, 0x00, 0x00, 0x00, 0x00, 0x00, 0x00, 0x00, 0x37,
    0xbe, 0xff, 0xff, 0xfd, 0xa6, 0x10, 0x00, 0x00, 0x00, 0x00, 0x00, 0x00, 0x00, 0x00, 0x00, 0x00,
    0x00, 0x05, 0xcf, 0xff, 0xff, 0xff, 0xff, 0xff, 0xff, 0x92, 0x00, 0x00, 0x00, 0x00, 0x00, 0x00,
    0x00, 0x00, 0x00, 0x00, 0x2b, 0xff, 0xfb, 0x74, 0x21, 0x01, 0x25, 0x9d, 0xff, 0xf8, 0x10, 0x00,
    0x00, 0x00, 0x00, 0x00, 0x00, 0x00, 0x00, 0x6e, 0xff, 0xa2, 0x00, 0x00, 0x00, 0x00, 0x00, 0x05,
    0xcf, 0xfc, 0x20, 0x00, 0x00, 0x00, 0x00, 0x00, 0x00, 0x00, 0x7f, 0xfc, 0x30, 0x00, 0x00, 0x00,
    0x00, 0x00, 0x00, 0x00, 0x6e, 0xfe, 0x30, 0x00, 0x00, 0x00, 0x00, 0x00, 0x00, 0x6f, 0xfa, 0x10,
    0x00, 0x00, 0x00, 0x00, 0x00, 0x00, 0x00, 0x00, 0x3d, 0xfe, 0x20, 0x00, 0x00, 0x00, 0x00, 0x00,
    0x3f, 0xf9, 0x00, 0x00, 0x00, 0x00, 0x00, 0x00, 0x00, 0x00, 0x00, 0x00, 0x2e, 0xfc, 0x00, 0x00,
    0x00, 0x00, 0x00, 0x1d, 0xfc, 0x00, 0x00, 0x00, 0x03, 0x8c, 0xef, 0xed, 0x94, 0x00, 0x00, 0x00,
    0x3f, 0xf8, 0x00, 0x00, 0x00, 0x00, 0x07, 0xfe, 0x10, 0x00, 0x00, 0x1a, 0xff, 0xff, 0xff, 0xff,
    0xfc, 0x30, 0x00, 0x00, 0x7f, 0xf2, 0x00, 0x00, 0x00, 0x01, 0xef, 0x70, 0x00, 0x00, 0x3d, 0xff,
    0xff, 0xff, 0xff, 0xff, 0xff, 0x50, 0x00, 0x00, 0xdf, 0x90, 0x00, 0x00, 0x00, 0x7f, 0xe1, 0x00,
    0x00, 0x2e, 0xff, 0xfc, 0x62, 0x01, 0x5b, 0xff, 0xff, 0x30, 0x00, 0x06, 0xff, 0x10, 0x00, 0x00,
    0x0d, 0xf8, 0x00, 0x00, 0x0c, 0xff, 0xf8, 0x00, 0x00, 0x00, 0x06, 0xff, 0x80, 0x00, 0x00, 0x0e,
    0xf6, 0x00, 0x00, 0x02, 0xff, 0x30, 0x00, 0x06, 0xff, 0xf9, 0x00, 0x00, 0x00, 0x00, 0x07, 0x50,
    0x00, 0x00, 0x00, 0xaf, 0xa0, 0x00, 0x00, 0x6f, 0xe0, 0x00, 0x00, 0xcf, 0xfe, 0x10, 0x00, 0x00,
    0x00, 0x00, 0x00, 0x00, 0x00, 0x00, 0x06, 0xfd, 0x00, 0x00, 0x08, 0xfb, 0x00, 0x00, 0x2f, 0xff,
    0x90, 0x00, 0x00, 0x00, 0x00, 0x00, 0x00, 0x00, 0x00, 0x00, 0x4f, 0xf0, 0x00, 0x00, 0xaf, 0x90,
    0x00, 0x04, 0xff, 0xf6, 0x00, 0x00, 0x00, 0x00, 0x00, 0x00, 0x00, 0x00, 0x00, 0x02, 0xff, 0x20,
    0x00, 0x0a, 0xf9, 0x00, 0x00, 0x6f, 0xff, 0x40, 0x00, 0x00, 0x00, 0x00, 0x00, 0x00, 0x00, 0x00,
    0x00, 0x1f, 0xf3, 0x00, 0x00, 0xaf, 0x90, 0x00, 0x06, 0xff, 0xf4, 0x00, 0x00, 0x00, 0x00, 0x00,
    0x00, 0x00, 0x00, 0x00, 0x01, 0xff, 0x20, 0x00, 0x09, 0xfa, 0x00, 0x00, 0x4f, 0xff, 0x60, 0x00,
    0x00, 0x00, 0x00, 0x00, 0x00, 0x00, 0x00, 0x00, 0x2f, 0xf2, 0x00, 0x00, 0x8f, 0xc0, 0x00, 0x02,
    0xff, 0xf9, 0x00, 0x00, 0x00, 0x00, 0x00, 0x00, 0x00, 0x00, 0x00, 0x04, 0xff, 0x00, 0x00, 0x05,
    0xfe, 0x00, 0x00, 0x0d, 0xff, 0xe1, 0x00, 0x00, 0x00, 0x00, 0x00, 0x00, 0x00, 0x00, 0x00, 0x7f,
    0xc0, 0x00, 0x00, 0x2f, 0xf3, 0x00, 0x00, 0x6f, 0xff, 0x90, 0x00, 0x00, 0x00, 0x00, 0x53, 0x00,
    0x00, 0x00, 0x0b, 0xf9, 0x00, 0x00, 0x00, 0xcf, 0x80, 0x00, 0x00, 0xcf, 0xff, 0x80, 0x00, 0x00,
    0x00, 0x5f, 0xf6, 0x00, 0x00, 0x02, 0xff, 0x40, 0x00, 0x00, 0x07, 0xfe, 0x10, 0x00, 0x02, 0xef,
    0xff, 0xc6, 0x20, 0x14, 0xaf, 0xff, 0xf3, 0x00, 0x00, 0x9f, 0xd0, 0x00, 0x00, 0x00, 0x1e, 0xf8,
    0x00, 0x00, 0x03, 0xdf, 0xff, 0xff, 0xff, 0xff, 0xff, 0xf6, 0x00, 0x00, 0x2f, 0xf7, 0x00, 0x00,
    0x00, 0x00, 0x7f, 0xe2, 0x00, 0x00, 0x01, 0xaf, 0xff, 0xff, 0xff, 0xff, 0xd4, 0x00, 0x00, 0x0a,
    0xfd, 0x10, 0x00, 0x00, 0x00, 0x00, 0xdf, 0xd1, 0x00, 0x00, 0x00, 0x38, 0xce, 0xfe, 0xc9, 0x40,
    0x00, 0x00, 0x07, 0xff, 0x50, 0x00, 0x00, 0x00, 0x00, 0x03, 0xff, 0xb0, 0x00, 0x00, 0x00, 0x00,
    0x00, 0x00, 0x00, 0x00, 0x00, 0x05, 0xff, 0x90, 0x00, 0x00, 0x00, 0x00, 0x00, 0x05, 0xff, 0xc1,
    0x00, 0x00, 0x00, 0x00, 0x00, 0x00, 0x00, 0x00, 0x08, 0xff, 0xb0, 0x00, 0x00, 0x00, 0x00, 0x00,
    0x00, 0x06, 0xff, 0xd5, 0x00, 0x00, 0x00, 0x00, 0x00, 0x00, 0x00, 0x2b, 0xff, 0xb1, 0x00, 0x00,
    0x00, 0x00, 0x00, 0x00, 0x00, 0x04, 0xef, 0xfc, 0x40, 0x00, 0x00, 0x00, 0x00, 0x02, 0x9f, 0xff,
    0x90, 0x00, 0x00, 0x00, 0x00, 0x00, 0x00, 0x00, 0x00, 0x01, 0xaf, 0xff, 0xd9, 0x64, 0x33, 0x35,
    0x8c, 0xff, 0xfd, 0x40, 0x00, 0x00, 0x00, 0x00, 0x00, 0x00, 0x00, 0x00, 0x00, 0x00, 0x3a, 0xff,
    0xff, 0xff, 0xff, 0xff, 0xff, 0xd6, 0x00, 0x00, 0x00, 0x00, 0x00, 0x00, 0x00, 0x00, 0x00, 0x00,
    0x00, 0x00, 0x01, 0x69, 0xce, 0xff, 0xed, 0xa7, 0x30, 0x00, 0x00, 0x00, 0x00, 0x00, 0x00, 0x00,
    0x00, 0x00, 0x16, 0xad, 0xef, 0xeb, 0x71, 0x00, 0x00, 0x00, 0x00, 0x8e, 0xff, 0xff, 0xff, 0xff,
    0xe4, 0x00, 0x00, 0x00, 0x8f, 0xff, 0xfe, 0xdd, 0xff, 0xff, 0xf3, 0x00, 0x00, 0x02, 0xfd, 0x72,
    0x00, 0x01, 0x8f, 0xff, 0xb0, 0x00, 0x00, 0x05, 0x10, 0x00, 0x00, 0x00, 0x8f, 0xff, 0x10, 0x00,
    0x00, 0x00, 0x00, 0x00, 0x00, 0x02, 0xff, 0xf3, 0x00, 0x00, 0x00, 0x00, 0x00, 0x11, 0x11, 0x2f,
    0xff, 0x40, 0x00, 0x00, 0x17, 0xbe, 0xff, 0xff, 0xff, 0xff, 0xf4, 0x00, 0x00, 0x2d, 0xff, 0xff,
    0xff, 0xff, 0xff, 0xff, 0x40, 0x00, 0x0b, 0xff, 0xd5, 0x10, 0x00, 0x01, 0xff, 0xf4, 0x00, 0x01,
    0xff, 0xf3, 0x00, 0x00, 0x00, 0x1f, 0xff, 0x40, 0x00, 0x3f, 0xff, 0x00, 0x00, 0x00, 0x03, 0xff,
    0xf4, 0x00, 0x01, 0xff, 0xf5, 0x00, 0x00, 0x01, 0xcf, 0xff, 0x40, 0x00, 0x0a, 0xff, 0xe8, 0x43,
    0x47, 0xef, 0xff, 0xf4, 0x00, 0x00, 0x1c, 0xff, 0xff, 0xff, 0xff, 0xac, 0xff, 0x40, 0x00, 0x00,
    0x06, 0xbe, 0xfe, 0xd9, 0x40, 0xcf, 0xf4, 0x00, 0x00, 0x00, 0x00, 0x00, 0x00, 0x00, 0x00, 0x00,
    0x00, 0x00, 0x00, 0x00, 0x00, 0x00, 0x00, 0x00, 0x00, 0x00, 0x00, 0x00, 0x00, 0x00, 0x00, 0x00,
    0x00, 0x00, 0x00, 0x00, 0x00, 0x00, 0x00, 0x00, 0x00, 0x00, 0x00, 0x00, 0x00, 0x00, 0x00, 0x00,
    0x00, 0x00, 0x00, 0x00, 0x00, 0x00, 0x00, 0x00, 0x00, 0x00, 0x00, 0x00, 0x00, 0x00, 0x00, 0x00,
    0x00, 0x00, 0x00, 0x00, 0x00, 0x00, 0x00, 0x00, 0x00, 0x00, 0x00, 0x00, 0x00, 0x00, 0x00, 0x00,
    0x00, 0x00, 0x00, 0x00, 0x00, 0x00, 0x00, 0x00, 0x00, 0x00, 0x00, 0x00, 0x00, 0x00, 0x00, 0x00,
    0x00, 0x00, 0x00, 0x00, 0x00, 0x00, 0x00, 0x00, 0x00, 0x00, 0x00, 0x00, 0x00, 0x00, 0x00, 0x00,
    0x00, 0x00, 0x00, 0x00, 0x00, 0x00, 0x00, 0x00, 0x00, 0x00, 0x00, 0x00, 0x00, 0x00, 0x00, 0x00,
    0x00, 0x00, 0x00, 0x00, 0x00, 0x00, 0x00, 0x00, 0x00, 0x00, 0x00, 0x00, 0x00, 0x00, 0x00, 0x00,
    0x00, 0x00, 0x00, 0x00, 0x00, 0x00, 0x00, 0x00, 0x00, 0x00, 0x00, 0x00, 0x00, 0x00, 0x00, 0x00,
    0x00, 0x00, 0x00, 0x00, 0x00, 0x00, 0x00, 0x00, 0x00, 0x00, 0x00, 0x00, 0x00, 0x00, 0x00, 0x00,
    0x00, 0x00, 0x00, 0x00, 0x00, 0x00, 0x00, 0x00, 0x00, 0x00, 0x00, 0x00, 0x00, 0x00, 0x00, 0x00,
    0x00, 0x4f, 0xff, 0xe1, 0x00, 0x01, 0xef, 0xff, 0x30, 0x00, 0x00, 0x00, 0x01, 0xdf, 0xff, 0x40,
    0x00, 0x0b, 0xff, 0xf8, 0x00, 0x00, 0x00, 0x00, 0x0a, 0xff, 0xf9, 0x00, 0x00, 0x7f, 0xff, 0xc0,
    0x00, 0x00, 0x00, 0x00, 0x6f, 0xff, 0xd1, 0x00, 0x03, 0xff, 0xfe, 0x20, 0x00, 0x00, 0x00, 0x02,
    0xef, 0xff, 0x30, 0x00, 0x1d, 0xff, 0xf6, 0x00, 0x00, 0x00, 0x00, 0x0c, 0xff, 0xf7, 0x00, 0x00,
    0xaf, 0xff, 0xa0, 0x00, 0x00, 0x00, 0x00, 0x9f, 0xff, 0xb0, 0x00, 0x05, 0xff, 0xfd, 0x10, 0x00,
    0x00, 0x00, 0x04, 0xff, 0xfe, 0x20, 0x00, 0x2e, 0xff, 0xf4, 0x00, 0x00, 0x00, 0x00, 0x1e, 0xff,
    0xf5, 0x00, 0x00, 0xcf, 0xff, 0x80, 0x00, 0x00, 0x00, 0x00, 0x9f, 0xff, 0xb0, 0x00, 0x06, 0xff,
    0xfe, 0x10, 0x00, 0x00, 0x00, 0x00, 0x2e, 0xff, 0xf4, 0x00, 0x01, 0xdf, 0xff, 0x70, 0x00, 0x00,
    0x00, 0x00, 0x06, 0xff, 0xfd, 0x10, 0x00, 0x3f, 0xff, 0xf3, 0x00, 0x00, 0x00, 0x00, 0x00, 0xaf,
    0xff, 0xa0, 0x00, 0x07, 0xff, 0xfd, 0x10, 0x00, 0x00, 0x00, 0x00, 0x1d, 0xff, 0xf6, 0x00, 0x00,
    0xaf, 0xff, 0x90, 0x00, 0x00, 0x00, 0x00, 0x03, 0xff, 0xfe, 0x20, 0x00, 0x1d, 0xff, 0xf5, 0x00,
    0x00, 0x00, 0x00, 0x00, 0x7f, 0xff, 0xc0, 0x00, 0x04, 0xff, 0xfe, 0x20, 0x00, 0x00, 0x00, 0x00,
    0x0b, 0xff, 0xf8, 0x00, 0x00, 0x7f, 0xff, 0xb0, 0x00, 0x00, 0x00, 0x00, 0x01, 0xdf, 0xff, 0x40,
    0x00, 0x0b, 0xff, 0xf7, 0x00, 0x00, 0x00, 0x00, 0x00, 0x4f, 0xff, 0xe1, 0x00, 0x02, 0xef, 0xff,
    0x30, 0x00, 0x00, 0x00, 0x00, 0x00, 0x00, 0x00, 0x00, 0x00, 0x00, 0x00, 0x00, 0x00, 0x00, 0x00,
    0x00, 0x00, 0x00, 0x00, 0x00, 0x00, 0x00, 0x00, 0x00, 0x00, 0x00, 0x00, 0x00, 0x00, 0x00, 0x00,
    0x00, 0x00, 0x00, 0x00, 0x00, 0x00, 0x00, 0x00, 0x00, 0x00, 0x00, 0x00, 0x00, 0x00, 0x00, 0x00,
    0x00, 0x00, 0x01, 0x11, 0x11, 0x11, 0x11, 0x11, 0x11, 0x11, 0x11, 0x11, 0x11, 0x10, 0x00, 0x00,
    0x0c, 0xff, 0xff, 0xff, 0xff, 0xff, 0xff, 0xff, 0xff, 0xff, 0xff, 0xb0, 0x00, 0x00, 0x0c, 0xff,
    0xff, 0xff, 0xff, 0xff, 0xff, 0xff, 0xff, 0xff, 0xff, 0xb0, 0x00, 0x00, 0x0c, 0xff, 0xff, 0xff,
    0xff, 0xff, 0xff, 0xff, 0xff, 0xff, 0xff, 0xb0, 0x00, 0x00, 0x0c, 0xff, 0xff, 0xff, 0xff, 0xff,
    0xff, 0xff, 0xff, 0xff, 0xff, 0xb0, 0x00, 0x00, 0x00, 0x00, 0x00, 0x00, 0x00, 0x00, 0x00, 0x00,
    0x00, 0x5f, 0xff, 0xb0, 0x00, 0x00, 0x00, 0x00, 0x00, 0x00, 0x00, 0x00, 0x00, 0x00, 0x00, 0x5f,
    0xff, 0xb0, 0x00, 0x00, 0x00, 0x00, 0x00, 0x00, 0x00, 0x00, 0x00, 0x00, 0x00, 0x5f, 0xff, 0xb0,
    0x00, 0x00, 0x00, 0x00, 0x00, 0x00, 0x00, 0x00, 0x00, 0x00, 0x00, 0x5f, 0xff, 0xb0, 0x00, 0x00,
    0x00, 0x00, 0x00, 0x00, 0x00, 0x00, 0x00, 0x00, 0x00, 0x5f, 0xff, 0xb0, 0x00, 0x00, 0x00, 0x00,
    0x00, 0x00, 0x00, 0x00, 0x00, 0x00, 0x00, 0x5f, 0xff, 0xb0, 0x00, 0x00, 0x00, 0x00, 0x00, 0x00,
    0x00, 0x00, 0x00, 0x00, 0x00, 0x5f, 0xff, 0xb0, 0x00, 0x00, 0x00, 0x00, 0x00, 0x00, 0x00, 0x00,
    0x00, 0x00, 0x00, 0x5f, 0xff, 0xb0, 0x00, 0x00, 0x00, 0x00, 0x00, 0x00, 0x00, 0x00, 0x00, 0x00,
    0x00, 0x37, 0x77, 0x50, 0x00, 0x00, 0x00, 0x00, 0x00, 0x00, 0x00, 0x00, 0x00, 0x00, 0x00, 0x00,
    0x00, 0x00, 0x00, 0x00, 0x00, 0x00, 0x00, 0x00, 0x00, 0x00, 0x00, 0x00, 0x00, 0x00, 0x00, 0x00,
    0x00, 0x00, 0x00, 0x00, 0x00, 0x00, 0x00, 0x00, 0x00, 0x00, 0x00, 0x00, 0x00, 0x00, 0x00, 0x00,
    0x00, 0x00, 0x00, 0x00, 0x00, 0x00, 0x00, 0x00, 0x00, 0x00, 0x00, 0x00, 0x00, 0x00, 0x00, 0x00,
    0x00, 0x00, 0x00, 0x00, 0x00, 0x00, 0x00, 0x00, 0x00, 0x00, 0x00, 0x00, 0x00, 0x00, 0x00, 0x00,
    0x00, 0x00, 0x00, 0x00, 0x00, 0x00, 0x00, 0x00, 0x00, 0x00, 0x00, 0x00, 0x00, 0x00, 0x00, 0x00,
    0x00, 0x01, 0x22, 0x10, 0x00, 0x00, 0x00, 0x00, 0x00, 0x00, 0x00, 0x00, 0x00, 0x00, 0x00, 0x00,
    0x00, 0x00, 0x00, 0x37, 0xbe, 0xff, 0xff, 0xfd, 0xa6, 0x10, 0x00, 0x00, 0x00, 0x00, 0x00, 0x00,
    0x00, 0x00, 0x00, 0x00, 0x00, 0x05, 0xcf, 0xff, 0xff, 0xff, 0xff, 0xff, 0xff, 0x92, 0x00, 0x00,
    0x00, 0x00, 0x00, 0x00, 0x00, 0x00, 0x00, 0x00, 0x2b, 0xff, 0xfb, 0x74, 0x21, 0x01, 0x25, 0x9d,
    0xff, 0xf8, 0x10, 0x00, 0x00, 0x00, 0x00, 0x00, 0x00, 0x00, 0x00, 0x6e, 0xff, 0xa2, 0x00, 0x00,
    0x00, 0x00, 0x00, 0x05, 0xcf, 0xfc, 0x20, 0x00, 0x00, 0x00, 0x00, 0x00, 0x00, 0x00, 0x7f, 0xfc,
    0x30, 0x00, 0x00, 0x00, 0x00, 0x00, 0x00, 0x00, 0x6e, 0xfe, 0x30, 0x00, 0x00, 0x00, 0x00, 0x00,
    0x00, 0x6f, 0xfa, 0x10, 0x00, 0x00, 0x00, 0x00, 0x00, 0x00, 0x00, 0x00, 0x3d, 0xfe, 0x20, 0x00,
    0x00, 0x00, 0x00, 0x00, 0x3f, 0xf9, 0x00, 0x00, 0x00, 0x00, 0x00, 0x00, 0x00, 0x00, 0x00, 0x00,
    0x2e, 0xfc, 0x00, 0x00, 0x00, 0x00, 0x00, 0x1d, 0xfc, 0x00, 0x00, 0x7d, 0xdd, 0xdd, 0xdd, 0xcb,
    0x94, 0x00, 0x00, 0x00, 0x3f, 0xf8, 0x00, 0x00, 0x00, 0x00, 0x07, 0xfe, 0x10, 0x00, 0x08, 0xff,
    0xff, 0xff, 0xff, 0xff, 0xfd, 0x30, 0x00, 0x00, 0x7f, 0xf2, 0x00, 0x00, 0x00, 0x01, 0xef, 0x70,
    0x00, 0x00, 0x8f, 0xff, 0xff, 0xff, 0xff, 0xff, 0xff, 0x40, 0x00, 0x00, 0xdf, 0x90, 0x00, 0x00,
    0x00, 0x7f, 0xe1, 0x00, 0x00, 0x08, 0xff, 0xa0, 0x00, 0x01, 0x37, 0xef, 0xfe, 0x10, 0x00, 0x06,
    0xff, 0x10, 0x00, 0x00, 0x0d, 0xf8, 0x00, 0x00, 0x00, 0x8f, 0xfa, 0x00, 0x00, 0x00, 0x03, 0xef,
    0xf7, 0x00, 0x00, 0x0e, 0xf6, 0x00, 0x00, 0x02, 0xff, 0x30, 0x00, 0x00, 0x08, 0xff, 0xa0, 0x00,
    0x00, 0x00, 0x08, 0xff, 0xb0, 0x00, 0x00, 0xaf, 0xa0, 0x00, 0x00, 0x6f, 0xe0, 0x00, 0x00, 0x00,
    0x8f, 0xfa, 0x00, 0x00, 0x00, 0x00, 0x5f, 0xfd, 0x00, 0x00, 0x06, 0xfd, 0x00, 0x00, 0x08, 0xfb,
    0x00, 0x00, 0x00, 0x08, 0xff, 0xa0, 0x00, 0x00, 0x00, 0x05, 0xff, 0xd0, 0x00, 0x00, 0x4f, 0xf0,
    0x00, 0x00, 0xaf, 0x90, 0x00, 0x00, 0x00, 0x8f, 0xfa, 0x00, 0x00, 0x00, 0x00, 0x8f, 0xfb, 0x00,
    0x00, 0x02, 0xff, 0x20, 0x00, 0x0a, 0xf9, 0x00, 0x00, 0x00, 0x08, 0xff, 0xa0, 0x00, 0x00, 0x00,
    0x3e, 0xff, 0x70, 0x00, 0x00, 0x1f, 0xf3, 0x00, 0x00, 0xaf, 0x90, 0x00, 0x00, 0x00, 0x8f, 0xfa,
    0x00, 0x00, 0x03, 0x8e, 0xff, 0xe2, 0x00, 0x00, 0x01, 0xff, 0x20, 0x00, 0x09, 0xfa, 0x00, 0x00,
    0x00, 0x08, 0xff, 0xff, 0xff, 0xff, 0xff, 0xff, 0xf5, 0x00, 0x00, 0x00, 0x2f, 0xf2, 0x00, 0x00,
    0x8f, 0xc0, 0x00, 0x00, 0x00, 0x8f, 0xff, 0xff, 0xff, 0xff, 0xff, 0xd4, 0x00, 0x00, 0x00, 0x04,
    0xff, 0x00, 0x00, 0x05, 0xfe, 0x00, 0x00, 0x00, 0x08, 0xff, 0xed, 0xdd, 0xdd, 0xff, 0xf2, 0x00,
    0x00, 0x00, 0x00, 0x7f, 0xc0, 0x00, 0x00, 0x2f, 0xf3, 0x00, 0x00, 0x00, 0x8f, 0xfb, 0x00, 0x00,
    0x0a, 0xff, 0xa0, 0x00, 0x00, 0x00, 0x0b, 0xf9, 0x00, 0x00, 0x00, 0xcf, 0x80, 0x00, 0x00, 0x08,
    0xff, 0xb0, 0x00, 0x00, 0x1e, 0xff, 0x50, 0x00, 0x00, 0x02, 0xff, 0x40, 0x00, 0x00, 0x07, 0xfe,
    0x10, 0x00, 0x00, 0x8f, 0xfb, 0x00, 0x00, 0x00, 0x5f, 0xfe, 0x10, 0x00, 0x00, 0x9f, 0xd0, 0x00,
    0x00, 0x00, 0x1e, 0xf8, 0x00, 0x00, 0x08, 0xff, 0xb0, 0x00, 0x00, 0x00, 0xaf, 0xfa, 0x00, 0x00,
    0x2f, 0xf7, 0x00, 0x00, 0x00, 0x00, 0x7f, 0xe2, 0x00, 0x00, 0x8f, 0xfb, 0x00, 0x00, 0x00, 0x01,
    0xdf, 0xf5, 0x00, 0x0a, 0xfd, 0x10, 0x00, 0x00, 0x00, 0x00, 0xdf, 0xd1, 0x00, 0x07, 0xcc, 0x80,
    0x00, 0x00, 0x00, 0x04, 0xcc, 0xb1, 0x07, 0xff, 0x50, 0x00, 0x00, 0x00, 0x00, 0x03, 0xff, 0xb0,
    0x00, 0x00, 0x00, 0x00, 0x00, 0x00, 0x00, 0x00, 0x00, 0x05, 0xff, 0x90, 0x00, 0x00, 0x00, 0x00,
    0x00, 0x05, 0xff, 0xc1, 0x00, 0x00, 0x00, 0x00, 0x00, 0x00, 0x00, 0x00, 0x08, 0xff, 0xb0, 0x00,
    0x00, 0x00, 0x00, 0x00, 0x00, 0x06, 0xff, 0xd5, 0x00, 0x00, 0x00, 0x00, 0x00, 0x00, 0x00, 0x2b,
    0xff, 0xb1, 0x00, 0x00, 0x00, 0x00, 0x00, 0x00, 0x00, 0x04, 0xef, 0xfc, 0x40, 0x00, 0x00, 0x00,
    0x00, 0x02, 0x9f, 0xff, 0x90, 0x00, 0x00, 0x00, 0x00, 0x00, 0x00, 0x00, 0x00, 0x01, 0xaf, 0xff,
    0xd9, 0x64, 0x33, 0x35, 0x8c, 0xff, 0xfd, 0x40, 0x00, 0x00, 0x00, 0x00, 0x00, 0x00, 0x00, 0x00,
    0x00, 0x00, 0x3a, 0xff, 0xff, 0xff, 0xff, 0xff, 0xff, 0xd6, 0x00, 0x00, 0x00, 0x00, 0x00, 0x00,
    0x00, 0x00, 0x00, 0x00, 0x00, 0x00, 0x01, 0x69, 0xce, 0xff, 0xed, 0xa7, 0x30, 0x00, 0x00, 0x00,
    0x00, 0x00, 0x00, 0x00, 0x00, 0x00, 0x00, 0x6e, 0xee, 0xee, 0xee, 0xee, 0xee, 0xee, 0xee, 0x30,
    0x00, 0x00, 0x00, 0x00, 0x00, 0x06, 0xff, 0xff, 0xff, 0xff, 0xff, 0xff, 0xff, 0xf3, 0x00, 0x00,
    0x00, 0x00, 0x00, 0x00, 0x6f, 0xff, 0xff, 0xff, 0xff, 0xff, 0xff, 0xff, 0x30, 0x00, 0x00, 0x00,
    0x00, 0x00, 0x00, 0x00, 0x00, 0x00, 0x00, 0x00, 0x00, 0x00, 0x00, 0x00, 0x00, 0x00, 0x00, 0x00,
    0x00, 0x00, 0x00, 0x00, 0x00, 0x00, 0x00, 0x00, 0x00, 0x00, 0x00, 0x00, 0x00, 0x00, 0x00, 0x00,
    0x00, 0x00, 0x00, 0x00, 0x00, 0x00, 0x00, 0x00, 0x00, 0x00, 0x00, 0x00, 0x00, 0x00, 0x00, 0x00,
    0x00, 0x00, 0x00, 0x00, 0x00, 0x00, 0x00, 0x00, 0x00, 0x00, 0x00, 0x00, 0x00, 0x00, 0x00, 0x00,
    0x00, 0x00, 0x00, 0x00, 0x00, 0x00, 0x00, 0x00, 0x00, 0x00, 0x00, 0x00, 0x00, 0x00, 0x00, 0x00,
    0x00, 0x00, 0x00, 0x00, 0x00, 0x00, 0x00, 0x00, 0x00, 0x00, 0x00, 0x00, 0x00, 0x00, 0x00, 0x00,
    0x00, 0x00, 0x00, 0x00, 0x00, 0x00, 0x00, 0x00, 0x00, 0x00, 0x00, 0x00, 0x00, 0x00, 0x00, 0x00,
    0x00, 0x00, 0x00, 0x00, 0x00, 0x00, 0x00, 0x00, 0x00, 0x00, 0x00, 0x00, 0x00, 0x00, 0x00, 0x00,
    0x00, 0x00, 0x00, 0x00, 0x00, 0x00, 0x00, 0x00, 0x00, 0x00, 0x00, 0x00, 0x00, 0x00, 0x00, 0x00,
    0x00, 0x00, 0x00, 0x00, 0x00, 0x00, 0x00, 0x00, 0x00, 0x00, 0x00, 0x00, 0x00, 0x00, 0x00, 0x00,
    0x00, 0x00, 0x00, 0x00, 0x00, 0x00, 0x00, 0x00, 0x00, 0x00, 0x00, 0x00, 0x00, 0x00, 0x00, 0x00,
    0x00, 0x00, 0x00, 0x00, 0x00, 0x00, 0x00, 0x00, 0x00, 0x00, 0x00, 0x00, 0x00, 0x00, 0x00, 0x00,
    0x00, 0x00, 0x00, 0x00, 0x00, 0x00, 0x00, 0x00, 0x00, 0x00, 0x00, 0x00, 0x00, 0x00, 0x00, 0x00,
    0x00, 0x00, 0x00, 0x00, 0x00, 0x00, 0x00, 0x00, 0x00, 0x00, 0x00, 0x00, 0x00, 0x00, 0x00, 0x00,
    0x00, 0x00, 0x00, 0x00, 0x00, 0x00, 0x00, 0x00, 0x00, 0x00, 0x00, 0x00, 0x00, 0x00, 0x00, 0x00,
    0x00, 0x00, 0x00, 0x00, 0x00, 0x00, 0x00, 0x00, 0x00, 0x00, 0x00, 0x00, 0x00, 0x00, 0x00, 0x00,
    0x00, 0x00, 0x00, 0x00, 0x00, 0x00, 0x00, 0x00, 0x00, 0x00, 0x00, 0x00, 0x00, 0x00, 0x00, 0x00,
    0x00, 0x00, 0x00, 0x00, 0x00, 0x00, 0x00, 0x00, 0x00, 0x00, 0x00, 0x00, 0x00, 0x00, 0x00, 0x00,
    0x00, 0x00, 0x00, 0x00, 0x00, 0x00, 0x00, 0x00, 0x00, 0x00, 0x00, 0x00, 0x00, 0x00, 0x00, 0x00,
    0x00, 0x00, 0x00, 0x00, 0x00, 0x00, 0x00, 0x00, 0x00, 0x00, 0x00, 0x00, 0x00, 0x00, 0x00, 0x00,
    0x00, 0x00, 0x00, 0x00, 0x00, 0x00, 0x00, 0x00, 0x00, 0x00, 0x00, 0x00, 0x00, 0x00, 0x00, 0x00,
    0x00, 0x00, 0x00, 0x00, 0x00, 0x00, 0x00, 0x00, 0x00, 0x00, 0x00, 0x00, 0x00, 0x00, 0x00, 0x00,
    0x00, 0x00, 0x00, 0x00, 0x00, 0x00, 0x00, 0x00, 0x00, 0x00, 0x00, 0x00, 0x00, 0x00, 0x00, 0x00,
    0x00, 0x00, 0x00, 0x00, 0x00, 0x00, 0x00, 0x00, 0x00, 0x00, 0x00, 0x00, 0x00, 0x00, 0x00, 0x00,
    0x00, 0x00, 0x00, 0x00, 0x00, 0x00, 0x00, 0x00, 0x00, 0x00, 0x00, 0x00, 0x00, 0x00, 0x00, 0x00,
    0x00, 0x00, 0x00, 0x00, 0x00, 0x00, 0x00, 0x00, 0x00, 0x00, 0x00, 0x00, 0x00, 0x00, 0x00, 0x00,
    0x00, 0x00, 0x00, 0x00, 0x00, 0x00, 0x00, 0x00, 0x00, 0x00, 0x00, 0x00, 0x00, 0x00, 0x00, 0x00,
    0x00, 0x00, 0x00, 0x00, 0x00, 0x00, 0x00, 0x00, 0x00, 0x00, 0x00, 0x00, 0x00, 0x00, 0x00, 0x00,
    0x00, 0x00, 0x00, 0x00, 0x00, 0x00, 0x01, 0xff, 0xff, 0x00, 0x00, 0x00, 0x00, 0x00, 0x00, 0x00,
    0x00, 0x00, 0x00, 0x00, 0x01, 0xff, 0xff, 0x00, 0x00, 0x00, 0x00, 0x00, 0x00, 0x00, 0x00, 0x00,
    0x00, 0x00, 0x01, 0xff, 0xff, 0x00, 0x00, 0x00, 0x00, 0x00, 0x00, 0x00, 0x00, 0x00, 0x00, 0x00,
    0x01, 0xff, 0xff, 0x00, 0x00, 0x00, 0x00, 0x00, 0x00, 0x00, 0x00, 0x00, 0x00, 0x00, 0x01, 0xff,
    0xff, 0x00, 0x00, 0x00, 0x00, 0x00, 0x00, 0x00, 0x00, 0x00, 0x00, 0x00, 0x01, 0xff, 0xff, 0x00,
    0x00, 0x00, 0x00, 0x00, 0x00, 0x00, 0x00, 0x00, 0x00, 0x00, 0x01, 0xff, 0xff, 0x00, 0x00, 0x00,
    0x00, 0x00, 0x00, 0x00, 0x00, 0x00, 0x00, 0x00, 0x01, 0xff, 0xff, 0x00, 0x00, 0x00, 0x00, 0x00,
    0x00, 0x00, 0x01, 0x11, 0x11, 0x11, 0x12, 0xff, 0xff, 0x11, 0x11, 0x11, 0x11, 0x10, 0x00, 0x00,
    0x0c, 0xff, 0xff, 0xff, 0xff, 0xff, 0xff, 0xff, 0xff, 0xff, 0xff, 0xb0, 0x00, 0x00, 0x0c, 0xff,
    0xff, 0xff, 0xff, 0xff, 0xff, 0xff, 0xff, 0xff, 0xff, 0xb0, 0x00, 0x00, 0x0c, 0xff, 0xff, 0xff,
    0xff, 0xff, 0xff, 0xff, 0xff, 0xff, 0xff, 0xb0, 0x00, 0x00, 0x0c, 0xff, 0xff, 0xff, 0xff, 0xff,
    0xff, 0xff, 0xff, 0xff, 0xff, 0xb0, 0x00, 0x00, 0x00, 0x00, 0x00, 0x00, 0x01, 0xff, 0xff, 0x00,
    0x00, 0x00, 0x00, 0x00, 0x00, 0x00, 0x00, 0x00, 0x00, 0x00, 0x01, 0xff, 0xff, 0x00, 0x00, 0x00,
    0x00, 0x00, 0x00, 0x00, 0x00, 0x00, 0x00, 0x00, 0x01, 0xff, 0xff, 0x00, 0x00, 0x00, 0x00, 0x00,
    0x00, 0x00, 0x00, 0x00, 0x00, 0x00, 0x01, 0xff, 0xff, 0x00, 0x00, 0x00, 0x00, 0x00, 0x00, 0x00,
    0x00, 0x00, 0x00, 0x00, 0x01, 0xff, 0xff, 0x00, 0x00, 0x00, 0x00, 0x00, 0x00, 0x00, 0x00, 0x00,
    0x00, 0x00, 0x01, 0xff, 0xff, 0x00, 0x00, 0x00, 0x00, 0x00, 0x00, 0x00, 0x00, 0x00, 0x00, 0x00,
    0x01, 0xff, 0xff, 0x00, 0x00, 0x00, 0x00, 0x00, 0x00, 0x00, 0x00, 0x00, 0x00, 0x00, 0x01, 0xff,
    0xff, 0x00, 0x00, 0x00, 0x00, 0x00, 0x00, 0x00, 0x00, 0x00, 0x00, 0x00, 0x00, 0x00, 0x00, 0x00,
    0x00, 0x00, 0x00, 0x00, 0x00, 0x00, 0x00, 0x00, 0x00, 0x00, 0x00, 0x00, 0x00, 0x00, 0x00, 0x00,
    0x00, 0x00, 0x00, 0x00, 0x00, 0x00, 0x00, 0x00, 0x00, 0x00, 0x00, 0x00, 0x00, 0x00, 0x00, 0x00,
    0x00, 0x00, 0x00, 0x00, 0x00, 0x00, 0x00, 0x00, 0x00, 0x00, 0x00, 0x00, 0x00, 0x00, 0x00, 0x00,
    0x01, 0x11, 0x11, 0x11, 0x11, 0x11, 0x11, 0x11, 0x11, 0x11, 0x11, 0x10, 0x00, 0x00, 0x0c, 0xff,
    0xff, 0xff, 0xff, 0xff, 0xff, 0xff, 0xff, 0xff, 0xff, 0xb0, 0x00, 0x00, 0x0c, 0xff, 0xff, 0xff,
    0xff, 0xff, 0xff, 0xff, 0xff, 0xff, 0xff, 0xb0, 0x00, 0x00, 0x0c, 0xff, 0xff, 0xff, 0xff, 0xff,
    0xff, 0xff, 0xff, 0xff, 0xff, 0xb0, 0x00, 0x00, 0x0c, 0xff, 0xff, 0xff, 0xff, 0xff, 0xff, 0xff,
    0xff, 0xff, 0xff, 0xb0, 0x00, 0x00, 0x00, 0x16, 0xad, 0xef, 0xed, 0xa5, 0x00, 0x00, 0x00, 0x00,
    0x01, 0x8e, 0xff, 0xff, 0xff, 0xff, 0xfd, 0x30, 0x00, 0x00, 0x01, 0xcf, 0xff, 0xff, 0xee, 0xff,
    0xff, 0xfe, 0x30, 0x00, 0x00, 0x5f, 0xff, 0xb5, 0x10, 0x00, 0x39, 0xff, 0xfc, 0x00, 0x00, 0x00,
    0x3d, 0x50, 0x00, 0x00, 0x00, 0x08, 0xff, 0xf3, 0x00, 0x00, 0x00, 0x00, 0x00, 0x00, 0x00, 0x00,
    0x1f, 0xff, 0x40, 0x00, 0x00, 0x00, 0x00, 0x00, 0x00, 0x00, 0x02, 0xff, 0xf3, 0x00, 0x00, 0x00,
    0x00, 0x00, 0x00, 0x00, 0x00, 0x8f, 0xfe, 0x00, 0x00, 0x00, 0x00, 0x00, 0x00, 0x00, 0x00, 0x4f,
    0xff, 0x70, 0x00, 0x00, 0x00, 0x00, 0x00, 0x00, 0x00, 0x4e, 0xff, 0xb0, 0x00, 0x00, 0x00, 0x00,
    0x00, 0x00, 0x00, 0x5f, 0xff, 0xc1, 0x00, 0x00, 0x00, 0x00, 0x00, 0x00, 0x00, 0x7f, 0xff, 0xb1,
    0x00, 0x00, 0x00, 0x00, 0x00, 0x00, 0x00, 0x9f, 0xff, 0x90, 0x00, 0x00, 0x00, 0x00, 0x00, 0x00,
    0x01, 0xbf, 0xff, 0x70, 0x00, 0x00, 0x00, 0x00, 0x00, 0x00, 0x02, 0xcf, 0xff, 0x50, 0x00, 0x00,
    0x00, 0x00, 0x00, 0x00, 0x03, 0xef, 0xfe, 0x40, 0x00, 0x00, 0x00, 0x00, 0x00, 0x00, 0x05, 0xef,
    0xfd, 0x20, 0x00, 0x00, 0x00, 0x00, 0x00, 0x00, 0x06, 0xff, 0xff, 0xdd, 0xdd, 0xdd, 0xdd, 0xdd,
    0xd3, 0x00, 0x00, 0xcf, 0xff, 0xff, 0xff, 0xff, 0xff, 0xff, 0xff, 0x40, 0x00, 0x0c, 0xff, 0xff,
    0xff, 0xff, 0xff, 0xff, 0xff, 0xf4, 0x00, 0x00, 0x00, 0x00, 0x00, 0x00, 0x00, 0x00, 0x00, 0x00,
    0x00, 0x00, 0x00, 0x00, 0x00, 0x00, 0x00, 0x00, 0x00, 0x00, 0x00, 0x00, 0x00, 0x00, 0x00, 0x00,
    0x00, 0x00, 0x00, 0x00, 0x00, 0x00, 0x00, 0x00, 0x00, 0x00, 0x00, 0x00, 0x00, 0x00, 0x00, 0x00,
    0x00, 0x00, 0x00, 0x00, 0x00, 0x00, 0x00, 0x00, 0x00, 0x00, 0x00, 0x00, 0x00, 0x00, 0x00, 0x00,
    0x00, 0x00, 0x00, 0x00, 0x00, 0x00, 0x00, 0x00, 0x00, 0x00, 0x00, 0x00, 0x00, 0x00, 0x00, 0x00,
    0x00, 0x00, 0x00, 0x00, 0x00, 0x00, 0x00, 0x00, 0x00, 0x00, 0x00, 0x00, 0x00, 0x00, 0x00, 0x00,
    0x00, 0x00, 0x00, 0x00, 0x00, 0x00, 0x00, 0x00, 0x00, 0x00, 0x00, 0x00, 0x00, 0x00, 0x00, 0x00,
    0x00, 0x00, 0x00, 0x00, 0x00, 0x00, 0x00, 0x00, 0x00, 0x00, 0x00, 0x00, 0x00, 0x00, 0x00, 0x00,
    0x00, 0x00, 0x00, 0x00, 0x00, 0x00, 0x00, 0x00, 0x00, 0x00, 0x00, 0x00, 0x00, 0x00, 0x00, 0x00,
    0x00, 0x00, 0x00, 0x00, 0x00, 0x00, 0x00, 0x00, 0x00, 0x00, 0x00, 0x00, 0x00, 0x00, 0x00, 0x00,
    0x00, 0x00, 0x00, 0x00, 0x00, 0x00, 0x00, 0x00, 0x00, 0x00, 0x00, 0x00, 0x00, 0x00, 0x00, 0x01,
    0xff, 0xff, 0xff, 0xff, 0xff, 0xff, 0xff, 0xf5, 0x00, 0x00, 0x1f, 0xff, 0xff, 0xff, 0xff, 0xff,
    0xff, 0xff, 0x50, 0x00, 0x01, 0xdd, 0xdd, 0xdd, 0xdd, 0xdd, 0xdf, 0xff, 0xe2, 0x00, 0x00, 0x00,
    0x00, 0x00, 0x00, 0x00, 0x09, 0xff, 0xe3, 0x00, 0x00, 0x00, 0x00, 0x00, 0x00, 0x00, 0x08, 0xff,
    0xe3, 0x00, 0x00, 0x00, 0x00, 0x00, 0x00, 0x00, 0x08, 0xff, 0xe4, 0x00, 0x00, 0x00, 0x00, 0x00,
    0x00, 0x00, 0x07, 0xff, 0xf4, 0x00, 0x00, 0x00, 0x00, 0x00, 0x00, 0x00, 0x07, 0xff, 0xf5, 0x00,
    0x00, 0x00, 0x00, 0x00, 0x00, 0x00, 0x04, 0xff, 0xfe, 0xa7, 0x20, 0x00, 0x00, 0x00, 0x00, 0x00,
    0x00, 0x6f, 0xff, 0xff, 0xff, 0xa1, 0x00, 0x00, 0x00, 0x00, 0x00, 0x05, 0xbb, 0xbd, 0xff, 0xff,
    0xd1, 0x00, 0x00, 0x00, 0x00, 0x00, 0x00, 0x00, 0x01, 0x8f, 0xff, 0xa0, 0x00, 0x00, 0x00, 0x00,
    0x00, 0x00, 0x00, 0x00, 0x7f, 0xff, 0x10, 0x00, 0x00, 0x00, 0x00, 0x00, 0x00, 0x00, 0x02, 0xff,
    0xf4, 0x00, 0x00, 0x00, 0x00, 0x00, 0x00, 0x00, 0x00, 0x3f, 0xff, 0x30, 0x00, 0x08, 0x60, 0x00,
    0x00, 0x00, 0x00, 0x09, 0xff, 0xe1, 0x00, 0x02, 0xff, 0xd8, 0x41, 0x00, 0x01, 0x4b, 0xff, 0xf9,
    0x00, 0x00, 0x7f, 0xff, 0xff, 0xff, 0xee, 0xff, 0xff, 0xfc, 0x10, 0x00, 0x00, 0x6d, 0xff, 0xff,
    0xff, 0xff, 0xff, 0xf9, 0x10, 0x00, 0x00, 0x00, 0x03, 0x7a, 0xde, 0xfe, 0xdb, 0x82, 0x00, 0x00,
    0x00, 0x00, 0x00, 0x00, 0x00, 0x00, 0x00, 0x00, 0x00, 0x00, 0x00, 0x00, 0x00, 0x00, 0x00, 0x00,
    0x00, 0x00, 0x00, 0x00, 0x00, 0x00, 0x00, 0x00, 0x00, 0x00, 0x00, 0x00, 0x00, 0x00, 0x00, 0x00,
    0x00, 0x00, 0x00, 0x00, 0x00, 0x00, 0x00, 0x00, 0x00, 0x00, 0x00, 0x00, 0x00, 0x00, 0x00, 0x00,
    0x00, 0x00, 0x00, 0x00, 0x00, 0x00, 0x00, 0x00, 0x00, 0x00, 0x00, 0x00, 0x00, 0x00, 0x00, 0x00,
    0x00, 0x00, 0x00, 0x00, 0x00, 0x00, 0x00, 0x00, 0x00, 0x00, 0x00, 0x00, 0x00, 0x00, 0x00, 0x00,
    0x00, 0x00, 0x00, 0x00, 0x00, 0x00, 0x00, 0x00, 0x00, 0x00, 0x00, 0x00, 0x00, 0x00, 0x00, 0x00,
    0x00, 0x00, 0x00, 0x00, 0x00, 0x00, 0x00, 0x00, 0x00, 0x00, 0x00, 0x00, 0x00, 0x00, 0x00, 0x00,
    0x00, 0x00, 0x00, 0x00, 0x00, 0x00, 0x00, 0x00, 0x00, 0x00, 0x00, 0x00, 0x00, 0x00, 0x00, 0x00,
    0x00, 0x00, 0x00, 0x00, 0x00, 0x00, 0x00, 0x00, 0x00, 0x00, 0x00, 0x00, 0x00, 0x00, 0x00, 0x00,
    0x00, 0x00, 0x00, 0x00, 0x00, 0x00, 0x00, 0x00, 0x00, 0x00, 0x00, 0x00, 0x00, 0x00, 0x00, 0x00,
    0x00, 0x00, 0x00, 0x00, 0x00, 0x00, 0x00, 0x00, 0x00, 0x00, 0x00, 0x00, 0x00, 0x00, 0x00, 0x00,
    0x00, 0x07, 0x88, 0x88, 0x60, 0x00, 0x00, 0x00, 0x00, 0x00, 0x00, 0x00, 0x00, 0x00, 0x00, 0x0a,
    0xff, 0xff, 0xc2, 0x00, 0x00, 0x00, 0x00, 0x00, 0x00, 0x00, 0x00, 0x00, 0x00, 0x0a, 0xff, 0xff,
    0xa1, 0x00, 0x00, 0x00, 0x00, 0x00, 0x00, 0x00, 0x00, 0x00, 0x00, 0x0a, 0xff, 0xff, 0x70, 0x00,
    0x00, 0x00, 0x00, 0x00, 0x00, 0x00, 0x00, 0x00, 0x00, 0x0a, 0xff, 0xfe, 0x40, 0x00, 0x00, 0x00,
    0x00, 0x00, 0x00, 0x00, 0x00, 0x00, 0x00, 0x0a, 0xff, 0xfd, 0x20, 0x00, 0x00, 0x00, 0x00, 0x00,
    0x00, 0x00, 0x00, 0x00, 0x00, 0x0a, 0xff, 0xfa, 0x10, 0x00, 0x00, 0x00, 0x00, 0x00, 0x00, 0x00,
    0x00, 0x00, 0x00, 0x00, 0x00, 0x00, 0x00, 0x00, 0x00, 0x00, 0x00, 0x00, 0x00, 0x00, 0x00, 0x00,
    0x00, 0x00, 0x00, 0x00, 0x00, 0x00, 0x00, 0x00, 0x00, 0x00, 0x00, 0x00, 0x00, 0x00, 0x00, 0x00,
    0x00, 0x00, 0x00, 0x00, 0x00, 0x00, 0x00, 0x00, 0x00, 0x00, 0x00, 0x00, 0x00, 0x00, 0x00, 0x00,
    0x00, 0x00, 0x00, 0x00, 0x00, 0x00, 0x00, 0x00, 0x00, 0x00, 0x00, 0x00, 0x00, 0x00, 0x00, 0x00,
    0x00, 0x00, 0x00, 0x00, 0x00, 0x00, 0x00, 0x00, 0x00, 0x00, 0x00, 0x00, 0x00, 0x00, 0x00, 0x00,
    0x00, 0x00, 0x00, 0x00, 0x00, 0x00, 0x00, 0x00, 0x00, 0x00, 0x00, 0x00, 0x00, 0x00, 0x00, 0x00,
    0x00, 0x00, 0x00, 0x00, 0x00, 0x00, 0x00, 0x00, 0x00, 0x00, 0x00, 0x00, 0x00, 0x00, 0x00, 0x00,
    0x00, 0x00, 0x00, 0x00, 0x00, 0x00, 0x00, 0x00, 0x00, 0x00, 0x00, 0x00, 0x00, 0x00, 0x00, 0x00,
    0x00, 0x00, 0x00, 0x00, 0x00, 0x00, 0x00, 0x00, 0x00, 0x00, 0x00, 0x00, 0x00, 0x00, 0x00, 0x00,
    0x00, 0x00, 0x00, 0x00, 0x00, 0x00, 0x00, 0x00, 0x00, 0x00, 0x00, 0x00, 0x00, 0x00, 0x00, 0x00,
    0x00, 0x00, 0x00, 0x00, 0x00, 0x00, 0x00, 0x00, 0x00, 0x00, 0x00, 0x00, 0x00, 0x00, 0x00, 0x00,
    0x00, 0x00, 0x00, 0x00, 0x00, 0x00, 0x00, 0x00, 0x00, 0x00, 0x00, 0x00, 0x00, 0x00, 0x00, 0x00,
    0x00, 0x00, 0x00, 0x00, 0x00, 0x00, 0x00, 0x00, 0x00, 0x00, 0x00, 0x00, 0x00, 0x00, 0x00, 0x00,
    0x00, 0x00, 0x00, 0x00, 0x00, 0x00, 0x00, 0x00, 0x00, 0x00, 0x00, 0x00, 0x00, 0x00, 0x00, 0x00,
    0x00, 0x00, 0x00, 0x00, 0x00, 0x00, 0x00, 0x00, 0x00, 0x00, 0x00, 0x00, 0x00, 0x00, 0x00, 0x00,
    0x00, 0x00, 0x00, 0x00, 0x00, 0x00, 0x00, 0x00, 0x00, 0x00, 0x00, 0x00, 0x00, 0x00, 0x00, 0x00,
    0x00, 0x00, 0x00, 0x00, 0x00, 0x00, 0x00, 0x00, 0x00, 0x00, 0x00, 0x00, 0x00, 0x00, 0x00, 0x00,
    0x00, 0x00, 0x00, 0x00, 0x00, 0x00, 0x00, 0x00, 0x00, 0x00, 0x00, 0x00, 0x00, 0x00, 0x00, 0x00,
    0x00, 0x00, 0x00, 0x00, 0x00, 0x00, 0x00, 0x00, 0x00, 0x00, 0x00, 0x00, 0x00, 0x00, 0x00, 0x00,
    0x00, 0x00, 0x00, 0x00, 0x00, 0x00, 0x00, 0x00, 0x00, 0x00, 0x00, 0x00, 0x00, 0x00, 0x00, 0x00,
    0x00, 0x00, 0x00, 0x00, 0x00, 0x00, 0x00, 0x00, 0x00, 0x00, 0x00, 0x00, 0x00, 0x00, 0x00, 0x00,
    0x00, 0x00, 0x00, 0x00, 0x00, 0x00, 0x00, 0x00, 0x00, 0x00, 0x00, 0x00, 0x00, 0x00, 0x00, 0x00,
    0x00, 0x00, 0x00, 0x00, 0x00, 0x00, 0x00, 0x00, 0x00, 0x00, 0x00, 0x00, 0x00, 0x00, 0x00, 0x00,
    0x00, 0x00, 0x00, 0x00, 0x00, 0x00, 0x00, 0x00, 0x00, 0x00, 0x00, 0x00, 0x00, 0x00, 0x00, 0x00,
    0x00, 0x00, 0x00, 0x00, 0x00, 0x00, 0x00, 0x00, 0x00, 0x00, 0x00, 0x00, 0x00, 0x00, 0x00, 0x00,
    0x00, 0x00, 0x00, 0x00, 0x00, 0x00, 0x00, 0x00, 0x00, 0x00, 0x00, 0x00, 0x00, 0x00, 0x00, 0x00,
    0x00, 0x00, 0x00, 0x00, 0x00, 0x9f, 0xff, 0xf0, 0x00, 0x00, 0x00, 0x00, 0x00, 0x00, 0x04, 0xff,
    0xff, 0x50, 0x00, 0x00, 0x00, 0x09, 0xff, 0xff, 0x00, 0x00, 0x00, 0x00, 0x00, 0x00, 0x00, 0x4f,
    0xff, 0xf5, 0x00, 0x00, 0x00, 0x00, 0x9f, 0xff, 0xf0, 0x00, 0x00, 0x00, 0x00, 0x00, 0x00, 0x04,
    0xff, 0xff, 0x50, 0x00, 0x00, 0x00, 0x09, 0xff, 0xff, 0x00, 0x00, 0x00, 0x00, 0x00, 0x00, 0x00,
    0x4f, 0xff, 0xf5, 0x00, 0x00, 0x00, 0x00, 0x9f, 0xff, 0xf0, 0x00, 0x00, 0x00, 0x00, 0x00, 0x00,
    0x04, 0xff, 0xff, 0x50, 0x00, 0x00, 0x00, 0x09, 0xff, 0xff, 0x00, 0x00, 0x00, 0x00, 0x00, 0x00,
    0x00, 0x4f, 0xff, 0xf5, 0x00, 0x00, 0x00, 0x00, 0x9f, 0xff, 0xf0, 0x00, 0x00, 0x00, 0x00, 0x00,
    0x00, 0x04, 0xff, 0xff, 0x50, 0x00, 0x00, 0x00, 0x09, 0xff, 0xff, 0x00, 0x00, 0x00, 0x00, 0x00,
    0x00, 0x00, 0x4f, 0xff, 0xf5, 0x00, 0x00, 0x00, 0x00, 0x9f, 0xff, 0xf0, 0x00, 0x00, 0x00, 0x00,
    0x00, 0x00, 0x04, 0xff, 0xff, 0x50, 0x00, 0x00, 0x00, 0x09, 0xff, 0xff, 0x00, 0x00, 0x00, 0x00,
    0x00, 0x00, 0x00, 0x4f, 0xff, 0xf5, 0x00, 0x00, 0x00, 0x00, 0x9f, 0xff, 0xf0, 0x00, 0x00, 0x00,
    0x00, 0x00, 0x00, 0x04, 0xff, 0xff, 0x50, 0x00, 0x00, 0x00, 0x09, 0xff, 0xff, 0x00, 0x00, 0x00,
    0x00, 0x00, 0x00, 0x00, 0x4f, 0xff, 0xf5, 0x00, 0x00, 0x00, 0x00, 0x9f, 0xff, 0xf0, 0x00, 0x00,
    0x00, 0x00, 0x00, 0x00, 0x04, 0xff, 0xff, 0x50, 0x00, 0x00, 0x00, 0x09, 0xff, 0xff, 0x00, 0x00,
    0x00, 0x00, 0x00, 0x00, 0x00, 0x4f, 0xff, 0xf5, 0x00, 0x00, 0x00, 0x00, 0x9f, 0xff, 0xf0, 0x00,
    0x00, 0x00, 0x00, 0x00, 0x00, 0x05, 0xff, 0xff, 0x50, 0x00, 0x00, 0x00, 0x09, 0xff, 0xff, 0x10,
    0x00, 0x00, 0x00, 0x00, 0x00, 0x00, 0x7f, 0xff, 0xf5, 0x00, 0x00, 0x00, 0x00, 0x9f, 0xff, 0xf2,
    0x00, 0x00, 0x00, 0x00, 0x00, 0x00, 0x0a, 0xff, 0xff, 0x50, 0x00, 0x00, 0x00, 0x09, 0xff, 0xff,
    0x60, 0x00, 0x00, 0x00, 0x00, 0x00, 0x01, 0xef, 0xff, 0xf5, 0x00, 0x00, 0x00, 0x00, 0x9f, 0xff,
    0xfb, 0x00, 0x00, 0x00, 0x00, 0x00, 0x00, 0x7f, 0xff, 0xff, 0x50, 0x00, 0x00, 0x00, 0x09, 0xff,
    0xff, 0xf5, 0x00, 0x00, 0x00, 0x00, 0x00, 0x4f, 0xff, 0xff, 0xf5, 0x00, 0x00, 0x00, 0x00, 0x9f,
    0xff, 0xff, 0xe5, 0x00, 0x00, 0x00, 0x00, 0x5e, 0xff, 0xff, 0xff, 0x50, 0x00, 0x00, 0x00, 0x09,
    0xff, 0xff, 0xff, 0xfa, 0x52, 0x01, 0x26, 0xcf, 0xff, 0xff, 0xff, 0xf5, 0x00, 0x00, 0x00, 0x00,
    0x9f, 0xff, 0xff, 0xff, 0xff, 0xff, 0xff, 0xff, 0xff, 0xf8, 0xff, 0xff, 0x50, 0x00, 0x00, 0x00,
    0x09, 0xff, 0xff, 0xbf, 0xff, 0xff, 0xff, 0xff, 0xff, 0xf9, 0x1f, 0xff, 0xf5, 0x00, 0x00, 0x00,
    0x00, 0x9f, 0xff, 0xf0, 0x9f, 0xff, 0xff, 0xff, 0xff, 0xe6, 0x01, 0xff, 0xff, 0x50, 0x00, 0x00,
    0x00, 0x09, 0xff, 0xff, 0x00, 0x27, 0xbd, 0xfe, 0xda, 0x51, 0x00, 0x1f, 0xff, 0xf5, 0x00, 0x00,
    0x00, 0x00, 0x9f, 0xff, 0xf0, 0x00, 0x00, 0x00, 0x00, 0x00, 0x00, 0x00, 0x00, 0x00, 0x00, 0x00,
    0x00, 0x00, 0x09, 0xff, 0xff, 0x00, 0x00, 0x00, 0x00, 0x00, 0x00, 0x00, 0x00, 0x00, 0x00, 0x00,
    0x00, 0x00, 0x00, 0x9f, 0xff, 0xf0, 0x00, 0x00, 0x00, 0x00, 0x00, 0x00, 0x00, 0x00, 0x00, 0x00,
    0x00, 0x00, 0x00, 0x09, 0xff, 0xff, 0x00, 0x00, 0x00, 0x00, 0x00, 0x00, 0x00, 0x00, 0x00, 0x00,
    0x00, 0x00, 0x00, 0x00, 0x9f, 0xff, 0xf0, 0x00, 0x00, 0x00, 0x00, 0x00, 0x00, 0x00, 0x00, 0x00,
    0x00, 0x00, 0x00, 0x00, 0x09, 0xff, 0xff, 0x00, 0x00, 0x00, 0x00, 0x00, 0x00, 0x00, 0x00, 0x00,
    0x00, 0x00, 0x00, 0x00, 0x00, 0x9f, 0xff, 0xf0, 0x00, 0x00, 0x00, 0x00, 0x00, 0x00, 0x00, 0x00,
    0x00, 0x00, 0x00, 0x00, 0x00, 0x09, 0xff, 0xff, 0x00, 0x00, 0x00, 0x00, 0x00, 0x00, 0x00, 0x00,
    0x00, 0x00, 0x00, 0x00, 0x00, 0x00, 0x9f, 0xff, 0xf0, 0x00, 0x00, 0x00, 0x00, 0x00, 0x00, 0x00,
    0x00, 0x00, 0x00, 0x00, 0x00, 0x00, 0x09, 0xff, 0xff, 0x00, 0x00, 0x00, 0x00, 0x00, 0x00, 0x00,
    0x00, 0x00, 0x00, 0x00, 0x00, 0x00, 0x00, 0x00, 0x27, 0xad, 0xef, 0xff, 0xff, 0xff, 0xff, 0xff,
    0xff, 0xff, 0x10, 0x00, 0x00, 0x00, 0x02, 0xaf, 0xff, 0xff, 0xff, 0xff, 0xff, 0xff, 0xff, 0xff,
    0xff, 0xf1, 0x00, 0x00, 0x00, 0x05, 0xef, 0xff, 0xff, 0xff, 0xff, 0xff, 0xff, 0xff, 0xff, 0xff,
    0xff, 0x10, 0x00, 0x00, 0x04, 0xff, 0xff, 0xff, 0xff, 0xff, 0xff, 0xff, 0xff, 0xff, 0xff, 0xff,
    0xf1, 0x00, 0x00, 0x01, 0xef, 0xff, 0xff, 0xff, 0xff, 0xff, 0xb1, 0x11, 0x11, 0x11, 0xcf, 0xff,
    0x10, 0x00, 0x00, 0x7f, 0xff, 0xff, 0xff, 0xff, 0xff, 0xfb, 0x00, 0x00, 0x00, 0x0c, 0xff, 0xf1,
    0x00, 0x00, 0x0c, 0xff, 0xff, 0xff, 0xff, 0xff, 0xff, 0xb0, 0x00, 0x00, 0x00, 0xcf, 0xff, 0x10,
    0x00, 0x00, 0xff, 0xff, 0xff, 0xff, 0xff, 0xff, 0xfb, 0x00, 0x00, 0x00, 0x0c, 0xff, 0xf1, 0x00,
    0x00, 0x1f, 0xff, 0xff, 0xff, 0xff, 0xff, 0xff, 0xb0, 0x00, 0x00, 0x00, 0xcf, 0xff, 0x10, 0x00,
    0x01, 0xff, 0xff, 0xff, 0xff, 0xff, 0xff, 0xfb, 0x00, 0x00, 0x00, 0x0c, 0xff, 0xf1, 0x00, 0x00,
    0x0e, 0xff, 0xff, 0xff, 0xff, 0xff, 0xff, 0xb0, 0x00, 0x00, 0x00, 0xcf, 0xff, 0x10, 0x00, 0x00,
    0xbf, 0xff, 0xff, 0xff, 0xff, 0xff, 0xfb, 0x00, 0x00, 0x00, 0x0c, 0xff, 0xf1, 0x00, 0x00, 0x05,
    0xff, 0xff, 0xff, 0xff, 0xff, 0xff, 0xb0, 0x00, 0x00, 0x00, 0xcf, 0xff, 0x10, 0x00, 0x00, 0x0c,
    0xff, 0xff, 0xff, 0xff, 0xff, 0xfb, 0x00, 0x00, 0x00, 0x0c, 0xff, 0xf1, 0x00, 0x00, 0x00, 0x1d,
    0xff, 0xff, 0xff, 0xff, 0xff, 0xb0, 0x00, 0x00, 0x00, 0xcf, 0xff, 0x10, 0x00, 0x00, 0x00, 0x2c,
    0xff, 0xff, 0xff, 0xff, 0xfb, 0x00, 0x00, 0x00, 0x0c, 0xff, 0xf1, 0x00, 0x00, 0x00, 0x00, 0x07,
    0xef, 0xff, 0xff, 0xff, 0xb0, 0x00, 0x00, 0x00, 0xcf, 0xff, 0x10, 0x00, 0x00, 0x00, 0x00, 0x00,
    0x48, 0xab, 0xff, 0xfb, 0x00, 0x00, 0x00, 0x0c, 0xff, 0xf1, 0x00, 0x00, 0x00, 0x00, 0x00, 0x00,
    0x00, 0x2f, 0xff, 0xb0, 0x00, 0x00, 0x00, 0xcf, 0xff, 0x10, 0x00, 0x00, 0x00, 0x00, 0x00, 0x00,
    0x02, 0xff, 0xfb, 0x00, 0x00, 0x00, 0x0c, 0xff, 0xf1, 0x00, 0x00, 0x00, 0x00, 0x00, 0x00, 0x00,
    0x2f, 0xff, 0xb0, 0x00, 0x00, 0x00, 0xcf, 0xff, 0x10, 0x00, 0x00, 0x00, 0x00, 0x00, 0x00, 0x02,
    0xff, 0xfb, 0x00, 0x00, 0x00, 0x0c, 0xff, 0xf1, 0x00, 0x00, 0x00, 0x00, 0x00, 0x00, 0x00, 0x2f,
    0xff, 0xb0, 0x00, 0x00, 0x00, 0xcf, 0xff, 0x10, 0x00, 0x00, 0x00, 0x00, 0x00, 0x00, 0x02, 0xff,
    0xfb, 0x00, 0x00, 0x00, 0x0c, 0xff, 0xf1, 0x00, 0x00, 0x00, 0x00, 0x00, 0x00, 0x00, 0x2f, 0xff,
    0xb0, 0x00, 0x00, 0x00, 0xcf, 0xff, 0x10, 0x00, 0x00, 0x00, 0x00, 0x00, 0x00, 0x02, 0xff, 0xfb,
    0x00, 0x00, 0x00, 0x0c, 0xff, 0xf1, 0x00, 0x00, 0x00, 0x00, 0x00, 0x00, 0x00, 0x2f, 0xff, 0xb0,
    0x00, 0x00, 0x00, 0xcf, 0xff, 0x10, 0x00, 0x00, 0x00, 0x00, 0x00, 0x00, 0x02, 0xff, 0xfb, 0x00,
    0x00, 0x00, 0x0c, 0xff, 0xf1, 0x00, 0x00, 0x00, 0x00, 0x00, 0x00, 0x00, 0x2f, 0xff, 0xb0, 0x00,
    0x00, 0x00, 0xcf, 0xff, 0x10, 0x00, 0x00, 0x00, 0x00, 0x00, 0x00, 0x02, 0xff, 0xfb, 0x00, 0x00,
    0x00, 0x0c, 0xff, 0xf1, 0x00, 0x00, 0x00, 0x00, 0x00, 0x00, 0x00, 0x2f, 0xff, 0xb0, 0x00, 0x00,
    0x00, 0xcf, 0xff, 0x10, 0x00, 0x00, 0x00, 0x00, 0x00, 0x00, 0x02, 0xff, 0xfb, 0x00, 0x00, 0x00,
    0x0c, 0xff, 0xf1, 0x00, 0x00, 0x00, 0x00, 0x00, 0x00, 0x00, 0x2f, 0xff, 0xb0, 0x00, 0x00, 0x00,
    0xcf, 0xff, 0x10, 0x00, 0x00, 0x00, 0x00, 0x00, 0x00, 0x02, 0xff, 0xfb, 0x00, 0x00, 0x00, 0x0c,
    0xff, 0xf1, 0x00, 0x00, 0x00, 0x00, 0x00, 0x00, 0x00, 0x2f, 0xff, 0xb0, 0x00, 0x00, 0x00, 0xcf,
    0xff, 0x10, 0x00, 0x00, 0x00, 0x00, 0x00, 0x00, 0x02, 0xff, 0xfb, 0x00, 0x00, 0x00, 0x0c, 0xff,
    0xf1, 0x00, 0x00, 0x00, 0x00, 0x00, 0x00, 0x00, 0x2f, 0xff, 0xb0, 0x00, 0x00, 0x00, 0xcf, 0xff,
    0x10, 0x00, 0x00, 0x00, 0x00, 0x00, 0x00, 0x02, 0xff, 0xfb, 0x00, 0x00, 0x00, 0x0c, 0xff, 0xf1,
    0x00, 0x00, 0x00, 0x00, 0x00, 0x00, 0x00, 0x2f, 0xff, 0xb0, 0x00, 0x00, 0x00, 0xcf, 0xff, 0x10,
    0x00, 0x00, 0x00, 0x00, 0x00, 0x00, 0x02, 0xff, 0xfb, 0x00, 0x00, 0x00, 0x0c, 0xff, 0xf1, 0x00,
    0x00, 0x00, 0x00, 0x00, 0x00, 0x00, 0x2f, 0xff, 0xb0, 0x00, 0x00, 0x00, 0xcf, 0xff, 0x10, 0x00,
    0x00, 0x00, 0x00, 0x00, 0x00, 0x00, 0x11, 0x11, 0x00, 0x00, 0x00, 0x01, 0x11, 0x10, 0x00, 0x00,
    0x00, 0x00, 0x4c, 0xeb, 0x30, 0x00, 0x00, 0x00, 0x3f, 0xff, 0xfe, 0x10, 0x00, 0x00, 0x0a, 0xff,
    0xff, 0xf7, 0x00, 0x00, 0x00, 0xcf, 0xff, 0xff, 0x80, 0x00, 0x00, 0x0a, 0xff, 0xff, 0xf6, 0x00,
    0x00, 0x00, 0x3f, 0xff, 0xfe, 0x10, 0x00, 0x00, 0x00, 0x4c, 0xeb, 0x30, 0x00, 0x00, 0x00, 0x00,
    0x00, 0x00, 0x00, 0x00, 0x00, 0x00, 0x00, 0x00, 0x00, 0x00, 0x00, 0x00, 0x00, 0x00, 0x00, 0x00,
    0x00, 0x00, 0x00, 0x00, 0x00, 0x00, 0x00, 0x00, 0x00, 0x00, 0x00, 0x00, 0x00, 0x00, 0x00, 0x00,
    0x00, 0x00, 0x00, 0x00, 0x00, 0x00, 0x00, 0x00, 0x00, 0x00, 0x00, 0x00, 0x00, 0x00, 0x00, 0x00,
    0x00, 0x00, 0x00, 0x00, 0x00, 0x00, 0x00, 0x00, 0x00, 0x00, 0x00, 0x00, 0x00, 0x00, 0x00, 0x00,
    0x00, 0x00, 0x00, 0x00, 0x00, 0x1f, 0xf9, 0x00, 0x00, 0x00, 0x00, 0x00, 0x00, 0x00, 0x00, 0x00,
    0x00, 0x00, 0x00, 0x05, 0xff, 0x50, 0x00, 0x00, 0x00, 0x00, 0x00, 0x00, 0x00, 0x00, 0x00, 0x00,
    0x00, 0x00, 0x8f, 0xf1, 0x00, 0x00, 0x00, 0x00, 0x00, 0x00, 0x00, 0x00, 0x00, 0x00, 0x00, 0x00,
    0x0c, 0xff, 0xfb, 0x40, 0x00, 0x00, 0x00, 0x00, 0x00, 0x00, 0x00, 0x00, 0x00, 0x00, 0x01, 0xff,
    0xff, 0xff, 0x50, 0x00, 0x00, 0x00, 0x00, 0x00, 0x00, 0x00, 0x00, 0x00, 0x00, 0x00, 0x03, 0xaf,
    0xfe, 0x00, 0x00, 0x00, 0x00, 0x00, 0x00, 0x00, 0x00, 0x00, 0x00, 0x00, 0x00, 0x03, 0xff, 0xf2,
    0x00, 0x00, 0x00, 0x00, 0x00, 0x00, 0x00, 0x00, 0x00, 0x15, 0x10, 0x01, 0x8f, 0xff, 0x10, 0x00,
    0x00, 0x00, 0x00, 0x00, 0x00, 0x00, 0x00, 0x07, 0xff, 0xed, 0xff, 0xff, 0xb0, 0x00, 0x00, 0x00,
    0x00, 0x00, 0x00, 0x00, 0x00, 0x00, 0xdf, 0xff, 0xff, 0xff, 0xc1, 0x00, 0x00, 0x00, 0x00, 0x00,
    0x00, 0x00, 0x00, 0x00, 0x03, 0x9d, 0xef, 0xeb, 0x60, 0x00, 0x00, 0x00, 0x00, 0x00, 0x00, 0x00,
    0x00, 0xbf, 0xff, 0xff, 0xff, 0xd0, 0x00, 0x00, 0x00, 0x00, 0x00, 0x0b, 0xff, 0xff, 0xff, 0xfd,
    0x00, 0x00, 0x00, 0x00, 0x00, 0x00, 0x9d, 0xdd, 0xde, 0xff, 0xd0, 0x00, 0x00, 0x00, 0x00, 0x00,
    0x00, 0x00, 0x00, 0x8f, 0xfd, 0x00, 0x00, 0x00, 0x00, 0x00, 0x00, 0x00, 0x00, 0x08, 0xff, 0xd0,
    0x00, 0x00, 0x00, 0x00, 0x00, 0x00, 0x00, 0x00, 0x8f, 0xfd, 0x00, 0x00, 0x00, 0x00, 0x00, 0x00,
    0x00, 0x00, 0x08, 0xff, 0xd0, 0x00, 0x00, 0x00, 0x00, 0x00, 0x00, 0x00, 0x00, 0x8f, 0xfd, 0x00,
    0x00, 0x00, 0x00, 0x00, 0x00, 0x00, 0x00, 0x08, 0xff, 0xd0, 0x00, 0x00, 0x00, 0x00, 0x00, 0x00,
    0x00, 0x00, 0x8f, 0xfd, 0x00, 0x00, 0x00, 0x00, 0x00, 0x00, 0x00, 0x00, 0x08, 0xff, 0xd0, 0x00,
    0x00, 0x00, 0x00, 0x00, 0x00, 0x00, 0x00, 0x8f, 0xfd, 0x00, 0x00, 0x00, 0x00, 0x00, 0x00, 0x00,
    0x00, 0x08, 0xff, 0xd0, 0x00, 0x00, 0x00, 0x00, 0x00, 0x00, 0x00, 0x00, 0x8f, 0xfd, 0x00, 0x00,
    0x00, 0x00, 0x00, 0x00, 0x00, 0x00, 0x08, 0xff, 0xd0, 0x00, 0x00, 0x00, 0x00, 0x00, 0x00, 0x00,
    0x00, 0x8f, 0xfd, 0x00, 0x00, 0x00, 0x00, 0x00, 0x00, 0x00, 0x00, 0x08, 0xff, 0xd0, 0x00, 0x00,
    0x00, 0x00, 0x00, 0x1d, 0xdd, 0xdd, 0xef, 0xff, 0xdd, 0xdd, 0xa0, 0x00, 0x00, 0x02, 0xff, 0xff,
    0xff, 0xff, 0xff, 0xff, 0xfc, 0x00, 0x00, 0x00, 0x2f, 0xff, 0xff, 0xff, 0xff, 0xff, 0xff, 0xc0,
    0x00, 0x00, 0x00, 0x00, 0x00, 0x00, 0x00, 0x00, 0x00, 0x00, 0x00, 0x00, 0x00, 0x00, 0x00, 0x00,
    0x00, 0x00, 0x00, 0x00, 0x00, 0x00, 0x00, 0x00, 0x00, 0x00, 0x00, 0x00, 0x00, 0x00, 0x00, 0x00,
    0x00, 0x00, 0x00, 0x00, 0x00, 0x00, 0x00, 0x00, 0x00, 0x00, 0x00, 0x00, 0x00, 0x00, 0x00, 0x00,
    0x00, 0x00, 0x00, 0x00, 0x00, 0x00, 0x00, 0x00, 0x00, 0x00, 0x00, 0x00, 0x00, 0x00, 0x00, 0x00,
    0x00, 0x00, 0x00, 0x00, 0x00, 0x00, 0x00, 0x00, 0x00, 0x00, 0x00, 0x00, 0x00, 0x00, 0x00, 0x00,
    0x00, 0x00, 0x00, 0x00, 0x00, 0x00, 0x00, 0x00, 0x00, 0x00, 0x00, 0x00, 0x00, 0x00, 0x00, 0x00,
    0x00, 0x00, 0x00, 0x00, 0x00, 0x00, 0x00, 0x00, 0x00, 0x00, 0x00, 0x00, 0x00, 0x00, 0x00, 0x00,
    0x00, 0x00, 0x00, 0x00, 0x00, 0x00, 0x00, 0x00, 0x00, 0x00, 0x00, 0x00, 0x00, 0x00, 0x00, 0x00,
    0x00, 0x00, 0x00, 0x00, 0x00, 0x00, 0x00, 0x00, 0x00, 0x00, 0x00, 0x00, 0x00, 0x00, 0x00, 0x00,
    0x00, 0x00, 0x00, 0x00, 0x00, 0x00, 0x00, 0x00, 0x00, 0x00, 0x00, 0x00, 0x00, 0x00, 0x00, 0x00,
    0x00, 0x00, 0x00, 0x00, 0x00, 0x00, 0x00, 0x00, 0x00, 0x00, 0x00, 0x00, 0x5a, 0xdf, 0xfd, 0xb6,
    0x10, 0x00, 0x00, 0x00, 0x00, 0x3d, 0xff, 0xff, 0xff, 0xff, 0xd4, 0x00, 0x00, 0x00, 0x04, 0xff,
    0xff, 0xff, 0xff, 0xff, 0xff, 0x60, 0x00, 0x00, 0x2e, 0xff, 0xfa, 0x53, 0x35, 0xaf, 0xff, 0xf3,
    0x00, 0x00, 0xaf, 0xff, 0x40, 0x00, 0x00, 0x04, 0xef, 0xfc, 0x00, 0x01, 0xff, 0xf6, 0x00, 0x00,
    0x00, 0x00, 0x5f, 0xff, 0x20, 0x05, 0xff, 0xe0, 0x00, 0x00, 0x00, 0x00, 0x0e, 0xff, 0x60, 0x07,
    0xff, 0xc0, 0x00, 0x00, 0x00, 0x00, 0x0b, 0xff, 0x80, 0x07, 0xff, 0xc0, 0x00, 0x00, 0x00, 0x00,
    0x0b, 0xff, 0x70, 0x05, 0xff, 0xe0, 0x00, 0x00, 0x00, 0x00, 0x0e, 0xff, 0x60, 0x01, 0xff, 0xf6,
    0x00, 0x00, 0x00, 0x00, 0x6f, 0xff, 0x20, 0x00, 0xaf, 0xff, 0x50, 0x00, 0x00, 0x04, 0xef, 0xfb,
    0x00, 0x00, 0x2e, 0xff, 0xfa, 0x53, 0x35, 0xaf, 0xff, 0xe3, 0x00, 0x00, 0x04, 0xef, 0xff, 0xff,
    0xff, 0xff, 0xff, 0x50, 0x00, 0x00, 0x00, 0x3c, 0xff, 0xff, 0xff, 0xff, 0xd3, 0x00, 0x00, 0x00,
    0x00, 0x00, 0x5a, 0xdf, 0xfd, 0xa6, 0x00, 0x00, 0x00, 0x00, 0x00, 0x00, 0x00, 0x00, 0x00, 0x00,
    0x00, 0x00, 0x00, 0x00, 0x00, 0x00, 0x00, 0x00, 0x00, 0x00, 0x00, 0x00, 0x00, 0x00, 0x00, 0x00,
    0x00, 0x00, 0x00, 0x00, 0x00, 0x00, 0x00, 0x00, 0x00, 0x00, 0x00, 0x00, 0x00, 0x00, 0x00, 0x00,
    0x00, 0x00, 0x00, 0x00, 0x00, 0x00, 0x00, 0x00, 0x00, 0x00, 0x00, 0x00, 0x00, 0x00, 0x00, 0x00,
    0x00, 0x00, 0x00, 0x00, 0x00, 0x00, 0x00, 0x00, 0x00, 0x00, 0x00, 0x00, 0x00, 0x00, 0x00, 0x00,
    0x00, 0x00, 0x00, 0x00, 0x00, 0x00, 0x00, 0x00, 0x00, 0x00, 0x00, 0x00, 0x00, 0x00, 0x00, 0x00,
    0x00, 0x00, 0x00, 0x00, 0x00, 0x00, 0x00, 0x00, 0x00, 0x00, 0x00, 0x00, 0x00, 0x00, 0x00, 0x00,
    0x00, 0x00, 0x00, 0x00, 0x00, 0x00, 0x00, 0x00, 0x00, 0x00, 0x00, 0x00, 0x00, 0x00, 0x00, 0x00,
    0x00, 0x00, 0x00, 0x00, 0x00, 0x00, 0x00, 0x00, 0x00, 0x00, 0x00, 0x00, 0x00, 0x00, 0x00, 0x00,
    0x00, 0x00, 0x00, 0x00, 0x00, 0x00, 0x00, 0x00, 0x00, 0x00, 0x00, 0x00, 0x00, 0x00, 0x00, 0x00,
    0x00, 0x00, 0x00, 0x00, 0x00, 0x00, 0x00, 0x00, 0x00, 0x00, 0x00, 0x00, 0x00, 0x00, 0x00, 0x00,
    0x00, 0x00, 0x00, 0x00, 0x00, 0x00, 0x00, 0x00, 0x00, 0x00, 0x00, 0x00, 0x00, 0x00, 0x00, 0x00,
    0x00, 0x00, 0x00, 0x00, 0x00, 0x00, 0x00, 0x01, 0xef, 0xff, 0x30, 0x00, 0x0c, 0xff, 0xf7, 0x00,
    0x00, 0x00, 0x00, 0x00, 0x5f, 0xff, 0xd1, 0x00, 0x02, 0xef, 0xff, 0x30, 0x00, 0x00, 0x00, 0x00,
    0x09, 0xff, 0xfa, 0x00, 0x00, 0x6f, 0xff, 0xd1, 0x00, 0x00, 0x00, 0x00, 0x01, 0xdf, 0xff, 0x60,
    0x00, 0x0a, 0xff, 0xf9, 0x00, 0x00, 0x00, 0x00, 0x00, 0x3f, 0xff, 0xe2, 0x00, 0x01, 0xdf, 0xff,
    0x50, 0x00, 0x00, 0x00, 0x00, 0x07, 0xff, 0xfc, 0x00, 0x00, 0x4f, 0xff, 0xe2, 0x00, 0x00, 0x00,
    0x00, 0x00, 0xbf, 0xff, 0x80, 0x00, 0x08, 0xff, 0xfb, 0x00, 0x00, 0x00, 0x00, 0x00, 0x2e, 0xff,
    0xf4, 0x00, 0x00, 0xcf, 0xff, 0x70, 0x00, 0x00, 0x00, 0x00, 0x05, 0xff, 0xfe, 0x10, 0x00, 0x3f,
    0xff, 0xf3, 0x00, 0x00, 0x00, 0x00, 0x00, 0xcf, 0xff, 0x90, 0x00, 0x08, 0xff, 0xfc, 0x00, 0x00,
    0x00, 0x00, 0x04, 0xff, 0xfe, 0x20, 0x00, 0x2e, 0xff, 0xf5, 0x00, 0x00, 0x00, 0x00, 0x1d, 0xff,
    0xf5, 0x00, 0x00, 0xbf, 0xff, 0x90, 0x00, 0x00, 0x00, 0x00, 0xaf, 0xff, 0x90, 0x00, 0x07, 0xff,
    0xfc, 0x00, 0x00, 0x00, 0x00, 0x06, 0xff, 0xfd, 0x10, 0x00, 0x3f, 0xff, 0xe2, 0x00, 0x00, 0x00,
    0x00, 0x3f, 0xff, 0xf3, 0x00, 0x01, 0xdf, 0xff, 0x60, 0x00, 0x00, 0x00, 0x00, 0xcf, 0xff, 0x60,
    0x00, 0x0a, 0xff, 0xfa, 0x00, 0x00, 0x00, 0x00, 0x09, 0xff, 0xfa, 0x00, 0x00, 0x5f, 0xff, 0xd1,
    0x00, 0x00, 0x00, 0x00, 0x4f, 0xff, 0xd1, 0x00, 0x02, 0xef, 0xff, 0x30, 0x00, 0x00, 0x00, 0x01,
    0xef, 0xff, 0x40, 0x00, 0x0c, 0xff, 0xf7, 0x00, 0x00, 0x00, 0x00, 0x00, 0x00, 0x00, 0x00, 0x00,
    0x00, 0x00, 0x00, 0x00, 0x00, 0x00, 0x00, 0x00, 0x00, 0x00, 0x00, 0x00, 0x00, 0x00, 0x00, 0x00,
    0x00, 0x00, 0x00, 0x00, 0x00, 0x00, 0x00, 0x00, 0x00, 0x00, 0x00, 0x00, 0x00, 0x00, 0x00, 0x00,
    0x00, 0x00, 0x00, 0x00, 0x00, 0x00, 0x00, 0x00, 0x00, 0x00, 0x00, 0x00, 0x00, 0xbf, 0xff, 0xff,
    0xff, 0xd0, 0x00, 0x00, 0x00, 0x00, 0x00, 0x00, 0x00, 0x00, 0x00, 0x00, 0xdf, 0xfb, 0x00, 0x00,
    0x00, 0x00, 0x00, 0x00, 0x00, 0x00, 0xbf, 0xff, 0xff, 0xff, 0xd0, 0x00, 0x00, 0x00, 0x00, 0x00,
    0x00, 0x00, 0x00, 0x00, 0x08, 0xff, 0xe2, 0x00, 0x00, 0x00, 0x00, 0x00, 0x00, 0x00, 0x00, 0x9d,
    0xdd, 0xde, 0xff, 0xd0, 0x00, 0x00, 0x00, 0x00, 0x00, 0x00, 0x00, 0x00, 0x00, 0x3f, 0xff, 0x60,
    0x00, 0x00, 0x00, 0x00, 0x00, 0x00, 0x00, 0x00, 0x00, 0x00, 0x08, 0xff, 0xd0, 0x00, 0x00, 0x00,
    0x00, 0x00, 0x00, 0x00, 0x00, 0x01, 0xdf, 0xfb, 0x00, 0x00, 0x00, 0x00, 0x00, 0x00, 0x00, 0x00,
    0x00, 0x00, 0x00, 0x08, 0xff, 0xd0, 0x00, 0x00, 0x00, 0x00, 0x00, 0x00, 0x00, 0x00, 0x09, 0xff,
    0xe2, 0x00, 0x00, 0x00, 0x00, 0x00, 0x00, 0x00, 0x00, 0x00, 0x00, 0x00, 0x08, 0xff, 0xd0, 0x00,
    0x00, 0x00, 0x00, 0x00, 0x00, 0x00, 0x00, 0x4f, 0xff, 0x60, 0x00, 0x00, 0x00, 0x00, 0x00, 0x00,
    0x00, 0x00, 0x00, 0x00, 0x00, 0x08, 0xff, 0xd0, 0x00, 0x00, 0x00, 0x00, 0x00, 0x00, 0x00, 0x01,
    0xdf, 0xfb, 0x00, 0x00, 0x00, 0x00, 0x00, 0x00, 0x00, 0x00, 0x00, 0x00, 0x00, 0x00, 0x08, 0xff,
    0xd0, 0x00, 0x00, 0x00, 0x00, 0x00, 0x00, 0x00, 0x09, 0xff, 0xe2, 0x00, 0x00, 0x00, 0x00, 0x00,
    0x00, 0x00, 0x00, 0x00, 0x00, 0x00, 0x00, 0x08, 0xff, 0xd0, 0x00, 0x00, 0x00, 0x00, 0x00, 0x00,
    0x00, 0x4f, 0xff, 0x60, 0x00, 0x00, 0x00, 0x00, 0x00, 0x00, 0x00, 0x00, 0x00, 0x00, 0x00, 0x00,
    0x08, 0xff, 0xd0, 0x00, 0x00, 0x00, 0x00, 0x00, 0x00, 0x01, 0xdf, 0xfa, 0x00, 0x00, 0x00, 0x00,
    0x00, 0x00, 0x00, 0x00, 0x00, 0x00, 0x00, 0x00, 0x00, 0x08, 0xff, 0xd0, 0x00, 0x00, 0x00, 0x00,
    0x00, 0x00, 0x09, 0xff, 0xe1, 0x00, 0x00, 0x00, 0x00, 0x00, 0x00, 0x00, 0x00, 0x00, 0x00, 0x00,
    0x00, 0x00, 0x08, 0xff, 0xd0, 0x00, 0x00, 0x00, 0x00, 0x00, 0x00, 0x4f, 0xff, 0x50, 0x00, 0x00,
    0x00, 0x00, 0x00, 0x00, 0x00, 0x00, 0x00, 0x00, 0x00, 0x00, 0x00, 0x08, 0xff, 0xd0, 0x00, 0x00,
    0x00, 0x00, 0x00, 0x01, 0xef, 0xfa, 0x00, 0x00, 0x00, 0x00, 0x00, 0x00, 0x00, 0x00, 0x00, 0x00,
    0x00, 0x00, 0x00, 0x00, 0x08, 0xff, 0xd0, 0x00, 0x00, 0x00, 0x00, 0x00, 0x0a, 0xff, 0xe1, 0x00,
    0x00, 0x00, 0x00, 0x00, 0x00, 0x00, 0x00, 0x00, 0x00, 0x00, 0x00, 0x00, 0x00, 0x08, 0xff, 0xd0,
    0x00, 0x00, 0x00, 0x00, 0x00, 0x5f, 0xff, 0x50, 0x00, 0x00, 0x00, 0x00, 0x0a, 0xff, 0xe2, 0x00,
    0x00, 0x00, 0x00, 0x00, 0x00, 0x00, 0x08, 0xff, 0xd0, 0x00, 0x00, 0x00, 0x00, 0x01, 0xef, 0xfa,
    0x00, 0x00, 0x00, 0x00, 0x00, 0x7f, 0xff, 0x40, 0x00, 0x00, 0x00, 0x00, 0x00, 0x00, 0x00, 0x08,
    0xff, 0xd0, 0x00, 0x00, 0x00, 0x00, 0x0a, 0xff, 0xe1, 0x00, 0x00, 0x00, 0x00, 0x03, 0xff, 0xf8,
    0x00, 0x00, 0x00, 0x00, 0x00, 0x01, 0xdd, 0xdd, 0xde, 0xff, 0xfd, 0xdd, 0xda, 0x00, 0x00, 0x5f,
    0xff, 0x50, 0x00, 0x00, 0x00, 0x00, 0x1d, 0xff, 0xb0, 0x00, 0x00, 0x00, 0x00, 0x00, 0x02, 0xff,
    0xff, 0xff, 0xff, 0xff, 0xff, 0xfc, 0x00, 0x01, 0xef, 0xf9, 0x00, 0x00, 0x00, 0x00, 0x00, 0xbf,
    0xfe, 0x10, 0x00, 0x00, 0x00, 0x00, 0x00, 0x02, 0xff, 0xff, 0xff, 0xff, 0xff, 0xff, 0xfc, 0x00,
    0x0a, 0xff, 0xd1, 0x00, 0x00, 0x00, 0x00, 0x07, 0xff, 0xf4, 0x00, 0x00, 0x00, 0x00, 0x00, 0x00,
    0x00, 0x00, 0x00, 0x00, 0x00, 0x00, 0x00, 0x00, 0x00, 0x6f, 0xff, 0x40, 0x00, 0x00, 0x00, 0x00,
    0x4f, 0xff, 0x70, 0x00, 0x00, 0x00, 0x00, 0x00, 0x00, 0x00, 0x00, 0x00, 0x00, 0x00, 0x00, 0x00,
    0x00, 0x02, 0xef, 0xf9, 0x00, 0x00, 0x00, 0x00, 0x01, 0xef, 0xfb, 0x00, 0x00, 0x00, 0x00, 0x00,
    0x00, 0x00, 0x00, 0x00, 0x00, 0x00, 0x00, 0x00, 0x00, 0x00, 0x0b, 0xff, 0xd1, 0x00, 0x00, 0x00,
    0x00, 0x0b, 0xff, 0xd1, 0x00, 0x04, 0x88, 0x30, 0x00, 0x00, 0x00, 0x00, 0x00, 0x00, 0x00, 0x00,
    0x00, 0x00, 0x00, 0x6f, 0xff, 0x40, 0x00, 0x00, 0x00, 0x00, 0x8f, 0xff, 0x30, 0x00, 0x09, 0xff,
    0x70, 0x00, 0x00, 0x00, 0x00, 0x00, 0x00, 0x00, 0x00, 0x00, 0x00, 0x02, 0xef, 0xf9, 0x00, 0x00,
    0x00, 0x00, 0x04, 0xff, 0xf6, 0x00, 0x00, 0x09, 0xff, 0x70, 0x00, 0x00, 0x00, 0x00, 0x00, 0x00,
    0x00, 0x00, 0x00, 0x00, 0x0b, 0xff, 0xd1, 0x00, 0x00, 0x00, 0x00, 0x2e, 0xff, 0xa0, 0x00, 0x00,
    0x09, 0xff, 0x70, 0x00, 0x00, 0x00, 0x00, 0x00, 0x00, 0x00, 0x00, 0x00, 0x00, 0x6f, 0xff, 0x40,
    0x00, 0x00, 0x00, 0x00, 0xcf, 0xff, 0xdc, 0xcc, 0xcc, 0xce, 0xff, 0xdc, 0xcc, 0x40, 0x00, 0x00,
    0x00, 0x00, 0x00, 0x00, 0x00, 0x02, 0xef, 0xf8, 0x00, 0x00, 0x00, 0x00, 0x00, 0xef, 0xff, 0xff,
    0xff, 0xff, 0xff, 0xff, 0xff, 0xff, 0x50, 0x00, 0x00, 0x00, 0x00, 0x00, 0x00, 0x00, 0x0b, 0xff,
    0xd1, 0x00, 0x00, 0x00, 0x00, 0x00, 0xef, 0xff, 0xff, 0xff, 0xff, 0xff, 0xff, 0xff, 0xff, 0x50,
    0x00, 0x00, 0x00, 0x00, 0x00, 0x00, 0x00, 0x7f, 0xff, 0x30, 0x00, 0x00, 0x00, 0x00, 0x00, 0x00,
    0x00, 0x00, 0x00, 0x00, 0x0d, 0xff, 0x70, 0x00, 0x00, 0x00, 0x00, 0x00, 0x00, 0x00, 0x00, 0x02,
    0xff, 0xf8, 0x00, 0x00, 0x00, 0x00, 0x00, 0x00, 0x00, 0x00, 0x00, 0x00, 0x00, 0x0d, 0xff, 0x70,
    0x00, 0x00, 0x00, 0x00, 0x00, 0x00, 0x00, 0x00, 0x0c, 0xff, 0xc0, 0x00, 0x00, 0x00, 0x00, 0x00,
    0x00, 0x00, 0x00, 0x00, 0x00, 0x00, 0x0d, 0xff, 0x70, 0x00, 0x00, 0x00, 0x00, 0x00, 0x00, 0x00,
    0x00, 0x7f, 0xff, 0x30, 0x00, 0x00, 0x00, 0x00, 0x00, 0x00, 0x00, 0x00, 0x00, 0x00, 0x00, 0x0d,
    0xff, 0x70, 0x00, 0x00, 0x00, 0x00, 0x00, 0x00, 0x00, 0x03, 0xff, 0xf8, 0x00, 0x00, 0x00, 0x00,
    0x00, 0x00, 0x00, 0x00, 0x00, 0x00, 0x00, 0x00, 0x0d, 0xff, 0x70, 0x00, 0x00, 0x00, 0x00, 0xbf,
    0xff, 0xff, 0xff, 0xd0, 0x00, 0x00, 0x00, 0x00, 0x00, 0x00, 0x00, 0x00, 0x00, 0x00, 0xdf, 0xfb,
    0x00, 0x00, 0x00, 0x00, 0x00, 0x00, 0x00, 0x00, 0xbf, 0xff, 0xff, 0xff, 0xd0, 0x00, 0x00, 0x00,
    0x00, 0x00, 0x00, 0x00, 0x00, 0x00, 0x08, 0xff, 0xe2, 0x00, 0x00, 0x00, 0x00, 0x00, 0x00, 0x00,
    0x00, 0x9d, 0xdd, 0xde, 0xff, 0xd0, 0x00, 0x00, 0x00, 0x00, 0x00, 0x00, 0x00, 0x00, 0x00, 0x3f,
    0xff, 0x60, 0x00, 0x00, 0x00, 0x00, 0x00, 0x00, 0x00, 0x00, 0x00, 0x00, 0x08, 0xff, 0xd0, 0x00,
    0x00, 0x00, 0x00, 0x00, 0x00, 0x00, 0x00, 0x01, 0xdf, 0xfb, 0x00, 0x00, 0x00, 0x00, 0x00, 0x00,
    0x00, 0x00, 0x00, 0x00, 0x00, 0x08, 0xff, 0xd0, 0x00, 0x00, 0x00, 0x00, 0x00, 0x00, 0x00, 0x00,
    0x09, 0xff, 0xe2, 0x00, 0x00, 0x00, 0x00, 0x00, 0x00, 0x00, 0x00, 0x00, 0x00, 0x00, 0x08, 0xff,
    0xd0, 0x00, 0x00, 0x00, 0x00, 0x00, 0x00, 0x00, 0x00, 0x4f, 0xff, 0x60, 0x00, 0x00, 0x00, 0x00,
    0x00, 0x00, 0x00, 0x00, 0x00, 0x00, 0x00, 0x08, 0xff, 0xd0, 0x00, 0x00, 0x00, 0x00, 0x00, 0x00,
    0x00, 0x01, 0xdf, 0xfb, 0x00, 0x00, 0x00, 0x00, 0x00, 0x00, 0x00, 0x00, 0x00, 0x00, 0x00, 0x00,
    0x08, 0xff, 0xd0, 0x00, 0x00, 0x00, 0x00, 0x00, 0x00, 0x00, 0x09, 0xff, 0xe2, 0x00, 0x00, 0x00,
    0x00, 0x00, 0x00, 0x00, 0x00, 0x00, 0x00, 0x00, 0x00, 0x08, 0xff, 0xd0, 0x00, 0x00, 0x00, 0x00,
    0x00, 0x00, 0x00, 0x4f, 0xff, 0x60, 0x00, 0x00, 0x00, 0x00, 0x00, 0x00, 0x00, 0x00, 0x00, 0x00,
    0x00, 0x00, 0x08, 0xff, 0xd0, 0x00, 0x00, 0x00, 0x00, 0x00, 0x00, 0x01, 0xdf, 0xfa, 0x00, 0x00,
    0x00, 0x00, 0x00, 0x00, 0x00, 0x00, 0x00, 0x00, 0x00, 0x00, 0x00, 0x08, 0xff, 0xd0, 0x00, 0x00,
    0x00, 0x00, 0x00, 0x00, 0x09, 0xff, 0xe1, 0x00, 0x00, 0x00, 0x00, 0x00, 0x00, 0x00, 0x00, 0x00,
    0x00, 0x00, 0x00, 0x00, 0x08, 0xff, 0xd0, 0x00, 0x00, 0x00, 0x00, 0x00, 0x00, 0x4f, 0xff, 0x50,
    0x00, 0x00, 0x00, 0x00, 0x00, 0x00, 0x00, 0x00, 0x00, 0x00, 0x00, 0x00, 0x00, 0x08, 0xff, 0xd0,
    0x00, 0x00, 0x00, 0x00, 0x00, 0x01, 0xef, 0xfa, 0x00, 0x00, 0x00, 0x00, 0x00, 0x00, 0x00, 0x00,
    0x00, 0x00, 0x00, 0x00, 0x00, 0x00, 0x08, 0xff, 0xd0, 0x00, 0x00, 0x00, 0x00, 0x00, 0x0a, 0xff,
    0xe1, 0x00, 0x00, 0x00, 0x00, 0x00, 0x00, 0x00, 0x00, 0x00, 0x00, 0x00, 0x00, 0x00, 0x00, 0x08,
    0xff, 0xd0, 0x00, 0x00, 0x00, 0x00, 0x00, 0x5f, 0xff, 0x50, 0x00, 0x01, 0x6a, 0xde, 0xfe, 0xda,
    0x50, 0x00, 0x00, 0x00, 0x00, 0x00, 0x00, 0x00, 0x08, 0xff, 0xd0, 0x00, 0x00, 0x00, 0x00, 0x01,
    0xef, 0xfa, 0x00, 0x01, 0x8f, 0xff, 0xff, 0xff, 0xff, 0xfd, 0x30, 0x00, 0x00, 0x00, 0x00, 0x00,
    0x00, 0x08, 0xff, 0xd0, 0x00, 0x00, 0x00, 0x00, 0x0a, 0xff, 0xe1, 0x00, 0x1c, 0xff, 0xff, 0xfe,
    0xef, 0xff, 0xff, 0xe3, 0x00, 0x00, 0x00, 0x01, 0xdd, 0xdd, 0xde, 0xff, 0xfd, 0xdd, 0xda, 0x00,
    0x00, 0x5f, 0xff, 0x50, 0x00, 0x5f, 0xff, 0xa5, 0x10, 0x00, 0x39, 0xff, 0xfc, 0x00, 0x00, 0x00,
    0x02, 0xff, 0xff, 0xff, 0xff, 0xff, 0xff, 0xfc, 0x00, 0x01, 0xef, 0xf9, 0x00, 0x00, 0x03, 0xd5,
    0x00, 0x00, 0x00, 0x00, 0x8f, 0xff, 0x20, 0x00, 0x00, 0x02, 0xff, 0xff, 0xff, 0xff, 0xff, 0xff,
    0xfc, 0x00, 0x0a, 0xff, 0xd1, 0x00, 0x00, 0x00, 0x00, 0x00, 0x00, 0x00, 0x00, 0x2f, 0xff, 0x40,
    0x00, 0x00, 0x00, 0x00, 0x00, 0x00, 0x00, 0x00, 0x00, 0x00, 0x00, 0x6f, 0xff, 0x40, 0x00, 0x00,
    0x00, 0x00, 0x00, 0x00, 0x00, 0x00, 0x2f, 0xff, 0x30, 0x00, 0x00, 0x00, 0x00, 0x00, 0x00, 0x00,
    0x00, 0x00, 0x00, 0x02, 0xef, 0xf9, 0x00, 0x00, 0x00, 0x00, 0x00, 0x00, 0x00, 0x00, 0x00, 0x8f,
    0xfe, 0x00, 0x00, 0x00, 0x00, 0x00, 0x00, 0x00, 0x00, 0x00, 0x00, 0x00, 0x0b, 0xff, 0xd1, 0x00,
    0x00, 0x00, 0x00, 0x00, 0x00, 0x00, 0x00, 0x04, 0xff, 0xf7, 0x00, 0x00, 0x00, 0x00, 0x00, 0x00,
    0x00, 0x00, 0x00, 0x00, 0x00, 0x6f, 0xff, 0x40, 0x00, 0x00, 0x00, 0x00, 0x00, 0x00, 0x00, 0x00,
    0x4e, 0xff, 0xb0, 0x00, 0x00, 0x00, 0x00, 0x00, 0x00, 0x00, 0x00, 0x00, 0x00, 0x02, 0xef, 0xf9,
    0x00, 0x00, 0x00, 0x00, 0x00, 0x00, 0x00, 0x00, 0x05, 0xff, 0xfc, 0x10, 0x00, 0x00, 0x00, 0x00,
    0x00, 0x00, 0x00, 0x00, 0x00, 0x00, 0x0b, 0xff, 0xd1, 0x00, 0x00, 0x00, 0x00, 0x00, 0x00, 0x00,
    0x00, 0x7f, 0xff, 0xb1, 0x00, 0x00, 0x00, 0x00, 0x00, 0x00, 0x00, 0x00, 0x00, 0x00, 0x00, 0x6f,
    0xff, 0x40, 0x00, 0x00, 0x00, 0x00, 0x00, 0x00, 0x00, 0x09, 0xff, 0xf9, 0x00, 0x00, 0x00, 0x00,
    0x00, 0x00, 0x00, 0x00, 0x00, 0x00, 0x00, 0x02, 0xef, 0xf8, 0x00, 0x00, 0x00, 0x00, 0x00, 0x00,
    0x00, 0x01, 0xbf, 0xff, 0x70, 0x00, 0x00, 0x00, 0x00, 0x00, 0x00, 0x00, 0x00, 0x00, 0x00, 0x00,
    0x0b, 0xff, 0xd1, 0x00, 0x00, 0x00, 0x00, 0x00, 0x00, 0x00, 0x2d, 0xff, 0xf5, 0x00, 0x00, 0x00,
    0x00, 0x00, 0x00, 0x00, 0x00, 0x00, 0x00, 0x00, 0x00, 0x7f, 0xff, 0x30, 0x00, 0x00, 0x00, 0x00,
    0x00, 0x00, 0x03, 0xef, 0xfe, 0x30, 0x00, 0x00, 0x00, 0x00, 0x00, 0x00, 0x00, 0x00, 0x00, 0x00,
    0x00, 0x02, 0xff, 0xf8, 0x00, 0x00, 0x00, 0x00, 0x00, 0x00, 0x00, 0x5e, 0xff, 0xd2, 0x00, 0x00,
    0x00, 0x00, 0x00, 0x00, 0x00, 0x00, 0x00, 0x00, 0x00, 0x00, 0x0c, 0xff, 0xc0, 0x00, 0x00, 0x00,
    0x00, 0x00, 0x00, 0x06, 0xff, 0xff, 0xdd, 0xdd, 0xdd, 0xdd, 0xdd, 0xd3, 0x00, 0x00, 0x00, 0x00,
    0x00, 0x00, 0x00, 0x7f, 0xff, 0x30, 0x00, 0x00, 0x00, 0x00, 0x00, 0x00, 0x0c, 0xff, 0xff, 0xff,
    0xff, 0xff, 0xff, 0xff, 0xf3, 0x00, 0x00, 0x00, 0x00, 0x00, 0x00, 0x03, 0xff, 0xf8, 0x00, 0x00,
    0x00, 0x00, 0x00, 0x00, 0x00, 0x0c, 0xff, 0xff, 0xff, 0xff, 0xff, 0xff, 0xff, 0xf3, 0x00, 0x01,
    0xff, 0xff, 0xff, 0xff, 0xff, 0xff, 0xff, 0xf5, 0x00, 0x00, 0x00, 0x00, 0x00, 0x00, 0x00, 0x00,
    0xdf, 0xfb, 0x00, 0x00, 0x00, 0x00, 0x00, 0x00, 0x01, 0xff, 0xff, 0xff, 0xff, 0xff, 0xff, 0xff,
    0xf5, 0x00, 0x00, 0x00, 0x00, 0x00, 0x00, 0x00, 0x08, 0xff, 0xe2, 0x00, 0x00, 0x00, 0x00, 0x00,
    0x00, 0x01, 0xdd, 0xdd, 0xdd, 0xdd, 0xdd, 0xdf, 0xff, 0xe2, 0x00, 0x00, 0x00, 0x00, 0x00, 0x00,
    0x00, 0x3f, 0xff, 0x60, 0x00, 0x00, 0x00, 0x00, 0x00, 0x00, 0x00, 0x00, 0x00, 0x00, 0x00, 0x00,
    0x9f, 0xfe, 0x30, 0x00, 0x00, 0x00, 0x00, 0x00, 0x00, 0x01, 0xdf, 0xfb, 0x00, 0x00, 0x00, 0x00,
    0x00, 0x00, 0x00, 0x00, 0x00, 0x00, 0x00, 0x00, 0x08, 0xff, 0xe3, 0x00, 0x00, 0x00, 0x00, 0x00,
    0x00, 0x00, 0x09, 0xff, 0xe2, 0x00, 0x00, 0x00, 0x00, 0x00, 0x00, 0x00, 0x00, 0x00, 0x00, 0x00,
    0x00, 0x8f, 0xfe, 0x40, 0x00, 0x00, 0x00, 0x00, 0x00, 0x00, 0x00, 0x4f, 0xff, 0x60, 0x00, 0x00,
    0x00, 0x00, 0x00, 0x00, 0x00, 0x00, 0x00, 0x00, 0x00, 0x07, 0xff, 0xf4, 0x00, 0x00, 0x00, 0x00,
    0x00, 0x00, 0x00, 0x01, 0xdf, 0xfb, 0x00, 0x00, 0x00, 0x00, 0x00, 0x00, 0x00, 0x00, 0x00, 0x00,
    0x00, 0x00, 0x7f, 0xff, 0x50, 0x00, 0x00, 0x00, 0x00, 0x00, 0x00, 0x00, 0x09, 0xff, 0xe2, 0x00,
    0x00, 0x00, 0x00, 0x00, 0x00, 0x00, 0x00, 0x00, 0x00, 0x00, 0x04, 0xff, 0xfe, 0xa7, 0x20, 0x00,
    0x00, 0x00, 0x00, 0x00, 0x00, 0x4f, 0xff, 0x60, 0x00, 0x00, 0x00, 0x00, 0x00, 0x00, 0x00, 0x00,
    0x00, 0x00, 0x00, 0x06, 0xff, 0xff, 0xff, 0xfa, 0x10, 0x00, 0x00, 0x00, 0x00, 0x01, 0xdf, 0xfa,
    0x00, 0x00, 0x00, 0x00, 0x00, 0x00, 0x00, 0x00, 0x00, 0x00, 0x00, 0x00, 0x05, 0xbb, 0xbd, 0xff,
    0xff, 0xd1, 0x00, 0x00, 0x00, 0x00, 0x09, 0xff, 0xe1, 0x00, 0x00, 0x00, 0x00, 0x00, 0x00, 0x00,
    0x00, 0x00, 0x00, 0x00, 0x00, 0x00, 0x00, 0x00, 0x18, 0xff, 0xfa, 0x00, 0x00, 0x00, 0x00, 0x4f,
    0xff, 0x50, 0x00, 0x00, 0x00, 0x00, 0x00, 0x00, 0x00, 0x00, 0x00, 0x00, 0x00, 0x00, 0x00, 0x00,
    0x00, 0x00, 0x7f, 0xff, 0x10, 0x00, 0x00, 0x01, 0xef, 0xfa, 0x00, 0x00, 0x00, 0x00, 0x00, 0x00,
    0x00, 0x00, 0x00, 0x00, 0x00, 0x00, 0x00, 0x00, 0x00, 0x00, 0x00, 0x2f, 0xff, 0x40, 0x00, 0x00,
    0x0a, 0xff, 0xe1, 0x00, 0x00, 0x00, 0x00, 0x00, 0x00, 0x00, 0x00, 0x00, 0x00, 0x00, 0x00, 0x00,
    0x00, 0x00, 0x00, 0x00, 0x3f, 0xff, 0x30, 0x00, 0x00, 0x5f, 0xff, 0x50, 0x00, 0x00, 0x00, 0x00,
    0x0a, 0xff, 0xe2, 0x00, 0x00, 0x00, 0x00, 0x86, 0x00, 0x00, 0x00, 0x00, 0x00, 0x9f, 0xfe, 0x10,
    0x00, 0x01, 0xef, 0xfa, 0x00, 0x00, 0x00, 0x00, 0x00, 0x7f, 0xff, 0x40, 0x00, 0x00, 0x00, 0x02,
    0xff, 0xd8, 0x41, 0x00, 0x01, 0x4b, 0xff, 0xf9, 0x00, 0x00, 0x0a, 0xff, 0xe1, 0x00, 0x00, 0x00,
    0x00, 0x03, 0xff, 0xf8, 0x00, 0x00, 0x00, 0x00, 0x07, 0xff, 0xff, 0xff, 0xfe, 0xef, 0xff, 0xff,
    0xc1, 0x00, 0x00, 0x5f, 0xff, 0x50, 0x00, 0x00, 0x00, 0x00, 0x1d, 0xff, 0xb0, 0x00, 0x00, 0x00,
    0x00, 0x00, 0x6d, 0xff, 0xff, 0xff, 0xff, 0xff, 0xf9, 0x10, 0x00, 0x01, 0xef, 0xf9, 0x00, 0x00,
    0x00, 0x00, 0x00, 0xbf, 0xfe, 0x10, 0x00, 0x00, 0x00, 0x00, 0x00, 0x00, 0x37, 0xad, 0xef, 0xed,
    0xb8, 0x20, 0x00, 0x00, 0x0a, 0xff, 0xd1, 0x00, 0x00, 0x00, 0x00, 0x07, 0xff, 0xf4, 0x00, 0x00,
    0x00, 0x00, 0x00, 0x00, 0x00, 0x00, 0x00, 0x00, 0x00, 0x00, 0x00, 0x00, 0x00, 0x6f, 0xff, 0x40,
    0x00, 0x00, 0x00, 0x00, 0x4f, 0xff, 0x70, 0x00, 0x00, 0x00, 0x00, 0x00, 0x00, 0x00, 0x00, 0x00,
    0x00, 0x00, 0x00, 0x00, 0x00, 0x02, 0xef, 0xf9, 0x00, 0x00, 0x00, 0x00, 0x01, 0xef, 0xfb, 0x00,
    0x00, 0x00, 0x00, 0x00, 0x00, 0x00, 0x00, 0x00, 0x00, 0x00, 0x00, 0x00, 0x00, 0x00, 0x0b, 0xff,
    0xd1, 0x00, 0x00, 0x00, 0x00, 0x0b, 0xff, 0xd1, 0x00, 0x04, 0x88, 0x30, 0x00, 0x00, 0x00, 0x00,
    0x00, 0x00, 0x00, 0x00, 0x00, 0x00, 0x00, 0x6f, 0xff, 0x40, 0x00, 0x00, 0x00, 0x00, 0x8f, 0xff,
    0x30, 0x00, 0x09, 0xff, 0x70, 0x00, 0x00, 0x00, 0x00, 0x00, 0x00, 0x00, 0x00, 0x00, 0x00, 0x02,
    0xef, 0xf9, 0x00, 0x00, 0x00, 0x00, 0x04, 0xff, 0xf6, 0x00, 0x00, 0x09, 0xff, 0x70, 0x00, 0x00,
    0x00, 0x00, 0x00, 0x00, 0x00, 0x00, 0x00, 0x00, 0x0b, 0xff, 0xd1, 0x00, 0x00, 0x00, 0x00, 0x2e,
    0xff, 0xa0, 0x00, 0x00, 0x09, 0xff, 0x70, 0x00, 0x00, 0x00, 0x00, 0x00, 0x00, 0x00, 0x00, 0x00,
    0x00, 0x6f, 0xff, 0x40, 0x00, 0x00, 0x00, 0x00, 0xcf, 0xff, 0xdc, 0xcc, 0xcc, 0xce, 0xff, 0xdc,
    0xcc, 0x40, 0x00, 0x00, 0x00, 0x00, 0x00, 0x00, 0x00, 0x02, 0xef, 0xf8, 0x00, 0x00, 0x00, 0x00,
    0x00, 0xef, 0xff, 0xff, 0xff, 0xff, 0xff, 0xff, 0xff, 0xff, 0x50, 0x00, 0x00, 0x00, 0x00, 0x00,
    0x00, 0x00, 0x0b, 0xff, 0xd1, 0x00, 0x00, 0x00, 0x00, 0x00, 0xef, 0xff, 0xff, 0xff, 0xff, 0xff,
    0xff, 0xff, 0xff, 0x50, 0x00, 0x00, 0x00, 0x00, 0x00, 0x00, 0x00, 0x7f, 0xff, 0x30, 0x00, 0x00,
    0x00, 0x00, 0x00, 0x00, 0x00, 0x00, 0x00, 0x00, 0x0d, 0xff, 0x70, 0x00, 0x00, 0x00, 0x00, 0x00,
    0x00, 0x00, 0x00, 0x02, 0xff, 0xf8, 0x00, 0x00, 0x00, 0x00, 0x00, 0x00, 0x00, 0x00, 0x00, 0x00,
    0x00, 0x0d, 0xff, 0x70, 0x00, 0x00, 0x00, 0x00, 0x00, 0x00, 0x00, 0x00, 0x0c, 0xff, 0xc0, 0x00,
    0x00, 0x00, 0x00, 0x00, 0x00, 0x00, 0x00, 0x00, 0x00, 0x00, 0x0d, 0xff, 0x70, 0x00, 0x00, 0x00,
    0x00, 0x00, 0x00, 0x00, 0x00, 0x7f, 0xff, 0x30, 0x00, 0x00, 0x00, 0x00, 0x00, 0x00, 0x00, 0x00,
    0x00, 0x00, 0x00, 0x0d, 0xff, 0x70, 0x00, 0x00, 0x00, 0x00, 0x00, 0x00, 0x00, 0x03, 0xff, 0xf8,
    0x00, 0x00, 0x00, 0x00, 0x00, 0x00, 0x00, 0x00, 0x00, 0x00, 0x00, 0x00, 0x0d, 0xff, 0x70, 0x00,
    0x00, 0x00, 0x00, 0x00, 0x00, 0x00, 0x00, 0x7d, 0xea, 0x10, 0x00, 0x00, 0x00, 0x00, 0x00, 0x00,
    0x00, 0x00, 0x00, 0x00, 0x07, 0xff, 0xff, 0xc0, 0x00, 0x00, 0x00, 0x00, 0x00, 0x00, 0x00, 0x00,
    0x00, 0x00, 0x0d, 0xff, 0xff, 0xf3, 0x00, 0x00, 0x00, 0x00, 0x00, 0x00, 0x00, 0x00, 0x00, 0x00,
    0x0d, 0xff, 0xff, 0xf3, 0x00, 0x00, 0x00, 0x00, 0x00, 0x00, 0x00, 0x00, 0x00, 0x00, 0x08, 0xff,
    0xff, 0xc0, 0x00, 0x00, 0x00, 0x00, 0x00, 0x00, 0x00, 0x00, 0x00, 0x00, 0x00, 0x8d, 0xea, 0x20,
    0x00, 0x00, 0x00, 0x00, 0x00, 0x00, 0x00, 0x00, 0x00, 0x00, 0x00, 0x00, 0x00, 0x00, 0x00, 0x00,
    0x00, 0x00, 0x00, 0x00, 0x00, 0x00, 0x00, 0x00, 0x00, 0x00, 0x00, 0x00, 0x00, 0x00, 0x00, 0x00,
    0x00, 0x00, 0x00, 0x00, 0x00, 0x00, 0x00, 0x00, 0x00, 0x00, 0x00, 0x00, 0x00, 0x00, 0x00, 0x00,
    0x00, 0x00, 0x00, 0x00, 0x00, 0x00, 0x00, 0x00, 0x00, 0x00, 0x00, 0x00, 0x00, 0x00, 0x00, 0x00,
    0x00, 0x00, 0x00, 0x22, 0x22, 0x10, 0x00, 0x00, 0x00, 0x00, 0x00, 0x00, 0x00, 0x00, 0x00, 0x00,
    0x05, 0xff, 0xff, 0x70, 0x00, 0x00, 0x00, 0x00, 0x00, 0x00, 0x00, 0x00, 0x00, 0x00, 0x07, 0xff,
    0xff, 0x60, 0x00, 0x00, 0x00, 0x00, 0x00, 0x00, 0x00, 0x00, 0x00, 0x00, 0x0d, 0xff, 0xff, 0x20,
    0x00, 0x00, 0x00, 0x00, 0x00, 0x00, 0x00, 0x00, 0x00, 0x00, 0x7f, 0xff, 0xfb, 0x00, 0x00, 0x00,
    0x00, 0x00, 0x00, 0x00, 0x00, 0x00, 0x00, 0x05, 0xff, 0xff, 0xf3, 0x00, 0x00, 0x00, 0x00, 0x00,
    0x00, 0x00, 0x00, 0x00, 0x00, 0x5f, 0xff, 0xff, 0x70, 0x00, 0x00, 0x00, 0x00, 0x00, 0x00, 0x00,
    0x00, 0x00, 0x06, 0xff, 0xff, 0xf8, 0x00, 0x00, 0x00, 0x00, 0x00, 0x00, 0x00, 0x00, 0x00, 0x00,
    0x7f, 0xff, 0xff, 0x70, 0x00, 0x00, 0x00, 0x00, 0x00, 0x00, 0x00, 0x00, 0x00, 0x06, 0xff, 0xff,
    0xf6, 0x00, 0x00, 0x00, 0x00, 0x00, 0x00, 0x00, 0x00, 0x00, 0x00, 0x3f, 0xff, 0xff, 0x60, 0x00,
    0x00, 0x00, 0x00, 0x00, 0x00, 0x00, 0x00, 0x00, 0x00, 0xcf, 0xff, 0xf7, 0x00, 0x00, 0x00, 0x00,
    0x00, 0x00, 0x00, 0x00, 0x00, 0x00, 0x03, 0xff, 0xff, 0xc0, 0x00, 0x00, 0x00, 0x00, 0x00, 0x00,
    0x00, 0x00, 0x00, 0x00, 0x07, 0xff, 0xff, 0x50, 0x00, 0x00, 0x00, 0x00, 0x00, 0x00, 0x00, 0x00,
    0x00, 0x00, 0x09, 0xff, 0xff, 0x30, 0x00, 0x00, 0x00, 0x00, 0x00, 0x00, 0x00, 0x00, 0x00, 0x00,
    0x0a, 0xff, 0xff, 0x20, 0x00, 0x00, 0x00, 0x00, 0x00, 0x00, 0x00, 0x00, 0x00, 0x00, 0x09, 0xff,
    0xff, 0x60, 0x00, 0x00, 0x00, 0x00, 0x00, 0x00, 0x1b, 0x40, 0x00, 0x00, 0x07, 0xff, 0xff, 0xd1,
    0x00, 0x00, 0x00, 0x00, 0x00, 0x01, 0xcf, 0xf8, 0x00, 0x00, 0x02, 0xff, 0xff, 0xfd, 0x20, 0x00,
    0x00, 0x00, 0x00, 0x6e, 0xff, 0xff, 0xb0, 0x00, 0x00, 0x9f, 0xff, 0xff, 0xfa, 0x53, 0x22, 0x35,
    0x9e, 0xff, 0xff, 0xff, 0x50, 0x00, 0x00, 0x1c, 0xff, 0xff, 0xff, 0xff, 0xff, 0xff, 0xff, 0xff,
    0xff, 0xe4, 0x00, 0x00, 0x00, 0x01, 0xbf, 0xff, 0xff, 0xff, 0xff, 0xff, 0xff, 0xff, 0xfb, 0x20,
    0x00, 0x00, 0x00, 0x00, 0x05, 0xdf, 0xff, 0xff, 0xff, 0xff, 0xff, 0xfb, 0x50, 0x00, 0x00, 0x00,
    0x00, 0x00, 0x00, 0x03, 0x8b, 0xde, 0xff, 0xec, 0xa6, 0x20, 0x00, 0x00, 0x00, 0x00, 0x00, 0x00,
    0x00, 0x00, 0x78, 0x88, 0x87, 0x00, 0x00, 0x00, 0x00, 0x00, 0x00, 0x00, 0x00, 0x00, 0x00, 0x00,
    0x00, 0x00, 0x00, 0x00, 0x02, 0xdf, 0xff, 0xf9, 0x00, 0x00, 0x00, 0x00, 0x00, 0x00, 0x00, 0x00,
    0x00, 0x00, 0x00, 0x00, 0x00, 0x00, 0x00, 0x01, 0xaf, 0xff, 0xfa, 0x00, 0x00, 0x00, 0x00, 0x00,
    0x00, 0x00, 0x00, 0x00, 0x00, 0x00, 0x00, 0x00, 0x00, 0x00, 0x00, 0x7f, 0xff, 0xfa, 0x00, 0x00,
    0x00, 0x00, 0x00, 0x00, 0x00, 0x00, 0x00, 0x00, 0x00, 0x00, 0x00, 0x00, 0x00, 0x00, 0x5e, 0xff,
    0xfa, 0x00, 0x00, 0x00, 0x00, 0x00, 0x00, 0x00, 0x00, 0x00, 0x00, 0x00, 0x00, 0x00, 0x00, 0x00,
    0x00, 0x2d, 0xff, 0xfa, 0x00, 0x00, 0x00, 0x00, 0x00, 0x00, 0x00, 0x00, 0x00, 0x00, 0x00, 0x00,
    0x00, 0x00, 0x00, 0x00, 0x1b, 0xff, 0xfa, 0x00, 0x00, 0x00, 0x00, 0x00, 0x00, 0x00, 0x00, 0x00,
    0x00, 0x00, 0x00, 0x00, 0x00, 0x00, 0x00, 0x00, 0x00, 0x00, 0x00, 0x00, 0x00, 0x00, 0x00, 0x00,
    0x00, 0x00, 0x00, 0x00, 0x00, 0x00, 0x00, 0x00, 0x00, 0x00, 0x00, 0x00, 0x00, 0x00, 0x00, 0x00,
    0x00, 0x00, 0x00, 0x00, 0x00, 0x00, 0x00, 0x00, 0x00, 0x00, 0x00, 0x1f, 0xff, 0xff, 0x20, 0x00,
    0x00, 0x00, 0x00, 0x00, 0x00, 0x00, 0x00, 0x00, 0x00, 0x00, 0x00, 0x00, 0x00, 0x08, 0xff, 0xff,
    0xf9, 0x00, 0x00, 0x00, 0x00, 0x00, 0x00, 0x00, 0x00, 0x00, 0x00, 0x00, 0x00, 0x00, 0x00, 0x00,
    0xef, 0xff, 0xff, 0xe1, 0x00, 0x00, 0x00, 0x00, 0x00, 0x00, 0x00, 0x00, 0x00, 0x00, 0x00, 0x00,
    0x00, 0x00, 0x6f, 0xff, 0xff, 0xff, 0x70, 0x00, 0x00, 0x00, 0x00, 0x00, 0x00, 0x00, 0x00, 0x00,
    0x00, 0x00, 0x00, 0x00, 0x0d, 0xff, 0xff, 0xff, 0xfe, 0x00, 0x00, 0x00, 0x00, 0x00, 0x00, 0x00,
    0x00, 0x00, 0x00, 0x00, 0x00, 0x00, 0x04, 0xff, 0xff, 0x9f, 0xff, 0xf6, 0x00, 0x00, 0x00, 0x00,
    0x00, 0x00, 0x00, 0x00, 0x00, 0x00, 0x00, 0x00, 0x00, 0xbf, 0xff, 0xd0, 0xdf, 0xff, 0xd0, 0x00,
    0x00, 0x00, 0x00, 0x00, 0x00, 0x00, 0x00, 0x00, 0x00, 0x00, 0x00, 0x3f, 0xff, 0xf7, 0x07, 0xff,
    0xff, 0x40, 0x00, 0x00, 0x00, 0x00, 0x00, 0x00, 0x00, 0x00, 0x00, 0x00, 0x00, 0x0a, 0xff, 0xff,
    0x10, 0x1e, 0xff, 0xfb, 0x00, 0x00, 0x00, 0x00, 0x00, 0x00, 0x00, 0x00, 0x00, 0x00, 0x00, 0x02,
    0xff, 0xff, 0x90, 0x00, 0x9f, 0xff, 0xf3, 0x00, 0x00, 0x00, 0x00, 0x00, 0x00, 0x00, 0x00, 0x00,
    0x00, 0x00, 0x8f, 0xff, 0xf3, 0x00, 0x02, 0xff, 0xff, 0xa0, 0x00, 0x00, 0x00, 0x00, 0x00, 0x00,
    0x00, 0x00, 0x00, 0x00, 0x1e, 0xff, 0xfb, 0x00, 0x00, 0x0b, 0xff, 0xff, 0x20, 0x00, 0x00, 0x00,
    0x00, 0x00, 0x00, 0x00, 0x00, 0x00, 0x06, 0xff, 0xff, 0x50, 0x00, 0x00, 0x5f, 0xff, 0xf8, 0x00,
    0x00, 0x00, 0x00, 0x00, 0x00, 0x00, 0x00, 0x00, 0x00, 0xdf, 0xff, 0xd0, 0x00, 0x00, 0x00, 0xdf,
    0xff, 0xe1, 0x00, 0x00, 0x00, 0x00, 0x00, 0x00, 0x00, 0x00, 0x00, 0x5f, 0xff, 0xf7, 0x00, 0x00,
    0x00, 0x07, 0xff, 0xff, 0x60, 0x00, 0x00, 0x00, 0x00, 0x00, 0x00, 0x00, 0x00, 0x0c, 0xff, 0xff,
    0x10, 0x00, 0x00, 0x00, 0x1e, 0xff, 0xfd, 0x00, 0x00, 0x00, 0x00, 0x00, 0x00, 0x00, 0x00, 0x03,
    0xff, 0xff, 0x90, 0x00, 0x00, 0x00, 0x00, 0x9f, 0xff, 0xf5, 0x00, 0x00, 0x00, 0x00, 0x00, 0x00,
    0x00, 0x00, 0xaf, 0xff, 0xf3, 0x00, 0x00, 0x00, 0x00, 0x02, 0xff, 0xff, 0xc0, 0x00, 0x00, 0x00,
    0x00, 0x00, 0x00, 0x00, 0x2f, 0xff, 0xfb, 0x00, 0x00, 0x00, 0x00, 0x00, 0x0b, 0xff, 0xff, 0x30,
    0x00, 0x00, 0x00, 0x00, 0x00, 0x00, 0x08, 0xff, 0xff, 0x50, 0x00, 0x00, 0x00, 0x00, 0x00, 0x5f,
    0xff, 0xfa, 0x00, 0x00, 0x00, 0x00, 0x00, 0x00, 0x01, 0xef, 0xff, 0xd0, 0x00, 0x00, 0x00, 0x00,
    0x00, 0x00, 0xdf, 0xff, 0xf2, 0x00, 0x00, 0x00, 0x00, 0x00, 0x00, 0x7f, 0xff, 0xf7, 0x00, 0x00,
    0x00, 0x00, 0x00, 0x00, 0x07, 0xff, 0xff, 0x90, 0x00, 0x00, 0x00, 0x00, 0x00, 0x0d, 0xff, 0xff,
    0xff, 0xff, 0xff, 0xff, 0xff, 0xff, 0xff, 0xff, 0xff, 0xfe, 0x10, 0x00, 0x00, 0x00, 0x00, 0x05,
    0xff, 0xff, 0xff, 0xff, 0xff, 0xff, 0xff, 0xff, 0xff, 0xff, 0xff, 0xff, 0xf7, 0x00, 0x00, 0x00,
    0x00, 0x00, 0xcf, 0xff, 0xff, 0xff, 0xff, 0xff, 0xff, 0xff, 0xff, 0xff, 0xff, 0xff, 0xff, 0xd0,
    0x00, 0x00, 0x00, 0x00, 0x4f, 0xff, 0xff, 0xff, 0xff, 0xff, 0xff, 0xff, 0xff, 0xff, 0xff, 0xff,
    0xff, 0xff, 0x60, 0x00, 0x00, 0x00, 0x0a, 0xff, 0xff, 0x61, 0x11, 0x11, 0x11, 0x11, 0x11, 0x11,
    0x11, 0x11, 0x6f, 0xff, 0xfc, 0x00, 0x00, 0x00, 0x02, 0xff, 0xff, 0xe0, 0x00, 0x00, 0x00, 0x00,
    0x00, 0x00, 0x00, 0x00, 0x00, 0xdf, 0xff, 0xf4, 0x00, 0x00, 0x00, 0x9f, 0xff, 0xf7, 0x00, 0x00,
    0x00, 0x00, 0x00, 0x00, 0x00, 0x00, 0x00, 0x06, 0xff, 0xff, 0xb0, 0x00, 0x00, 0x1e, 0xff, 0xfe,
    0x10, 0x00, 0x00, 0x00, 0x00, 0x00, 0x00, 0x00, 0x00, 0x00, 0x1e, 0xff, 0xff, 0x30, 0x00, 0x07,
    0xff, 0xff, 0x80, 0x00, 0x00, 0x00, 0x00, 0x00, 0x00, 0x00, 0x00, 0x00, 0x00, 0x7f, 0xff, 0xf9,
    0x00, 0x00, 0xef, 0xff, 0xf1, 0x00, 0x00, 0x00, 0x00, 0x00, 0x00, 0x00, 0x00, 0x00, 0x00, 0x01,
    0xef, 0xff, 0xf1, 0x00, 0x6f, 0xff, 0xf9, 0x00, 0x00, 0x00, 0x00, 0x00, 0x00, 0x00, 0x00, 0x00,
    0x00, 0x00, 0x08, 0xff, 0xff, 0x80, 0x0c, 0xff, 0xff, 0x20, 0x00, 0x00, 0x00, 0x00, 0x00, 0x00,
    0x00, 0x00, 0x00, 0x00, 0x00, 0x2f, 0xff, 0xfe, 0x10, 0x00, 0x00, 0x00, 0x00, 0x00, 0x00, 0x00,
    0x00, 0x00, 0x00, 0x06, 0x88, 0x88, 0x71, 0x00, 0x00, 0x00, 0x00, 0x00, 0x00, 0x00, 0x00, 0x00,
    0x00, 0x00, 0x00, 0x00, 0x00, 0x08, 0xff, 0xff, 0xe3, 0x00, 0x00, 0x00, 0x00, 0x00, 0x00, 0x00,
    0x00, 0x00, 0x00, 0x00, 0x00, 0x00, 0x00, 0x08, 0xff, 0xff, 0xc1, 0x00, 0x00, 0x00, 0x00, 0x00,
    0x00, 0x00, 0x00, 0x00, 0x00, 0x00, 0x00, 0x00, 0x00, 0x08, 0xff, 0xff, 0x90, 0x00, 0x00, 0x00,
    0x00, 0x00, 0x00, 0x00, 0x00, 0x00, 0x00, 0x00, 0x00, 0x00, 0x00, 0x08, 0xff, 0xff, 0x60, 0x00,
    0x00, 0x00, 0x00, 0x00, 0x00, 0x00, 0x00, 0x00, 0x00, 0x00, 0x00, 0x00, 0x00, 0x08, 0xff, 0xfe,
    0x40, 0x00, 0x00, 0x00, 0x00, 0x00, 0x00, 0x00, 0x00, 0x00, 0x00, 0x00, 0x00, 0x00, 0x00, 0x08,
    0xff, 0xfc, 0x20, 0x00, 0x00, 0x00, 0x00, 0x00, 0x00, 0x00, 0x00, 0x00, 0x00, 0x00, 0x00, 0x00,
    0x00, 0x00, 0x00, 0x00, 0x00, 0x00, 0x00, 0x00, 0x00, 0x00, 0x00, 0x00, 0x00, 0x00, 0x00, 0x00,
    0x00, 0x00, 0x00, 0x00, 0x00, 0x00, 0x00, 0x00, 0x00, 0x00, 0x00, 0x00, 0x00, 0x00, 0x00, 0x00,
    0x00, 0x00, 0x00, 0x00, 0x00, 0x00, 0x00, 0x1f, 0xff, 0xff, 0x20, 0x00, 0x00, 0x00, 0x00, 0x00,
    0x00, 0x00, 0x00, 0x00, 0x00, 0x00, 0x00, 0x00, 0x00, 0x08, 0xff, 0xff, 0xf9, 0x00, 0x00, 0x00,
    0x00, 0x00, 0x00, 0x00, 0x00, 0x00, 0x00, 0x00, 0x00, 0x00, 0x00, 0x00, 0xef, 0xff, 0xff, 0xe1,
    0x00, 0x00, 0x00, 0x00, 0x00, 0x00, 0x00, 0x00, 0x00, 0x00, 0x00, 0x00, 0x00, 0x00, 0x6f, 0xff,
    0xff, 0xff, 0x70, 0x00, 0x00, 0x00, 0x00, 0x00, 0x00, 0x00, 0x00, 0x00, 0x00, 0x00, 0x00, 0x00,
    0x0d, 0xff, 0xff, 0xff, 0xfe, 0x00, 0x00, 0x00, 0x00, 0x00, 0x00, 0x00, 0x00, 0x00, 0x00, 0x00,
    0x00, 0x00, 0x04, 0xff, 0xff, 0x9f, 0xff, 0xf6, 0x00, 0x00, 0x00, 0x00, 0x00, 0x00, 0x00, 0x00,
    0x00, 0x00, 0x00, 0x00, 0x00, 0xbf, 0xff, 0xd0, 0xdf, 0xff, 0xd0, 0x00, 0x00, 0x00, 0x00, 0x00,
    0x00, 0x00, 0x00, 0x00, 0x00, 0x00, 0x00, 0x3f, 0xff, 0xf7, 0x07, 0xff, 0xff, 0x40, 0x00, 0x00,
    0x00, 0x00, 0x00, 0x00, 0x00, 0x00, 0x00, 0x00, 0x00, 0x0a, 0xff, 0xff, 0x10, 0x1e, 0xff, 0xfb,
    0x00, 0x00, 0x00, 0x00, 0x00, 0x00, 0x00, 0x00, 0x00, 0x00, 0x00, 0x02, 0xff, 0xff, 0x90, 0x00,
    0x9f, 0xff, 0xf3, 0x00, 0x00, 0x00, 0x00, 0x00, 0x00, 0x00, 0x00, 0x00, 0x00, 0x00, 0x8f, 0xff,
    0xf3, 0x00, 0x02, 0xff, 0xff, 0xa0, 0x00, 0x00, 0x00, 0x00, 0x00, 0x00, 0x00, 0x00, 0x00, 0x00,
    0x1e, 0xff, 0xfb, 0x00, 0x00, 0x0b, 0xff, 0xff, 0x20, 0x00, 0x00, 0x00, 0x00, 0x00, 0x00, 0x00,
    0x00, 0x00, 0x06, 0xff, 0xff, 0x50, 0x00, 0x00, 0x5f, 0xff, 0xf8, 0x00, 0x00, 0x00, 0x00, 0x00,
    0x00, 0x00, 0x00, 0x00, 0x00, 0xdf, 0xff, 0xd0, 0x00, 0x00, 0x00, 0xdf, 0xff, 0xe1, 0x00, 0x00,
    0x00, 0x00, 0x00, 0x00, 0x00, 0x00, 0x00, 0x5f, 0xff, 0xf7, 0x00, 0x00, 0x00, 0x07, 0xff, 0xff,
    0x60, 0x00, 0x00, 0x00, 0x00, 0x00, 0x00, 0x00, 0x00, 0x0c, 0xff, 0xff, 0x10, 0x00, 0x00, 0x00,
    0x1e, 0xff, 0xfd, 0x00, 0x00, 0x00, 0x00, 0x00, 0x00, 0x00, 0x00, 0x03, 0xff, 0xff, 0x90, 0x00,
    0x00, 0x00, 0x00, 0x9f, 0xff, 0xf5, 0x00, 0x00, 0x00, 0x00, 0x00, 0x00, 0x00, 0x00, 0xaf, 0xff,
    0xf3, 0x00, 0x00, 0x00, 0x00, 0x02, 0xff, 0xff, 0xc0, 0x00, 0x00, 0x00, 0x00, 0x00, 0x00, 0x00,
    0x2f, 0xff, 0xfb, 0x00, 0x00, 0x00, 0x00, 0x00, 0x0b, 0xff, 0xff, 0x30, 0x00, 0x00, 0x00, 0x00,
    0x00, 0x00, 0x08, 0xff, 0xff, 0x50, 0x00, 0x00, 0x00, 0x00, 0x00, 0x5f, 0xff, 0xfa, 0x00, 0x00,
    0x00, 0x00, 0x00, 0x00, 0x01, 0xef, 0xff, 0xd0, 0x00, 0x00, 0x00, 0x00, 0x00, 0x00, 0xdf, 0xff,
    0xf2, 0x00, 0x00, 0x00, 0x00, 0x00, 0x00, 0x7f, 0xff, 0xf7, 0x00, 0x00, 0x00, 0x00, 0x00, 0x00,
    0x07, 0xff, 0xff, 0x90, 0x00, 0x00, 0x00, 0x00, 0x00, 0x0d, 0xff, 0xff, 0xff, 0xff, 0xff, 0xff,
    0xff, 0xff, 0xff, 0xff, 0xff, 0xfe, 0x10, 0x00, 0x00, 0x00, 0x00, 0x05, 0xff, 0xff, 0xff, 0xff,
    0xff, 0xff, 0xff, 0xff, 0xff, 0xff, 0xff, 0xff, 0xf7, 0x00, 0x00, 0x00, 0x00, 0x00, 0xcf, 0xff,
    0xff, 0xff, 0xff, 0xff, 0xff, 0xff, 0xff, 0xff, 0xff, 0xff, 0xff, 0xd0, 0x00, 0x00, 0x00, 0x00,
    0x4f, 0xff, 0xff, 0xff, 0xff, 0xff, 0xff, 0xff, 0xff, 0xff, 0xff, 0xff, 0xff, 0xff, 0x60, 0x00,
    0x00, 0x00, 0x0a, 0xff, 0xff, 0x61, 0x11, 0x11, 0x11, 0x11, 0x11, 0x11, 0x11, 0x11, 0x6f, 0xff,
    0xfc, 0x00, 0x00, 0x00, 0x02, 0xff, 0xff, 0xe0, 0x00, 0x00, 0x00, 0x00, 0x00, 0x00, 0x00, 0x00,
    0x00, 0xdf, 0xff, 0xf4, 0x00, 0x00, 0x00, 0x9f, 0xff, 0xf7, 0x00, 0x00, 0x00, 0x00, 0x00, 0x00,
    0x00, 0x00, 0x00, 0x06, 0xff, 0xff, 0xb0, 0x00, 0x00, 0x1e, 0xff, 0xfe, 0x10, 0x00, 0x00, 0x00,
    0x00, 0x00, 0x00, 0x00, 0x00, 0x00, 0x1e, 0xff, 0xff, 0x30, 0x00, 0x07, 0xff, 0xff, 0x80, 0x00,
    0x00, 0x00, 0x00, 0x00, 0x00, 0x00, 0x00, 0x00, 0x00, 0x7f, 0xff, 0xf9, 0x00, 0x00, 0xef, 0xff,
    0xf1, 0x00, 0x00, 0x00, 0x00, 0x00, 0x00, 0x00, 0x00, 0x00, 0x00, 0x01, 0xef, 0xff, 0xf1, 0x00,
    0x6f, 0xff, 0xf9, 0x00, 0x00, 0x00, 0x00, 0x00, 0x00, 0x00, 0x00, 0x00, 0x00, 0x00, 0x08, 0xff,
    0xff, 0x80, 0x0c, 0xff, 0xff, 0x20, 0x00, 0x00, 0x00, 0x00, 0x00, 0x00, 0x00, 0x00, 0x00, 0x00,
    0x00, 0x2f, 0xff, 0xfe, 0x10, 0x00, 0x00, 0x00, 0x00, 0x00, 0x00, 0x00, 0x00, 0x78, 0x88, 0x71,
    0x00, 0x00, 0x00, 0x00, 0x00, 0x00, 0x00, 0x00, 0x00, 0x00, 0x00, 0x00, 0x00, 0x00, 0x00, 0x9f,
    0xff, 0xff, 0xb0, 0x00, 0x00, 0x00, 0x00, 0x00, 0x00, 0x00, 0x00, 0x00, 0x00, 0x00, 0x00, 0x00,
    0x00, 0x9f, 0xff, 0xff, 0xff, 0xb0, 0x00, 0x00, 0x00, 0x00, 0x00, 0x00, 0x00, 0x00, 0x00, 0x00,
    0x00, 0x00, 0x00, 0x9f, 0xff, 0xe6, 0xdf, 0xff, 0xa0, 0x00, 0x00, 0x00, 0x00, 0x00, 0x00, 0x00,
    0x00, 0x00, 0x00, 0x00, 0x00, 0x8f, 0xff, 0xd3, 0x02, 0xcf, 0xff, 0xa0, 0x00, 0x00, 0x00, 0x00,
    0x00, 0x00, 0x00, 0x00, 0x00, 0x00, 0x00, 0x8f, 0xff, 0xc1, 0x00, 0x01, 0xbf, 0xff, 0xa0, 0x00,
    0x00, 0x00, 0x00, 0x00, 0x00, 0x00, 0x00, 0x00, 0x00, 0x8f, 0xff, 0xa1, 0x00, 0x00, 0x00, 0x9f,
    0xff, 0xa0, 0x00, 0x00, 0x00, 0x00, 0x00, 0x00, 0x00, 0x00, 0x00, 0x00, 0x00, 0x00, 0x00, 0x00,
    0x00, 0x00, 0x00, 0x00, 0x00, 0x00, 0x00, 0x00, 0x00, 0x00, 0x00, 0x00, 0x00, 0x00, 0x00, 0x00,
    0x00, 0x00, 0x00, 0x00, 0x00, 0x00, 0x00, 0x00, 0x00, 0x00, 0x00, 0x00, 0x00, 0x00, 0x00, 0x00,
    0x00, 0x00, 0x00, 0x1f, 0xff, 0xff, 0x20, 0x00, 0x00, 0x00, 0x00, 0x00, 0x00, 0x00, 0x00, 0x00,
    0x00, 0x00, 0x00, 0x00, 0x00, 0x08, 0xff, 0xff, 0xf9, 0x00, 0x00, 0x00, 0x00, 0x00, 0x00, 0x00,
    0x00, 0x00, 0x00, 0x00, 0x00, 0x00, 0x00, 0x00, 0xef, 0xff, 0xff, 0xe1, 0x00, 0x00, 0x00, 0x00,
    0x00, 0x00, 0x00, 0x00, 0x00, 0x00, 0x00, 0x00, 0x00, 0x00, 0x6f, 0xff, 0xff, 0xff, 0x70, 0x00,
    0x00, 0x00, 0x00, 0x00, 0x00, 0x00, 0x00, 0x00, 0x00, 0x00, 0x00, 0x00, 0x0d, 0xff, 0xff, 0xff,
    0xfe, 0x00, 0x00, 0x00, 0x00, 0x00, 0x00, 0x00, 0x00, 0x00, 0x00, 0x00, 0x00, 0x00, 0x04, 0xff,
    0xff, 0x9f, 0xff, 0xf6, 0x00, 0x00, 0x00, 0x00, 0x00, 0x00, 0x00, 0x00, 0x00, 0x00, 0x00, 0x00,
    0x00, 0xbf, 0xff, 0xd0, 0xdf, 0xff, 0xd0, 0x00, 0x00, 0x00, 0x00, 0x00, 0x00, 0x00, 0x00, 0x00,
    0x00, 0x00, 0x00, 0x3f, 0xff, 0xf7, 0x07, 0xff, 0xff, 0x40, 0x00, 0x00, 0x00, 0x00, 0x00, 0x00,
    0x00, 0x00, 0x00, 0x00, 0x00, 0x0a, 0xff, 0xff, 0x10, 0x1e, 0xff, 0xfb, 0x00, 0x00, 0x00, 0x00,
    0x00, 0x00, 0x00, 0x00, 0x00, 0x00, 0x00, 0x02, 0xff, 0xff, 0x90, 0x00, 0x9f, 0xff, 0xf3, 0x00,
    0x00, 0x00, 0x00, 0x00, 0x00, 0x00, 0x00, 0x00, 0x00, 0x00, 0x8f, 0xff, 0xf3, 0x00, 0x02, 0xff,
    0xff, 0xa0, 0x00, 0x00, 0x00, 0x00, 0x00, 0x00, 0x00, 0x00, 0x00, 0x00, 0x1e, 0xff, 0xfb, 0x00,
    0x00, 0x0b, 0xff, 0xff, 0x20, 0x00, 0x00, 0x00, 0x00, 0x00, 0x00, 0x00, 0x00, 0x00, 0x06, 0xff,
    0xff, 0x50, 0x00, 0x00, 0x5f, 0xff, 0xf8, 0x00, 0x00, 0x00, 0x00, 0x00, 0x00, 0x00, 0x00, 0x00,
    0x00, 0xdf, 0xff, 0xd0, 0x00, 0x00, 0x00, 0xdf, 0xff, 0xe1, 0x00, 0x00, 0x00, 0x00, 0x00, 0x00,
    0x00, 0x00, 0x00, 0x5f, 0xff, 0xf7, 0x00, 0x00, 0x00, 0x07, 0xff, 0xff, 0x60, 0x00, 0x00, 0x00,
    0x00, 0x00, 0x00, 0x00, 0x00, 0x0c, 0xff, 0xff, 0x10, 0x00, 0x00, 0x00, 0x1e, 0xff, 0xfd, 0x00,
    0x00, 0x00, 0x00, 0x00, 0x00, 0x00, 0x00, 0x03, 0xff, 0xff, 0x90, 0x00, 0x00, 0x00, 0x00, 0x9f,
    0xff, 0xf5, 0x00, 0x00, 0x00, 0x00, 0x00, 0x00, 0x00, 0x00, 0xaf, 0xff, 0xf3, 0x00, 0x00, 0x00,
    0x00, 0x02, 0xff, 0xff, 0xc0, 0x00, 0x00, 0x00, 0x00, 0x00, 0x00, 0x00, 0x2f, 0xff, 0xfb, 0x00,
    0x00, 0x00, 0x00, 0x00, 0x0b, 0xff, 0xff, 0x30, 0x00, 0x00, 0x00, 0x00, 0x00, 0x00, 0x08, 0xff,
    0xff, 0x50, 0x00, 0x00, 0x00, 0x00, 0x00, 0x5f, 0xff, 0xfa, 0x00, 0x00, 0x00, 0x00, 0x00, 0x00,
    0x01, 0xef, 0xff, 0xd0, 0x00, 0x00, 0x00, 0x00, 0x00, 0x00, 0xdf, 0xff, 0xf2, 0x00, 0x00, 0x00,
    0x00, 0x00, 0x00, 0x7f, 0xff, 0xf7, 0x00, 0x00, 0x00, 0x00, 0x00, 0x00, 0x07, 0xff, 0xff, 0x90,
    0x00, 0x00, 0x00, 0x00, 0x00, 0x0d, 0xff, 0xff, 0xff, 0xff, 0xff, 0xff, 0xff, 0xff, 0xff, 0xff,
    0xff, 0xfe, 0x10, 0x00, 0x00, 0x00, 0x00, 0x05, 0xff, 0xff, 0xff, 0xff, 0xff, 0xff, 0xff, 0xff,
    0xff, 0xff, 0xff, 0xff, 0xf7, 0x00, 0x00, 0x00, 0x00, 0x00, 0xcf, 0xff, 0xff, 0xff, 0xff, 0xff,
    0xff, 0xff, 0xff, 0xff, 0xff, 0xff, 0xff, 0xd0, 0x00, 0x00, 0x00, 0x00, 0x4f, 0xff, 0xff, 0xff,
    0xff, 0xff, 0xff, 0xff, 0xff, 0xff, 0xff, 0xff, 0xff, 0xff, 0x60, 0x00, 0x00, 0x00, 0x0a, 0xff,
    0xff, 0x61, 0x11, 0x11, 0x11, 0x11, 0x11, 0x11, 0x11, 0x11, 0x6f, 0xff, 0xfc, 0x00, 0x00, 0x00,
    0x02, 0xff, 0xff, 0xe0, 0x00, 0x00, 0x00, 0x00, 0x00, 0x00, 0x00, 0x00, 0x00, 0xdf, 0xff, 0xf4,
    0x00, 0x00, 0x00, 0x9f, 0xff, 0xf7, 0x00, 0x00, 0x00, 0x00, 0x00, 0x00, 0x00, 0x00, 0x00, 0x06,
    0xff, 0xff, 0xb0, 0x00, 0x00, 0x1e, 0xff, 0xfe, 0x10, 0x00, 0x00, 0x00, 0x00, 0x00, 0x00, 0x00,
    0x00, 0x00, 0x1e, 0xff, 0xff, 0x30, 0x00, 0x07, 0xff, 0xff, 0x80, 0x00, 0x00, 0x00, 0x00, 0x00,
    0x00, 0x00, 0x00, 0x00, 0x00, 0x7f, 0xff, 0xf9, 0x00, 0x00, 0xef, 0xff, 0xf1, 0x00, 0x00, 0x00,
    0x00, 0x00, 0x00, 0x00, 0x00, 0x00, 0x00, 0x01, 0xef, 0xff, 0xf1, 0x00, 0x6f, 0xff, 0xf9, 0x00,
    0x00, 0x00, 0x00, 0x00, 0x00, 0x00, 0x00, 0x00, 0x00, 0x00, 0x08, 0xff, 0xff, 0x80, 0x0c, 0xff,
    0xff, 0x20, 0x00, 0x00, 0x00, 0x00, 0x00, 0x00, 0x00, 0x00, 0x00, 0x00, 0x00, 0x2f, 0xff, 0xfe,
    0x10, 0x00, 0x00, 0x00, 0x00, 0x00, 0x00, 0x5c, 0xee, 0xa2, 0x00, 0x00, 0x00, 0x6a, 0xa2, 0x00,
    0x00, 0x00, 0x00, 0x00, 0x00, 0x00, 0x00, 0x00, 0x00, 0x7f, 0xff, 0xff, 0xe5, 0x00, 0x00, 0x0b,
    0xff, 0x20, 0x00, 0x00, 0x00, 0x00, 0x00, 0x00, 0x00, 0x00, 0x00, 0x3f, 0xff, 0xff, 0xff, 0xf7,
    0x00, 0x02, 0xff, 0xe0, 0x00, 0x00, 0x00, 0x00, 0x00, 0x00, 0x00, 0x00, 0x00, 0x09, 0xff, 0xc2,
    0x17, 0xff, 0xf9, 0x21, 0xbf, 0xfa, 0x00, 0x00, 0x00, 0x00, 0x00, 0x00, 0x00, 0x00, 0x00, 0x00,
    0xef, 0xf3, 0x00, 0x05, 0xff, 0xff, 0xff, 0xff, 0x30, 0x00, 0x00, 0x00, 0x00, 0x00, 0x00, 0x00,
    0x00, 0x00, 0x1f, 0xfd, 0x00, 0x00, 0x03, 0xdf, 0xff, 0xff, 0x80, 0x00, 0x00, 0x00, 0x00, 0x00,
    0x00, 0x00, 0x00, 0x00, 0x02, 0xbb, 0x80, 0x00, 0x00, 0x01, 0x9e, 0xfc, 0x60, 0x00, 0x00, 0x00,
    0x00, 0x00, 0x00, 0x00, 0x00, 0x00, 0x00, 0x00, 0x00, 0x00, 0x00, 0x00, 0x00, 0x00, 0x00, 0x00,
    0x00, 0x00, 0x00, 0x00, 0x00, 0x00, 0x00, 0x00, 0x00, 0x00, 0x00, 0x00, 0x00, 0x00, 0x00, 0x00,
    0x00, 0x00, 0x00, 0x00, 0x00, 0x00, 0x00, 0x00, 0x00, 0x00, 0x00, 0x00, 0x00, 0x00, 0x00, 0x00,
    0x00, 0x00, 0x00, 0x00, 0x00, 0x00, 0x00, 0x00, 0x00, 0x00, 0x00, 0x00, 0x00, 0x00, 0x00, 0x00,
    0x00, 0x01, 0xff, 0xff, 0xf2, 0x00, 0x00, 0x00, 0x00, 0x00, 0x00, 0x00, 0x00, 0x00, 0x00, 0x00,
    0x00, 0x00, 0x00, 0x00, 0x8f, 0xff, 0xff, 0x90, 0x00, 0x00, 0x00, 0x00, 0x00, 0x00, 0x00, 0x00,
    0x00, 0x00, 0x00, 0x00, 0x00, 0x00, 0x0e, 0xff, 0xff, 0xfe, 0x10, 0x00, 0x00, 0x00, 0x00, 0x00,
    0x00, 0x00, 0x00, 0x00, 0x00, 0x00, 0x00, 0x00, 0x06, 0xff, 0xff, 0xff, 0xf7, 0x00, 0x00, 0x00,
    0x00, 0x00, 0x00, 0x00, 0x00, 0x00, 0x00, 0x00, 0x00, 0x00, 0x00, 0xdf, 0xff, 0xff, 0xff, 0xe0,
    0x00, 0x00, 0x00, 0x00, 0x00, 0x00, 0x00, 0x00, 0x00, 0x00, 0x00, 0x00, 0x00, 0x4f, 0xff, 0xf9,
    0xff, 0xff, 0x60, 0x00, 0x00, 0x00, 0x00, 0x00, 0x00, 0x00, 0x00, 0x00, 0x00, 0x00, 0x00, 0x0b,
    0xff, 0xfd, 0x0d, 0xff, 0xfd, 0x00, 0x00, 0x00, 0x00, 0x00, 0x00, 0x00, 0x00, 0x00, 0x00, 0x00,
    0x00, 0x03, 0xff, 0xff, 0x70, 0x7f, 0xff, 0xf4, 0x00, 0x00, 0x00, 0x00, 0x00, 0x00, 0x00, 0x00,
    0x00, 0x00, 0x00, 0x00, 0xaf, 0xff, 0xf1, 0x01, 0xef, 0xff, 0xb0, 0x00, 0x00, 0x00, 0x00, 0x00,
    0x00, 0x00, 0x00, 0x00, 0x00, 0x00, 0x2f, 0xff, 0xf9, 0x00, 0x09, 0xff, 0xff, 0x30, 0x00, 0x00,
    0x00, 0x00, 0x00, 0x00, 0x00, 0x00, 0x00, 0x00, 0x08, 0xff, 0xff, 0x30, 0x00, 0x2f, 0xff, 0xfa,
    0x00, 0x00, 0x00, 0x00, 0x00, 0x00, 0x00, 0x00, 0x00, 0x00, 0x01, 0xef, 0xff, 0xb0, 0x00, 0x00,
    0xbf, 0xff, 0xf2, 0x00, 0x00, 0x00, 0x00, 0x00, 0x00, 0x00, 0x00, 0x00, 0x00, 0x6f, 0xff, 0xf5,
    0x00, 0x00, 0x05, 0xff, 0xff, 0x80, 0x00, 0x00, 0x00, 0x00, 0x00, 0x00, 0x00, 0x00, 0x00, 0x0d,
    0xff, 0xfd, 0x00, 0x00, 0x00, 0x0d, 0xff, 0xfe, 0x10, 0x00, 0x00, 0x00, 0x00, 0x00, 0x00, 0x00,
    0x00, 0x05, 0xff, 0xff, 0x70, 0x00, 0x00, 0x00, 0x7f, 0xff, 0xf6, 0x00, 0x00, 0x00, 0x00, 0x00,
    0x00, 0x00, 0x00, 0x00, 0xcf, 0xff, 0xf1, 0x00, 0x00, 0x00, 0x01, 0xef, 0xff, 0xd0, 0x00, 0x00,
    0x00, 0x00, 0x00, 0x00, 0x00, 0x00, 0x3f, 0xff, 0xf9, 0x00, 0x00, 0x00, 0x00, 0x09, 0xff, 0xff,
    0x50, 0x00, 0x00, 0x00, 0x00, 0x00, 0x00, 0x00, 0x0a, 0xff, 0xff, 0x30, 0x00, 0x00, 0x00, 0x00,
    0x2f, 0xff, 0xfc, 0x00, 0x00, 0x00, 0x00, 0x00, 0x00, 0x00, 0x02, 0xff, 0xff, 0xb0, 0x00, 0x00,
    0x00, 0x00, 0x00, 0xbf, 0xff, 0xf3, 0x00, 0x00, 0x00, 0x00, 0x00, 0x00, 0x00, 0x8f, 0xff, 0xf5,
    0x00, 0x00, 0x00, 0x00, 0x00, 0x05, 0xff, 0xff, 0xa0, 0x00, 0x00, 0x00, 0x00, 0x00, 0x00, 0x1e,
    0xff, 0xfd, 0x00, 0x00, 0x00, 0x00, 0x00, 0x00, 0x0d, 0xff, 0xff, 0x20, 0x00, 0x00, 0x00, 0x00,
    0x00, 0x07, 0xff, 0xff, 0x70, 0x00, 0x00, 0x00, 0x00, 0x00, 0x00, 0x7f, 0xff, 0xf9, 0x00, 0x00,
    0x00, 0x00, 0x00, 0x00, 0xdf, 0xff, 0xff, 0xff, 0xff, 0xff, 0xff, 0xff, 0xff, 0xff, 0xff, 0xff,
    0xe1, 0x00, 0x00, 0x00, 0x00, 0x00, 0x5f, 0xff, 0xff, 0xff, 0xff, 0xff, 0xff, 0xff, 0xff, 0xff,
    0xff, 0xff, 0xff, 0x70, 0x00, 0x00, 0x00, 0x00, 0x0c, 0xff, 0xff, 0xff, 0xff, 0xff, 0xff, 0xff,
    0xff, 0xff, 0xff, 0xff, 0xff, 0xfd, 0x00, 0x00, 0x00, 0x00, 0x04, 0xff, 0xff, 0xff, 0xff, 0xff,
    0xff, 0xff, 0xff, 0xff, 0xff, 0xff, 0xff, 0xff, 0xf6, 0x00, 0x00, 0x00, 0x00, 0xaf, 0xff, 0xf6,
    0x11, 0x11, 0x11, 0x11, 0x11, 0x11, 0x11, 0x11, 0x16, 0xff, 0xff, 0xc0, 0x00, 0x00, 0x00, 0x2f,
    0xff, 0xfe, 0x00, 0x00, 0x00, 0x00, 0x00, 0x00, 0x00, 0x00, 0x00, 0x0d, 0xff, 0xff, 0x40, 0x00,
    0x00, 0x09, 0xff, 0xff, 0x70, 0x00, 0x00, 0x00, 0x00, 0x00, 0x00, 0x00, 0x00, 0x00, 0x6f, 0xff,
    0xfb, 0x00, 0x00, 0x01, 0xef, 0xff, 0xe1, 0x00, 0x00, 0x00, 0x00, 0x00, 0x00, 0x00, 0x00, 0x00,
    0x01, 0xef, 0xff, 0xf3, 0x00, 0x00, 0x7f, 0xff, 0xf8, 0x00, 0x00, 0x00, 0x00, 0x00, 0x00, 0x00,
    0x00, 0x00, 0x00, 0x07, 0xff, 0xff, 0x90, 0x00, 0x0e, 0xff, 0xff, 0x10, 0x00, 0x00, 0x00, 0x00,
    0x00, 0x00, 0x00, 0x00, 0x00, 0x00, 0x1e, 0xff, 0xff, 0x10, 0x06, 0xff, 0xff, 0x90, 0x00, 0x00,
    0x00, 0x00, 0x00, 0x00, 0x00, 0x00, 0x00, 0x00, 0x00, 0x8f, 0xff, 0xf8, 0x00, 0xcf, 0xff, 0xf2,
    0x00, 0x00, 0x00, 0x00, 0x00, 0x00, 0x00, 0x00, 0x00, 0x00, 0x00, 0x02, 0xff, 0xff, 0xe1, 0x00,
    0x00, 0x00, 0x00, 0x00, 0x00, 0x5d, 0xe8, 0x00, 0x00, 0x06, 0xde, 0x70, 0x00, 0x00, 0x00, 0x00,
    0x00, 0x00, 0x00, 0x00, 0x00, 0x00, 0x00, 0x2f, 0xff, 0xf5, 0x00, 0x03, 0xff, 0xff, 0x40, 0x00,
    0x00, 0x00, 0x00, 0x00, 0x00, 0x00, 0x00, 0x00, 0x00, 0x04, 0xff, 0xff, 0x80, 0x00, 0x5f, 0xff,
    0xf7, 0x00, 0x00, 0x00, 0x00, 0x00, 0x00, 0x00, 0x00, 0x00, 0x00, 0x00, 0x2f, 0xff, 0xf5, 0x00,
    0x03, 0xff, 0xff, 0x40, 0x00, 0x00, 0x00, 0x00, 0x00, 0x00, 0x00, 0x00, 0x00, 0x00, 0x00, 0x5d,
    0xe8, 0x00, 0x00, 0x06, 0xde, 0x70, 0x00, 0x00, 0x00, 0x00, 0x00, 0x00, 0x00, 0x00, 0x00, 0x00,
    0x00, 0x00, 0x00, 0x00, 0x00, 0x00, 0x00, 0x00, 0x00, 0x00, 0x00, 0x00, 0x00, 0x00, 0x00, 0x00,
    0x00, 0x00, 0x00, 0x00, 0x00, 0x00, 0x00, 0x00, 0x00, 0x00, 0x00, 0x00, 0x00, 0x00, 0x00, 0x00,
    0x00, 0x00, 0x00, 0x00, 0x00, 0x00, 0x00, 0x00, 0x00, 0x00, 0x00, 0x00, 0x00, 0x00, 0x00, 0x00,
    0x00, 0x00, 0x00, 0x00, 0x00, 0x00, 0x00, 0x00, 0x00, 0x00, 0x01, 0xff, 0xff, 0xf2, 0x00, 0x00,
    0x00, 0x00, 0x00, 0x00, 0x00, 0x00, 0x00, 0x00, 0x00, 0x00, 0x00, 0x00, 0x00, 0x8f, 0xff, 0xff,
    0x90, 0x00, 0x00, 0x00, 0x00, 0x00, 0x00, 0x00, 0x00, 0x00, 0x00, 0x00, 0x00, 0x00, 0x00, 0x0e,
    0xff, 0xff, 0xfe, 0x10, 0x00, 0x00, 0x00, 0x00, 0x00, 0x00, 0x00, 0x00, 0x00, 0x00, 0x00, 0x00,
    0x00, 0x06, 0xff, 0xff, 0xff, 0xf7, 0x00, 0x00, 0x00, 0x00, 0x00, 0x00, 0x00, 0x00, 0x00, 0x00,
    0x00, 0x00, 0x00, 0x00, 0xdf, 0xff, 0xff, 0xff, 0xe0, 0x00, 0x00, 0x00, 0x00, 0x00, 0x00, 0x00,
    0x00, 0x00, 0x00, 0x00, 0x00, 0x00, 0x4f, 0xff, 0xf9, 0xff, 0xff, 0x60, 0x00, 0x00, 0x00, 0x00,
    0x00, 0x00, 0x00, 0x00, 0x00, 0x00, 0x00, 0x00, 0x0b, 0xff, 0xfd, 0x0d, 0xff, 0xfd, 0x00, 0x00,
    0x00, 0x00, 0x00, 0x00, 0x00, 0x00, 0x00, 0x00, 0x00, 0x00, 0x03, 0xff, 0xff, 0x70, 0x7f, 0xff,
    0xf4, 0x00, 0x00, 0x00, 0x00, 0x00, 0x00, 0x00, 0x00, 0x00, 0x00, 0x00, 0x00, 0xaf, 0xff, 0xf1,
    0x01, 0xef, 0xff, 0xb0, 0x00, 0x00, 0x00, 0x00, 0x00, 0x00, 0x00, 0x00, 0x00, 0x00, 0x00, 0x2f,
    0xff, 0xf9, 0x00, 0x09, 0xff, 0xff, 0x30, 0x00, 0x00, 0x00, 0x00, 0x00, 0x00, 0x00, 0x00, 0x00,
    0x00, 0x08, 0xff, 0xff, 0x30, 0x00, 0x2f, 0xff, 0xfa, 0x00, 0x00, 0x00, 0x00, 0x00, 0x00, 0x00,
    0x00, 0x00, 0x00, 0x01, 0xef, 0xff, 0xb0, 0x00, 0x00, 0xbf, 0xff, 0xf2, 0x00, 0x00, 0x00, 0x00,
    0x00, 0x00, 0x00, 0x00, 0x00, 0x00, 0x6f, 0xff, 0xf5, 0x00, 0x00, 0x05, 0xff, 0xff, 0x80, 0x00,
    0x00, 0x00, 0x00, 0x00, 0x00, 0x00, 0x00, 0x00, 0x0d, 0xff, 0xfd, 0x00, 0x00, 0x00, 0x0d, 0xff,
    0xfe, 0x10, 0x00, 0x00, 0x00, 0x00, 0x00, 0x00, 0x00, 0x00, 0x05, 0xff, 0xff, 0x70, 0x00, 0x00,
    0x00, 0x7f, 0xff, 0xf6, 0x00, 0x00, 0x00, 0x00, 0x00, 0x00, 0x00, 0x00, 0x00, 0xcf, 0xff, 0xf1,
    0x00, 0x00, 0x00, 0x01, 0xef, 0xff, 0xd0, 0x00, 0x00, 0x00, 0x00, 0x00, 0x00, 0x00, 0x00, 0x3f,
    0xff, 0xf9, 0x00, 0x00, 0x00, 0x00, 0x09, 0xff, 0xff, 0x50, 0x00, 0x00, 0x00, 0x00, 0x00, 0x00,
    0x00, 0x0a, 0xff, 0xff, 0x30, 0x00, 0x00, 0x00, 0x00, 0x2f, 0xff, 0xfc, 0x00, 0x00, 0x00, 0x00,
    0x00, 0x00, 0x00, 0x02, 0xff, 0xff, 0xb0, 0x00, 0x00, 0x00, 0x00, 0x00, 0xbf, 0xff, 0xf3, 0x00,
    0x00, 0x00, 0x00, 0x00, 0x00, 0x00, 0x8f, 0xff, 0xf5, 0x00, 0x00, 0x00, 0x00, 0x00, 0x05, 0xff,
    0xff, 0xa0, 0x00, 0x00, 0x00, 0x00, 0x00, 0x00, 0x1e, 0xff, 0xfd, 0x00, 0x00, 0x00, 0x00, 0x00,
    0x00, 0x0d, 0xff, 0xff, 0x20, 0x00, 0x00, 0x00, 0x00, 0x00, 0x07, 0xff, 0xff, 0x70, 0x00, 0x00,
    0x00, 0x00, 0x00, 0x00, 0x7f, 0xff, 0xf9, 0x00, 0x00, 0x00, 0x00, 0x00, 0x00, 0xdf, 0xff, 0xff,
    0xff, 0xff, 0xff, 0xff, 0xff, 0xff, 0xff, 0xff, 0xff, 0xe1, 0x00, 0x00, 0x00, 0x00, 0x00, 0x5f,
    0xff, 0xff, 0xff, 0xff, 0xff, 0xff, 0xff, 0xff, 0xff, 0xff, 0xff, 0xff, 0x70, 0x00, 0x00, 0x00,
    0x00, 0x0c, 0xff, 0xff, 0xff, 0xff, 0xff, 0xff, 0xff, 0xff, 0xff, 0xff, 0xff, 0xff, 0xfd, 0x00,
    0x00, 0x00, 0x00, 0x04, 0xff, 0xff, 0xff, 0xff, 0xff, 0xff, 0xff, 0xff, 0xff, 0xff, 0xff, 0xff,
    0xff, 0xf6, 0x00, 0x00, 0x00, 0x00, 0xaf, 0xff, 0xf6, 0x11, 0x11, 0x11, 0x11, 0x11, 0x11, 0x11,
    0x11, 0x16, 0xff, 0xff, 0xc0, 0x00, 0x00, 0x00, 0x2f, 0xff, 0xfe, 0x00, 0x00, 0x00, 0x00, 0x00,
    0x00, 0x00, 0x00, 0x00, 0x0d, 0xff, 0xff, 0x40, 0x00, 0x00, 0x09, 0xff, 0xff, 0x70, 0x00, 0x00,
    0x00, 0x00, 0x00, 0x00, 0x00, 0x00, 0x00, 0x6f, 0xff, 0xfb, 0x00, 0x00, 0x01, 0xef, 0xff, 0xe1,
    0x00, 0x00, 0x00, 0x00, 0x00, 0x00, 0x00, 0x00, 0x00, 0x01, 0xef, 0xff, 0xf3, 0x00, 0x00, 0x7f,
    0xff, 0xf8, 0x00, 0x00, 0x00, 0x00, 0x00, 0x00, 0x00, 0x00, 0x00, 0x00, 0x07, 0xff, 0xff, 0x90,
    0x00, 0x0e, 0xff, 0xff, 0x10, 0x00, 0x00, 0x00, 0x00, 0x00, 0x00, 0x00, 0x00, 0x00, 0x00, 0x1e,
    0xff, 0xff, 0x10, 0x06, 0xff, 0xff, 0x90, 0x00, 0x00, 0x00, 0x00, 0x00, 0x00, 0x00, 0x00, 0x00,
    0x00, 0x00, 0x8f, 0xff, 0xf8, 0x00, 0xcf, 0xff, 0xf2, 0x00, 0x00, 0x00, 0x00, 0x00, 0x00, 0x00,
    0x00, 0x00, 0x00, 0x00, 0x02, 0xff, 0xff, 0xe1, 0x00, 0x00, 0x00, 0x00, 0x00, 0x00, 0x00, 0x01,
    0x9d, 0xfd, 0x92, 0x00, 0x00, 0x00, 0x00, 0x00, 0x00, 0x00, 0x00, 0x00, 0x00, 0x00, 0x00, 0x00,
    0x00, 0x02, 0xef, 0xff, 0xff, 0xe3, 0x00, 0x00, 0x00, 0x00, 0x00, 0x00, 0x00, 0x00, 0x00, 0x00,
    0x00, 0x00, 0x00, 0x00, 0xdf, 0xd5, 0x24, 0xcf, 0xd1, 0x00, 0x00, 0x00, 0x00, 0x00, 0x00, 0x00,
    0x00, 0x00, 0x00, 0x00, 0x00, 0x00, 0x6f, 0xe1, 0x00, 0x01, 0xef, 0x70, 0x00, 0x00, 0x00, 0x00,
    0x00, 0x00, 0x00, 0x00, 0x00, 0x00, 0x00, 0x00, 0x0a, 0xf9, 0x00, 0x00, 0x08, 0xfb, 0x00, 0x00,
    0x00, 0x00, 0x00, 0x00, 0x00, 0x00, 0x00, 0x00, 0x00, 0x00, 0x00, 0xbf, 0x70, 0x00, 0x00, 0x5f,
    0xd0, 0x00, 0x00, 0x00, 0x00, 0x00, 0x00, 0x00, 0x00, 0x00, 0x00, 0x00, 0x00, 0x0a, 0xf8, 0x00,
    0x00, 0x07, 0xfb, 0x00, 0x00, 0x00, 0x00, 0x00, 0x00, 0x00, 0x00, 0x00, 0x00, 0x00, 0x00, 0x00,
    0x6f, 0xe1, 0x00, 0x01, 0xdf, 0x80, 0x00, 0x00, 0x00, 0x00, 0x00, 0x00, 0x00, 0x00, 0x00, 0x00,
    0x00, 0x00, 0x01, 0xdf, 0xc4, 0x13, 0xcf, 0xe1, 0x00, 0x00, 0x00, 0x00, 0x00, 0x00, 0x00, 0x00,
    0x00, 0x00, 0x00, 0x00, 0x00, 0x03, 0xef, 0xff, 0xff, 0xe4, 0x00, 0x00, 0x00, 0x00, 0x00, 0x00,
    0x00, 0x00, 0x00, 0x00, 0x00, 0x00, 0x00, 0x00, 0x02, 0x9d, 0xfd, 0x92, 0x00, 0x00, 0x00, 0x00,
    0x00, 0x00, 0x00, 0x00, 0x00, 0x00, 0x00, 0x00, 0x00, 0x00, 0x00, 0x00, 0x00, 0x00, 0x00, 0x00,
    0x00, 0x00, 0x00, 0x00, 0x00, 0x00, 0x00, 0x00, 0x00, 0x00, 0x00, 0x00, 0x00, 0x00, 0x00, 0x00,
    0x00, 0x00, 0x00, 0x00, 0x00, 0x00, 0x00, 0x00, 0x00, 0x00, 0x00, 0x00, 0x00, 0x00, 0x00, 0x00,
    0x1f, 0xff, 0xff, 0x20, 0x00, 0x00, 0x00, 0x00, 0x00, 0x00, 0x00, 0x00, 0x00, 0x00, 0x00, 0x00,
    0x00, 0x00, 0x08, 0xff, 0xff, 0xf9, 0x00, 0x00, 0x00, 0x00, 0x00, 0x00, 0x00, 0x00, 0x00, 0x00,
    0x00, 0x00, 0x00, 0x00, 0x00, 0xef, 0xff, 0xff, 0xe1, 0x00, 0x00, 0x00, 0x00, 0x00, 0x00, 0x00,
    0x00, 0x00, 0x00, 0x00, 0x00, 0x00, 0x00, 0x6f, 0xff, 0xff, 0xff, 0x70, 0x00, 0x00, 0x00, 0x00,
    0x00, 0x00, 0x00, 0x00, 0x00, 0x00, 0x00, 0x00, 0x00, 0x0d, 0xff, 0xff, 0xff, 0xfe, 0x00, 0x00,
    0x00, 0x00, 0x00, 0x00, 0x00, 0x00, 0x00, 0x00, 0x00, 0x00, 0x00, 0x04, 0xff, 0xff, 0x9f, 0xff,
    0xf6, 0x00, 0x00, 0x00, 0x00, 0x00, 0x00, 0x00, 0x00, 0x00, 0x00, 0x00, 0x00, 0x00, 0xbf, 0xff,
    0xd0, 0xdf, 0xff, 0xd0, 0x00, 0x00, 0x00, 0x00, 0x00, 0x00, 0x00, 0x00, 0x00, 0x00, 0x00, 0x00,
    0x3f, 0xff, 0xf7, 0x07, 0xff, 0xff, 0x40, 0x00, 0x00, 0x00, 0x00, 0x00, 0x00, 0x00, 0x00, 0x00,
    0x00, 0x00, 0x0a, 0xff, 0xff, 0x10, 0x1e, 0xff, 0xfb, 0x00, 0x00, 0x00, 0x00, 0x00, 0x00, 0x00,
    0x00, 0x00, 0x00, 0x00, 0x02, 0xff, 0xff, 0x90, 0x00, 0x9f, 0xff, 0xf3, 0x00, 0x00, 0x00, 0x00,
    0x00, 0x00, 0x00, 0x00, 0x00, 0x00, 0x00, 0x8f, 0xff, 0xf3, 0x00, 0x02, 0xff, 0xff, 0xa0, 0x00,
    0x00, 0x00, 0x00, 0x00, 0x00, 0x00, 0x00, 0x00, 0x00, 0x1e, 0xff, 0xfb, 0x00, 0x00, 0x0b, 0xff,
    0xff, 0x20, 0x00, 0x00, 0x00, 0x00, 0x00, 0x00, 0x00, 0x00, 0x00, 0x06, 0xff, 0xff, 0x50, 0x00,
    0x00, 0x5f, 0xff, 0xf8, 0x00, 0x00, 0x00, 0x00, 0x00, 0x00, 0x00, 0x00, 0x00, 0x00, 0xdf, 0xff,
    0xd0, 0x00, 0x00, 0x00, 0xdf, 0xff, 0xe1, 0x00, 0x00, 0x00, 0x00, 0x00, 0x00, 0x00, 0x00, 0x00,
    0x5f, 0xff, 0xf7, 0x00, 0x00, 0x00, 0x07, 0xff, 0xff, 0x60, 0x00, 0x00, 0x00, 0x00, 0x00, 0x00,
    0x00, 0x00, 0x0c, 0xff, 0xff, 0x10, 0x00, 0x00, 0x00, 0x1e, 0xff, 0xfd, 0x00, 0x00, 0x00, 0x00,
    0x00, 0x00, 0x00, 0x00, 0x03, 0xff, 0xff, 0x90, 0x00, 0x00, 0x00, 0x00, 0x9f, 0xff, 0xf5, 0x00,
    0x00, 0x00, 0x00, 0x00, 0x00, 0x00, 0x00, 0xaf, 0xff, 0xf3, 0x00, 0x00, 0x00, 0x00, 0x02, 0xff,
    0xff, 0xc0, 0x00, 0x00, 0x00, 0x00, 0x00, 0x00, 0x00, 0x2f, 0xff, 0xfb, 0x00, 0x00, 0x00, 0x00,
    0x00, 0x0b, 0xff, 0xff, 0x30, 0x00, 0x00, 0x00, 0x00, 0x00, 0x00, 0x08, 0xff, 0xff, 0x50, 0x00,
    0x00, 0x00, 0x00, 0x00, 0x5f, 0xff, 0xfa, 0x00, 0x00, 0x00, 0x00, 0x00, 0x00, 0x01, 0xef, 0xff,
    0xd0, 0x00, 0x00, 0x00, 0x00, 0x00, 0x00, 0xdf, 0xff, 0xf2, 0x00, 0x00, 0x00, 0x00, 0x00, 0x00,
    0x7f, 0xff, 0xf7, 0x00, 0x00, 0x00, 0x00, 0x00, 0x00, 0x07, 0xff, 0xff, 0x90, 0x00, 0x00, 0x00,
    0x00, 0x00, 0x0d, 0xff, 0xff, 0xff, 0xff, 0xff, 0xff, 0xff, 0xff, 0xff, 0xff, 0xff, 0xfe, 0x10,
    0x00, 0x00, 0x00, 0x00, 0x05, 0xff, 0xff, 0xff, 0xff, 0xff, 0xff, 0xff, 0xff, 0xff, 0xff, 0xff,
    0xff, 0xf7, 0x00, 0x00, 0x00, 0x00, 0x00, 0xcf, 0xff, 0xff, 0xff, 0xff, 0xff, 0xff, 0xff, 0xff,
    0xff, 0xff, 0xff, 0xff, 0xd0, 0x00, 0x00, 0x00, 0x00, 0x4f, 0xff, 0xff, 0xff, 0xff, 0xff, 0xff,
    0xff, 0xff, 0xff, 0xff, 0xff, 0xff, 0xff, 0x60, 0x00, 0x00, 0x00, 0x0a, 0xff, 0xff, 0x61, 0x11,
    0x11, 0x11, 0x11, 0x11, 0x11, 0x11, 0x11, 0x6f, 0xff, 0xfc, 0x00, 0x00, 0x00, 0x02, 0xff, 0xff,
    0xe0, 0x00, 0x00, 0x00, 0x00, 0x00, 0x00, 0x00, 0x00, 0x00, 0xdf, 0xff, 0xf4, 0x00, 0x00, 0x00,
    0x9f, 0xff, 0xf7, 0x00, 0x00, 0x00, 0x00, 0x00, 0x00, 0x00, 0x00, 0x00, 0x06, 0xff, 0xff, 0xb0,
    0x00, 0x00, 0x1e, 0xff, 0xfe, 0x10, 0x00, 0x00, 0x00, 0x00, 0x00, 0x00, 0x00, 0x00, 0x00, 0x1e,
    0xff, 0xff, 0x30, 0x00, 0x07, 0xff, 0xff, 0x80, 0x00, 0x00, 0x00, 0x00, 0x00, 0x00, 0x00, 0x00,
    0x00, 0x00, 0x7f, 0xff, 0xf9, 0x00, 0x00, 0xef, 0xff, 0xf1, 0x00, 0x00, 0x00, 0x00, 0x00, 0x00,
    0x00, 0x00, 0x00, 0x00, 0x01, 0xef, 0xff, 0xf1, 0x00, 0x6f, 0xff, 0xf9, 0x00, 0x00, 0x00, 0x00,
    0x00, 0x00, 0x00, 0x00, 0x00, 0x00, 0x00, 0x08, 0xff, 0xff, 0x80, 0x0c, 0xff, 0xff, 0x20, 0x00,
    0x00, 0x00, 0x00, 0x00, 0x00, 0x00, 0x00, 0x00, 0x00, 0x00, 0x2f, 0xff, 0xfe, 0x10, 0x00, 0x00,
    0x00, 0x00, 0x00, 0x00, 0x00, 0x00, 0x00, 0x00, 0x5f, 0xff, 0xff, 0xff, 0xff, 0xff, 0xff, 0xff,
    0xff, 0xff, 0xff, 0xff, 0xff, 0xfd, 0x00, 0x00, 0x00, 0x00, 0x00, 0x00, 0x00, 0x00, 0x00, 0x00,
    0x00, 0x1d, 0xff, 0xff, 0xff, 0xff, 0xff, 0xff, 0xff, 0xff, 0xff, 0xff, 0xff, 0xff, 0xff, 0xd0,
    0x00, 0x00, 0x00, 0x00, 0x00, 0x00, 0x00, 0x00, 0x00, 0x00, 0x08, 0xff, 0xff, 0xff, 0xff, 0xff,
    0xff, 0xff, 0xff, 0xff, 0xff, 0xff, 0xff, 0xff, 0xfd, 0x00, 0x00, 0x00, 0x00, 0x00, 0x00, 0x00,
    0x00, 0x00, 0x00, 0x02, 0xff, 0xff, 0xff, 0xff, 0xff, 0xff, 0xff, 0xff, 0xff, 0xff, 0xff, 0xff,
    0xff, 0xff, 0xd0, 0x00, 0x00, 0x00, 0x00, 0x00, 0x00, 0x00, 0x00, 0x00, 0x00, 0xaf, 0xff, 0xe2,
    0xcf, 0xff, 0xe1, 0x11, 0x11, 0x11, 0x11, 0x11, 0x11, 0x11, 0x11, 0x11, 0x00, 0x00, 0x00, 0x00,
    0x00, 0x00, 0x00, 0x00, 0x00, 0x00, 0x4f, 0xff, 0xf6, 0x0c, 0xff, 0xfe, 0x00, 0x00, 0x00, 0x00,
    0x00, 0x00, 0x00, 0x00, 0x00, 0x00, 0x00, 0x00, 0x00, 0x00, 0x00, 0x00, 0x00, 0x00, 0x00, 0x0d,
    0xff, 0xfd, 0x00, 0xcf, 0xff, 0xe0, 0x00, 0x00, 0x00, 0x00, 0x00, 0x00, 0x00, 0x00, 0x00, 0x00,
    0x00, 0x00, 0x00, 0x00, 0x00, 0x00, 0x00, 0x00, 0x07, 0xff, 0xff, 0x40, 0x0c, 0xff, 0xfe, 0x00,
    0x00, 0x00, 0x00, 0x00, 0x00, 0x00, 0x00, 0x00, 0x00, 0x00, 0x00, 0x00, 0x00, 0x00, 0x00, 0x00,
    0x00, 0x01, 0xef, 0xff, 0xb0, 0x00, 0xcf, 0xff, 0xe0, 0x00, 0x00, 0x00, 0x00, 0x00, 0x00, 0x00,
    0x00, 0x00, 0x00, 0x00, 0x00, 0x00, 0x00, 0x00, 0x00, 0x00, 0x00, 0x9f, 0xff, 0xf3, 0x00, 0x0c,
    0xff, 0xfe, 0x00, 0x00, 0x00, 0x00, 0x00, 0x00, 0x00, 0x00, 0x00, 0x00, 0x00, 0x00, 0x00, 0x00,
    0x00, 0x00, 0x00, 0x00, 0x3f, 0xff, 0xf9, 0x00, 0x00, 0xcf, 0xff, 0xe0, 0x00, 0x00, 0x00, 0x00,
    0x00, 0x00, 0x00, 0x00, 0x00, 0x00, 0x00, 0x00, 0x00, 0x00, 0x00, 0x00, 0x00, 0x0c, 0xff, 0xfe,
    0x10, 0x00, 0x0c, 0xff, 0xfe, 0x00, 0x00, 0x00, 0x00, 0x00, 0x00, 0x00, 0x00, 0x00, 0x00, 0x00,
    0x00, 0x00, 0x00, 0x00, 0x00, 0x00, 0x06, 0xff, 0xff, 0x70, 0x00, 0x00, 0xcf, 0xff, 0xe0, 0x00,
    0x00, 0x00, 0x00, 0x00, 0x00, 0x00, 0x00, 0x00, 0x00, 0x00, 0x00, 0x00, 0x00, 0x00, 0x00, 0x01,
    0xef, 0xff, 0xd0, 0x00, 0x00, 0x0c, 0xff, 0xfe, 0x00, 0x00, 0x00, 0x00, 0x00, 0x00, 0x00, 0x00,
    0x00, 0x00, 0x00, 0x00, 0x00, 0x00, 0x00, 0x00, 0x00, 0x9f, 0xff, 0xf5, 0x00, 0x00, 0x00, 0xcf,
    0xff, 0xe1, 0x11, 0x11, 0x11, 0x11, 0x11, 0x11, 0x11, 0x11, 0x00, 0x00, 0x00, 0x00, 0x00, 0x00,
    0x00, 0x00, 0x3f, 0xff, 0xfb, 0x00, 0x00, 0x00, 0x0c, 0xff, 0xff, 0xff, 0xff, 0xff, 0xff, 0xff,
    0xff, 0xff, 0xff, 0xc0, 0x00, 0x00, 0x00, 0x00, 0x00, 0x00, 0x00, 0x0b, 0xff, 0xff, 0x30, 0x00,
    0x00, 0x00, 0xcf, 0xff, 0xff, 0xff, 0xff, 0xff, 0xff, 0xff, 0xff, 0xff, 0xfc, 0x00, 0x00, 0x00,
    0x00, 0x00, 0x00, 0x00, 0x05, 0xff, 0xff, 0xa0, 0x00, 0x00, 0x00, 0x0c, 0xff, 0xff, 0xff, 0xff,
    0xff, 0xff, 0xff, 0xff, 0xff, 0xff, 0xc0, 0x00, 0x00, 0x00, 0x00, 0x00, 0x00, 0x01, 0xdf, 0xff,
    0xe2, 0x00, 0x00, 0x00, 0x00, 0xcf, 0xff, 0xff, 0xff, 0xff, 0xff, 0xff, 0xff, 0xff, 0xff, 0xfc,
    0x00, 0x00, 0x00, 0x00, 0x00, 0x00, 0x00, 0x8f, 0xff, 0xf8, 0x00, 0x00, 0x00, 0x00, 0x0c, 0xff,
    0xfe, 0x00, 0x00, 0x00, 0x00, 0x00, 0x00, 0x00, 0x00, 0x00, 0x00, 0x00, 0x00, 0x00, 0x00, 0x00,
    0x2f, 0xff, 0xfd, 0x10, 0x00, 0x00, 0x00, 0x00, 0xcf, 0xff, 0xe0, 0x00, 0x00, 0x00, 0x00, 0x00,
    0x00, 0x00, 0x00, 0x00, 0x00, 0x00, 0x00, 0x00, 0x00, 0x0a, 0xff, 0xff, 0x60, 0x00, 0x00, 0x00,
    0x00, 0x0c, 0xff, 0xfe, 0x00, 0x00, 0x00, 0x00, 0x00, 0x00, 0x00, 0x00, 0x00, 0x00, 0x00, 0x00,
    0x00, 0x00, 0x04, 0xff, 0xff, 0xff, 0xff, 0xff, 0xff, 0xff, 0xff, 0xff, 0xff, 0xe0, 0x00, 0x00,
    0x00, 0x00, 0x00, 0x00, 0x00, 0x00, 0x00, 0x00, 0x00, 0x00, 0x00, 0x00, 0xdf, 0xff, 0xff, 0xff,
    0xff, 0xff, 0xff, 0xff, 0xff, 0xff, 0xfe, 0x00, 0x00, 0x00, 0x00, 0x00, 0x00, 0x00, 0x00, 0x00,
    0x00, 0x00, 0x00, 0x00, 0x00, 0x7f, 0xff, 0xff, 0xff, 0xff, 0xff, 0xff, 0xff, 0xff, 0xff, 0xff,
    0xe0, 0x00, 0x00, 0x00, 0x00, 0x00, 0x00, 0x00, 0x00, 0x00, 0x00, 0x00, 0x00, 0x00, 0x1e, 0xff,
    0xff, 0xff, 0xff, 0xff, 0xff, 0xff, 0xff, 0xff, 0xff, 0xfe, 0x00, 0x00, 0x00, 0x00, 0x00, 0x00,
    0x00, 0x00, 0x00, 0x00, 0x00, 0x00, 0x00, 0x0a, 0xff, 0xff, 0x91, 0x11, 0x11, 0x11, 0x11, 0x11,
    0x11, 0xcf, 0xff, 0xe0, 0x00, 0x00, 0x00, 0x00, 0x00, 0x00, 0x00, 0x00, 0x00, 0x00, 0x00, 0x00,
    0x03, 0xff, 0xff, 0xd1, 0x00, 0x00, 0x00, 0x00, 0x00, 0x00, 0x0c, 0xff, 0xfe, 0x00, 0x00, 0x00,
    0x00, 0x00, 0x00, 0x00, 0x00, 0x00, 0x00, 0x00, 0x00, 0x00, 0xcf, 0xff, 0xf5, 0x00, 0x00, 0x00,
    0x00, 0x00, 0x00, 0x00, 0xcf, 0xff, 0xe0, 0x00, 0x00, 0x00, 0x00, 0x00, 0x00, 0x00, 0x00, 0x00,
    0x00, 0x00, 0x00, 0x6f, 0xff, 0xfb, 0x00, 0x00, 0x00, 0x00, 0x00, 0x00, 0x00, 0x0c, 0xff, 0xfe,
    0x11, 0x11, 0x11, 0x11, 0x11, 0x11, 0x11, 0x11, 0x11, 0x11, 0x00, 0x00, 0x1e, 0xff, 0xfe, 0x20,
    0x00, 0x00, 0x00, 0x00, 0x00, 0x00, 0x00, 0xcf, 0xff, 0xff, 0xff, 0xff, 0xff, 0xff, 0xff, 0xff,
    0xff, 0xff, 0xff, 0x80, 0x00, 0x09, 0xff, 0xff, 0x70, 0x00, 0x00, 0x00, 0x00, 0x00, 0x00, 0x00,
    0x0c, 0xff, 0xff, 0xff, 0xff, 0xff, 0xff, 0xff, 0xff, 0xff, 0xff, 0xff, 0xf8, 0x00, 0x03, 0xff,
    0xff, 0xc0, 0x00, 0x00, 0x00, 0x00, 0x00, 0x00, 0x00, 0x00, 0xcf, 0xff, 0xff, 0xff, 0xff, 0xff,
    0xff, 0xff, 0xff, 0xff, 0xff, 0xff, 0x80, 0x00, 0xbf, 0xff, 0xf3, 0x00, 0x00, 0x00, 0x00, 0x00,
    0x00, 0x00, 0x00, 0x0c, 0xff, 0xff, 0xff, 0xff, 0xff, 0xff, 0xff, 0xff, 0xff, 0xff, 0xff, 0xf8,
    0x00, 0x00, 0x00, 0x00, 0x00, 0x00, 0x00, 0x00, 0x37, 0xac, 0xef, 0xfe, 0xdb, 0x84, 0x00, 0x00,
    0x00, 0x00, 0x00, 0x00, 0x00, 0x00, 0x00, 0x01, 0x7d, 0xff, 0xff, 0xff, 0xff, 0xff, 0xff, 0xe9,
    0x20, 0x00, 0x00, 0x00, 0x00, 0x00, 0x00, 0x00, 0x7e, 0xff, 0xff, 0xff, 0xff, 0xff, 0xff, 0xff,
    0xff, 0xf9, 0x10, 0x00, 0x00, 0x00, 0x00, 0x00, 0x3c, 0xff, 0xff, 0xff, 0xff, 0xff, 0xff, 0xff,
    0xff, 0xff, 0xff, 0xd3, 0x00, 0x00, 0x00, 0x00, 0x04, 0xef, 0xff, 0xff, 0xfd, 0x95, 0x32, 0x12,
    0x47, 0xbf, 0xff, 0xff, 0xfe, 0x40, 0x00, 0x00, 0x00, 0x4f, 0xff, 0xff, 0xfc, 0x50, 0x00, 0x00,
    0x00, 0x00, 0x02, 0x9f, 0xff, 0xff, 0x70, 0x00, 0x00, 0x02, 0xef, 0xff, 0xff, 0x70, 0x00, 0x00,
    0x00, 0x00, 0x00, 0x00, 0x03, 0xdf, 0xf7, 0x00, 0x00, 0x00, 0x0c, 0xff, 0xff, 0xe4, 0x00, 0x00,
    0x00, 0x00, 0x00, 0x00, 0x00, 0x00, 0x1c, 0x70, 0x00, 0x00, 0x00, 0x7f, 0xff, 0xfe, 0x30, 0x00,
    0x00, 0x00, 0x00, 0x00, 0x00, 0x00, 0x00, 0x00, 0x00, 0x00, 0x00, 0x01, 0xef, 0xff, 0xf6, 0x00,
    0x00, 0x00, 0x00, 0x00, 0x00, 0x00, 0x00, 0x00, 0x00, 0x00, 0x00, 0x00, 0x07, 0xff, 0xff, 0xb0,
    0x00, 0x00, 0x00, 0x00, 0x00, 0x00, 0x00, 0x00, 0x00, 0x00, 0x00, 0x00, 0x00, 0x0d, 0xff, 0xff,
    0x40, 0x00, 0x00, 0x00, 0x00, 0x00, 0x00, 0x00, 0x00, 0x00, 0x00, 0x00, 0x00, 0x00, 0x2f, 0xff,
    0xfd, 0x00, 0x00, 0x00, 0x00, 0x00, 0x00, 0x00, 0x00, 0x00, 0x00, 0x00, 0x00, 0x00, 0x00, 0x5f,
    0xff, 0xf8, 0x00, 0x00, 0x00, 0x00, 0x00, 0x00, 0x00, 0x00, 0x00, 0x00, 0x00, 0x00, 0x00, 0x00,
    0x8f, 0xff, 0xf5, 0x00, 0x00, 0x00, 0x00, 0x00, 0x00, 0x00, 0x00, 0x00, 0x00, 0x00, 0x00, 0x00,
    0x00, 0xaf, 0xff, 0xf3, 0x00, 0x00, 0x00, 0x00, 0x00, 0x00, 0x00, 0x00, 0x00, 0x00, 0x00, 0x00,
    0x00, 0x00, 0xaf, 0xff, 0xf2, 0x00, 0x00, 0x00, 0x00, 0x00, 0x00, 0x00, 0x00, 0x00, 0x00, 0x00,
    0x00, 0x00, 0x00, 0xaf, 0xff, 0xf2, 0x00, 0x00, 0x00, 0x00, 0x00, 0x00, 0x00, 0x00, 0x00, 0x00,
    0x00, 0x00, 0x00, 0x00, 0xaf, 0xff, 0xf3, 0x00, 0x00, 0x00, 0x00, 0x00, 0x00, 0x00, 0x00, 0x00,
    0x00, 0x00, 0x00, 0x00, 0x00, 0x8f, 0xff, 0xf5, 0x00, 0x00, 0x00, 0x00, 0x00, 0x00, 0x00, 0x00,
    0x00, 0x00, 0x00, 0x00, 0x00, 0x00, 0x5f, 0xff, 0xf8, 0x00, 0x00, 0x00, 0x00, 0x00, 0x00, 0x00,
    0x00, 0x00, 0x00, 0x00, 0x00, 0x00, 0x00, 0x2f, 0xff, 0xfd, 0x00, 0x00, 0x00, 0x00, 0x00, 0x00,
    0x00, 0x00, 0x00, 0x00, 0x00, 0x00, 0x00, 0x00, 0x0d, 0xff, 0xff, 0x40, 0x00, 0x00, 0x00, 0x00,
    0x00, 0x00, 0x00, 0x00, 0x00, 0x00, 0x00, 0x00, 0x00, 0x07, 0xff, 0xff, 0xb0, 0x00, 0x00, 0x00,
    0x00, 0x00, 0x00, 0x00, 0x00, 0x00, 0x00, 0x00, 0x00, 0x00, 0x01, 0xef, 0xff, 0xf6, 0x00, 0x00,
    0x00, 0x00, 0x00, 0x00, 0x00, 0x00, 0x00, 0x00, 0x00, 0x00, 0x00, 0x00, 0x7f, 0xff, 0xfe, 0x30,
    0x00, 0x00, 0x00, 0x00, 0x00, 0x00, 0x00, 0x00, 0x00, 0x00, 0x00, 0x00, 0x00, 0x0d, 0xff, 0xff,
    0xe3, 0x00, 0x00, 0x00, 0x00, 0x00, 0x00, 0x00, 0x00, 0x1c, 0x60, 0x00, 0x00, 0x00, 0x02, 0xef,
    0xff, 0xff, 0x60, 0x00, 0x00, 0x00, 0x00, 0x00, 0x00, 0x03, 0xdf, 0xf6, 0x00, 0x00, 0x00, 0x00,
    0x4f, 0xff, 0xff, 0xfc, 0x40, 0x00, 0x00, 0x00, 0x00, 0x02, 0x8f, 0xff, 0xff, 0x60, 0x00, 0x00,
    0x00, 0x04, 0xef, 0xff, 0xff, 0xfd, 0x95, 0x32, 0x23, 0x47, 0xcf, 0xff, 0xff, 0xff, 0x50, 0x00,
    0x00, 0x00, 0x00, 0x3d, 0xff, 0xff, 0xff, 0xff, 0xff, 0xff, 0xff, 0xff, 0xff, 0xff, 0xe4, 0x00,
    0x00, 0x00, 0x00, 0x00, 0x01, 0x8e, 0xff, 0xff, 0xff, 0xff, 0xff, 0xff, 0xff, 0xff, 0xf9, 0x10,
    0x00, 0x00, 0x00, 0x00, 0x00, 0x00, 0x01, 0x8d, 0xff, 0xff, 0xff, 0xff, 0xff, 0xff, 0xe9, 0x30,
    0x00, 0x00, 0x00, 0x00, 0x00, 0x00, 0x00, 0x00, 0x00, 0x37, 0xad, 0xef, 0xfe, 0xdb, 0x84, 0x00,
    0x00, 0x00, 0x00, 0x00, 0x00, 0x00, 0x00, 0x00, 0x00, 0x00, 0x00, 0x00, 0xaf, 0xe0, 0x00, 0x00,
    0x00, 0x00, 0x00, 0x00, 0x00, 0x00, 0x00, 0x00, 0x00, 0x00, 0x00, 0x00, 0x00, 0xef, 0xb0, 0x00,
    0x00, 0x00, 0x00, 0x00, 0x00, 0x00, 0x00, 0x00, 0x00, 0x00, 0x00, 0x00, 0x00, 0x02, 0xff, 0x70,
    0x00, 0x00, 0x00, 0x00, 0x00, 0x00, 0x00, 0x00, 0x00, 0x00, 0x00, 0x00, 0x00, 0x00, 0x06, 0xff,
    0xfd, 0x70, 0x00, 0x00, 0x00, 0x00, 0x00, 0x00, 0x00, 0x00, 0x00, 0x00, 0x00, 0x00, 0x00, 0x0a,
    0xff, 0xff, 0xfb, 0x00, 0x00, 0x00, 0x00, 0x00, 0x00, 0x00, 0x00, 0x00, 0x00, 0x00, 0x00, 0x00,
    0x00, 0x01, 0x6f, 0xff, 0x40, 0x00, 0x00, 0x00, 0x00, 0x00, 0x00, 0x00, 0x00, 0x00, 0x00, 0x00,
    0x00, 0x00, 0x00, 0x0c, 0xff, 0x80, 0x00, 0x00, 0x00, 0x00, 0x00, 0x00, 0x00, 0x00, 0x00, 0x00,
    0x00, 0x05, 0x20, 0x00, 0x4e, 0xff, 0x70, 0x00, 0x00, 0x00, 0x00, 0x00, 0x00, 0x00, 0x00, 0x00,
    0x00, 0x00, 0x2f, 0xfe, 0xde, 0xff, 0xff, 0x20, 0x00, 0x00, 0x00, 0x00, 0x00, 0x00, 0x00, 0x00,
    0x00, 0x00, 0x00, 0x8f, 0xff, 0xff, 0xff, 0xe5, 0x00, 0x00, 0x00, 0x00, 0x00, 0x00, 0x00, 0x00,
    0x00, 0x00, 0x00, 0x00, 0x17, 0xbe, 0xfe, 0xc8, 0x20, 0x00, 0x00, 0x00, 0x00, 0x00, 0x00, 0x00,
    0x00, 0x00, 0x48, 0x88, 0x87, 0x20, 0x00, 0x00, 0x00, 0x00, 0x00, 0x00, 0x00, 0x00, 0x00, 0x00,
    0x00, 0x00, 0x09, 0xff, 0xff, 0xd2, 0x00, 0x00, 0x00, 0x00, 0x00, 0x00, 0x00, 0x00, 0x00, 0x00,
    0x00, 0x00, 0x00, 0x6f, 0xff, 0xfd, 0x20, 0x00, 0x00, 0x00, 0x00, 0x00, 0x00, 0x00, 0x00, 0x00,
    0x00, 0x00, 0x00, 0x04, 0xef, 0xff, 0xd2, 0x00, 0x00, 0x00, 0x00, 0x00, 0x00, 0x00, 0x00, 0x00,
    0x00, 0x00, 0x00, 0x00, 0x2c, 0xff, 0xfd, 0x20, 0x00, 0x00, 0x00, 0x00, 0x00, 0x00, 0x00, 0x00,
    0x00, 0x00, 0x00, 0x00, 0x01, 0xaf, 0xff, 0xd2, 0x00, 0x00, 0x00, 0x00, 0x00, 0x00, 0x00, 0x00,
    0x00, 0x00, 0x00, 0x00, 0x00, 0x07, 0xff, 0xfd, 0x20, 0x00, 0x00, 0x00, 0x00, 0x00, 0x00, 0x00,
    0x00, 0x00, 0x00, 0x00, 0x00, 0x00, 0x00, 0x00, 0x00, 0x00, 0x00, 0x00, 0x00, 0x00, 0x00, 0x00,
    0x00, 0x00, 0x00, 0x00, 0x00, 0x00, 0x00, 0x00, 0x00, 0x00, 0x00, 0x00, 0x00, 0x00, 0x00, 0x00,
    0x0e, 0xff, 0xff, 0xff, 0xff, 0xff, 0xff, 0xff, 0xff, 0xff, 0xff, 0xff, 0xb0, 0x00, 0x00, 0x00,
    0x0e, 0xff, 0xff, 0xff, 0xff, 0xff, 0xff, 0xff, 0xff, 0xff, 0xff, 0xff, 0xb0, 0x00, 0x00, 0x00,
    0x0e, 0xff, 0xff, 0xff, 0xff, 0xff, 0xff, 0xff, 0xff, 0xff, 0xff, 0xff, 0xb0, 0x00, 0x00, 0x00,
    0x0e, 0xff, 0xff, 0xff, 0xff, 0xff, 0xff, 0xff, 0xff, 0xff, 0xff, 0xff, 0xb0, 0x00, 0x00, 0x00,
    0x0e, 0xff, 0xfd, 0x11, 0x11, 0x11, 0x11, 0x11, 0x11, 0x11, 0x11, 0x11, 0x10, 0x00, 0x00, 0x00,
    0x0e, 0xff, 0xfd, 0x00, 0x00, 0x00, 0x00, 0x00, 0x00, 0x00, 0x00, 0x00, 0x00, 0x00, 0x00, 0x00,
    0x0e, 0xff, 0xfd, 0x00, 0x00, 0x00, 0x00, 0x00, 0x00, 0x00, 0x00, 0x00, 0x00, 0x00, 0x00, 0x00,
    0x0e, 0xff, 0xfd, 0x00, 0x00, 0x00, 0x00, 0x00, 0x00, 0x00, 0x00, 0x00, 0x00, 0x00, 0x00, 0x00,
    0x0e, 0xff, 0xfd, 0x00, 0x00, 0x00, 0x00, 0x00, 0x00, 0x00, 0x00, 0x00, 0x00, 0x00, 0x00, 0x00,
    0x0e, 0xff, 0xfd, 0x00, 0x00, 0x00, 0x00, 0x00, 0x00, 0x00, 0x00, 0x00, 0x00, 0x00, 0x00, 0x00,
    0x0e, 0xff, 0xfd, 0x00, 0x00, 0x00, 0x00, 0x00, 0x00, 0x00, 0x00, 0x00, 0x00, 0x00, 0x00, 0x00,
    0x0e, 0xff, 0xfd, 0x00, 0x00, 0x00, 0x00, 0x00, 0x00, 0x00, 0x00, 0x00, 0x00, 0x00, 0x00, 0x00,
    0x0e, 0xff, 0xfd, 0x00, 0x00, 0x00, 0x00, 0x00, 0x00, 0x00, 0x00, 0x00, 0x00, 0x00, 0x00, 0x00,
    0x0e, 0xff, 0xfd, 0x00, 0x00, 0x00, 0x00, 0x00, 0x00, 0x00, 0x00, 0x00, 0x00, 0x00, 0x00, 0x00,
    0x0e, 0xff, 0xfd, 0x11, 0x11, 0x11, 0x11, 0x11, 0x11, 0x11, 0x11, 0x10, 0x00, 0x00, 0x00, 0x00,
    0x0e, 0xff, 0xff, 0xff, 0xff, 0xff, 0xff, 0xff, 0xff, 0xff, 0xff, 0xa0, 0x00, 0x00, 0x00, 0x00,
    0x0e, 0xff, 0xff, 0xff, 0xff, 0xff, 0xff, 0xff, 0xff, 0xff, 0xff, 0xa0, 0x00, 0x00, 0x00, 0x00,
    0x0e, 0xff, 0xff, 0xff, 0xff, 0xff, 0xff, 0xff, 0xff, 0xff, 0xff, 0xa0, 0x00, 0x00, 0x00, 0x00,
    0x0e, 0xff, 0xff, 0xff, 0xff, 0xff, 0xff, 0xff, 0xff, 0xff, 0xff, 0xa0, 0x00, 0x00, 0x00, 0x00,
    0x0e, 0xff, 0xfd, 0x00, 0x00, 0x00, 0x00, 0x00, 0x00, 0x00, 0x00, 0x00, 0x00, 0x00, 0x00, 0x00,
    0x0e, 0xff, 0xfd, 0x00, 0x00, 0x00, 0x00, 0x00, 0x00, 0x00, 0x00, 0x00, 0x00, 0x00, 0x00, 0x00,
    0x0e, 0xff, 0xfd, 0x00, 0x00, 0x00, 0x00, 0x00, 0x00, 0x00, 0x00, 0x00, 0x00, 0x00, 0x00, 0x00,
    0x0e, 0xff, 0xfd, 0x00, 0x00, 0x00, 0x00, 0x00, 0x00, 0x00, 0x00, 0x00, 0x00, 0x00, 0x00, 0x00,
    0x0e, 0xff, 0xfd, 0x00, 0x00, 0x00, 0x00, 0x00, 0x00, 0x00, 0x00, 0x00, 0x00, 0x00, 0x00, 0x00,
    0x0e, 0xff, 0xfd, 0x00, 0x00, 0x00, 0x00, 0x00, 0x00, 0x00, 0x00, 0x00, 0x00, 0x00, 0x00, 0x00,
    0x0e, 0xff, 0xfd, 0x00, 0x00, 0x00, 0x00, 0x00, 0x00, 0x00, 0x00, 0x00, 0x00, 0x00, 0x00, 0x00,
    0x0e, 0xff, 0xfd, 0x00, 0x00, 0x00, 0x00, 0x00, 0x00, 0x00, 0x00, 0x00, 0x00, 0x00, 0x00, 0x00,
    0x0e, 0xff, 0xfd, 0x00, 0x00, 0x00, 0x00, 0x00, 0x00, 0x00, 0x00, 0x00, 0x00, 0x00, 0x00, 0x00,
    0x0e, 0xff, 0xfd, 0x00, 0x00, 0x00, 0x00, 0x00, 0x00, 0x00, 0x00, 0x00, 0x00, 0x00, 0x00, 0x00,
    0x0e, 0xff, 0xfd, 0x11, 0x11, 0x11, 0x11, 0x11, 0x11, 0x11, 0x11, 0x11, 0x10, 0x00, 0x00, 0x00,
    0x0e, 0xff, 0xff, 0xff, 0xff, 0xff, 0xff, 0xff, 0xff, 0xff, 0xff, 0xff, 0xf6, 0x00, 0x00, 0x00,
    0x0e, 0xff, 0xff, 0xff, 0xff, 0xff, 0xff, 0xff, 0xff, 0xff, 0xff, 0xff, 0xf6, 0x00, 0x00, 0x00,
    0x0e, 0xff, 0xff, 0xff, 0xff, 0xff, 0xff, 0xff, 0xff, 0xff, 0xff, 0xff, 0xf6, 0x00, 0x00, 0x00,
    0x0e, 0xff, 0xff, 0xff, 0xff, 0xff, 0xff, 0xff, 0xff, 0xff, 0xff, 0xff, 0xf6, 0x00, 0x00, 0x00,
    0x00, 0x00, 0x00, 0x00, 0x00, 0x00, 0x00, 0x03, 0x88, 0x88, 0x83, 0x00, 0x00, 0x00, 0x00, 0x00,
    0x00, 0x00, 0x00, 0x00, 0x00, 0x00, 0x00, 0x3e, 0xff, 0xff, 0x70, 0x00, 0x00, 0x00, 0x00, 0x00,
    0x00, 0x00, 0x00, 0x00, 0x00, 0x00, 0x03, 0xef, 0xff, 0xe4, 0x00, 0x00, 0x00, 0x00, 0x00, 0x00,
    0x00, 0x00, 0x00, 0x00, 0x00, 0x00, 0x4e, 0xff, 0xfc, 0x20, 0x00, 0x00, 0x00, 0x00, 0x00, 0x00,
    0x00, 0x00, 0x00, 0x00, 0x00, 0x04, 0xef, 0xff, 0xa1, 0x00, 0x00, 0x00, 0x00, 0x00, 0x00, 0x00,
    0x00, 0x00, 0x00, 0x00, 0x00, 0x4e, 0xff, 0xf7, 0x00, 0x00, 0x00, 0x00, 0x00, 0x00, 0x00, 0x00,
    0x00, 0x00, 0x00, 0x00, 0x04, 0xef, 0xfe, 0x50, 0x00, 0x00, 0x00, 0x00, 0x00, 0x00, 0x00, 0x00,
    0x00, 0x00, 0x00, 0x00, 0x00, 0x00, 0x00, 0x00, 0x00, 0x00, 0x00, 0x00, 0x00, 0x00, 0x00, 0x00,
    0x00, 0x00, 0x00, 0x00, 0x00, 0x00, 0x00, 0x00, 0x00, 0x00, 0x00, 0x00, 0x00, 0x00, 0x00, 0x00,
    0x0e, 0xff, 0xff, 0xff, 0xff, 0xff, 0xff, 0xff, 0xff, 0xff, 0xff, 0xff, 0xb0, 0x00, 0x00, 0x00,
    0x0e, 0xff, 0xff, 0xff, 0xff, 0xff, 0xff, 0xff, 0xff, 0xff, 0xff, 0xff, 0xb0, 0x00, 0x00, 0x00,
    0x0e, 0xff, 0xff, 0xff, 0xff, 0xff, 0xff, 0xff, 0xff, 0xff, 0xff, 0xff, 0xb0, 0x00, 0x00, 0x00,
    0x0e, 0xff, 0xff, 0xff, 0xff, 0xff, 0xff, 0xff, 0xff, 0xff, 0xff, 0xff, 0xb0, 0x00, 0x00, 0x00,
    0x0e, 0xff, 0xfd, 0x11, 0x11, 0x11, 0x11, 0x11, 0x11, 0x11, 0x11, 0x11, 0x10, 0x00, 0x00, 0x00,
    0x0e, 0xff, 0xfd, 0x00, 0x00, 0x00, 0x00, 0x00, 0x00, 0x00, 0x00, 0x00, 0x00, 0x00, 0x00, 0x00,
    0x0e, 0xff, 0xfd, 0x00, 0x00, 0x00, 0x00, 0x00, 0x00, 0x00, 0x00, 0x00, 0x00, 0x00, 0x00, 0x00,
    0x0e, 0xff, 0xfd, 0x00, 0x00, 0x00, 0x00, 0x00, 0x00, 0x00, 0x00, 0x00, 0x00, 0x00, 0x00, 0x00,
    0x0e, 0xff, 0xfd, 0x00, 0x00, 0x00, 0x00, 0x00, 0x00, 0x00, 0x00, 0x00, 0x00, 0x00, 0x00, 0x00,
    0x0e, 0xff, 0xfd, 0x00, 0x00, 0x00, 0x00, 0x00, 0x00, 0x00, 0x00, 0x00, 0x00, 0x00, 0x00, 0x00,
    0x0e, 0xff, 0xfd, 0x00, 0x00, 0x00, 0x00, 0x00, 0x00, 0x00, 0x00, 0x00, 0x00, 0x00, 0x00, 0x00,
    0x0e, 0xff, 0xfd, 0x00, 0x00, 0x00, 0x00, 0x00, 0x00, 0x00, 0x00, 0x00, 0x00, 0x00, 0x00, 0x00,
    0x0e, 0xff, 0xfd, 0x00, 0x00, 0x00, 0x00, 0x00, 0x00, 0x00, 0x00, 0x00, 0x00, 0x00, 0x00, 0x00,
    0x0e, 0xff, 0xfd, 0x00, 0x00, 0x00, 0x00, 0x00, 0x00, 0x00, 0x00, 0x00, 0x00, 0x00, 0x00, 0x00,
    0x0e, 0xff, 0xfd, 0x11, 0x11, 0x11, 0x11, 0x11, 0x11, 0x11, 0x11, 0x10, 0x00, 0x00, 0x00, 0x00,
    0x0e, 0xff, 0xff, 0xff, 0xff, 0xff, 0xff, 0xff, 0xff, 0xff, 0xff, 0xa0, 0x00, 0x00, 0x00, 0x00,
    0x0e, 0xff, 0xff, 0xff, 0xff, 0xff, 0xff, 0xff, 0xff, 0xff, 0xff, 0xa0, 0x00, 0x00, 0x00, 0x00,
    0x0e, 0xff, 0xff, 0xff, 0xff, 0xff, 0xff, 0xff, 0xff, 0xff, 0xff, 0xa0, 0x00, 0x00, 0x00, 0x00,
    0x0e, 0xff, 0xff, 0xff, 0xff, 0xff, 0xff, 0xff, 0xff, 0xff, 0xff, 0xa0, 0x00, 0x00, 0x00, 0x00,
    0x0e, 0xff, 0xfd, 0x00, 0x00, 0x00, 0x00, 0x00, 0x00, 0x00, 0x00, 0x00, 0x00, 0x00, 0x00, 0x00,
    0x0e, 0xff, 0xfd, 0x00, 0x00, 0x00, 0x00, 0x00, 0x00, 0x00, 0x00, 0x00, 0x00, 0x00, 0x00, 0x00,
    0x0e, 0xff, 0xfd, 0x00, 0x00, 0x00, 0x00, 0x00, 0x00, 0x00, 0x00, 0x00, 0x00, 0x00, 0x00, 0x00,
    0x0e, 0xff, 0xfd, 0x00, 0x00, 0x00, 0x00, 0x00, 0x00, 0x00, 0x00, 0x00, 0x00, 0x00, 0x00, 0x00,
    0x0e, 0xff, 0xfd, 0x00, 0x00, 0x00, 0x00, 0x00, 0x00, 0x00, 0x00, 0x00, 0x00, 0x00, 0x00, 0x00,
    0x0e, 0xff, 0xfd, 0x00, 0x00, 0x00, 0x00, 0x00, 0x00, 0x00, 0x00, 0x00, 0x00, 0x00, 0x00, 0x00,
    0x0e, 0xff, 0xfd, 0x00, 0x00, 0x00, 0x00, 0x00, 0x00, 0x00, 0x00, 0x00, 0x00, 0x00, 0x00, 0x00,
    0x0e, 0xff, 0xfd, 0x00, 0x00, 0x00, 0x00, 0x00, 0x00, 0x00, 0x00, 0x00, 0x00, 0x00, 0x00, 0x00,
    0x0e, 0xff, 0xfd, 0x00, 0x00, 0x00, 0x00, 0x00, 0x00, 0x00, 0x00, 0x00, 0x00, 0x00, 0x00, 0x00,
    0x0e, 0xff, 0xfd, 0x00, 0x00, 0x00, 0x00, 0x00, 0x00, 0x00, 0x00, 0x00, 0x00, 0x00, 0x00, 0x00,
    0x0e, 0xff, 0xfd, 0x11, 0x11, 0x11, 0x11, 0x11, 0x11, 0x11, 0x11, 0x11, 0x10, 0x00, 0x00, 0x00,
    0x0e, 0xff, 0xff, 0xff, 0xff, 0xff, 0xff, 0xff, 0xff, 0xff, 0xff, 0xff, 0xf6, 0x00, 0x00, 0x00,
    0x0e, 0xff, 0xff, 0xff, 0xff, 0xff, 0xff, 0xff, 0xff, 0xff, 0xff, 0xff, 0xf6, 0x00, 0x00, 0x00,
    0x0e, 0xff, 0xff, 0xff, 0xff, 0xff, 0xff, 0xff, 0xff, 0xff, 0xff, 0xff, 0xf6, 0x00, 0x00, 0x00,
    0x0e, 0xff, 0xff, 0xff, 0xff, 0xff, 0xff, 0xff, 0xff, 0xff, 0xff, 0xff, 0xf6, 0x00, 0x00, 0x00,
    0x00, 0x00, 0x00, 0x00, 0x00, 0x48, 0x88, 0x83, 0x00, 0x00, 0x00, 0x00, 0x00, 0x00, 0x00, 0x00,
    0x00, 0x00, 0x00, 0x00, 0x05, 0xff, 0xff, 0xfe, 0x30, 0x00, 0x00, 0x00, 0x00, 0x00, 0x00, 0x00,
    0x00, 0x00, 0x00, 0x00, 0x4f, 0xff, 0xff, 0xff, 0xe2, 0x00, 0x00, 0x00, 0x00, 0x00, 0x00, 0x00,
    0x00, 0x00, 0x00, 0x04, 0xff, 0xff, 0x8b, 0xff, 0xfe, 0x20, 0x00, 0x00, 0x00, 0x00, 0x00, 0x00,
    0x00, 0x00, 0x00, 0x4f, 0xff, 0xf6, 0x00, 0x9f, 0xff, 0xd2, 0x00, 0x00, 0x00, 0x00, 0x00, 0x00,
    0x00, 0x00, 0x04, 0xef, 0xfe, 0x40, 0x00, 0x07, 0xff, 0xfd, 0x20, 0x00, 0x00, 0x00, 0x00, 0x00,
    0x00, 0x00, 0x4e, 0xff, 0xd3, 0x00, 0x00, 0x00, 0x5e, 0xff, 0xd2, 0x00, 0x00, 0x00, 0x00, 0x00,
    0x00, 0x00, 0x00, 0x00, 0x00, 0x00, 0x00, 0x00, 0x00, 0x00, 0x00, 0x00, 0x00, 0x00, 0x00, 0x00,
    0x00, 0x00, 0x00, 0x00, 0x00, 0x00, 0x00, 0x00, 0x00, 0x00, 0x00, 0x00, 0x00, 0x00, 0x00, 0x00,
    0x0e, 0xff, 0xff, 0xff, 0xff, 0xff, 0xff, 0xff, 0xff, 0xff, 0xff, 0xff, 0xb0, 0x00, 0x00, 0x00,
    0x0e, 0xff, 0xff, 0xff, 0xff, 0xff, 0xff, 0xff, 0xff, 0xff, 0xff, 0xff, 0xb0, 0x00, 0x00, 0x00,
    0x0e, 0xff, 0xff, 0xff, 0xff, 0xff, 0xff, 0xff, 0xff, 0xff, 0xff, 0xff, 0xb0, 0x00, 0x00, 0x00,
    0x0e, 0xff, 0xff, 0xff, 0xff, 0xff, 0xff, 0xff, 0xff, 0xff, 0xff, 0xff, 0xb0, 0x00, 0x00, 0x00,
    0x0e, 0xff, 0xfd, 0x11, 0x11, 0x11, 0x11, 0x11, 0x11, 0x11, 0x11, 0x11, 0x10, 0x00, 0x00, 0x00,
    0x0e, 0xff, 0xfd, 0x00, 0x00, 0x00, 0x00, 0x00, 0x00, 0x00, 0x00, 0x00, 0x00, 0x00, 0x00, 0x00,
    0x0e, 0xff, 0xfd, 0x00, 0x00, 0x00, 0x00, 0x00, 0x00, 0x00, 0x00, 0x00, 0x00, 0x00, 0x00, 0x00,
    0x0e, 0xff, 0xfd, 0x00, 0x00, 0x00, 0x00, 0x00, 0x00, 0x00, 0x00, 0x00, 0x00, 0x00, 0x00, 0x00,
    0x0e, 0xff, 0xfd, 0x00, 0x00, 0x00, 0x00, 0x00, 0x00, 0x00, 0x00, 0x00, 0x00, 0x00, 0x00, 0x00,
    0x0e, 0xff, 0xfd, 0x00, 0x00, 0x00, 0x00, 0x00, 0x00, 0x00, 0x00, 0x00, 0x00, 0x00, 0x00, 0x00,
    0x0e, 0xff, 0xfd, 0x00, 0x00, 0x00, 0x00, 0x00, 0x00, 0x00, 0x00, 0x00, 0x00, 0x00, 0x00, 0x00,
    0x0e, 0xff, 0xfd, 0x00, 0x00, 0x00, 0x00, 0x00, 0x00, 0x00, 0x00, 0x00, 0x00, 0x00, 0x00, 0x00,
    0x0e, 0xff, 0xfd, 0x00, 0x00, 0x00, 0x00, 0x00, 0x00, 0x00, 0x00, 0x00, 0x00, 0x00, 0x00, 0x00,
    0x0e, 0xff, 0xfd, 0x00, 0x00, 0x00, 0x00, 0x00, 0x00, 0x00, 0x00, 0x00, 0x00, 0x00, 0x00, 0x00,
    0x0e, 0xff, 0xfd, 0x11, 0x11, 0x11, 0x11, 0x11, 0x11, 0x11, 0x11, 0x10, 0x00, 0x00, 0x00, 0x00,
    0x0e, 0xff, 0xff, 0xff, 0xff, 0xff, 0xff, 0xff, 0xff, 0xff, 0xff, 0xa0, 0x00, 0x00, 0x00, 0x00,
    0x0e, 0xff, 0xff, 0xff, 0xff, 0xff, 0xff, 0xff, 0xff, 0xff, 0xff, 0xa0, 0x00, 0x00, 0x00, 0x00,
    0x0e, 0xff, 0xff, 0xff, 0xff, 0xff, 0xff, 0xff, 0xff, 0xff, 0xff, 0xa0, 0x00, 0x00, 0x00, 0x00,
    0x0e, 0xff, 0xff, 0xff, 0xff, 0xff, 0xff, 0xff, 0xff, 0xff, 0xff, 0xa0, 0x00, 0x00, 0x00, 0x00,
    0x0e, 0xff, 0xfd, 0x00, 0x00, 0x00, 0x00, 0x00, 0x00, 0x00, 0x00, 0x00, 0x00, 0x00, 0x00, 0x00,
    0x0e, 0xff, 0xfd, 0x00, 0x00, 0x00, 0x00, 0x00, 0x00, 0x00, 0x00, 0x00, 0x00, 0x00, 0x00, 0x00,
    0x0e, 0xff, 0xfd, 0x00, 0x00, 0x00, 0x00, 0x00, 0x00, 0x00, 0x00, 0x00, 0x00, 0x00, 0x00, 0x00,
    0x0e, 0xff, 0xfd, 0x00, 0x00, 0x00, 0x00, 0x00, 0x00, 0x00, 0x00, 0x00, 0x00, 0x00, 0x00, 0x00,
    0x0e, 0xff, 0xfd, 0x00, 0x00, 0x00, 0x00, 0x00, 0x00, 0x00, 0x00, 0x00, 0x00, 0x00, 0x00, 0x00,
    0x0e, 0xff, 0xfd, 0x00, 0x00, 0x00, 0x00, 0x00, 0x00, 0x00, 0x00, 0x00, 0x00, 0x00, 0x00, 0x00,
    0x0e, 0xff, 0xfd, 0x00, 0x00, 0x00, 0x00, 0x00, 0x00, 0x00, 0x00, 0x00, 0x00, 0x00, 0x00, 0x00,
    0x0e, 0xff, 0xfd, 0x00, 0x00, 0x00, 0x00, 0x00, 0x00, 0x00, 0x00, 0x00, 0x00, 0x00, 0x00, 0x00,
    0x0e, 0xff, 0xfd, 0x00, 0x00, 0x00, 0x00, 0x00, 0x00, 0x00, 0x00, 0x00, 0x00, 0x00, 0x00, 0x00,
    0x0e, 0xff, 0xfd, 0x00, 0x00, 0x00, 0x00, 0x00, 0x00, 0x00, 0x00, 0x00, 0x00, 0x00, 0x00, 0x00,
    0x0e, 0xff, 0xfd, 0x11, 0x11, 0x11, 0x11, 0x11, 0x11, 0x11, 0x11, 0x11, 0x10, 0x00, 0x00, 0x00,
    0x0e, 0xff, 0xff, 0xff, 0xff, 0xff, 0xff, 0xff, 0xff, 0xff, 0xff, 0xff, 0xf6, 0x00, 0x00, 0x00,
    0x0e, 0xff, 0xff, 0xff, 0xff, 0xff, 0xff, 0xff, 0xff, 0xff, 0xff, 0xff, 0xf6, 0x00, 0x00, 0x00,
    0x0e, 0xff, 0xff, 0xff, 0xff, 0xff, 0xff, 0xff, 0xff, 0xff, 0xff, 0xff, 0xf6, 0x00, 0x00, 0x00,
    0x0e, 0xff, 0xff, 0xff, 0xff, 0xff, 0xff, 0xff, 0xff, 0xff, 0xff, 0xff, 0xf6, 0x00, 0x00, 0x00,
    0x00, 0x00, 0x00, 0x2b, 0xeb, 0x10, 0x00, 0x03, 0xce, 0xa1, 0x00, 0x00, 0x00, 0x00, 0x00, 0x00,
    0x00, 0x00, 0x00, 0xcf, 0xff, 0xa0, 0x00, 0x0d, 0xff, 0xf8, 0x00, 0x00, 0x00, 0x00, 0x00, 0x00,
    0x00, 0x00, 0x00, 0xff, 0xff, 0xd0, 0x00, 0x0f, 0xff, 0xfc, 0x00, 0x00, 0x00, 0x00, 0x00, 0x00,
    0x00, 0x00, 0x00, 0xcf, 0xff, 0xa0, 0x00, 0x0d, 0xff, 0xf9, 0x00, 0x00, 0x00, 0x00, 0x00, 0x00,
    0x00, 0x00, 0x00, 0x2c, 0xeb, 0x10, 0x00, 0x03, 0xce, 0xa1, 0x00, 0x00, 0x00, 0x00, 0x00, 0x00,
    0x00, 0x00, 0x00, 0x00, 0x00, 0x00, 0x00, 0x00, 0x00, 0x00, 0x00, 0x00, 0x00, 0x00, 0x00, 0x00,
    0x00, 0x00, 0x00, 0x00, 0x00, 0x00, 0x00, 0x00, 0x00, 0x00, 0x00, 0x00, 0x00, 0x00, 0x00, 0x00,
    0x00, 0x00, 0x00, 0x00, 0x00, 0x00, 0x00, 0x00, 0x00, 0x00, 0x00, 0x00, 0x00, 0x00, 0x00, 0x00,
    0x0e, 0xff, 0xff, 0xff, 0xff, 0xff, 0xff, 0xff, 0xff, 0xff, 0xff, 0xff, 0xb0, 0x00, 0x00, 0x00,
    0x0e, 0xff, 0xff, 0xff, 0xff, 0xff, 0xff, 0xff, 0xff, 0xff, 0xff, 0xff, 0xb0, 0x00, 0x00, 0x00,
    0x0e, 0xff, 0xff, 0xff, 0xff, 0xff, 0xff, 0xff, 0xff, 0xff, 0xff, 0xff, 0xb0, 0x00, 0x00, 0x00,
    0x0e, 0xff, 0xff, 0xff, 0xff, 0xff, 0xff, 0xff, 0xff, 0xff, 0xff, 0xff, 0xb0, 0x00, 0x00, 0x00,
    0x0e, 0xff, 0xfd, 0x11, 0x11, 0x11, 0x11, 0x11, 0x11, 0x11, 0x11, 0x11, 0x10, 0x00, 0x00, 0x00,
    0x0e, 0xff, 0xfd, 0x00, 0x00, 0x00, 0x00, 0x00, 0x00, 0x00, 0x00, 0x00, 0x00, 0x00, 0x00, 0x00,
    0x0e, 0xff, 0xfd, 0x00, 0x00, 0x00, 0x00, 0x00, 0x00, 0x00, 0x00, 0x00, 0x00, 0x00, 0x00, 0x00,
    0x0e, 0xff, 0xfd, 0x00, 0x00, 0x00, 0x00, 0x00, 0x00, 0x00, 0x00, 0x00, 0x00, 0x00, 0x00, 0x00,
    0x0e, 0xff, 0xfd, 0x00, 0x00, 0x00, 0x00, 0x00, 0x00, 0x00, 0x00, 0x00, 0x00, 0x00, 0x00, 0x00,
    0x0e, 0xff, 0xfd, 0x00, 0x00, 0x00, 0x00, 0x00, 0x00, 0x00, 0x00, 0x00, 0x00, 0x00, 0x00, 0x00,
    0x0e, 0xff, 0xfd, 0x00, 0x00, 0x00, 0x00, 0x00, 0x00, 0x00, 0x00, 0x00, 0x00, 0x00, 0x00, 0x00,
    0x0e, 0xff, 0xfd, 0x00, 0x00, 0x00, 0x00, 0x00, 0x00, 0x00, 0x00, 0x00, 0x00, 0x00, 0x00, 0x00,
    0x0e, 0xff, 0xfd, 0x00, 0x00, 0x00, 0x00, 0x00, 0x00, 0x00, 0x00, 0x00, 0x00, 0x00, 0x00, 0x00,
    0x0e, 0xff, 0xfd, 0x00, 0x00, 0x00, 0x00, 0x00, 0x00, 0x00, 0x00, 0x00, 0x00, 0x00, 0x00, 0x00,
    0x0e, 0xff, 0xfd, 0x11, 0x11, 0x11, 0x11, 0x11, 0x11, 0x11, 0x11, 0x10, 0x00, 0x00, 0x00, 0x00,
    0x0e, 0xff, 0xff, 0xff, 0xff, 0xff, 0xff, 0xff, 0xff, 0xff, 0xff, 0xa0, 0x00, 0x00, 0x00, 0x00,
    0x0e, 0xff, 0xff, 0xff, 0xff, 0xff, 0xff, 0xff, 0xff, 0xff, 0xff, 0xa0, 0x00, 0x00, 0x00, 0x00,
    0x0e, 0xff, 0xff, 0xff, 0xff, 0xff, 0xff, 0xff, 0xff, 0xff, 0xff, 0xa0, 0x00, 0x00, 0x00, 0x00,
    0x0e, 0xff, 0xff, 0xff, 0xff, 0xff, 0xff, 0xff, 0xff, 0xff, 0xff, 0xa0, 0x00, 0x00, 0x00, 0x00,
    0x0e, 0xff, 0xfd, 0x00, 0x00, 0x00, 0x00, 0x00, 0x00, 0x00, 0x00, 0x00, 0x00, 0x00, 0x00, 0x00,
    0x0e, 0xff, 0xfd, 0x00, 0x00, 0x00, 0x00, 0x00, 0x00, 0x00, 0x00, 0x00, 0x00, 0x00, 0x00, 0x00,
    0x0e, 0xff, 0xfd, 0x00, 0x00, 0x00, 0x00, 0x00, 0x00, 0x00, 0x00, 0x00, 0x00, 0x00, 0x00, 0x00,
    0x0e, 0xff, 0xfd, 0x00, 0x00, 0x00, 0x00, 0x00, 0x00, 0x00, 0x00, 0x00, 0x00, 0x00, 0x00, 0x00,
    0x0e, 0xff, 0xfd, 0x00, 0x00, 0x00, 0x00, 0x00, 0x00, 0x00, 0x00, 0x00, 0x00, 0x00, 0x00, 0x00,
    0x0e, 0xff, 0xfd, 0x00, 0x00, 0x00, 0x00, 0x00, 0x00, 0x00, 0x00, 0x00, 0x00, 0x00, 0x00, 0x00,
    0x0e, 0xff, 0xfd, 0x00, 0x00, 0x00, 0x00, 0x00, 0x00, 0x00, 0x00, 0x00, 0x00, 0x00, 0x00, 0x00,
    0x0e, 0xff, 0xfd, 0x00, 0x00, 0x00, 0x00, 0x00, 0x00, 0x00, 0x00, 0x00, 0x00, 0x00, 0x00, 0x00,
    0x0e, 0xff, 0xfd, 0x00, 0x00, 0x00, 0x00, 0x00, 0x00, 0x00, 0x00, 0x00, 0x00, 0x00, 0x00, 0x00,
    0x0e, 0xff, 0xfd, 0x00, 0x00, 0x00, 0x00, 0x00, 0x00, 0x00, 0x00, 0x00, 0x00, 0x00, 0x00, 0x00,
    0x0e, 0xff, 0xfd, 0x11, 0x11, 0x11, 0x11, 0x11, 0x11, 0x11, 0x11, 0x11, 0x10, 0x00, 0x00, 0x00,
    0x0e, 0xff, 0xff, 0xff, 0xff, 0xff, 0xff, 0xff, 0xff, 0xff, 0xff, 0xff, 0xf6, 0x00, 0x00, 0x00,
    0x0e, 0xff, 0xff, 0xff, 0xff, 0xff, 0xff, 0xff, 0xff, 0xff, 0xff, 0xff, 0xf6, 0x00, 0x00, 0x00,
    0x0e, 0xff, 0xff, 0xff, 0xff, 0xff, 0xff, 0xff, 0xff, 0xff, 0xff, 0xff, 0xf6, 0x00, 0x00, 0x00,
    0x0e, 0xff, 0xff, 0xff, 0xff, 0xff, 0xff, 0xff, 0xff, 0xff, 0xff, 0xff, 0xf6, 0x00, 0x17, 0x88,
    0x88, 0x60, 0x00, 0x00, 0x00, 0x00, 0x00, 0x3d, 0xff, 0xff, 0x80, 0x00, 0x00, 0x00, 0x00, 0x00,
    0x1c, 0xff, 0xff, 0x80, 0x00, 0x00, 0x00, 0x00, 0x00, 0x09, 0xff, 0xff, 0x80, 0x00, 0x00, 0x00,
    0x00, 0x00, 0x06, 0xff, 0xff, 0x80, 0x00, 0x00, 0x00, 0x00, 0x00, 0x03, 0xef, 0xff, 0x80, 0x00,
    0x00, 0x00, 0x00, 0x00, 0x02, 0xcf, 0xff, 0x80, 0x00, 0x00, 0x00, 0x00, 0x00, 0x00, 0x00, 0x00,
    0x00, 0x00, 0x00, 0x00, 0x00, 0x00, 0x00, 0x00, 0x00, 0x00, 0x00, 0x00, 0x00, 0x00, 0xef, 0xff,
    0xd0, 0x00, 0x00, 0x00, 0x00, 0x00, 0x0e, 0xff, 0xfd, 0x00, 0x00, 0x00, 0x00, 0x00, 0x00, 0xef,
    0xff, 0xd0, 0x00, 0x00, 0x00, 0x00, 0x00, 0x0e, 0xff, 0xfd, 0x00, 0x00, 0x00, 0x00, 0x00, 0x00,
    0xef, 0xff, 0xd0, 0x00, 0x00, 0x00, 0x00, 0x00, 0x0e, 0xff, 0xfd, 0x00, 0x00, 0x00, 0x00, 0x00,
    0x00, 0xef, 0xff, 0xd0, 0x00, 0x00, 0x00, 0x00, 0x00, 0x0e, 0xff, 0xfd, 0x00, 0x00, 0x00, 0x00,
    0x00, 0x00, 0xef, 0xff, 0xd0, 0x00, 0x00, 0x00, 0x00, 0x00, 0x0e, 0xff, 0xfd, 0x00, 0x00, 0x00,
    0x00, 0x00, 0x00, 0xef, 0xff, 0xd0, 0x00, 0x00, 0x00, 0x00, 0x00, 0x0e, 0xff, 0xfd, 0x00, 0x00,
    0x00, 0x00, 0x00, 0x00, 0xef, 0xff, 0xd0, 0x00, 0x00, 0x00, 0x00, 0x00, 0x0e, 0xff, 0xfd, 0x00,
    0x00, 0x00, 0x00, 0x00, 0x00, 0xef, 0xff, 0xd0, 0x00, 0x00, 0x00, 0x00, 0x00, 0x0e, 0xff, 0xfd,
    0x00, 0x00, 0x00, 0x00, 0x00, 0x00, 0xef, 0xff, 0xd0, 0x00, 0x00, 0x00, 0x00, 0x00, 0x0e, 0xff,
    0xfd, 0x00, 0x00, 0x00, 0x00, 0x00, 0x00, 0xef, 0xff, 0xd0, 0x00, 0x00, 0x00, 0x00, 0x00, 0x0e,
    0xff, 0xfd, 0x00, 0x00, 0x00, 0x00, 0x00, 0x00, 0xef, 0xff, 0xd0, 0x00, 0x00, 0x00, 0x00, 0x00,
    0x0e, 0xff, 0xfd, 0x00, 0x00, 0x00, 0x00, 0x00, 0x00, 0xef, 0xff, 0xd0, 0x00, 0x00, 0x00, 0x00,
    0x00, 0x0e, 0xff, 0xfd, 0x00, 0x00, 0x00, 0x00, 0x00, 0x00, 0xef, 0xff, 0xd0, 0x00, 0x00, 0x00,
    0x00, 0x00, 0x0e, 0xff, 0xfd, 0x00, 0x00, 0x00, 0x00, 0x00, 0x00, 0xef, 0xff, 0xd0, 0x00, 0x00,
    0x00, 0x00, 0x00, 0x0e, 0xff, 0xfd, 0x00, 0x00, 0x00, 0x00, 0x00, 0x00, 0xef, 0xff, 0xd0, 0x00,
    0x00, 0x00, 0x00, 0x00, 0x0e, 0xff, 0xfd, 0x00, 0x00, 0x00, 0x00, 0x00, 0x00, 0xef, 0xff, 0xd0,
    0x00, 0x00, 0x00, 0x00, 0x00, 0x0e, 0xff, 0xfd, 0x00, 0x00, 0x00, 0x00, 0x00, 0x00, 0xef, 0xff,
    0xd0, 0x00, 0x00, 0x00, 0x00, 0x00, 0x0e, 0xff, 0xfd, 0x00, 0x00, 0x00, 0x00, 0x00, 0x00, 0x00,
    0x00, 0x68, 0x88, 0x87, 0x00, 0x00, 0x00, 0x00, 0x00, 0x9f, 0xff, 0xfd, 0x20, 0x00, 0x00, 0x00,
    0x00, 0x9f, 0xff, 0xfa, 0x10, 0x00, 0x00, 0x00, 0x00, 0x9f, 0xff, 0xf8, 0x00, 0x00, 0x00, 0x00,
    0x00, 0xaf, 0xff, 0xe5, 0x00, 0x00, 0x00, 0x00, 0x00, 0xaf, 0xff, 0xd3, 0x00, 0x00, 0x00, 0x00,
    0x00, 0xaf, 0xff, 0xb1, 0x00, 0x00, 0x00, 0x00, 0x00, 0x00, 0x00, 0x00, 0x00, 0x00, 0x00, 0x00,
    0x00, 0x00, 0x00, 0x00, 0x00, 0x00, 0x00, 0x00, 0x00, 0x00, 0x00, 0xef, 0xff, 0xd0, 0x00, 0x00,
    0x00, 0x00, 0x00, 0x0e, 0xff, 0xfd, 0x00, 0x00, 0x00, 0x00, 0x00, 0x00, 0xef, 0xff, 0xd0, 0x00,
    0x00, 0x00, 0x00, 0x00, 0x0e, 0xff, 0xfd, 0x00, 0x00, 0x00, 0x00, 0x00, 0x00, 0xef, 0xff, 0xd0,
    0x00, 0x00, 0x00, 0x00, 0x00, 0x0e, 0xff, 0xfd, 0x00, 0x00, 0x00, 0x00, 0x00, 0x00, 0xef, 0xff,
    0xd0, 0x00, 0x00, 0x00, 0x00, 0x00, 0x0e, 0xff, 0xfd, 0x00, 0x00, 0x00, 0x00, 0x00, 0x00, 0xef,
    0xff, 0xd0, 0x00, 0x00, 0x00, 0x00, 0x00, 0x0e, 0xff, 0xfd, 0x00, 0x00, 0x00, 0x00, 0x00, 0x00,
    0xef, 0xff, 0xd0, 0x00, 0x00, 0x00, 0x00, 0x00, 0x0e, 0xff, 0xfd, 0x00, 0x00, 0x00, 0x00, 0x00,
    0x00, 0xef, 0xff, 0xd0, 0x00, 0x00, 0x00, 0x00, 0x00, 0x0e, 0xff, 0xfd, 0x00, 0x00, 0x00, 0x00,
    0x00, 0x00, 0xef, 0xff, 0xd0, 0x00, 0x00, 0x00, 0x00, 0x00, 0x0e, 0xff, 0xfd, 0x00, 0x00, 0x00,
    0x00, 0x00, 0x00, 0xef, 0xff, 0xd0, 0x00, 0x00, 0x00, 0x00, 0x00, 0x0e, 0xff, 0xfd, 0x00, 0x00,
    0x00, 0x00, 0x00, 0x00, 0xef, 0xff, 0xd0, 0x00, 0x00, 0x00, 0x00, 0x00, 0x0e, 0xff, 0xfd, 0x00,
    0x00, 0x00, 0x00, 0x00, 0x00, 0xef, 0xff, 0xd0, 0x00, 0x00, 0x00, 0x00, 0x00, 0x0e, 0xff, 0xfd,
    0x00, 0x00, 0x00, 0x00, 0x00, 0x00, 0xef, 0xff, 0xd0, 0x00, 0x00, 0x00, 0x00, 0x00, 0x0e, 0xff,
    0xfd, 0x00, 0x00, 0x00, 0x00, 0x00, 0x00, 0xef, 0xff, 0xd0, 0x00, 0x00, 0x00, 0x00, 0x00, 0x0e,
    0xff, 0xfd, 0x00, 0x00, 0x00, 0x00, 0x00, 0x00, 0xef, 0xff, 0xd0, 0x00, 0x00, 0x00, 0x00, 0x00,
    0x0e, 0xff, 0xfd, 0x00, 0x00, 0x00, 0x00, 0x00, 0x00, 0xef, 0xff, 0xd0, 0x00, 0x00, 0x00, 0x00,
    0x00, 0x0e, 0xff, 0xfd, 0x00, 0x00, 0x00, 0x00, 0x00, 0x00, 0xef, 0xff, 0xd0, 0x00, 0x00, 0x00,
    0x00, 0x00, 0x0e, 0xff, 0xfd, 0x00, 0x00, 0x00, 0x00, 0x00, 0x00, 0xef, 0xff, 0xd0, 0x00, 0x00,
    0x00, 0x00, 0x00, 0x0e, 0xff, 0xfd, 0x00, 0x00, 0x00, 0x00, 0x00, 0x00, 0x00, 0x07, 0x88, 0x87,
    0x00, 0x00, 0x00, 0x00, 0x00, 0x00, 0x0b, 0xff, 0xff, 0xf9, 0x00, 0x00, 0x00, 0x00, 0x00, 0x0b,
    0xff, 0xff, 0xff, 0xf9, 0x00, 0x00, 0x00, 0x00, 0x0a, 0xff, 0xfe, 0x6e, 0xff, 0xf9, 0x00, 0x00,
    0x00, 0x0a, 0xff, 0xfc, 0x20, 0x3d, 0xff, 0xf9, 0x00, 0x00, 0x0a, 0xff, 0xfb, 0x10, 0x00, 0x1c,
    0xff, 0xf8, 0x00, 0x0a, 0xff, 0xf9, 0x00, 0x00, 0x00, 0x1a, 0xff, 0xf8, 0x00, 0x00, 0x00, 0x00,
    0x00, 0x00, 0x00, 0x00, 0x00, 0x00, 0x00, 0x00, 0x00, 0x00, 0x00, 0x00, 0x00, 0x00, 0x00, 0x00,
    0x00, 0x00, 0x00, 0xef, 0xff, 0xd0, 0x00, 0x00, 0x00, 0x00, 0x00, 0x00, 0x0e, 0xff, 0xfd, 0x00,
    0x00, 0x00, 0x00, 0x00, 0x00, 0x00, 0xef, 0xff, 0xd0, 0x00, 0x00, 0x00, 0x00, 0x00, 0x00, 0x0e,
    0xff, 0xfd, 0x00, 0x00, 0x00, 0x00, 0x00, 0x00, 0x00, 0xef, 0xff, 0xd0, 0x00, 0x00, 0x00, 0x00,
    0x00, 0x00, 0x0e, 0xff, 0xfd, 0x00, 0x00, 0x00, 0x00, 0x00, 0x00, 0x00, 0xef, 0xff, 0xd0, 0x00,
    0x00, 0x00, 0x00, 0x00, 0x00, 0x0e, 0xff, 0xfd, 0x00, 0x00, 0x00, 0x00, 0x00, 0x00, 0x00, 0xef,
    0xff, 0xd0, 0x00, 0x00, 0x00, 0x00, 0x00, 0x00, 0x0e, 0xff, 0xfd, 0x00, 0x00, 0x00, 0x00, 0x00,
    0x00, 0x00, 0xef, 0xff, 0xd0, 0x00, 0x00, 0x00, 0x00, 0x00, 0x00, 0x0e, 0xff, 0xfd, 0x00, 0x00,
    0x00, 0x00, 0x00, 0x00, 0x00, 0xef, 0xff, 0xd0, 0x00, 0x00, 0x00, 0x00, 0x00, 0x00, 0x0e, 0xff,
    0xfd, 0x00, 0x00, 0x00, 0x00, 0x00, 0x00, 0x00, 0xef, 0xff, 0xd0, 0x00, 0x00, 0x00, 0x00, 0x00,
    0x00, 0x0e, 0xff, 0xfd, 0x00, 0x00, 0x00, 0x00, 0x00, 0x00, 0x00, 0xef, 0xff, 0xd0, 0x00, 0x00,
    0x00, 0x00, 0x00, 0x00, 0x0e, 0xff, 0xfd, 0x00, 0x00, 0x00, 0x00, 0x00, 0x00, 0x00, 0xef, 0xff,
    0xd0, 0x00, 0x00, 0x00, 0x00, 0x00, 0x00, 0x0e, 0xff, 0xfd, 0x00, 0x00, 0x00, 0x00, 0x00, 0x00,
    0x00, 0xef, 0xff, 0xd0, 0x00, 0x00, 0x00, 0x00, 0x00, 0x00, 0x0e, 0xff, 0xfd, 0x00, 0x00, 0x00,
    0x00, 0x00, 0x00, 0x00, 0xef, 0xff, 0xd0, 0x00, 0x00, 0x00, 0x00, 0x00, 0x00, 0x0e, 0xff, 0xfd,
    0x00, 0x00, 0x00, 0x00, 0x00, 0x00, 0x00, 0xef, 0xff, 0xd0, 0x00, 0x00, 0x00, 0x00, 0x00, 0x00,
    0x0e, 0xff, 0xfd, 0x00, 0x00, 0x00, 0x00, 0x00, 0x00, 0x00, 0xef, 0xff, 0xd0, 0x00, 0x00, 0x00,
    0x00, 0x00, 0x00, 0x0e, 0xff, 0xfd, 0x00, 0x00, 0x00, 0x00, 0x00, 0x00, 0x00, 0xef, 0xff, 0xd0,
    0x00, 0x00, 0x00, 0x00, 0x00, 0x00, 0x0e, 0xff, 0xfd, 0x00, 0x00, 0x00, 0x00, 0x00, 0x00, 0x00,
    0xef, 0xff, 0xd0, 0x00, 0x00, 0x00, 0x00, 0x00, 0x00, 0x0e, 0xff, 0xfd, 0x00, 0x00, 0x00, 0x00,
    0x00, 0x00, 0x00, 0xef, 0xff, 0xd0, 0x00, 0x00, 0x00, 0x00, 0x00, 0x00, 0x0e, 0xff, 0xfd, 0x00,
    0x00, 0x00, 0x00, 0x07, 0xee, 0x60, 0x00, 0x00, 0x7e, 0xd5, 0x03, 0xff, 0xff, 0x30, 0x00, 0x4f,
    0xff, 0xf2, 0x6f, 0xff, 0xf6, 0x00, 0x07, 0xff, 0xff, 0x53, 0xff, 0xff, 0x30, 0x00, 0x4f, 0xff,
    0xf2, 0x07, 0xee, 0x60, 0x00, 0x00, 0x7e, 0xd5, 0x00, 0x00, 0x00, 0x00, 0x00, 0x00, 0x00, 0x00,
    0x00, 0x00, 0x00, 0x00, 0x00, 0x00, 0x00, 0x00, 0x00, 0x00, 0x00, 0x00, 0x00, 0x00, 0x00, 0x00,
    0x00, 0x0e, 0xff, 0xfd, 0x00, 0x00, 0x00, 0x00, 0x00, 0xef, 0xff, 0xd0, 0x00, 0x00, 0x00, 0x00,
    0x0e, 0xff, 0xfd, 0x00, 0x00, 0x00, 0x00, 0x00, 0xef, 0xff, 0xd0, 0x00, 0x00, 0x00, 0x00, 0x0e,
    0xff, 0xfd, 0x00, 0x00, 0x00, 0x00, 0x00, 0xef, 0xff, 0xd0, 0x00, 0x00, 0x00, 0x00, 0x0e, 0xff,
    0xfd, 0x00, 0x00, 0x00, 0x00, 0x00, 0xef, 0xff, 0xd0, 0x00, 0x00, 0x00, 0x00, 0x0e, 0xff, 0xfd,
    0x00, 0x00, 0x00, 0x00, 0x00, 0xef, 0xff, 0xd0, 0x00, 0x00, 0x00, 0x00, 0x0e, 0xff, 0xfd, 0x00,
    0x00, 0x00, 0x00, 0x00, 0xef, 0xff, 0xd0, 0x00, 0x00, 0x00, 0x00, 0x0e, 0xff, 0xfd, 0x00, 0x00,
    0x00, 0x00, 0x00, 0xef, 0xff, 0xd0, 0x00, 0x00, 0x00, 0x00, 0x0e, 0xff, 0xfd, 0x00, 0x00, 0x00,
    0x00, 0x00, 0xef, 0xff, 0xd0, 0x00, 0x00, 0x00, 0x00, 0x0e, 0xff, 0xfd, 0x00, 0x00, 0x00, 0x00,
    0x00, 0xef, 0xff, 0xd0, 0x00, 0x00, 0x00, 0x00, 0x0e, 0xff, 0xfd, 0x00, 0x00, 0x00, 0x00, 0x00,
    0xef, 0xff, 0xd0, 0x00, 0x00, 0x00, 0x00, 0x0e, 0xff, 0xfd, 0x00, 0x00, 0x00, 0x00, 0x00, 0xef,
    0xff, 0xd0, 0x00, 0x00, 0x00, 0x00, 0x0e, 0xff, 0xfd, 0x00, 0x00, 0x00, 0x00, 0x00, 0xef, 0xff,
    0xd0, 0x00, 0x00, 0x00, 0x00, 0x0e, 0xff, 0xfd, 0x00, 0x00, 0x00, 0x00, 0x00, 0xef, 0xff, 0xd0,
    0x00, 0x00, 0x00, 0x00, 0x0e, 0xff, 0xfd, 0x00, 0x00, 0x00, 0x00, 0x00, 0xef, 0xff, 0xd0, 0x00,
    0x00, 0x00, 0x00, 0x0e, 0xff, 0xfd, 0x00, 0x00, 0x00, 0x00, 0x00, 0xef, 0xff, 0xd0, 0x00, 0x00,
    0x00, 0x00, 0x0e, 0xff, 0xfd, 0x00, 0x00, 0x00, 0x00, 0x00, 0xef, 0xff, 0xd0, 0x00, 0x00, 0x00,
    0x00, 0x0e, 0xff, 0xfd, 0x00, 0x00, 0x00, 0x00, 0x00, 0xef, 0xff, 0xd0, 0x00, 0x00, 0x00, 0x00,
    0x08, 0xff, 0xff, 0xff, 0xff, 0xff, 0xff, 0xff, 0xee, 0xca, 0x73, 0x00, 0x00, 0x00, 0x00, 0x00,
    0x00, 0x00, 0x00, 0x00, 0x08, 0xff, 0xff, 0xff, 0xff, 0xff, 0xff, 0xff, 0xff, 0xff, 0xff, 0xe8,
    0x20, 0x00, 0x00, 0x00, 0x00, 0x00, 0x00, 0x00, 0x08, 0xff, 0xff, 0xff, 0xff, 0xff, 0xff, 0xff,
    0xff, 0xff, 0xff, 0xff, 0xf9, 0x10, 0x00, 0x00, 0x00, 0x00, 0x00, 0x00, 0x08, 0xff, 0xff, 0xff,
    0xff, 0xff, 0xff, 0xff, 0xff, 0xff, 0xff, 0xff, 0xff, 0xe4, 0x00, 0x00, 0x00, 0x00, 0x00, 0x00,
    0x08, 0xff, 0xff, 0x41, 0x11, 0x11, 0x11, 0x11, 0x23, 0x69, 0xdf, 0xff, 0xff, 0xff, 0x70, 0x00,
    0x00, 0x00, 0x00, 0x00, 0x08, 0xff, 0xff, 0x40, 0x00, 0x00, 0x00, 0x00, 0x00, 0x00, 0x04, 0xbf,
    0xff, 0xff, 0xf7, 0x00, 0x00, 0x00, 0x00, 0x00, 0x08, 0xff, 0xff, 0x40, 0x00, 0x00, 0x00, 0x00,
    0x00, 0x00, 0x00, 0x05, 0xef, 0xff, 0xff, 0x50, 0x00, 0x00, 0x00, 0x00, 0x08, 0xff, 0xff, 0x40,
    0x00, 0x00, 0x00, 0x00, 0x00, 0x00, 0x00, 0x00, 0x2d, 0xff, 0xff, 0xe1, 0x00, 0x00, 0x00, 0x00,
    0x08, 0xff, 0xff, 0x40, 0x00, 0x00, 0x00, 0x00, 0x00, 0x00, 0x00, 0x00, 0x02, 0xdf, 0xff, 0xfa,
    0x00, 0x00, 0x00, 0x00, 0x08, 0xff, 0xff, 0x40, 0x00, 0x00, 0x00, 0x00, 0x00, 0x00, 0x00, 0x00,
    0x00, 0x4f, 0xff, 0xff, 0x20, 0x00, 0x00, 0x00, 0x08, 0xff, 0xff, 0x40, 0x00, 0x00, 0x00, 0x00,
    0x00, 0x00, 0x00, 0x00, 0x00, 0x09, 0xff, 0xff, 0x90, 0x00, 0x00, 0x00, 0x08, 0xff, 0xff, 0x40,
    0x00, 0x00, 0x00, 0x00, 0x00, 0x00, 0x00, 0x00, 0x00, 0x02, 0xff, 0xff, 0xe0, 0x00, 0x00, 0x00,
    0x08, 0xff, 0xff, 0x40, 0x00, 0x00, 0x00, 0x00, 0x00, 0x00, 0x00, 0x00, 0x00, 0x00, 0xcf, 0xff,
    0xf3, 0x00, 0x00, 0x00, 0x08, 0xff, 0xff, 0x40, 0x00, 0x00, 0x00, 0x00, 0x00, 0x00, 0x00, 0x00,
    0x00, 0x00, 0x7f, 0xff, 0xf6, 0x00, 0x11, 0x11, 0x1a, 0xff, 0xff, 0x51, 0x11, 0x11, 0x11, 0x11,
    0x00, 0x00, 0x00, 0x00, 0x00, 0x00, 0x4f, 0xff, 0xf8, 0x00, 0x8f, 0xff, 0xff, 0xff, 0xff, 0xff,
    0xff, 0xff, 0xff, 0xfa, 0x00, 0x00, 0x00, 0x00, 0x00, 0x00, 0x2f, 0xff, 0xfa, 0x00, 0x8f, 0xff,
    0xff, 0xff, 0xff, 0xff, 0xff, 0xff, 0xff, 0xfa, 0x00, 0x00, 0x00, 0x00, 0x00, 0x00, 0x1f, 0xff,
    0xfb, 0x00, 0x8f, 0xff, 0xff, 0xff, 0xff, 0xff, 0xff, 0xff, 0xff, 0xfa, 0x00, 0x00, 0x00, 0x00,
    0x00, 0x00, 0x1f, 0xff, 0xfb, 0x00, 0x8f, 0xff, 0xff, 0xff, 0xff, 0xff, 0xff, 0xff, 0xff, 0xfa,
    0x00, 0x00, 0x00, 0x00, 0x00, 0x00, 0x2f, 0xff, 0xfa, 0x00, 0x00, 0x00, 0x08, 0xff, 0xff, 0x40,
    0x00, 0x00, 0x00, 0x00, 0x00, 0x00, 0x00, 0x00, 0x00, 0x00, 0x4f, 0xff, 0xf8, 0x00, 0x00, 0x00,
    0x08, 0xff, 0xff, 0x40, 0x00, 0x00, 0x00, 0x00, 0x00, 0x00, 0x00, 0x00, 0x00, 0x00, 0x7f, 0xff,
    0xf6, 0x00, 0x00, 0x00, 0x08, 0xff, 0xff, 0x40, 0x00, 0x00, 0x00, 0x00, 0x00, 0x00, 0x00, 0x00,
    0x00, 0x00, 0xcf, 0xff, 0xf3, 0x00, 0x00, 0x00, 0x08, 0xff, 0xff, 0x40, 0x00, 0x00, 0x00, 0x00,
    0x00, 0x00, 0x00, 0x00, 0x00, 0x02, 0xff, 0xff, 0xe0, 0x00, 0x00, 0x00, 0x08, 0xff, 0xff, 0x40,
    0x00, 0x00, 0x00, 0x00, 0x00, 0x00, 0x00, 0x00, 0x00, 0x09, 0xff, 0xff, 0x90, 0x00, 0x00, 0x00,
    0x08, 0xff, 0xff, 0x40, 0x00, 0x00, 0x00, 0x00, 0x00, 0x00, 0x00, 0x00, 0x00, 0x4f, 0xff, 0xff,
    0x20, 0x00, 0x00, 0x00, 0x08, 0xff, 0xff, 0x40, 0x00, 0x00, 0x00, 0x00, 0x00, 0x00, 0x00, 0x00,
    0x02, 0xdf, 0xff, 0xfa, 0x00, 0x00, 0x00, 0x00, 0x08, 0xff, 0xff, 0x40, 0x00, 0x00, 0x00, 0x00,
    0x00, 0x00, 0x00, 0x00, 0x2d, 0xff, 0xff, 0xe2, 0x00, 0x00, 0x00, 0x00, 0x08, 0xff, 0xff, 0x40,
    0x00, 0x00, 0x00, 0x00, 0x00, 0x00, 0x00, 0x05, 0xef, 0xff, 0xff, 0x50, 0x00, 0x00, 0x00, 0x00,
    0x08, 0xff, 0xff, 0x40, 0x00, 0x00, 0x00, 0x00, 0x00, 0x00, 0x04, 0xbf, 0xff, 0xff, 0xf7, 0x00,
    0x00, 0x00, 0x00, 0x00, 0x08, 0xff, 0xff, 0x41, 0x11, 0x11, 0x11, 0x11, 0x23, 0x69, 0xdf, 0xff,
    0xff, 0xff, 0x70, 0x00, 0x00, 0x00, 0x00, 0x00, 0x08, 0xff, 0xff, 0xff, 0xff, 0xff, 0xff, 0xff,
    0xff, 0xff, 0xff, 0xff, 0xff, 0xe4, 0x00, 0x00, 0x00, 0x00, 0x00, 0x00, 0x08, 0xff, 0xff, 0xff,
    0xff, 0xff, 0xff, 0xff, 0xff, 0xff, 0xff, 0xff, 0xf9, 0x10, 0x00, 0x00, 0x00, 0x00, 0x00, 0x00,
    0x08, 0xff, 0xff, 0xff, 0xff, 0xff, 0xff, 0xff, 0xff, 0xff, 0xff, 0xe8, 0x20, 0x00, 0x00, 0x00,
    0x00, 0x00, 0x00, 0x00, 0x08, 0xff, 0xff, 0xff, 0xff, 0xff, 0xff, 0xff, 0xee, 0xca, 0x73, 0x00,
    0x00, 0x00, 0x00, 0x00, 0x00, 0x00, 0x00, 0x00, 0x00, 0x00, 0x00, 0x00, 0x06, 0xcf, 0xe9, 0x10,
    0x00, 0x00, 0x08, 0xaa, 0x10, 0x00, 0x00, 0x00, 0x00, 0x00, 0x00, 0x00, 0x00, 0x00, 0x00, 0x09,
    0xff, 0xff, 0xfe, 0x40, 0x00, 0x00, 0xdf, 0xf1, 0x00, 0x00, 0x00, 0x00, 0x00, 0x00, 0x00, 0x00,
    0x00, 0x00, 0x04, 0xff, 0xff, 0xff, 0xff, 0x50, 0x00, 0x3f, 0xfd, 0x00, 0x00, 0x00, 0x00, 0x00,
    0x00, 0x00, 0x00, 0x00, 0x00, 0x00, 0xbf, 0xfb, 0x11, 0x9f, 0xff, 0x81, 0x2c, 0xff, 0x80, 0x00,
    0x00, 0x00, 0x00, 0x00, 0x00, 0x00, 0x00, 0x00, 0x00, 0x1f, 0xff, 0x20, 0x00, 0x6f, 0xff, 0xff,
    0xff, 0xf2, 0x00, 0x00, 0x00, 0x00, 0x00, 0x00, 0x00, 0x00, 0x00, 0x00, 0x03, 0xff, 0xc0, 0x00,
    0x00, 0x4e, 0xff, 0xff, 0xf6, 0x00, 0x00, 0x00, 0x00, 0x00, 0x00, 0x00, 0x00, 0x00, 0x00, 0x00,
    0x3b, 0xb7, 0x00, 0x00, 0x00, 0x2a, 0xee, 0xc5, 0x00, 0x00, 0x00, 0x00, 0x00, 0x00, 0x00, 0x00,
    0x00, 0x00, 0x00, 0x00, 0x00, 0x00, 0x00, 0x00, 0x00, 0x00, 0x00, 0x00, 0x00, 0x00, 0x00, 0x00,
    0x00, 0x00, 0x00, 0x00, 0x00, 0x00, 0x00, 0x00, 0x00, 0x00, 0x00, 0x00, 0x00, 0x00, 0x00, 0x00,
    0x00, 0x00, 0x00, 0x00, 0x00, 0x00, 0x00, 0x00, 0x00, 0x00, 0x00, 0x00, 0x00, 0x00, 0x00, 0x00,
    0x00, 0x00, 0x00, 0x00, 0x00, 0x00, 0x00, 0x00, 0x00, 0x00, 0x00, 0x0e, 0xff, 0xf5, 0x00, 0x00,
    0x00, 0x00, 0x00, 0x00, 0x00, 0x00, 0x00, 0x0d, 0xff, 0xfe, 0x00, 0x00, 0x00, 0x00, 0x00, 0xef,
    0xff, 0xe3, 0x00, 0x00, 0x00, 0x00, 0x00, 0x00, 0x00, 0x00, 0x00, 0xdf, 0xff, 0xe0, 0x00, 0x00,
    0x00, 0x00, 0x0e, 0xff, 0xff, 0xd1, 0x00, 0x00, 0x00, 0x00, 0x00, 0x00, 0x00, 0x00, 0x0d, 0xff,
    0xfe, 0x00, 0x00, 0x00, 0x00, 0x00, 0xef, 0xff, 0xff, 0xb0, 0x00, 0x00, 0x00, 0x00, 0x00, 0x00,
    0x00, 0x00, 0xdf, 0xff, 0xe0, 0x00, 0x00, 0x00, 0x00, 0x0e, 0xff, 0xff, 0xff, 0x80, 0x00, 0x00,
    0x00, 0x00, 0x00, 0x00, 0x00, 0x0d, 0xff, 0xfe, 0x00, 0x00, 0x00, 0x00, 0x00, 0xef, 0xff, 0xff,
    0xff, 0x50, 0x00, 0x00, 0x00, 0x00, 0x00, 0x00, 0x00, 0xdf, 0xff, 0xe0, 0x00, 0x00, 0x00, 0x00,
    0x0e, 0xff, 0xff, 0xff, 0xfe, 0x30, 0x00, 0x00, 0x00, 0x00, 0x00, 0x00, 0x0d, 0xff, 0xfe, 0x00,
    0x00, 0x00, 0x00, 0x00, 0xef, 0xff, 0xff, 0xff, 0xfd, 0x10, 0x00, 0x00, 0x00, 0x00, 0x00, 0x00,
    0xdf, 0xff, 0xe0, 0x00, 0x00, 0x00, 0x00, 0x0e, 0xff, 0xfe, 0xff, 0xff, 0xfb, 0x00, 0x00, 0x00,
    0x00, 0x00, 0x00, 0x0d, 0xff, 0xfe, 0x00, 0x00, 0x00, 0x00, 0x00, 0xef, 0xff, 0xd7, 0xff, 0xff,
    0xf8, 0x00, 0x00, 0x00, 0x00, 0x00, 0x00, 0xdf, 0xff, 0xe0, 0x00, 0x00, 0x00, 0x00, 0x0e, 0xff,
    0xfd, 0x0a, 0xff, 0xff, 0xf5, 0x00, 0x00, 0x00, 0x00, 0x00, 0x0d, 0xff, 0xfe, 0x00, 0x00, 0x00,
    0x00, 0x00, 0xef, 0xff, 0xd0, 0x1d, 0xff, 0xff, 0xe2, 0x00, 0x00, 0x00, 0x00, 0x00, 0xdf, 0xff,
    0xe0, 0x00, 0x00, 0x00, 0x00, 0x0e, 0xff, 0xfd, 0x00, 0x2e, 0xff, 0xff, 0xd1, 0x00, 0x00, 0x00,
    0x00, 0x0d, 0xff, 0xfe, 0x00, 0x00, 0x00, 0x00, 0x00, 0xef, 0xff, 0xd0, 0x00, 0x5f, 0xff, 0xff,
    0xa0, 0x00, 0x00, 0x00, 0x00, 0xdf, 0xff, 0xe0, 0x00, 0x00, 0x00, 0x00, 0x0e, 0xff, 0xfd, 0x00,
    0x00, 0x8f, 0xff, 0xff, 0x80, 0x00, 0x00, 0x00, 0x0d, 0xff, 0xfe, 0x00, 0x00, 0x00, 0x00, 0x00,
    0xef, 0xff, 0xd0, 0x00, 0x00, 0xaf, 0xff, 0xff, 0x50, 0x00, 0x00, 0x00, 0xdf, 0xff, 0xe0, 0x00,
    0x00, 0x00, 0x00, 0x0e, 0xff, 0xfd, 0x00, 0x00, 0x01, 0xdf, 0xff, 0xfe, 0x20, 0x00, 0x00, 0x0d,
    0xff, 0xfe, 0x00, 0x00, 0x00, 0x00, 0x00, 0xef, 0xff, 0xd0, 0x00, 0x00, 0x02, 0xef, 0xff, 0xfd,
    0x10, 0x00, 0x00, 0xdf, 0xff, 0xe0, 0x00, 0x00, 0x00, 0x00, 0x0e, 0xff, 0xfd, 0x00, 0x00, 0x00,
    0x05, 0xff, 0xff, 0xfa, 0x00, 0x00, 0x0d, 0xff, 0xfe, 0x00, 0x00, 0x00, 0x00, 0x00, 0xef, 0xff,
    0xd0, 0x00, 0x00, 0x00, 0x08, 0xff, 0xff, 0xf7, 0x00, 0x00, 0xdf, 0xff, 0xe0, 0x00, 0x00, 0x00,
    0x00, 0x0e, 0xff, 0xfd, 0x00, 0x00, 0x00, 0x00, 0x0b, 0xff, 0xff, 0xf4, 0x00, 0x0d, 0xff, 0xfe,
    0x00, 0x00, 0x00, 0x00, 0x00, 0xef, 0xff, 0xd0, 0x00, 0x00, 0x00, 0x00, 0x1d, 0xff, 0xff, 0xe2,
    0x00, 0xdf, 0xff, 0xe0, 0x00, 0x00, 0x00, 0x00, 0x0e, 0xff, 0xfd, 0x00, 0x00, 0x00, 0x00, 0x00,
    0x3e, 0xff, 0xff, 0xc1, 0x0d, 0xff, 0xfe, 0x00, 0x00, 0x00, 0x00, 0x00, 0xef, 0xff, 0xd0, 0x00,
    0x00, 0x00, 0x00, 0x00, 0x5f, 0xff, 0xff, 0xa0, 0xdf, 0xff, 0xe0, 0x00, 0x00, 0x00, 0x00, 0x0e,
    0xff, 0xfd, 0x00, 0x00, 0x00, 0x00, 0x00, 0x00, 0x8f, 0xff, 0xff, 0x7d, 0xff, 0xfe, 0x00, 0x00,
    0x00, 0x00, 0x00, 0xef, 0xff, 0xd0, 0x00, 0x00, 0x00, 0x00, 0x00, 0x00, 0xbf, 0xff, 0xff, 0xef,
    0xff, 0xe0, 0x00, 0x00, 0x00, 0x00, 0x0e, 0xff, 0xfd, 0x00, 0x00, 0x00, 0x00, 0x00, 0x00, 0x01,
    0xdf, 0xff, 0xff, 0xff, 0xfe, 0x00, 0x00, 0x00, 0x00, 0x00, 0xef, 0xff, 0xd0, 0x00, 0x00, 0x00,
    0x00, 0x00, 0x00, 0x03, 0xff, 0xff, 0xff, 0xff, 0xe0, 0x00, 0x00, 0x00, 0x00, 0x0e, 0xff, 0xfd,
    0x00, 0x00, 0x00, 0x00, 0x00, 0x00, 0x00, 0x06, 0xff, 0xff, 0xff, 0xfe, 0x00, 0x00, 0x00, 0x00,
    0x00, 0xef, 0xff, 0xd0, 0x00, 0x00, 0x00, 0x00, 0x00, 0x00, 0x00, 0x09, 0xff, 0xff, 0xff, 0xe0,
    0x00, 0x00, 0x00, 0x00, 0x0e, 0xff, 0xfd, 0x00, 0x00, 0x00, 0x00, 0x00, 0x00, 0x00, 0x00, 0x0b,
    0xff, 0xff, 0xfe, 0x00, 0x00, 0x00, 0x00, 0x00, 0xef, 0xff, 0xd0, 0x00, 0x00, 0x00, 0x00, 0x00,
    0x00, 0x00, 0x00, 0x1d, 0xff, 0xff, 0xe0, 0x00, 0x00, 0x00, 0x00, 0x0e, 0xff, 0xfd, 0x00, 0x00,
    0x00, 0x00, 0x00, 0x00, 0x00, 0x00, 0x00, 0x3f, 0xff, 0xfe, 0x00, 0x00, 0x00, 0x00, 0x00, 0xef,
    0xff, 0xd0, 0x00, 0x00, 0x00, 0x00, 0x00, 0x00, 0x00, 0x00, 0x00, 0x6f, 0xff, 0xe0, 0x00, 0x00,
    0x00, 0x00, 0x00, 0x00, 0x00, 0x02, 0x78, 0x88, 0x84, 0x00, 0x00, 0x00, 0x00, 0x00, 0x00, 0x00,
    0x00, 0x00, 0x00, 0x00, 0x00, 0x00, 0x00, 0x00, 0x00, 0x00, 0x6f, 0xff, 0xff, 0x50, 0x00, 0x00,
    0x00, 0x00, 0x00, 0x00, 0x00, 0x00, 0x00, 0x00, 0x00, 0x00, 0x00, 0x00, 0x00, 0x00, 0x03, 0xdf,
    0xff, 0xf5, 0x00, 0x00, 0x00, 0x00, 0x00, 0x00, 0x00, 0x00, 0x00, 0x00, 0x00, 0x00, 0x00, 0x00,
    0x00, 0x00, 0x00, 0x1b, 0xff, 0xff, 0x50, 0x00, 0x00, 0x00, 0x00, 0x00, 0x00, 0x00, 0x00, 0x00,
    0x00, 0x00, 0x00, 0x00, 0x00, 0x00, 0x00, 0x00, 0x9f, 0xff, 0xf5, 0x00, 0x00, 0x00, 0x00, 0x00,
    0x00, 0x00, 0x00, 0x00, 0x00, 0x00, 0x00, 0x00, 0x00, 0x00, 0x00, 0x00, 0x06, 0xff, 0xff, 0x50,
    0x00, 0x00, 0x00, 0x00, 0x00, 0x00, 0x00, 0x00, 0x00, 0x00, 0x00, 0x00, 0x00, 0x00, 0x00, 0x00,
    0x00, 0x3e, 0xff, 0xf5, 0x00, 0x00, 0x00, 0x00, 0x00, 0x00, 0x00, 0x00, 0x00, 0x00, 0x00, 0x00,
    0x00, 0x00, 0x00, 0x00, 0x00, 0x00, 0x00, 0x00, 0x00, 0x00, 0x00, 0x00, 0x00, 0x00, 0x00, 0x00,
    0x00, 0x00, 0x00, 0x00, 0x00, 0x00, 0x00, 0x00, 0x00, 0x00, 0x00, 0x00, 0x00, 0x00, 0x00, 0x00,
    0x00, 0x00, 0x00, 0x00, 0x00, 0x00, 0x00, 0x00, 0x00, 0x00, 0x00, 0x37, 0xac, 0xef, 0xfe, 0xdb,
    0x85, 0x10, 0x00, 0x00, 0x00, 0x00, 0x00, 0x00, 0x00, 0x00, 0x00, 0x00, 0x00, 0x01, 0x7d, 0xff,
    0xff, 0xff, 0xff, 0xff, 0xff, 0xe9, 0x30, 0x00, 0x00, 0x00, 0x00, 0x00, 0x00, 0x00, 0x00, 0x00,
    0x00, 0x6e, 0xff, 0xff, 0xff, 0xff, 0xff, 0xff, 0xff, 0xff, 0xfa, 0x20, 0x00, 0x00, 0x00, 0x00,
    0x00, 0x00, 0x00, 0x00, 0x2c, 0xff, 0xff, 0xff, 0xff, 0xff, 0xff, 0xff, 0xff, 0xff, 0xff, 0xe6,
    0x00, 0x00, 0x00, 0x00, 0x00, 0x00, 0x00, 0x04, 0xef, 0xff, 0xff, 0xfd, 0x85, 0x32, 0x12, 0x47,
    0xbf, 0xff, 0xff, 0xff, 0x80, 0x00, 0x00, 0x00, 0x00, 0x00, 0x00, 0x4f, 0xff, 0xff, 0xfc, 0x40,
    0x00, 0x00, 0x00, 0x00, 0x02, 0x9f, 0xff, 0xff, 0xf9, 0x00, 0x00, 0x00, 0x00, 0x00, 0x02, 0xef,
    0xff, 0xfe, 0x60, 0x00, 0x00, 0x00, 0x00, 0x00, 0x00, 0x03, 0xdf, 0xff, 0xff, 0x70, 0x00, 0x00,
    0x00, 0x00, 0x0c, 0xff, 0xff, 0xe3, 0x00, 0x00, 0x00, 0x00, 0x00, 0x00, 0x00, 0x00, 0x1b, 0xff,
    0xff, 0xf3, 0x00, 0x00, 0x00, 0x00, 0x7f, 0xff, 0xfe, 0x30, 0x00, 0x00, 0x00, 0x00, 0x00, 0x00,
    0x00, 0x00, 0x01, 0xcf, 0xff, 0xfc, 0x00, 0x00, 0x00, 0x01, 0xef, 0xff, 0xf6, 0x00, 0x00, 0x00,
    0x00, 0x00, 0x00, 0x00, 0x00, 0x00, 0x00, 0x2e, 0xff, 0xff, 0x50, 0x00, 0x00, 0x07, 0xff, 0xff,
    0xb0, 0x00, 0x00, 0x00, 0x00, 0x00, 0x00, 0x00, 0x00, 0x00, 0x00, 0x07, 0xff, 0xff, 0xc0, 0x00,
    0x00, 0x0c, 0xff, 0xff, 0x40, 0x00, 0x00, 0x00, 0x00, 0x00, 0x00, 0x00, 0x00, 0x00, 0x00, 0x00,
    0xef, 0xff, 0xf2, 0x00, 0x00, 0x2f, 0xff, 0xfd, 0x00, 0x00, 0x00, 0x00, 0x00, 0x00, 0x00, 0x00,
    0x00, 0x00, 0x00, 0x00, 0x8f, 0xff, 0xf7, 0x00, 0x00, 0x5f, 0xff, 0xf8, 0x00, 0x00, 0x00, 0x00,
    0x00, 0x00, 0x00, 0x00, 0x00, 0x00, 0x00, 0x00, 0x3f, 0xff, 0xfa, 0x00, 0x00, 0x8f, 0xff, 0xf5,
    0x00, 0x00, 0x00, 0x00, 0x00, 0x00, 0x00, 0x00, 0x00, 0x00, 0x00, 0x00, 0x0f, 0xff, 0xfc, 0x00,
    0x00, 0xaf, 0xff, 0xf3, 0x00, 0x00, 0x00, 0x00, 0x00, 0x00, 0x00, 0x00, 0x00, 0x00, 0x00, 0x00,
    0x0d, 0xff, 0xfe, 0x00, 0x00, 0xaf, 0xff, 0xf2, 0x00, 0x00, 0x00, 0x00, 0x00, 0x00, 0x00, 0x00,
    0x00, 0x00, 0x00, 0x00, 0x0c, 0xff, 0xff, 0x00, 0x00, 0xaf, 0xff, 0xf2, 0x00, 0x00, 0x00, 0x00,
    0x00, 0x00, 0x00, 0x00, 0x00, 0x00, 0x00, 0x00, 0x0c, 0xff, 0xff, 0x00, 0x00, 0xaf, 0xff, 0xf3,
    0x00, 0x00, 0x00, 0x00, 0x00, 0x00, 0x00, 0x00, 0x00, 0x00, 0x00, 0x00, 0x0d, 0xff, 0xfe, 0x00,
    0x00, 0x8f, 0xff, 0xf5, 0x00, 0x00, 0x00, 0x00, 0x00, 0x00, 0x00, 0x00, 0x00, 0x00, 0x00, 0x00,
    0x0f, 0xff, 0xfc, 0x00, 0x00, 0x5f, 0xff, 0xf8, 0x00, 0x00, 0x00, 0x00, 0x00, 0x00, 0x00, 0x00,
    0x00, 0x00, 0x00, 0x00, 0x3f, 0xff, 0xfa, 0x00, 0x00, 0x2f, 0xff, 0xfd, 0x00, 0x00, 0x00, 0x00,
    0x00, 0x00, 0x00, 0x00, 0x00, 0x00, 0x00, 0x00, 0x8f, 0xff, 0xf7, 0x00, 0x00, 0x0c, 0xff, 0xff,
    0x40, 0x00, 0x00, 0x00, 0x00, 0x00, 0x00, 0x00, 0x00, 0x00, 0x00, 0x00, 0xdf, 0xff, 0xf2, 0x00,
    0x00, 0x07, 0xff, 0xff, 0xb0, 0x00, 0x00, 0x00, 0x00, 0x00, 0x00, 0x00, 0x00, 0x00, 0x00, 0x06,
    0xff, 0xff, 0xc0, 0x00, 0x00, 0x01, 0xef, 0xff, 0xf6, 0x00, 0x00, 0x00, 0x00, 0x00, 0x00, 0x00,
    0x00, 0x00, 0x00, 0x2e, 0xff, 0xff, 0x50, 0x00, 0x00, 0x00, 0x7f, 0xff, 0xfe, 0x30, 0x00, 0x00,
    0x00, 0x00, 0x00, 0x00, 0x00, 0x00, 0x01, 0xcf, 0xff, 0xfc, 0x00, 0x00, 0x00, 0x00, 0x0c, 0xff,
    0xff, 0xe3, 0x00, 0x00, 0x00, 0x00, 0x00, 0x00, 0x00, 0x00, 0x1b, 0xff, 0xff, 0xf3, 0x00, 0x00,
    0x00, 0x00, 0x02, 0xef, 0xff, 0xfe, 0x60, 0x00, 0x00, 0x00, 0x00, 0x00, 0x00, 0x03, 0xcf, 0xff,
    0xff, 0x70, 0x00, 0x00, 0x00, 0x00, 0x00, 0x4f, 0xff, 0xff, 0xfb, 0x40, 0x00, 0x00, 0x00, 0x00,
    0x02, 0x9f, 0xff, 0xff, 0xf9, 0x00, 0x00, 0x00, 0x00, 0x00, 0x00, 0x04, 0xef, 0xff, 0xff, 0xfd,
    0x85, 0x32, 0x12, 0x47, 0xbf, 0xff, 0xff, 0xff, 0x90, 0x00, 0x00, 0x00, 0x00, 0x00, 0x00, 0x00,
    0x2c, 0xff, 0xff, 0xff, 0xff, 0xff, 0xff, 0xff, 0xff, 0xff, 0xff, 0xe6, 0x00, 0x00, 0x00, 0x00,
    0x00, 0x00, 0x00, 0x00, 0x00, 0x7e, 0xff, 0xff, 0xff, 0xff, 0xff, 0xff, 0xff, 0xff, 0xfa, 0x20,
    0x00, 0x00, 0x00, 0x00, 0x00, 0x00, 0x00, 0x00, 0x00, 0x01, 0x7d, 0xff, 0xff, 0xff, 0xff, 0xff,
    0xff, 0xea, 0x30, 0x00, 0x00, 0x00, 0x00, 0x00, 0x00, 0x00, 0x00, 0x00, 0x00, 0x00, 0x00, 0x37,
    0xac, 0xef, 0xfe, 0xdb, 0x85, 0x10, 0x00, 0x00, 0x00, 0x00, 0x00, 0x00, 0x00, 0x00, 0x00, 0x00,
    0x00, 0x00, 0x00, 0x00, 0x00, 0x00, 0x00, 0x17, 0x88, 0x88, 0x50, 0x00, 0x00, 0x00, 0x00, 0x00,
    0x00, 0x00, 0x00, 0x00, 0x00, 0x00, 0x00, 0x00, 0x00, 0x00, 0x01, 0xcf, 0xff, 0xfb, 0x10, 0x00,
    0x00, 0x00, 0x00, 0x00, 0x00, 0x00, 0x00, 0x00, 0x00, 0x00, 0x00, 0x00, 0x00, 0x00, 0x1c, 0xff,
    0xff, 0x80, 0x00, 0x00, 0x00, 0x00, 0x00, 0x00, 0x00, 0x00, 0x00, 0x00, 0x00, 0x00, 0x00, 0x00,
    0x00, 0x01, 0xcf, 0xff, 0xe5, 0x00, 0x00, 0x00, 0x00, 0x00, 0x00, 0x00, 0x00, 0x00, 0x00, 0x00,
    0x00, 0x00, 0x00, 0x00, 0x00, 0x1c, 0xff, 0xfd, 0x30, 0x00, 0x00, 0x00, 0x00, 0x00, 0x00, 0x00,
    0x00, 0x00, 0x00, 0x00, 0x00, 0x00, 0x00, 0x00, 0x01, 0xcf, 0xff, 0xb1, 0x00, 0x00, 0x00, 0x00,
    0x00, 0x00, 0x00, 0x00, 0x00, 0x00, 0x00, 0x00, 0x00, 0x00, 0x00, 0x00, 0x1c, 0xff, 0xf8, 0x00,
    0x00, 0x00, 0x00, 0x00, 0x00, 0x00, 0x00, 0x00, 0x00, 0x00, 0x00, 0x00, 0x00, 0x00, 0x00, 0x00,
    0x00, 0x00, 0x00, 0x00, 0x00, 0x00, 0x00, 0x00, 0x00, 0x00, 0x00, 0x00, 0x00, 0x00, 0x00, 0x00,
    0x00, 0x00, 0x00, 0x00, 0x00, 0x00, 0x00, 0x00, 0x00, 0x00, 0x00, 0x00, 0x00, 0x00, 0x00, 0x00,
    0x00, 0x00, 0x00, 0x00, 0x00, 0x00, 0x00, 0x37, 0xac, 0xef, 0xfe, 0xdb, 0x85, 0x10, 0x00, 0x00,
    0x00, 0x00, 0x00, 0x00, 0x00, 0x00, 0x00, 0x00, 0x00, 0x01, 0x7d, 0xff, 0xff, 0xff, 0xff, 0xff,
    0xff, 0xe9, 0x30, 0x00, 0x00, 0x00, 0x00, 0x00, 0x00, 0x00, 0x00, 0x00, 0x00, 0x6e, 0xff, 0xff,
    0xff, 0xff, 0xff, 0xff, 0xff, 0xff, 0xfa, 0x20, 0x00, 0x00, 0x00, 0x00, 0x00, 0x00, 0x00, 0x00,
    0x2c, 0xff, 0xff, 0xff, 0xff, 0xff, 0xff, 0xff, 0xff, 0xff, 0xff, 0xe6, 0x00, 0x00, 0x00, 0x00,
    0x00, 0x00, 0x00, 0x04, 0xef, 0xff, 0xff, 0xfd, 0x85, 0x32, 0x12, 0x47, 0xbf, 0xff, 0xff, 0xff,
    0x80, 0x00, 0x00, 0x00, 0x00, 0x00, 0x00, 0x4f, 0xff, 0xff, 0xfc, 0x40, 0x00, 0x00, 0x00, 0x00,
    0x02, 0x9f, 0xff, 0xff, 0xf9, 0x00, 0x00, 0x00, 0x00, 0x00, 0x02, 0xef, 0xff, 0xfe, 0x60, 0x00,
    0x00, 0x00, 0x00, 0x00, 0x00, 0x03, 0xdf, 0xff, 0xff, 0x70, 0x00, 0x00, 0x00, 0x00, 0x0c, 0xff,
    0xff, 0xe3, 0x00, 0x00, 0x00, 0x00, 0x00, 0x00, 0x00, 0x00, 0x1b, 0xff, 0xff, 0xf3, 0x00, 0x00,
    0x00, 0x00, 0x7f, 0xff, 0xfe, 0x30, 0x00, 0x00, 0x00, 0x00, 0x00, 0x00, 0x00, 0x00, 0x01, 0xcf,
    0xff, 0xfc, 0x00, 0x00, 0x00, 0x01, 0xef, 0xff, 0xf6, 0x00, 0x00, 0x00, 0x00, 0x00, 0x00, 0x00,
    0x00, 0x00, 0x00, 0x2e, 0xff, 0xff, 0x50, 0x00, 0x00, 0x07, 0xff, 0xff, 0xb0, 0x00, 0x00, 0x00,
    0x00, 0x00, 0x00, 0x00, 0x00, 0x00, 0x00, 0x07, 0xff, 0xff, 0xc0, 0x00, 0x00, 0x0c, 0xff, 0xff,
    0x40, 0x00, 0x00, 0x00, 0x00, 0x00, 0x00, 0x00, 0x00, 0x00, 0x00, 0x00, 0xef, 0xff, 0xf2, 0x00,
    0x00, 0x2f, 0xff, 0xfd, 0x00, 0x00, 0x00, 0x00, 0x00, 0x00, 0x00, 0x00, 0x00, 0x00, 0x00, 0x00,
    0x8f, 0xff, 0xf7, 0x00, 0x00, 0x5f, 0xff, 0xf8, 0x00, 0x00, 0x00, 0x00, 0x00, 0x00, 0x00, 0x00,
    0x00, 0x00, 0x00, 0x00, 0x3f, 0xff, 0xfa, 0x00, 0x00, 0x8f, 0xff, 0xf5, 0x00, 0x00, 0x00, 0x00,
    0x00, 0x00, 0x00, 0x00, 0x00, 0x00, 0x00, 0x00, 0x0f, 0xff, 0xfc, 0x00, 0x00, 0xaf, 0xff, 0xf3,
    0x00, 0x00, 0x00, 0x00, 0x00, 0x00, 0x00, 0x00, 0x00, 0x00, 0x00, 0x00, 0x0d, 0xff, 0xfe, 0x00,
    0x00, 0xaf, 0xff, 0xf2, 0x00, 0x00, 0x00, 0x00, 0x00, 0x00, 0x00, 0x00, 0x00, 0x00, 0x00, 0x00,
    0x0c, 0xff, 0xff, 0x00, 0x00, 0xaf, 0xff, 0xf2, 0x00, 0x00, 0x00, 0x00, 0x00, 0x00, 0x00, 0x00,
    0x00, 0x00, 0x00, 0x00, 0x0c, 0xff, 0xff, 0x00, 0x00, 0xaf, 0xff, 0xf3, 0x00, 0x00, 0x00, 0x00,
    0x00, 0x00, 0x00, 0x00, 0x00, 0x00, 0x00, 0x00, 0x0d, 0xff, 0xfe, 0x00, 0x00, 0x8f, 0xff, 0xf5,
    0x00, 0x00, 0x00, 0x00, 0x00, 0x00, 0x00, 0x00, 0x00, 0x00, 0x00, 0x00, 0x0f, 0xff, 0xfc, 0x00,
    0x00, 0x5f, 0xff, 0xf8, 0x00, 0x00, 0x00, 0x00, 0x00, 0x00, 0x00, 0x00, 0x00, 0x00, 0x00, 0x00,
    0x3f, 0xff, 0xfa, 0x00, 0x00, 0x2f, 0xff, 0xfd, 0x00, 0x00, 0x00, 0x00, 0x00, 0x00, 0x00, 0x00,
    0x00, 0x00, 0x00, 0x00, 0x8f, 0xff, 0xf7, 0x00, 0x00, 0x0c, 0xff, 0xff, 0x40, 0x00, 0x00, 0x00,
    0x00, 0x00, 0x00, 0x00, 0x00, 0x00, 0x00, 0x00, 0xdf, 0xff, 0xf2, 0x00, 0x00, 0x07, 0xff, 0xff,
    0xb0, 0x00, 0x00, 0x00, 0x00, 0x00, 0x00, 0x00, 0x00, 0x00, 0x00, 0x06, 0xff, 0xff, 0xc0, 0x00,
    0x00, 0x01, 0xef, 0xff, 0xf6, 0x00, 0x00, 0x00, 0x00, 0x00, 0x00, 0x00, 0x00, 0x00, 0x00, 0x2e,
    0xff, 0xff, 0x50, 0x00, 0x00, 0x00, 0x7f, 0xff, 0xfe, 0x30, 0x00, 0x00, 0x00, 0x00, 0x00, 0x00,
    0x00, 0x00, 0x01, 0xcf, 0xff, 0xfc, 0x00, 0x00, 0x00, 0x00, 0x0c, 0xff, 0xff, 0xe3, 0x00, 0x00,
    0x00, 0x00, 0x00, 0x00, 0x00, 0x00, 0x1b, 0xff, 0xff, 0xf3, 0x00, 0x00, 0x00, 0x00, 0x02, 0xef,
    0xff, 0xfe, 0x60, 0x00, 0x00, 0x00, 0x00, 0x00, 0x00, 0x03, 0xcf, 0xff, 0xff, 0x70, 0x00, 0x00,
    0x00, 0x00, 0x00, 0x4f, 0xff, 0xff, 0xfb, 0x40, 0x00, 0x00, 0x00, 0x00, 0x02, 0x9f, 0xff, 0xff,
    0xf9, 0x00, 0x00, 0x00, 0x00, 0x00, 0x00, 0x04, 0xef, 0xff, 0xff, 0xfd, 0x85, 0x32, 0x12, 0x47,
    0xbf, 0xff, 0xff, 0xff, 0x90, 0x00, 0x00, 0x00, 0x00, 0x00, 0x00, 0x00, 0x2c, 0xff, 0xff, 0xff,
    0xff, 0xff, 0xff, 0xff, 0xff, 0xff, 0xff, 0xe6, 0x00, 0x00, 0x00, 0x00, 0x00, 0x00, 0x00, 0x00,
    0x00, 0x7e, 0xff, 0xff, 0xff, 0xff, 0xff, 0xff, 0xff, 0xff, 0xfa, 0x20, 0x00, 0x00, 0x00, 0x00,
    0x00, 0x00, 0x00, 0x00, 0x00, 0x01, 0x7d, 0xff, 0xff, 0xff, 0xff, 0xff, 0xff, 0xea, 0x30, 0x00,
    0x00, 0x00, 0x00, 0x00, 0x00, 0x00, 0x00, 0x00, 0x00, 0x00, 0x00, 0x37, 0xac, 0xef, 0xfe, 0xdb,
    0x85, 0x10, 0x00, 0x00, 0x00, 0x00, 0x00, 0x00, 0x00, 0x00, 0x00, 0x00, 0x00, 0x00, 0x00, 0x00,
    0x02, 0x88, 0x88, 0x50, 0x00, 0x00, 0x00, 0x00, 0x00, 0x00, 0x00, 0x00, 0x00, 0x00, 0x00, 0x00,
    0x00, 0x00, 0x00, 0x00, 0x2d, 0xff, 0xff, 0xf6, 0x00, 0x00, 0x00, 0x00, 0x00, 0x00, 0x00, 0x00,
    0x00, 0x00, 0x00, 0x00, 0x00, 0x00, 0x00, 0x02, 0xdf, 0xff, 0xff, 0xff, 0x60, 0x00, 0x00, 0x00,
    0x00, 0x00, 0x00, 0x00, 0x00, 0x00, 0x00, 0x00, 0x00, 0x00, 0x00, 0x1d, 0xff, 0xfc, 0x7f, 0xff,
    0xf6, 0x00, 0x00, 0x00, 0x00, 0x00, 0x00, 0x00, 0x00, 0x00, 0x00, 0x00, 0x00, 0x00, 0x01, 0xdf,
    0xff, 0xa1, 0x05, 0xef, 0xff, 0x50, 0x00, 0x00, 0x00, 0x00, 0x00, 0x00, 0x00, 0x00, 0x00, 0x00,
    0x00, 0x00, 0x1c, 0xff, 0xf8, 0x00, 0x00, 0x3e, 0xff, 0xf5, 0x00, 0x00, 0x00, 0x00, 0x00, 0x00,
    0x00, 0x00, 0x00, 0x00, 0x00, 0x01, 0xcf, 0xff, 0x60, 0x00, 0x00, 0x02, 0xdf, 0xff, 0x50, 0x00,
    0x00, 0x00, 0x00, 0x00, 0x00, 0x00, 0x00, 0x00, 0x00, 0x00, 0x00, 0x00, 0x00, 0x00, 0x00, 0x00,
    0x00, 0x00, 0x00, 0x00, 0x00, 0x00, 0x00, 0x00, 0x00, 0x00, 0x00, 0x00, 0x00, 0x00, 0x00, 0x00,
    0x00, 0x00, 0x00, 0x00, 0x00, 0x00, 0x00, 0x00, 0x00, 0x00, 0x00, 0x00, 0x00, 0x00, 0x00, 0x00,
    0x00, 0x00, 0x00, 0x37, 0xac, 0xef, 0xfe, 0xdb, 0x85, 0x10, 0x00, 0x00, 0x00, 0x00, 0x00, 0x00,
    0x00, 0x00, 0x00, 0x00, 0x00, 0x01, 0x7d, 0xff, 0xff, 0xff, 0xff, 0xff, 0xff, 0xe9, 0x30, 0x00,
    0x00, 0x00, 0x00, 0x00, 0x00, 0x00, 0x00, 0x00, 0x00, 0x6e, 0xff, 0xff, 0xff, 0xff, 0xff, 0xff,
    0xff, 0xff, 0xfa, 0x20, 0x00, 0x00, 0x00, 0x00, 0x00, 0x00, 0x00, 0x00, 0x2c, 0xff, 0xff, 0xff,
    0xff, 0xff, 0xff, 0xff, 0xff, 0xff, 0xff, 0xe6, 0x00, 0x00, 0x00, 0x00, 0x00, 0x00, 0x00, 0x04,
    0xef, 0xff, 0xff, 0xfd, 0x85, 0x32, 0x12, 0x47, 0xbf, 0xff, 0xff, 0xff, 0x80, 0x00, 0x00, 0x00,
    0x00, 0x00, 0x00, 0x4f, 0xff, 0xff, 0xfc, 0x40, 0x00, 0x00, 0x00, 0x00, 0x02, 0x9f, 0xff, 0xff,
    0xf9, 0x00, 0x00, 0x00, 0x00, 0x00, 0x02, 0xef, 0xff, 0xfe, 0x60, 0x00, 0x00, 0x00, 0x00, 0x00,
    0x00, 0x03, 0xdf, 0xff, 0xff, 0x70, 0x00, 0x00, 0x00, 0x00, 0x0c, 0xff, 0xff, 0xe3, 0x00, 0x00,
    0x00, 0x00, 0x00, 0x00, 0x00, 0x00, 0x1b, 0xff, 0xff, 0xf3, 0x00, 0x00, 0x00, 0x00, 0x7f, 0xff,
    0xfe, 0x30, 0x00, 0x00, 0x00, 0x00, 0x00, 0x00, 0x00, 0x00, 0x01, 0xcf, 0xff, 0xfc, 0x00, 0x00,
    0x00, 0x01, 0xef, 0xff, 0xf6, 0x00, 0x00, 0x00, 0x00, 0x00, 0x00, 0x00, 0x00, 0x00, 0x00, 0x2e,
    0xff, 0xff, 0x50, 0x00, 0x00, 0x07, 0xff, 0xff, 0xb0, 0x00, 0x00, 0x00, 0x00, 0x00, 0x00, 0x00,
    0x00, 0x00, 0x00, 0x07, 0xff, 0xff, 0xc0, 0x00, 0x00, 0x0c, 0xff, 0xff, 0x40, 0x00, 0x00, 0x00,
    0x00, 0x00, 0x00, 0x00, 0x00, 0x00, 0x00, 0x00, 0xef, 0xff, 0xf2, 0x00, 0x00, 0x2f, 0xff, 0xfd,
    0x00, 0x00, 0x00, 0x00, 0x00, 0x00, 0x00, 0x00, 0x00, 0x00, 0x00, 0x00, 0x8f, 0xff, 0xf7, 0x00,
    0x00, 0x5f, 0xff, 0xf8, 0x00, 0x00, 0x00, 0x00, 0x00, 0x00, 0x00, 0x00, 0x00, 0x00, 0x00, 0x00,
    0x3f, 0xff, 0xfa, 0x00, 0x00, 0x8f, 0xff, 0xf5, 0x00, 0x00, 0x00, 0x00, 0x00, 0x00, 0x00, 0x00,
    0x00, 0x00, 0x00, 0x00, 0x0f, 0xff, 0xfc, 0x00, 0x00, 0xaf, 0xff, 0xf3, 0x00, 0x00, 0x00, 0x00,
    0x00, 0x00, 0x00, 0x00, 0x00, 0x00, 0x00, 0x00, 0x0d, 0xff, 0xfe, 0x00, 0x00, 0xaf, 0xff, 0xf2,
    0x00, 0x00, 0x00, 0x00, 0x00, 0x00, 0x00, 0x00, 0x00, 0x00, 0x00, 0x00, 0x0c, 0xff, 0xff, 0x00,
    0x00, 0xaf, 0xff, 0xf2, 0x00, 0x00, 0x00, 0x00, 0x00, 0x00, 0x00, 0x00, 0x00, 0x00, 0x00, 0x00,
    0x0c, 0xff, 0xff, 0x00, 0x00, 0xaf, 0xff, 0xf3, 0x00, 0x00, 0x00, 0x00, 0x00, 0x00, 0x00, 0x00,
    0x00, 0x00, 0x00, 0x00, 0x0d, 0xff, 0xfe, 0x00, 0x00, 0x8f, 0xff, 0xf5, 0x00, 0x00, 0x00, 0x00,
    0x00, 0x00, 0x00, 0x00, 0x00, 0x00, 0x00, 0x00, 0x0f, 0xff, 0xfc, 0x00, 0x00, 0x5f, 0xff, 0xf8,
    0x00, 0x00, 0x00, 0x00, 0x00, 0x00, 0x00, 0x00, 0x00, 0x00, 0x00, 0x00, 0x3f, 0xff, 0xfa, 0x00,
    0x00, 0x2f, 0xff, 0xfd, 0x00, 0x00, 0x00, 0x00, 0x00, 0x00, 0x00, 0x00, 0x00, 0x00, 0x00, 0x00,
    0x8f, 0xff, 0xf7, 0x00, 0x00, 0x0c, 0xff, 0xff, 0x40, 0x00, 0x00, 0x00, 0x00, 0x00, 0x00, 0x00,
    0x00, 0x00, 0x00, 0x00, 0xdf, 0xff, 0xf2, 0x00, 0x00, 0x07, 0xff, 0xff, 0xb0, 0x00, 0x00, 0x00,
    0x00, 0x00, 0x00, 0x00, 0x00, 0x00, 0x00, 0x06, 0xff, 0xff, 0xc0, 0x00, 0x00, 0x01, 0xef, 0xff,
    0xf6, 0x00, 0x00, 0x00, 0x00, 0x00, 0x00, 0x00, 0x00, 0x00, 0x00, 0x2e, 0xff, 0xff, 0x50, 0x00,
    0x00, 0x00, 0x7f, 0xff, 0xfe, 0x30, 0x00, 0x00, 0x00, 0x00, 0x00, 0x00, 0x00, 0x00, 0x01, 0xcf,
    0xff, 0xfc, 0x00, 0x00, 0x00, 0x00, 0x0c, 0xff, 0xff, 0xe3, 0x00, 0x00, 0x00, 0x00, 0x00, 0x00,
    0x00, 0x00, 0x1b, 0xff, 0xff, 0xf3, 0x00, 0x00, 0x00, 0x00, 0x02, 0xef, 0xff, 0xfe, 0x60, 0x00,
    0x00, 0x00, 0x00, 0x00, 0x00, 0x03, 0xcf, 0xff, 0xff, 0x70, 0x00, 0x00, 0x00, 0x00, 0x00, 0x4f,
    0xff, 0xff, 0xfb, 0x40, 0x00, 0x00, 0x00, 0x00, 0x02, 0x9f, 0xff, 0xff, 0xf9, 0x00, 0x00, 0x00,
    0x00, 0x00, 0x00, 0x04, 0xef, 0xff, 0xff, 0xfd, 0x85, 0x32, 0x12, 0x47, 0xbf, 0xff, 0xff, 0xff,
    0x90, 0x00, 0x00, 0x00, 0x00, 0x00, 0x00, 0x00, 0x2c, 0xff, 0xff, 0xff, 0xff, 0xff, 0xff, 0xff,
    0xff, 0xff, 0xff, 0xe6, 0x00, 0x00, 0x00, 0x00, 0x00, 0x00, 0x00, 0x00, 0x00, 0x7e, 0xff, 0xff,
    0xff, 0xff, 0xff, 0xff, 0xff, 0xff, 0xfa, 0x20, 0x00, 0x00, 0x00, 0x00, 0x00, 0x00, 0x00, 0x00,
    0x00, 0x01, 0x7d, 0xff, 0xff, 0xff, 0xff, 0xff, 0xff, 0xea, 0x30, 0x00, 0x00, 0x00, 0x00, 0x00,
    0x00, 0x00, 0x00, 0x00, 0x00, 0x00, 0x00, 0x37, 0xac, 0xef, 0xfe, 0xdb, 0x85, 0x10, 0x00, 0x00,
    0x00, 0x00, 0x00, 0x00, 0x00, 0x00, 0x00, 0x00, 0x00, 0x00, 0x01, 0x8d, 0xfd, 0x70, 0x00, 0x00,
    0x00, 0xaa, 0x90, 0x00, 0x00, 0x00, 0x00, 0x00, 0x00, 0x00, 0x00, 0x00, 0x00, 0x00, 0x0c, 0xff,
    0xff, 0xfc, 0x20, 0x00, 0x02, 0xff, 0xc0, 0x00, 0x00, 0x00, 0x00, 0x00, 0x00, 0x00, 0x00, 0x00,
    0x00, 0x00, 0x8f, 0xff, 0xff, 0xff, 0xe3, 0x00, 0x07, 0xff, 0x90, 0x00, 0x00, 0x00, 0x00, 0x00,
    0x00, 0x00, 0x00, 0x00, 0x00, 0x01, 0xef, 0xf8, 0x13, 0xbf, 0xfe, 0x61, 0x3e, 0xff, 0x50, 0x00,
    0x00, 0x00, 0x00, 0x00, 0x00, 0x00, 0x00, 0x00, 0x00, 0x04, 0xff, 0xd0, 0x00, 0x0a, 0xff, 0xff,
    0xff, 0xfd, 0x00, 0x00, 0x00, 0x00, 0x00, 0x00, 0x00, 0x00, 0x00, 0x00, 0x00, 0x07, 0xff, 0x80,
    0x00, 0x00, 0x7f, 0xff, 0xff, 0xe3, 0x00, 0x00, 0x00, 0x00, 0x00, 0x00, 0x00, 0x00, 0x00, 0x00,
    0x00, 0x05, 0xbb, 0x40, 0x00, 0x00, 0x04, 0xbe, 0xea, 0x30, 0x00, 0x00, 0x00, 0x00, 0x00, 0x00,
    0x00, 0x00, 0x00, 0x00, 0x00, 0x00, 0x00, 0x00, 0x00, 0x00, 0x00, 0x00, 0x00, 0x00, 0x00, 0x00,
    0x00, 0x00, 0x00, 0x00, 0x00, 0x00, 0x00, 0x00, 0x00, 0x00, 0x00, 0x00, 0x00, 0x00, 0x00, 0x00,
    0x00, 0x00, 0x00, 0x00, 0x00, 0x00, 0x00, 0x00, 0x00, 0x00, 0x00, 0x00, 0x00, 0x00, 0x00, 0x00,
    0x00, 0x00, 0x00, 0x00, 0x00, 0x00, 0x00, 0x00, 0x00, 0x00, 0x00, 0x00, 0x00, 0x00, 0x00, 0x00,
    0x00, 0x00, 0x00, 0x37, 0xac, 0xef, 0xfe, 0xdb, 0x85, 0x10, 0x00, 0x00, 0x00, 0x00, 0x00, 0x00,
    0x00, 0x00, 0x00, 0x00, 0x00, 0x01, 0x7d, 0xff, 0xff, 0xff, 0xff, 0xff, 0xff, 0xe9, 0x30, 0x00,
    0x00, 0x00, 0x00, 0x00, 0x00, 0x00, 0x00, 0x00, 0x00, 0x6e, 0xff, 0xff, 0xff, 0xff, 0xff, 0xff,
    0xff, 0xff, 0xfa, 0x20, 0x00, 0x00, 0x00, 0x00, 0x00, 0x00, 0x00, 0x00, 0x2c, 0xff, 0xff, 0xff,
    0xff, 0xff, 0xff, 0xff, 0xff, 0xff, 0xff, 0xe6, 0x00, 0x00, 0x00, 0x00, 0x00, 0x00, 0x00, 0x04,
    0xef, 0xff, 0xff, 0xfd, 0x85, 0x32, 0x12, 0x47, 0xbf, 0xff, 0xff, 0xff, 0x80, 0x00, 0x00, 0x00,
    0x00, 0x00, 0x00, 0x4f, 0xff, 0xff, 0xfc, 0x40, 0x00, 0x00, 0x00, 0x00, 0x02, 0x9f, 0xff, 0xff,
    0xf9, 0x00, 0x00, 0x00, 0x00, 0x00, 0x02, 0xef, 0xff, 0xfe, 0x60, 0x00, 0x00, 0x00, 0x00, 0x00,
    0x00, 0x03, 0xdf, 0xff, 0xff, 0x70, 0x00, 0x00, 0x00, 0x00, 0x0c, 0xff, 0xff, 0xe3, 0x00, 0x00,
    0x00, 0x00, 0x00, 0x00, 0x00, 0x00, 0x1b, 0xff, 0xff, 0xf3, 0x00, 0x00, 0x00, 0x00, 0x7f, 0xff,
    0xfe, 0x30, 0x00, 0x00, 0x00, 0x00, 0x00, 0x00, 0x00, 0x00, 0x01, 0xcf, 0xff, 0xfc, 0x00, 0x00,
    0x00, 0x01, 0xef, 0xff, 0xf6, 0x00, 0x00, 0x00, 0x00, 0x00, 0x00, 0x00, 0x00, 0x00, 0x00, 0x2e,
    0xff, 0xff, 0x50, 0x00, 0x00, 0x07, 0xff, 0xff, 0xb0, 0x00, 0x00, 0x00, 0x00, 0x00, 0x00, 0x00,
    0x00, 0x00, 0x00, 0x07, 0xff, 0xff, 0xc0, 0x00, 0x00, 0x0c, 0xff, 0xff, 0x40, 0x00, 0x00, 0x00,
    0x00, 0x00, 0x00, 0x00, 0x00, 0x00, 0x00, 0x00, 0xef, 0xff, 0xf2, 0x00, 0x00, 0x2f, 0xff, 0xfd,
    0x00, 0x00, 0x00, 0x00, 0x00, 0x00, 0x00, 0x00, 0x00, 0x00, 0x00, 0x00, 0x8f, 0xff, 0xf7, 0x00,
    0x00, 0x5f, 0xff, 0xf8, 0x00, 0x00, 0x00, 0x00, 0x00, 0x00, 0x00, 0x00, 0x00, 0x00, 0x00, 0x00,
    0x3f, 0xff, 0xfa, 0x00, 0x00, 0x8f, 0xff, 0xf5, 0x00, 0x00, 0x00, 0x00, 0x00, 0x00, 0x00, 0x00,
    0x00, 0x00, 0x00, 0x00, 0x0f, 0xff, 0xfc, 0x00, 0x00, 0xaf, 0xff, 0xf3, 0x00, 0x00, 0x00, 0x00,
    0x00, 0x00, 0x00, 0x00, 0x00, 0x00, 0x00, 0x00, 0x0d, 0xff, 0xfe, 0x00, 0x00, 0xaf, 0xff, 0xf2,
    0x00, 0x00, 0x00, 0x00, 0x00, 0x00, 0x00, 0x00, 0x00, 0x00, 0x00, 0x00, 0x0c, 0xff, 0xff, 0x00,
    0x00, 0xaf, 0xff, 0xf2, 0x00, 0x00, 0x00, 0x00, 0x00, 0x00, 0x00, 0x00, 0x00, 0x00, 0x00, 0x00,
    0x0c, 0xff, 0xff, 0x00, 0x00, 0xaf, 0xff, 0xf3, 0x00, 0x00, 0x00, 0x00, 0x00, 0x00, 0x00, 0x00,
    0x00, 0x00, 0x00, 0x00, 0x0d, 0xff, 0xfe, 0x00, 0x00, 0x8f, 0xff, 0xf5, 0x00, 0x00, 0x00, 0x00,
    0x00, 0x00, 0x00, 0x00, 0x00, 0x00, 0x00, 0x00, 0x0f, 0xff, 0xfc, 0x00, 0x00, 0x5f, 0xff, 0xf8,
    0x00, 0x00, 0x00, 0x00, 0x00, 0x00, 0x00, 0x00, 0x00, 0x00, 0x00, 0x00, 0x3f, 0xff, 0xfa, 0x00,
    0x00, 0x2f, 0xff, 0xfd, 0x00, 0x00, 0x00, 0x00, 0x00, 0x00, 0x00, 0x00, 0x00, 0x00, 0x00, 0x00,
    0x8f, 0xff, 0xf7, 0x00, 0x00, 0x0c, 0xff, 0xff, 0x40, 0x00, 0x00, 0x00, 0x00, 0x00, 0x00, 0x00,
    0x00, 0x00, 0x00, 0x00, 0xdf, 0xff, 0xf2, 0x00, 0x00, 0x07, 0xff, 0xff, 0xb0, 0x00, 0x00, 0x00,
    0x00, 0x00, 0x00, 0x00, 0x00, 0x00, 0x00, 0x06, 0xff, 0xff, 0xc0, 0x00, 0x00, 0x01, 0xef, 0xff,
    0xf6, 0x00, 0x00, 0x00, 0x00, 0x00, 0x00, 0x00, 0x00, 0x00, 0x00, 0x2e, 0xff, 0xff, 0x50, 0x00,
    0x00, 0x00, 0x7f, 0xff, 0xfe, 0x30, 0x00, 0x00, 0x00, 0x00, 0x00, 0x00, 0x00, 0x00, 0x01, 0xcf,
    0xff, 0xfc, 0x00, 0x00, 0x00, 0x00, 0x0c, 0xff, 0xff, 0xe3, 0x00, 0x00, 0x00, 0x00, 0x00, 0x00,
    0x00, 0x00, 0x1b, 0xff, 0xff, 0xf3, 0x00, 0x00, 0x00, 0x00, 0x02, 0xef, 0xff, 0xfe, 0x60, 0x00,
    0x00, 0x00, 0x00, 0x00, 0x00, 0x03, 0xcf, 0xff, 0xff, 0x70, 0x00, 0x00, 0x00, 0x00, 0x00, 0x4f,
    0xff, 0xff, 0xfb, 0x40, 0x00, 0x00, 0x00, 0x00, 0x02, 0x9f, 0xff, 0xff, 0xf9, 0x00, 0x00, 0x00,
    0x00, 0x00, 0x00, 0x04, 0xef, 0xff, 0xff, 0xfd, 0x85, 0x32, 0x12, 0x47, 0xbf, 0xff, 0xff, 0xff,
    0x90, 0x00, 0x00, 0x00, 0x00, 0x00, 0x00, 0x00, 0x2c, 0xff, 0xff, 0xff, 0xff, 0xff, 0xff, 0xff,
    0xff, 0xff, 0xff, 0xe6, 0x00, 0x00, 0x00, 0x00, 0x00, 0x00, 0x00, 0x00, 0x00, 0x7e, 0xff, 0xff,
    0xff, 0xff, 0xff, 0xff, 0xff, 0xff, 0xfa, 0x20, 0x00, 0x00, 0x00, 0x00, 0x00, 0x00, 0x00, 0x00,
    0x00, 0x01, 0x7d, 0xff, 0xff, 0xff, 0xff, 0xff, 0xff, 0xea, 0x30, 0x00, 0x00, 0x00, 0x00, 0x00,
    0x00, 0x00, 0x00, 0x00, 0x00, 0x00, 0x00, 0x37, 0xac, 0xef, 0xfe, 0xdb, 0x85, 0x10, 0x00, 0x00,
    0x00, 0x00, 0x00, 0x00, 0x00, 0x00, 0x00, 0x00, 0x00, 0x00, 0x00, 0x9e, 0xd4, 0x00, 0x00, 0x1a,
    0xec, 0x30, 0x00, 0x00, 0x00, 0x00, 0x00, 0x00, 0x00, 0x00, 0x00, 0x00, 0x00, 0x00, 0x07, 0xff,
    0xfe, 0x00, 0x00, 0x8f, 0xff, 0xd0, 0x00, 0x00, 0x00, 0x00, 0x00, 0x00, 0x00, 0x00, 0x00, 0x00,
    0x00, 0x00, 0x0a, 0xff, 0xff, 0x20, 0x00, 0xbf, 0xff, 0xf1, 0x00, 0x00, 0x00, 0x00, 0x00, 0x00,
    0x00, 0x00, 0x00, 0x00, 0x00, 0x00, 0x07, 0xff, 0xfe, 0x00, 0x00, 0x8f, 0xff, 0xd0, 0x00, 0x00,
    0x00, 0x00, 0x00, 0x00, 0x00, 0x00, 0x00, 0x00, 0x00, 0x00, 0x00, 0x9e, 0xd4, 0x00, 0x00, 0x1a,
    0xec, 0x30, 0x00, 0x00, 0x00, 0x00, 0x00, 0x00, 0x00, 0x00, 0x00, 0x00, 0x00, 0x00, 0x00, 0x00,
    0x00, 0x00, 0x00, 0x00, 0x00, 0x00, 0x00, 0x00, 0x00, 0x00, 0x00, 0x00, 0x00, 0x00, 0x00, 0x00,
    0x00, 0x00, 0x00, 0x00, 0x00, 0x00, 0x00, 0x00, 0x00, 0x00, 0x00, 0x00, 0x00, 0x00, 0x00, 0x00,
    0x00, 0x00, 0x00, 0x00, 0x00, 0x00, 0x00, 0x00, 0x00, 0x00, 0x00, 0x00, 0x00, 0x00, 0x00, 0x00,
    0x00, 0x00, 0x00, 0x00, 0x00, 0x00, 0x00, 0x00, 0x00, 0x00, 0x00, 0x37, 0xac, 0xef, 0xfe, 0xdb,
    0x85, 0x10, 0x00, 0x00, 0x00, 0x00, 0x00, 0x00, 0x00, 0x00, 0x00, 0x00, 0x00, 0x01, 0x7d, 0xff,
    0xff, 0xff, 0xff, 0xff, 0xff, 0xe9, 0x30, 0x00, 0x00, 0x00, 0x00, 0x00, 0x00, 0x00, 0x00, 0x00,
    0x00, 0x6e, 0xff, 0xff, 0xff, 0xff, 0xff, 0xff, 0xff, 0xff, 0xfa, 0x20, 0x00, 0x00, 0x00, 0x00,
    0x00, 0x00, 0x00, 0x00, 0x2c, 0xff, 0xff, 0xff, 0xff, 0xff, 0xff, 0xff, 0xff, 0xff, 0xff, 0xe6,
    0x00, 0x00, 0x00, 0x00, 0x00, 0x00, 0x00, 0x04, 0xef, 0xff, 0xff, 0xfd, 0x85, 0x32, 0x12, 0x47,
    0xbf, 0xff, 0xff, 0xff, 0x80, 0x00, 0x00, 0x00, 0x00, 0x00, 0x00, 0x4f, 0xff, 0xff, 0xfc, 0x40,
    0x00, 0x00, 0x00, 0x00, 0x02, 0x9f, 0xff, 0xff, 0xf9, 0x00, 0x00, 0x00, 0x00, 0x00, 0x02, 0xef,
    0xff, 0xfe, 0x60, 0x00, 0x00, 0x00, 0x00, 0x00, 0x00, 0x03, 0xdf, 0xff, 0xff, 0x70, 0x00, 0x00,
    0x00, 0x00, 0x0c, 0xff, 0xff, 0xe3, 0x00, 0x00, 0x00, 0x00, 0x00, 0x00, 0x00, 0x00, 0x1b, 0xff,
    0xff, 0xf3, 0x00, 0x00, 0x00, 0x00, 0x7f, 0xff, 0xfe, 0x30, 0x00, 0x00, 0x00, 0x00, 0x00, 0x00,
    0x00, 0x00, 0x01, 0xcf, 0xff, 0xfc, 0x00, 0x00, 0x00, 0x01, 0xef, 0xff, 0xf6, 0x00, 0x00, 0x00,
    0x00, 0x00, 0x00, 0x00, 0x00, 0x00, 0x00, 0x2e, 0xff, 0xff, 0x50, 0x00, 0x00, 0x07, 0xff, 0xff,
    0xb0, 0x00, 0x00, 0x00, 0x00, 0x00, 0x00, 0x00, 0x00, 0x00, 0x00, 0x07, 0xff, 0xff, 0xc0, 0x00,
    0x00, 0x0c, 0xff, 0xff, 0x40, 0x00, 0x00, 0x00, 0x00, 0x00, 0x00, 0x00, 0x00, 0x00, 0x00, 0x00,
    0xef, 0xff, 0xf2, 0x00, 0x00, 0x2f, 0xff, 0xfd, 0x00, 0x00, 0x00, 0x00, 0x00, 0x00, 0x00, 0x00,
    0x00, 0x00, 0x00, 0x00, 0x8f, 0xff, 0xf7, 0x00, 0x00, 0x5f, 0xff, 0xf8, 0x00, 0x00, 0x00, 0x00,
    0x00, 0x00, 0x00, 0x00, 0x00, 0x00, 0x00, 0x00, 0x3f, 0xff, 0xfa, 0x00, 0x00, 0x8f, 0xff, 0xf5,
    0x00, 0x00, 0x00, 0x00, 0x00, 0x00, 0x00, 0x00, 0x00, 0x00, 0x00, 0x00, 0x0f, 0xff, 0xfc, 0x00,
    0x00, 0xaf, 0xff, 0xf3, 0x00, 0x00, 0x00, 0x00, 0x00, 0x00, 0x00, 0x00, 0x00, 0x00, 0x00, 0x00,
    0x0d, 0xff, 0xfe, 0x00, 0x00, 0xaf, 0xff, 0xf2, 0x00, 0x00, 0x00, 0x00, 0x00, 0x00, 0x00, 0x00,
    0x00, 0x00, 0x00, 0x00, 0x0c, 0xff, 0xff, 0x00, 0x00, 0xaf, 0xff, 0xf2, 0x00, 0x00, 0x00, 0x00,
    0x00, 0x00, 0x00, 0x00, 0x00, 0x00, 0x00, 0x00, 0x0c, 0xff, 0xff, 0x00, 0x00, 0xaf, 0xff, 0xf3,
    0x00, 0x00, 0x00, 0x00, 0x00, 0x00, 0x00, 0x00, 0x00, 0x00, 0x00, 0x00, 0x0d, 0xff, 0xfe, 0x00,
    0x00, 0x8f, 0xff, 0xf5, 0x00, 0x00, 0x00, 0x00, 0x00, 0x00, 0x00, 0x00, 0x00, 0x00, 0x00, 0x00,
    0x0f, 0xff, 0xfc, 0x00, 0x00, 0x5f, 0xff, 0xf8, 0x00, 0x00, 0x00, 0x00, 0x00, 0x00, 0x00, 0x00,
    0x00, 0x00, 0x00, 0x00, 0x3f, 0xff, 0xfa, 0x00, 0x00, 0x2f, 0xff, 0xfd, 0x00, 0x00, 0x00, 0x00,
    0x00, 0x00, 0x00, 0x00, 0x00, 0x00, 0x00, 0x00, 0x8f, 0xff, 0xf7, 0x00, 0x00, 0x0c, 0xff, 0xff,
    0x40, 0x00, 0x00, 0x00, 0x00, 0x00, 0x00, 0x00, 0x00, 0x00, 0x00, 0x00, 0xdf, 0xff, 0xf2, 0x00,
    0x00, 0x07, 0xff, 0xff, 0xb0, 0x00, 0x00, 0x00, 0x00, 0x00, 0x00, 0x00, 0x00, 0x00, 0x00, 0x06,
    0xff, 0xff, 0xc0, 0x00, 0x00, 0x01, 0xef, 0xff, 0xf6, 0x00, 0x00, 0x00, 0x00, 0x00, 0x00, 0x00,
    0x00, 0x00, 0x00, 0x2e, 0xff, 0xff, 0x50, 0x00, 0x00, 0x00, 0x7f, 0xff, 0xfe, 0x30, 0x00, 0x00,
    0x00, 0x00, 0x00, 0x00, 0x00, 0x00, 0x01, 0xcf, 0xff, 0xfc, 0x00, 0x00, 0x00, 0x00, 0x0c, 0xff,
    0xff, 0xe3, 0x00, 0x00, 0x00, 0x00, 0x00, 0x00, 0x00, 0x00, 0x1b, 0xff, 0xff, 0xf3, 0x00, 0x00,
    0x00, 0x00, 0x02, 0xef, 0xff, 0xfe, 0x60, 0x00, 0x00, 0x00, 0x00, 0x00, 0x00, 0x03, 0xcf, 0xff,
    0xff, 0x70, 0x00, 0x00, 0x00, 0x00, 0x00, 0x4f, 0xff, 0xff, 0xfb, 0x40, 0x00, 0x00, 0x00, 0x00,
    0x02, 0x9f, 0xff, 0xff, 0xf9, 0x00, 0x00, 0x00, 0x00, 0x00, 0x00, 0x04, 0xef, 0xff, 0xff, 0xfd,
    0x85, 0x32, 0x12, 0x47, 0xbf, 0xff, 0xff, 0xff, 0x90, 0x00, 0x00, 0x00, 0x00, 0x00, 0x00, 0x00,
    0x2c, 0xff, 0xff, 0xff, 0xff, 0xff, 0xff, 0xff, 0xff, 0xff, 0xff, 0xe6, 0x00, 0x00, 0x00, 0x00,
    0x00, 0x00, 0x00, 0x00, 0x00, 0x7e, 0xff, 0xff, 0xff, 0xff, 0xff, 0xff, 0xff, 0xff, 0xfa, 0x20,
    0x00, 0x00, 0x00, 0x00, 0x00, 0x00, 0x00, 0x00, 0x00, 0x01, 0x7d, 0xff, 0xff, 0xff, 0xff, 0xff,
    0xff, 0xea, 0x30, 0x00, 0x00, 0x00, 0x00, 0x00, 0x00, 0x00, 0x00, 0x00, 0x00, 0x00, 0x00, 0x37,
    0xac, 0xef, 0xfe, 0xdb, 0x85, 0x10, 0x00, 0x00, 0x00, 0x00, 0x00, 0x00, 0x00, 0x00, 0x00, 0x08,
    0x20, 0x00, 0x00, 0x00, 0x00, 0x02, 0x70, 0x00, 0x00, 0x00, 0x00, 0x00, 0x00, 0x8f, 0xd2, 0x00,
    0x00, 0x00, 0x00, 0x2e, 0xf7, 0x00, 0x00, 0x00, 0x00, 0x00, 0x07, 0xff, 0xfd, 0x20, 0x00, 0x00,
    0x02, 0xef, 0xff, 0x60, 0x00, 0x00, 0x00, 0x00, 0x05, 0xff, 0xff, 0xd2, 0x00, 0x00, 0x2d, 0xff,
    0xff, 0x50, 0x00, 0x00, 0x00, 0x00, 0x00, 0x5f, 0xff, 0xfd, 0x20, 0x02, 0xdf, 0xff, 0xf5, 0x00,
    0x00, 0x00, 0x00, 0x00, 0x00, 0x05, 0xff, 0xff, 0xd2, 0x2d, 0xff, 0xff, 0x50, 0x00, 0x00, 0x00,
    0x00, 0x00, 0x00, 0x00, 0x5f, 0xff, 0xfd, 0xdf, 0xff, 0xf5, 0x00, 0x00, 0x00, 0x00, 0x00, 0x00,
    0x00, 0x00, 0x06, 0xff, 0xff, 0xff, 0xff, 0x50, 0x00, 0x00, 0x00, 0x00, 0x00, 0x00, 0x00, 0x00,
    0x00, 0x6f, 0xff, 0xff, 0xf5, 0x00, 0x00, 0x00, 0x00, 0x00, 0x00, 0x00, 0x00, 0x00, 0x00, 0x2e,
    0xff, 0xff, 0xd1, 0x00, 0x00, 0x00, 0x00, 0x00, 0x00, 0x00, 0x00, 0x00, 0x02, 0xdf, 0xff, 0xff,
    0xfd, 0x10, 0x00, 0x00, 0x00, 0x00, 0x00, 0x00, 0x00, 0x00, 0x1d, 0xff, 0xff, 0xff, 0xff, 0xd1,
    0x00, 0x00, 0x00, 0x00, 0x00, 0x00, 0x00, 0x01, 0xdf, 0xff, 0xf6, 0x6f, 0xff, 0xfd, 0x10, 0x00,
    0x00, 0x00, 0x00, 0x00, 0x00, 0x1d, 0xff, 0xff, 0x60, 0x07, 0xff, 0xff, 0xc1, 0x00, 0x00, 0x00,
    0x00, 0x00, 0x01, 0xdf, 0xff, 0xf6, 0x00, 0x00, 0x7f, 0xff, 0xfc, 0x10, 0x00, 0x00, 0x00, 0x00,
    0x09, 0xff, 0xff, 0x60, 0x00, 0x00, 0x07, 0xff, 0xff, 0x90, 0x00, 0x00, 0x00, 0x00, 0x01, 0xcf,
    0xf6, 0x00, 0x00, 0x00, 0x00, 0x7f, 0xfc, 0x10, 0x00, 0x00, 0x00, 0x00, 0x00, 0x1d, 0x60, 0x00,
    0x00, 0x00, 0x00, 0x07, 0xd1, 0x00, 0x00, 0x00, 0x00, 0x00, 0x00, 0x01, 0x00, 0x00, 0x00, 0x00,
    0x00, 0x00, 0x10, 0x00, 0x00, 0x00, 0x00, 0x00, 0x00, 0x00, 0x00, 0x00, 0x00, 0x00, 0x00, 0x00,
    0x00, 0x00, 0x00, 0x00, 0x00, 0x00, 0x00, 0x00, 0x00, 0x00, 0x00, 0x00, 0x00, 0x00, 0x00, 0x00,
    0x00, 0x00, 0x00, 0x00, 0x00, 0x00, 0x00, 0x00, 0x00, 0x00, 0x00, 0x00, 0x00, 0x00, 0x00, 0x00,
    0x00, 0x00, 0x00, 0x00, 0x00, 0x00, 0x00, 0x00, 0x00, 0x00, 0x00, 0x00, 0x00, 0x00, 0x00, 0x00,
    0x00, 0x00, 0x00, 0x00, 0x00, 0x00, 0x00, 0x00, 0x00, 0x00, 0x00, 0x00, 0x00, 0x00, 0x00, 0x00,
    0x00, 0x00, 0x00, 0x00, 0x00, 0x00, 0x00, 0x00, 0x00, 0x00, 0x00, 0x00, 0x00, 0x00, 0x00, 0x00,
    0x00, 0x00, 0x00, 0x00, 0x00, 0x00, 0x00, 0x00, 0x00, 0x00, 0x00, 0x00, 0x00, 0x00, 0x00, 0x00,
    0x00, 0x00, 0x00, 0x00, 0x00, 0x00, 0x1e, 0xff, 0xf2, 0x00, 0x00, 0x00, 0x00, 0x00, 0x00, 0x00,
    0x00, 0x00, 0x00, 0x00, 0x00, 0x00, 0x00, 0x00, 0x00, 0x00, 0x8f, 0xff, 0x80, 0x00, 0x00, 0x00,
    0x00, 0x00, 0x00, 0x00, 0x00, 0x00, 0x00, 0x00, 0x00, 0x00, 0x00, 0x00, 0x00, 0x02, 0xef, 0xfe,
    0x10, 0x00, 0x00, 0x00, 0x00, 0x00, 0x00, 0x00, 0x00, 0x00, 0x00, 0x00, 0x00, 0x00, 0x00, 0x00,
    0x00, 0x09, 0xff, 0xf7, 0x00, 0x00, 0x00, 0x00, 0x00, 0x00, 0x00, 0x00, 0x00, 0x00, 0x00, 0x37,
    0xac, 0xef, 0xfe, 0xdb, 0x85, 0x3f, 0xff, 0xd1, 0x00, 0x00, 0x00, 0x00, 0x00, 0x00, 0x00, 0x00,
    0x00, 0x01, 0x7d, 0xff, 0xff, 0xff, 0xff, 0xff, 0xff, 0xff, 0xff, 0x60, 0x00, 0x00, 0x00, 0x00,
    0x00, 0x00, 0x00, 0x00, 0x00, 0x6e, 0xff, 0xff, 0xff, 0xff, 0xff, 0xff, 0xff, 0xff, 0xff, 0x20,
    0x00, 0x00, 0x00, 0x00, 0x00, 0x00, 0x00, 0x00, 0x2c, 0xff, 0xff, 0xff, 0xff, 0xff, 0xff, 0xff,
    0xff, 0xff, 0xff, 0xe6, 0x00, 0x00, 0x00, 0x00, 0x00, 0x00, 0x00, 0x04, 0xef, 0xff, 0xff, 0xfd,
    0x85, 0x32, 0x12, 0x47, 0xff, 0xff, 0xff, 0xff, 0x80, 0x00, 0x00, 0x00, 0x00, 0x00, 0x00, 0x4f,
    0xff, 0xff, 0xfc, 0x40, 0x00, 0x00, 0x00, 0x00, 0xdf, 0xff, 0xff, 0xff, 0xf9, 0x00, 0x00, 0x00,
    0x00, 0x00, 0x02, 0xef, 0xff, 0xfe, 0x60, 0x00, 0x00, 0x00, 0x00, 0x06, 0xff, 0xfd, 0xdf, 0xff,
    0xff, 0x70, 0x00, 0x00, 0x00, 0x00, 0x0c, 0xff, 0xff, 0xe3, 0x00, 0x00, 0x00, 0x00, 0x00, 0x1e,
    0xff, 0xf2, 0x1b, 0xff, 0xff, 0xf3, 0x00, 0x00, 0x00, 0x00, 0x7f, 0xff, 0xfe, 0x30, 0x00, 0x00,
    0x00, 0x00, 0x00, 0x7f, 0xff, 0x90, 0x01, 0xcf, 0xff, 0xfc, 0x00, 0x00, 0x00, 0x01, 0xef, 0xff,
    0xf6, 0x00, 0x00, 0x00, 0x00, 0x00, 0x01, 0xef, 0xfe, 0x10, 0x00, 0x2e, 0xff, 0xff, 0x50, 0x00,
    0x00, 0x07, 0xff, 0xff, 0xb0, 0x00, 0x00, 0x00, 0x00, 0x00, 0x09, 0xff, 0xf8, 0x00, 0x00, 0x07,
    0xff, 0xff, 0xc0, 0x00, 0x00, 0x0c, 0xff, 0xff, 0x40, 0x00, 0x00, 0x00, 0x00, 0x00, 0x2f, 0xff,
    0xe1, 0x00, 0x00, 0x00, 0xef, 0xff, 0xf2, 0x00, 0x00, 0x2f, 0xff, 0xfd, 0x00, 0x00, 0x00, 0x00,
    0x00, 0x00, 0xaf, 0xff, 0x70, 0x00, 0x00, 0x00, 0x8f, 0xff, 0xf7, 0x00, 0x00, 0x5f, 0xff, 0xf8,
    0x00, 0x00, 0x00, 0x00, 0x00, 0x03, 0xff, 0xfd, 0x00, 0x00, 0x00, 0x00, 0x3f, 0xff, 0xfa, 0x00,
    0x00, 0x8f, 0xff, 0xf5, 0x00, 0x00, 0x00, 0x00, 0x00, 0x0b, 0xff, 0xf5, 0x00, 0x00, 0x00, 0x00,
    0x0f, 0xff, 0xfc, 0x00, 0x00, 0xaf, 0xff, 0xf3, 0x00, 0x00, 0x00, 0x00, 0x00, 0x4f, 0xff, 0xc0,
    0x00, 0x00, 0x00, 0x00, 0x0d, 0xff, 0xfe, 0x00, 0x00, 0xaf, 0xff, 0xf2, 0x00, 0x00, 0x00, 0x00,
    0x00, 0xcf, 0xff, 0x40, 0x00, 0x00, 0x00, 0x00, 0x0c, 0xff, 0xff, 0x00, 0x00, 0xaf, 0xff, 0xf2,
    0x00, 0x00, 0x00, 0x00, 0x06, 0xff, 0xfb, 0x00, 0x00, 0x00, 0x00, 0x00, 0x0c, 0xff, 0xff, 0x00,
    0x00, 0xaf, 0xff, 0xf3, 0x00, 0x00, 0x00, 0x00, 0x0d, 0xff, 0xf3, 0x00, 0x00, 0x00, 0x00, 0x00,
    0x0d, 0xff, 0xfe, 0x00, 0x00, 0x8f, 0xff, 0xf5, 0x00, 0x00, 0x00, 0x00, 0x7f, 0xff, 0xa0, 0x00,
    0x00, 0x00, 0x00, 0x00, 0x0f, 0xff, 0xfc, 0x00, 0x00, 0x5f, 0xff, 0xf8, 0x00, 0x00, 0x00, 0x01,
    0xef, 0xff, 0x20, 0x00, 0x00, 0x00, 0x00, 0x00, 0x3f, 0xff, 0xfa, 0x00, 0x00, 0x2f, 0xff, 0xfd,
    0x00, 0x00, 0x00, 0x08, 0xff, 0xf9, 0x00, 0x00, 0x00, 0x00, 0x00, 0x00, 0x8f, 0xff, 0xf7, 0x00,
    0x00, 0x0c, 0xff, 0xff, 0x40, 0x00, 0x00, 0x2f, 0xff, 0xe1, 0x00, 0x00, 0x00, 0x00, 0x00, 0x00,
    0xdf, 0xff, 0xf2, 0x00, 0x00, 0x07, 0xff, 0xff, 0xb0, 0x00, 0x00, 0xaf, 0xff, 0x70, 0x00, 0x00,
    0x00, 0x00, 0x00, 0x06, 0xff, 0xff, 0xc0, 0x00, 0x00, 0x01, 0xef, 0xff, 0xf6, 0x00, 0x03, 0xff,
    0xfe, 0x10, 0x00, 0x00, 0x00, 0x00, 0x00, 0x2e, 0xff, 0xff, 0x50, 0x00, 0x00, 0x00, 0x7f, 0xff,
    0xfe, 0x30, 0x0b, 0xff, 0xf6, 0x00, 0x00, 0x00, 0x00, 0x00, 0x01, 0xcf, 0xff, 0xfc, 0x00, 0x00,
    0x00, 0x00, 0x0c, 0xff, 0xff, 0xe3, 0x4f, 0xff, 0xd0, 0x00, 0x00, 0x00, 0x00, 0x00, 0x1b, 0xff,
    0xff, 0xf3, 0x00, 0x00, 0x00, 0x00, 0x02, 0xef, 0xff, 0xfe, 0xff, 0xff, 0x50, 0x00, 0x00, 0x00,
    0x00, 0x03, 0xcf, 0xff, 0xff, 0x70, 0x00, 0x00, 0x00, 0x00, 0x00, 0x4f, 0xff, 0xff, 0xff, 0xfc,
    0x00, 0x00, 0x00, 0x00, 0x02, 0x9f, 0xff, 0xff, 0xf9, 0x00, 0x00, 0x00, 0x00, 0x00, 0x00, 0x04,
    0xef, 0xff, 0xff, 0xff, 0x85, 0x32, 0x12, 0x47, 0xbf, 0xff, 0xff, 0xff, 0x90, 0x00, 0x00, 0x00,
    0x00, 0x00, 0x00, 0x00, 0x2c, 0xff, 0xff, 0xff, 0xff, 0xff, 0xff, 0xff, 0xff, 0xff, 0xff, 0xe6,
    0x00, 0x00, 0x00, 0x00, 0x00, 0x00, 0x00, 0x00, 0x01, 0xff, 0xff, 0xff, 0xff, 0xff, 0xff, 0xff,
    0xff, 0xff, 0xfa, 0x20, 0x00, 0x00, 0x00, 0x00, 0x00, 0x00, 0x00, 0x00, 0x08, 0xff, 0xff, 0xff,
    0xff, 0xff, 0xff, 0xff, 0xff, 0xea, 0x30, 0x00, 0x00, 0x00, 0x00, 0x00, 0x00, 0x00, 0x00, 0x00,
    0x1e, 0xff, 0xf2, 0x37, 0xac, 0xef, 0xfe, 0xdb, 0x85, 0x10, 0x00, 0x00, 0x00, 0x00, 0x00, 0x00,
    0x00, 0x00, 0x00, 0x00, 0x9f, 0xff, 0x80, 0x00, 0x00, 0x00, 0x00, 0x00, 0x00, 0x00, 0x00, 0x00,
    0x00, 0x00, 0x00, 0x00, 0x00, 0x00, 0x00, 0x02, 0xff, 0xfe, 0x10, 0x00, 0x00, 0x00, 0x00, 0x00,
    0x00, 0x00, 0x00, 0x00, 0x00, 0x00, 0x00, 0x00, 0x00, 0x00, 0x00, 0x0a, 0xff, 0xf7, 0x00, 0x00,
    0x00, 0x00, 0x00, 0x00, 0x00, 0x00, 0x00, 0x00, 0x00, 0x00, 0x00, 0x00, 0x00, 0x00, 0x00, 0x00,
    0x00, 0x48, 0x88, 0x88, 0x20, 0x00, 0x00, 0x00, 0x00, 0x00, 0x00, 0x00, 0x00, 0x00, 0x00, 0x00,
    0x00, 0x00, 0x00, 0x00, 0x08, 0xff, 0xff, 0xe3, 0x00, 0x00, 0x00, 0x00, 0x00, 0x00, 0x00, 0x00,
    0x00, 0x00, 0x00, 0x00, 0x00, 0x00, 0x00, 0x00, 0x5e, 0xff, 0xfe, 0x30, 0x00, 0x00, 0x00, 0x00,
    0x00, 0x00, 0x00, 0x00, 0x00, 0x00, 0x00, 0x00, 0x00, 0x00, 0x00, 0x03, 0xdf, 0xff, 0xe3, 0x00,
    0x00, 0x00, 0x00, 0x00, 0x00, 0x00, 0x00, 0x00, 0x00, 0x00, 0x00, 0x00, 0x00, 0x00, 0x00, 0x1b,
    0xff, 0xfe, 0x30, 0x00, 0x00, 0x00, 0x00, 0x00, 0x00, 0x00, 0x00, 0x00, 0x00, 0x00, 0x00, 0x00,
    0x00, 0x00, 0x00, 0x8f, 0xff, 0xe3, 0x00, 0x00, 0x00, 0x00, 0x00, 0x00, 0x00, 0x00, 0x00, 0x00,
    0x00, 0x00, 0x00, 0x00, 0x00, 0x00, 0x05, 0xef, 0xfe, 0x30, 0x00, 0x00, 0x00, 0x00, 0x00, 0x00,
    0x00, 0x00, 0x00, 0x00, 0x00, 0x00, 0x00, 0x00, 0x00, 0x00, 0x00, 0x00, 0x00, 0x00, 0x00, 0x00,
    0x00, 0x00, 0x00, 0x00, 0x00, 0x00, 0x00, 0x00, 0x00, 0x00, 0x00, 0x00, 0x00, 0x00, 0x00, 0x00,
    0x00, 0x00, 0x00, 0x00, 0x00, 0x00, 0x00, 0x00, 0x00, 0x4f, 0xff, 0xf8, 0x00, 0x00, 0x00, 0x00,
    0x00, 0x00, 0x00, 0x00, 0x00, 0x7f, 0xff, 0xf3, 0x00, 0x00, 0x00, 0x00, 0x4f, 0xff, 0xf8, 0x00,
    0x00, 0x00, 0x00, 0x00, 0x00, 0x00, 0x00, 0x00, 0x7f, 0xff, 0xf3, 0x00, 0x00, 0x00, 0x00, 0x4f,
    0xff, 0xf8, 0x00, 0x00, 0x00, 0x00, 0x00, 0x00, 0x00, 0x00, 0x00, 0x7f, 0xff, 0xf3, 0x00, 0x00,
    0x00, 0x00, 0x4f, 0xff, 0xf8, 0x00, 0x00, 0x00, 0x00, 0x00, 0x00, 0x00, 0x00, 0x00, 0x7f, 0xff,
    0xf3, 0x00, 0x00, 0x00, 0x00, 0x4f, 0xff, 0xf8, 0x00, 0x00, 0x00, 0x00, 0x00, 0x00, 0x00, 0x00,
    0x00, 0x7f, 0xff, 0xf3, 0x00, 0x00, 0x00, 0x00, 0x4f, 0xff, 0xf8, 0x00, 0x00, 0x00, 0x00, 0x00,
    0x00, 0x00, 0x00, 0x00, 0x7f, 0xff, 0xf3, 0x00, 0x00, 0x00, 0x00, 0x4f, 0xff, 0xf8, 0x00, 0x00,
    0x00, 0x00, 0x00, 0x00, 0x00, 0x00, 0x00, 0x7f, 0xff, 0xf3, 0x00, 0x00, 0x00, 0x00, 0x4f, 0xff,
    0xf8, 0x00, 0x00, 0x00, 0x00, 0x00, 0x00, 0x00, 0x00, 0x00, 0x7f, 0xff, 0xf3, 0x00, 0x00, 0x00,
    0x00, 0x4f, 0xff, 0xf8, 0x00, 0x00, 0x00, 0x00, 0x00, 0x00, 0x00, 0x00, 0x00, 0x7f, 0xff, 0xf3,
    0x00, 0x00, 0x00, 0x00, 0x4f, 0xff, 0xf8, 0x00, 0x00, 0x00, 0x00, 0x00, 0x00, 0x00, 0x00, 0x00,
    0x7f, 0xff, 0xf3, 0x00, 0x00, 0x00, 0x00, 0x4f, 0xff, 0xf8, 0x00, 0x00, 0x00, 0x00, 0x00, 0x00,
    0x00, 0x00, 0x00, 0x7f, 0xff, 0xf3, 0x00, 0x00, 0x00, 0x00, 0x4f, 0xff, 0xf8, 0x00, 0x00, 0x00,
    0x00, 0x00, 0x00, 0x00, 0x00, 0x00, 0x7f, 0xff, 0xf3, 0x00, 0x00, 0x00, 0x00, 0x4f, 0xff, 0xf8,
    0x00, 0x00, 0x00, 0x00, 0x00, 0x00, 0x00, 0x00, 0x00, 0x7f, 0xff, 0xf3, 0x00, 0x00, 0x00, 0x00,
    0x4f, 0xff, 0xf8, 0x00, 0x00, 0x00, 0x00, 0x00, 0x00, 0x00, 0x00, 0x00, 0x7f, 0xff, 0xf3, 0x00,
    0x00, 0x00, 0x00, 0x4f, 0xff, 0xf8, 0x00, 0x00, 0x00, 0x00, 0x00, 0x00, 0x00, 0x00, 0x00, 0x7f,
    0xff, 0xf3, 0x00, 0x00, 0x00, 0x00, 0x4f, 0xff, 0xf8, 0x00, 0x00, 0x00, 0x00, 0x00, 0x00, 0x00,
    0x00, 0x00, 0x7f, 0xff, 0xf3, 0x00, 0x00, 0x00, 0x00, 0x4f, 0xff, 0xf8, 0x00, 0x00, 0x00, 0x00,
    0x00, 0x00, 0x00, 0x00, 0x00, 0x7f, 0xff, 0xf3, 0x00, 0x00, 0x00, 0x00, 0x4f, 0xff, 0xf8, 0x00,
    0x00, 0x00, 0x00, 0x00, 0x00, 0x00, 0x00, 0x00, 0x7f, 0xff, 0xf3, 0x00, 0x00, 0x00, 0x00, 0x4f,
    0xff, 0xf8, 0x00, 0x00, 0x00, 0x00, 0x00, 0x00, 0x00, 0x00, 0x00, 0x7f, 0xff, 0xf3, 0x00, 0x00,
    0x00, 0x00, 0x3f, 0xff, 0xf9, 0x00, 0x00, 0x00, 0x00, 0x00, 0x00, 0x00, 0x00, 0x00, 0x8f, 0xff,
    0xf2, 0x00, 0x00, 0x00, 0x00, 0x2f, 0xff, 0xf9, 0x00, 0x00, 0x00, 0x00, 0x00, 0x00, 0x00, 0x00,
    0x00, 0x9f, 0xff, 0xf1, 0x00, 0x00, 0x00, 0x00, 0x1f, 0xff, 0xfa, 0x00, 0x00, 0x00, 0x00, 0x00,
    0x00, 0x00, 0x00, 0x00, 0xaf, 0xff, 0xf0, 0x00, 0x00, 0x00, 0x00, 0x0f, 0xff, 0xfd, 0x00, 0x00,
    0x00, 0x00, 0x00, 0x00, 0x00, 0x00, 0x00, 0xcf, 0xff, 0xe0, 0x00, 0x00, 0x00, 0x00, 0x0c, 0xff,
    0xff, 0x10, 0x00, 0x00, 0x00, 0x00, 0x00, 0x00, 0x00, 0x01, 0xff, 0xff, 0xb0, 0x00, 0x00, 0x00,
    0x00, 0x08, 0xff, 0xff, 0x60, 0x00, 0x00, 0x00, 0x00, 0x00, 0x00, 0x00, 0x05, 0xff, 0xff, 0x70,
    0x00, 0x00, 0x00, 0x00, 0x04, 0xff, 0xff, 0xc0, 0x00, 0x00, 0x00, 0x00, 0x00, 0x00, 0x00, 0x0c,
    0xff, 0xff, 0x30, 0x00, 0x00, 0x00, 0x00, 0x00, 0xdf, 0xff, 0xf7, 0x00, 0x00, 0x00, 0x00, 0x00,
    0x00, 0x00, 0x6f, 0xff, 0xfc, 0x00, 0x00, 0x00, 0x00, 0x00, 0x00, 0x6f, 0xff, 0xff, 0x50, 0x00,
    0x00, 0x00, 0x00, 0x00, 0x04, 0xef, 0xff, 0xf5, 0x00, 0x00, 0x00, 0x00, 0x00, 0x00, 0x0c, 0xff,
    0xff, 0xf8, 0x10, 0x00, 0x00, 0x00, 0x01, 0x7f, 0xff, 0xff, 0xb0, 0x00, 0x00, 0x00, 0x00, 0x00,
    0x00, 0x02, 0xef, 0xff, 0xff, 0xe9, 0x53, 0x22, 0x35, 0x9e, 0xff, 0xff, 0xfd, 0x10, 0x00, 0x00,
    0x00, 0x00, 0x00, 0x00, 0x00, 0x3d, 0xff, 0xff, 0xff, 0xff, 0xff, 0xff, 0xff, 0xff, 0xff, 0xd2,
    0x00, 0x00, 0x00, 0x00, 0x00, 0x00, 0x00, 0x00, 0x01, 0xbf, 0xff, 0xff, 0xff, 0xff, 0xff, 0xff,
    0xff, 0xfb, 0x10, 0x00, 0x00, 0x00, 0x00, 0x00, 0x00, 0x00, 0x00, 0x00, 0x04, 0xcf, 0xff, 0xff,
    0xff, 0xff, 0xff, 0xfb, 0x40, 0x00, 0x00, 0x00, 0x00, 0x00, 0x00, 0x00, 0x00, 0x00, 0x00, 0x00,
    0x02, 0x6a, 0xcd, 0xfe, 0xdc, 0xa6, 0x20, 0x00, 0x00, 0x00, 0x00, 0x00, 0x00, 0x00, 0x00, 0x00,
    0x00, 0x00, 0x00, 0x00, 0x00, 0x00, 0x00, 0x02, 0x88, 0x88, 0x84, 0x00, 0x00, 0x00, 0x00, 0x00,
    0x00, 0x00, 0x00, 0x00, 0x00, 0x00, 0x00, 0x00, 0x00, 0x00, 0x2e, 0xff, 0xff, 0x80, 0x00, 0x00,
    0x00, 0x00, 0x00, 0x00, 0x00, 0x00, 0x00, 0x00, 0x00, 0x00, 0x00, 0x00, 0x02, 0xef, 0xff, 0xe5,
    0x00, 0x00, 0x00, 0x00, 0x00, 0x00, 0x00, 0x00, 0x00, 0x00, 0x00, 0x00, 0x00, 0x00, 0x00, 0x2e,
    0xff, 0xfd, 0x30, 0x00, 0x00, 0x00, 0x00, 0x00, 0x00, 0x00, 0x00, 0x00, 0x00, 0x00, 0x00, 0x00,
    0x00, 0x03, 0xef, 0xff, 0xb1, 0x00, 0x00, 0x00, 0x00, 0x00, 0x00, 0x00, 0x00, 0x00, 0x00, 0x00,
    0x00, 0x00, 0x00, 0x00, 0x3e, 0xff, 0xf9, 0x00, 0x00, 0x00, 0x00, 0x00, 0x00, 0x00, 0x00, 0x00,
    0x00, 0x00, 0x00, 0x00, 0x00, 0x00, 0x03, 0xef, 0xff, 0x60, 0x00, 0x00, 0x00, 0x00, 0x00, 0x00,
    0x00, 0x00, 0x00, 0x00, 0x00, 0x00, 0x00, 0x00, 0x00, 0x00, 0x00, 0x00, 0x00, 0x00, 0x00, 0x00,
    0x00, 0x00, 0x00, 0x00, 0x00, 0x00, 0x00, 0x00, 0x00, 0x00, 0x00, 0x00, 0x00, 0x00, 0x00, 0x00,
    0x00, 0x00, 0x00, 0x00, 0x00, 0x00, 0x00, 0x00, 0x00, 0x00, 0x4f, 0xff, 0xf8, 0x00, 0x00, 0x00,
    0x00, 0x00, 0x00, 0x00, 0x00, 0x00, 0x7f, 0xff, 0xf3, 0x00, 0x00, 0x00, 0x00, 0x4f, 0xff, 0xf8,
    0x00, 0x00, 0x00, 0x00, 0x00, 0x00, 0x00, 0x00, 0x00, 0x7f, 0xff, 0xf3, 0x00, 0x00, 0x00, 0x00,
    0x4f, 0xff, 0xf8, 0x00, 0x00, 0x00, 0x00, 0x00, 0x00, 0x00, 0x00, 0x00, 0x7f, 0xff, 0xf3, 0x00,
    0x00, 0x00, 0x00, 0x4f, 0xff, 0xf8, 0x00, 0x00, 0x00, 0x00, 0x00, 0x00, 0x00, 0x00, 0x00, 0x7f,
    0xff, 0xf3, 0x00, 0x00, 0x00, 0x00, 0x4f, 0xff, 0xf8, 0x00, 0x00, 0x00, 0x00, 0x00, 0x00, 0x00,
    0x00, 0x00, 0x7f, 0xff, 0xf3, 0x00, 0x00, 0x00, 0x00, 0x4f, 0xff, 0xf8, 0x00, 0x00, 0x00, 0x00,
    0x00, 0x00, 0x00, 0x00, 0x00, 0x7f, 0xff, 0xf3, 0x00, 0x00, 0x00, 0x00, 0x4f, 0xff, 0xf8, 0x00,
    0x00, 0x00, 0x00, 0x00, 0x00, 0x00, 0x00, 0x00, 0x7f, 0xff, 0xf3, 0x00, 0x00, 0x00, 0x00, 0x4f,
    0xff, 0xf8, 0x00, 0x00, 0x00, 0x00, 0x00, 0x00, 0x00, 0x00, 0x00, 0x7f, 0xff, 0xf3, 0x00, 0x00,
    0x00, 0x00, 0x4f, 0xff, 0xf8, 0x00, 0x00, 0x00, 0x00, 0x00, 0x00, 0x00, 0x00, 0x00, 0x7f, 0xff,
    0xf3, 0x00, 0x00, 0x00, 0x00, 0x4f, 0xff, 0xf8, 0x00, 0x00, 0x00, 0x00, 0x00, 0x00, 0x00, 0x00,
    0x00, 0x7f, 0xff, 0xf3, 0x00, 0x00, 0x00, 0x00, 0x4f, 0xff, 0xf8, 0x00, 0x00, 0x00, 0x00, 0x00,
    0x00, 0x00, 0x00, 0x00, 0x7f, 0xff, 0xf3, 0x00, 0x00, 0x00, 0x00, 0x4f, 0xff, 0xf8, 0x00, 0x00,
    0x00, 0x00, 0x00, 0x00, 0x00, 0x00, 0x00, 0x7f, 0xff, 0xf3, 0x00, 0x00, 0x00, 0x00, 0x4f, 0xff,
    0xf8, 0x00, 0x00, 0x00, 0x00, 0x00, 0x00, 0x00, 0x00, 0x00, 0x7f, 0xff, 0xf3, 0x00, 0x00, 0x00,
    0x00, 0x4f, 0xff, 0xf8, 0x00, 0x00, 0x00, 0x00, 0x00, 0x00, 0x00, 0x00, 0x00, 0x7f, 0xff, 0xf3,
    0x00, 0x00, 0x00, 0x00, 0x4f, 0xff, 0xf8, 0x00, 0x00, 0x00, 0x00, 0x00, 0x00, 0x00, 0x00, 0x00,
    0x7f, 0xff, 0xf3, 0x00, 0x00, 0x00, 0x00, 0x4f, 0xff, 0xf8, 0x00, 0x00, 0x00, 0x00, 0x00, 0x00,
    0x00, 0x00, 0x00, 0x7f, 0xff, 0xf3, 0x00, 0x00, 0x00, 0x00, 0x4f, 0xff, 0xf8, 0x00, 0x00, 0x00,
    0x00, 0x00, 0x00, 0x00, 0x00, 0x00, 0x7f, 0xff, 0xf3, 0x00, 0x00, 0x00, 0x00, 0x4f, 0xff, 0xf8,
    0x00, 0x00, 0x00, 0x00, 0x00, 0x00, 0x00, 0x00, 0x00, 0x7f, 0xff, 0xf3, 0x00, 0x00, 0x00, 0x00,
    0x4f, 0xff, 0xf8, 0x00, 0x00, 0x00, 0x00, 0x00, 0x00, 0x00, 0x00, 0x00, 0x7f, 0xff, 0xf3, 0x00,
    0x00, 0x00, 0x00, 0x3f, 0xff, 0xf9, 0x00, 0x00, 0x00, 0x00, 0x00, 0x00, 0x00, 0x00, 0x00, 0x8f,
    0xff, 0xf2, 0x00, 0x00, 0x00, 0x00, 0x2f, 0xff, 0xf9, 0x00, 0x00, 0x00, 0x00, 0x00, 0x00, 0x00,
    0x00, 0x00, 0x9f, 0xff, 0xf1, 0x00, 0x00, 0x00, 0x00, 0x1f, 0xff, 0xfa, 0x00, 0x00, 0x00, 0x00,
    0x00, 0x00, 0x00, 0x00, 0x00, 0xaf, 0xff, 0xf0, 0x00, 0x00, 0x00, 0x00, 0x0f, 0xff, 0xfd, 0x00,
    0x00, 0x00, 0x00, 0x00, 0x00, 0x00, 0x00, 0x00, 0xcf, 0xff, 0xe0, 0x00, 0x00, 0x00, 0x00, 0x0c,
    0xff, 0xff, 0x10, 0x00, 0x00, 0x00, 0x00, 0x00, 0x00, 0x00, 0x01, 0xff, 0xff, 0xb0, 0x00, 0x00,
    0x00, 0x00, 0x08, 0xff, 0xff, 0x60, 0x00, 0x00, 0x00, 0x00, 0x00, 0x00, 0x00, 0x05, 0xff, 0xff,
    0x70, 0x00, 0x00, 0x00, 0x00, 0x04, 0xff, 0xff, 0xc0, 0x00, 0x00, 0x00, 0x00, 0x00, 0x00, 0x00,
    0x0c, 0xff, 0xff, 0x30, 0x00, 0x00, 0x00, 0x00, 0x00, 0xdf, 0xff, 0xf7, 0x00, 0x00, 0x00, 0x00,
    0x00, 0x00, 0x00, 0x6f, 0xff, 0xfc, 0x00, 0x00, 0x00, 0x00, 0x00, 0x00, 0x6f, 0xff, 0xff, 0x50,
    0x00, 0x00, 0x00, 0x00, 0x00, 0x04, 0xef, 0xff, 0xf5, 0x00, 0x00, 0x00, 0x00, 0x00, 0x00, 0x0c,
    0xff, 0xff, 0xf8, 0x10, 0x00, 0x00, 0x00, 0x01, 0x7f, 0xff, 0xff, 0xb0, 0x00, 0x00, 0x00, 0x00,
    0x00, 0x00, 0x02, 0xef, 0xff, 0xff, 0xe9, 0x53, 0x22, 0x35, 0x9e, 0xff, 0xff, 0xfd, 0x10, 0x00,
    0x00, 0x00, 0x00, 0x00, 0x00, 0x00, 0x3d, 0xff, 0xff, 0xff, 0xff, 0xff, 0xff, 0xff, 0xff, 0xff,
    0xd2, 0x00, 0x00, 0x00, 0x00, 0x00, 0x00, 0x00, 0x00, 0x01, 0xbf, 0xff, 0xff, 0xff, 0xff, 0xff,
    0xff, 0xff, 0xfb, 0x10, 0x00, 0x00, 0x00, 0x00, 0x00, 0x00, 0x00, 0x00, 0x00, 0x04, 0xcf, 0xff,
    0xff, 0xff, 0xff, 0xff, 0xfb, 0x40, 0x00, 0x00, 0x00, 0x00, 0x00, 0x00, 0x00, 0x00, 0x00, 0x00,
    0x00, 0x02, 0x6a, 0xcd, 0xfe, 0xdc, 0xa6, 0x20, 0x00, 0x00, 0x00, 0x00, 0x00, 0x00, 0x00, 0x00,
    0x00, 0x00, 0x00, 0x00, 0x00, 0x00, 0x38, 0x88, 0x83, 0x00, 0x00, 0x00, 0x00, 0x00, 0x00, 0x00,
    0x00, 0x00, 0x00, 0x00, 0x00, 0x00, 0x00, 0x00, 0x03, 0xef, 0xff, 0xfe, 0x40, 0x00, 0x00, 0x00,
    0x00, 0x00, 0x00, 0x00, 0x00, 0x00, 0x00, 0x00, 0x00, 0x00, 0x00, 0x3e, 0xff, 0xff, 0xff, 0xe3,
    0x00, 0x00, 0x00, 0x00, 0x00, 0x00, 0x00, 0x00, 0x00, 0x00, 0x00, 0x00, 0x00, 0x03, 0xef, 0xff,
    0xa9, 0xff, 0xfe, 0x30, 0x00, 0x00, 0x00, 0x00, 0x00, 0x00, 0x00, 0x00, 0x00, 0x00, 0x00, 0x00,
    0x3e, 0xff, 0xf8, 0x00, 0x7f, 0xff, 0xe3, 0x00, 0x00, 0x00, 0x00, 0x00, 0x00, 0x00, 0x00, 0x00,
    0x00, 0x00, 0x03, 0xef, 0xff, 0x50, 0x00, 0x05, 0xff, 0xfe, 0x30, 0x00, 0x00, 0x00, 0x00, 0x00,
    0x00, 0x00, 0x00, 0x00, 0x00, 0x3e, 0xff, 0xe4, 0x00, 0x00, 0x00, 0x4e, 0xff, 0xe3, 0x00, 0x00,
    0x00, 0x00, 0x00, 0x00, 0x00, 0x00, 0x00, 0x00, 0x00, 0x00, 0x00, 0x00, 0x00, 0x00, 0x00, 0x00,
    0x00, 0x00, 0x00, 0x00, 0x00, 0x00, 0x00, 0x00, 0x00, 0x00, 0x00, 0x00, 0x00, 0x00, 0x00, 0x00,
    0x00, 0x00, 0x00, 0x00, 0x00, 0x00, 0x00, 0x00, 0x00, 0x00, 0x00, 0x4f, 0xff, 0xf8, 0x00, 0x00,
    0x00, 0x00, 0x00, 0x00, 0x00, 0x00, 0x00, 0x7f, 0xff, 0xf3, 0x00, 0x00, 0x00, 0x00, 0x4f, 0xff,
    0xf8, 0x00, 0x00, 0x00, 0x00, 0x00, 0x00, 0x00, 0x00, 0x00, 0x7f, 0xff, 0xf3, 0x00, 0x00, 0x00,
    0x00, 0x4f, 0xff, 0xf8, 0x00, 0x00, 0x00, 0x00, 0x00, 0x00, 0x00, 0x00, 0x00, 0x7f, 0xff, 0xf3,
    0x00, 0x00, 0x00, 0x00, 0x4f, 0xff, 0xf8, 0x00, 0x00, 0x00, 0x00, 0x00, 0x00, 0x00, 0x00, 0x00,
    0x7f, 0xff, 0xf3, 0x00, 0x00, 0x00, 0x00, 0x4f, 0xff, 0xf8, 0x00, 0x00, 0x00, 0x00, 0x00, 0x00,
    0x00, 0x00, 0x00, 0x7f, 0xff, 0xf3, 0x00, 0x00, 0x00, 0x00, 0x4f, 0xff, 0xf8, 0x00, 0x00, 0x00,
    0x00, 0x00, 0x00, 0x00, 0x00, 0x00, 0x7f, 0xff, 0xf3, 0x00, 0x00, 0x00, 0x00, 0x4f, 0xff, 0xf8,
    0x00, 0x00, 0x00, 0x00, 0x00, 0x00, 0x00, 0x00, 0x00, 0x7f, 0xff, 0xf3, 0x00, 0x00, 0x00, 0x00,
    0x4f, 0xff, 0xf8, 0x00, 0x00, 0x00, 0x00, 0x00, 0x00, 0x00, 0x00, 0x00, 0x7f, 0xff, 0xf3, 0x00,
    0x00, 0x00, 0x00, 0x4f, 0xff, 0xf8, 0x00, 0x00, 0x00, 0x00, 0x00, 0x00, 0x00, 0x00, 0x00, 0x7f,
    0xff, 0xf3, 0x00, 0x00, 0x00, 0x00, 0x4f, 0xff, 0xf8, 0x00, 0x00, 0x00, 0x00, 0x00, 0x00, 0x00,
    0x00, 0x00, 0x7f, 0xff, 0xf3, 0x00, 0x00, 0x00, 0x00, 0x4f, 0xff, 0xf8, 0x00, 0x00, 0x00, 0x00,
    0x00, 0x00, 0x00, 0x00, 0x00, 0x7f, 0xff, 0xf3, 0x00, 0x00, 0x00, 0x00, 0x4f, 0xff, 0xf8, 0x00,
    0x00, 0x00, 0x00, 0x00, 0x00, 0x00, 0x00, 0x00, 0x7f, 0xff, 0xf3, 0x00, 0x00, 0x00, 0x00, 0x4f,
    0xff, 0xf8, 0x00, 0x00, 0x00, 0x00, 0x00, 0x00, 0x00, 0x00, 0x00, 0x7f, 0xff, 0xf3, 0x00, 0x00,
    0x00, 0x00, 0x4f, 0xff, 0xf8, 0x00, 0x00, 0x00, 0x00, 0x00, 0x00, 0x00, 0x00, 0x00, 0x7f, 0xff,
    0xf3, 0x00, 0x00, 0x00, 0x00, 0x4f, 0xff, 0xf8, 0x00, 0x00, 0x00, 0x00, 0x00, 0x00, 0x00, 0x00,
    0x00, 0x7f, 0xff, 0xf3, 0x00, 0x00, 0x00, 0x00, 0x4f, 0xff, 0xf8, 0x00, 0x00, 0x00, 0x00, 0x00,
    0x00, 0x00, 0x00, 0x00, 0x7f, 0xff, 0xf3, 0x00, 0x00, 0x00, 0x00, 0x4f, 0xff, 0xf8, 0x00, 0x00,
    0x00, 0x00, 0x00, 0x00, 0x00, 0x00, 0x00, 0x7f, 0xff, 0xf3, 0x00, 0x00, 0x00, 0x00, 0x4f, 0xff,
    0xf8, 0x00, 0x00, 0x00, 0x00, 0x00, 0x00, 0x00, 0x00, 0x00, 0x7f, 0xff, 0xf3, 0x00, 0x00, 0x00,
    0x00, 0x4f, 0xff, 0xf8, 0x00, 0x00, 0x00, 0x00, 0x00, 0x00, 0x00, 0x00, 0x00, 0x7f, 0xff, 0xf3,
    0x00, 0x00, 0x00, 0x00, 0x3f, 0xff, 0xf9, 0x00, 0x00, 0x00, 0x00, 0x00, 0x00, 0x00, 0x00, 0x00,
    0x8f, 0xff, 0xf2, 0x00, 0x00, 0x00, 0x00, 0x2f, 0xff, 0xf9, 0x00, 0x00, 0x00, 0x00, 0x00, 0x00,
    0x00, 0x00, 0x00, 0x9f, 0xff, 0xf1, 0x00, 0x00, 0x00, 0x00, 0x1f, 0xff, 0xfa, 0x00, 0x00, 0x00,
    0x00, 0x00, 0x00, 0x00, 0x00, 0x00, 0xaf, 0xff, 0xf0, 0x00, 0x00, 0x00, 0x00, 0x0f, 0xff, 0xfd,
    0x00, 0x00, 0x00, 0x00, 0x00, 0x00, 0x00, 0x00, 0x00, 0xcf, 0xff, 0xe0, 0x00, 0x00, 0x00, 0x00,
    0x0c, 0xff, 0xff, 0x10, 0x00, 0x00, 0x00, 0x00, 0x00, 0x00, 0x00, 0x01, 0xff, 0xff, 0xb0, 0x00,
    0x00, 0x00, 0x00, 0x08, 0xff, 0xff, 0x60, 0x00, 0x00, 0x00, 0x00, 0x00, 0x00, 0x00, 0x05, 0xff,
    0xff, 0x70, 0x00, 0x00, 0x00, 0x00, 0x04, 0xff, 0xff, 0xc0, 0x00, 0x00, 0x00, 0x00, 0x00, 0x00,
    0x00, 0x0c, 0xff, 0xff, 0x30, 0x00, 0x00, 0x00, 0x00, 0x00, 0xdf, 0xff, 0xf7, 0x00, 0x00, 0x00,
    0x00, 0x00, 0x00, 0x00, 0x6f, 0xff, 0xfc, 0x00, 0x00, 0x00, 0x00, 0x00, 0x00, 0x6f, 0xff, 0xff,
    0x50, 0x00, 0x00, 0x00, 0x00, 0x00, 0x04, 0xef, 0xff, 0xf5, 0x00, 0x00, 0x00, 0x00, 0x00, 0x00,
    0x0c, 0xff, 0xff, 0xf8, 0x10, 0x00, 0x00, 0x00, 0x01, 0x7f, 0xff, 0xff, 0xb0, 0x00, 0x00, 0x00,
    0x00, 0x00, 0x00, 0x02, 0xef, 0xff, 0xff, 0xe9, 0x53, 0x22, 0x35, 0x9e, 0xff, 0xff, 0xfd, 0x10,
    0x00, 0x00, 0x00, 0x00, 0x00, 0x00, 0x00, 0x3d, 0xff, 0xff, 0xff, 0xff, 0xff, 0xff, 0xff, 0xff,
    0xff, 0xd2, 0x00, 0x00, 0x00, 0x00, 0x00, 0x00, 0x00, 0x00, 0x01, 0xbf, 0xff, 0xff, 0xff, 0xff,
    0xff, 0xff, 0xff, 0xfb, 0x10, 0x00, 0x00, 0x00, 0x00, 0x00, 0x00, 0x00, 0x00, 0x00, 0x04, 0xcf,
    0xff, 0xff, 0xff, 0xff, 0xff, 0xfb, 0x40, 0x00, 0x00, 0x00, 0x00, 0x00, 0x00, 0x00, 0x00, 0x00,
    0x00, 0x00, 0x02, 0x6a, 0xcd, 0xfe, 0xdc, 0xa6, 0x20, 0x00, 0x00, 0x00, 0x00, 0x00, 0x00, 0x00,
    0x00, 0x00, 0x00, 0x00, 0x00, 0x1b, 0xeb, 0x20, 0x00, 0x02, 0xbe, 0xb2, 0x00, 0x00, 0x00, 0x00,
    0x00, 0x00, 0x00, 0x00, 0x00, 0x00, 0x00, 0x00, 0xaf, 0xff, 0xb0, 0x00, 0x0b, 0xff, 0xfa, 0x00,
    0x00, 0x00, 0x00, 0x00, 0x00, 0x00, 0x00, 0x00, 0x00, 0x00, 0x00, 0xdf, 0xff, 0xe0, 0x00, 0x0e,
    0xff, 0xfd, 0x00, 0x00, 0x00, 0x00, 0x00, 0x00, 0x00, 0x00, 0x00, 0x00, 0x00, 0x00, 0xaf, 0xff,
    0xb0, 0x00, 0x0b, 0xff, 0xfa, 0x00, 0x00, 0x00, 0x00, 0x00, 0x00, 0x00, 0x00, 0x00, 0x00, 0x00,
    0x00, 0x1b, 0xeb, 0x20, 0x00, 0x02, 0xbe, 0xb2, 0x00, 0x00, 0x00, 0x00, 0x00, 0x00, 0x00, 0x00,
    0x00, 0x00, 0x00, 0x00, 0x00, 0x00, 0x00, 0x00, 0x00, 0x00, 0x00, 0x00, 0x00, 0x00, 0x00, 0x00,
    0x00, 0x00, 0x00, 0x00, 0x00, 0x00, 0x00, 0x00, 0x00, 0x00, 0x00, 0x00, 0x00, 0x00, 0x00, 0x00,
    0x00, 0x00, 0x00, 0x00, 0x00, 0x00, 0x00, 0x00, 0x00, 0x00, 0x00, 0x00, 0x00, 0x00, 0x00, 0x00,
    0x00, 0x00, 0x00, 0x00, 0x00, 0x00, 0x00, 0x00, 0x00, 0x4f, 0xff, 0xf8, 0x00, 0x00, 0x00, 0x00,
    0x00, 0x00, 0x00, 0x00, 0x00, 0x7f, 0xff, 0xf3, 0x00, 0x00, 0x00, 0x00, 0x4f, 0xff, 0xf8, 0x00,
    0x00, 0x00, 0x00, 0x00, 0x00, 0x00, 0x00, 0x00, 0x7f, 0xff, 0xf3, 0x00, 0x00, 0x00, 0x00, 0x4f,
    0xff, 0xf8, 0x00, 0x00, 0x00, 0x00, 0x00, 0x00, 0x00, 0x00, 0x00, 0x7f, 0xff, 0xf3, 0x00, 0x00,
    0x00, 0x00, 0x4f, 0xff, 0xf8, 0x00, 0x00, 0x00, 0x00, 0x00, 0x00, 0x00, 0x00, 0x00, 0x7f, 0xff,
    0xf3, 0x00, 0x00, 0x00, 0x00, 0x4f, 0xff, 0xf8, 0x00, 0x00, 0x00, 0x00, 0x00, 0x00, 0x00, 0x00,
    0x00, 0x7f, 0xff, 0xf3, 0x00, 0x00, 0x00, 0x00, 0x4f, 0xff, 0xf8, 0x00, 0x00, 0x00, 0x00, 0x00,
    0x00, 0x00, 0x00, 0x00, 0x7f, 0xff, 0xf3, 0x00, 0x00, 0x00, 0x00, 0x4f, 0xff, 0xf8, 0x00, 0x00,
    0x00, 0x00, 0x00, 0x00, 0x00, 0x00, 0x00, 0x7f, 0xff, 0xf3, 0x00, 0x00, 0x00, 0x00, 0x4f, 0xff,
    0xf8, 0x00, 0x00, 0x00, 0x00, 0x00, 0x00, 0x00, 0x00, 0x00, 0x7f, 0xff, 0xf3, 0x00, 0x00, 0x00,
    0x00, 0x4f, 0xff, 0xf8, 0x00, 0x00, 0x00, 0x00, 0x00, 0x00, 0x00, 0x00, 0x00, 0x7f, 0xff, 0xf3,
    0x00, 0x00, 0x00, 0x00, 0x4f, 0xff, 0xf8, 0x00, 0x00, 0x00, 0x00, 0x00, 0x00, 0x00, 0x00, 0x00,
    0x7f, 0xff, 0xf3, 0x00, 0x00, 0x00, 0x00, 0x4f, 0xff, 0xf8, 0x00, 0x00, 0x00, 0x00, 0x00, 0x00,
    0x00, 0x00, 0x00, 0x7f, 0xff, 0xf3, 0x00, 0x00, 0x00, 0x00, 0x4f, 0xff, 0xf8, 0x00, 0x00, 0x00,
    0x00, 0x00, 0x00, 0x00, 0x00, 0x00, 0x7f, 0xff, 0xf3, 0x00, 0x00, 0x00, 0x00, 0x4f, 0xff, 0xf8,
    0x00, 0x00, 0x00, 0x00, 0x00, 0x00, 0x00, 0x00, 0x00, 0x7f, 0xff, 0xf3, 0x00, 0x00, 0x00, 0x00,
    0x4f, 0xff, 0xf8, 0x00, 0x00, 0x00, 0x00, 0x00, 0x00, 0x00, 0x00, 0x00, 0x7f, 0xff, 0xf3, 0x00,
    0x00, 0x00, 0x00, 0x4f, 0xff, 0xf8, 0x00, 0x00, 0x00, 0x00, 0x00, 0x00, 0x00, 0x00, 0x00, 0x7f,
    0xff, 0xf3, 0x00, 0x00, 0x00, 0x00, 0x4f, 0xff, 0xf8, 0x00, 0x00, 0x00, 0x00, 0x00, 0x00, 0x00,
    0x00, 0x00, 0x7f, 0xff, 0xf3, 0x00, 0x00, 0x00, 0x00, 0x4f, 0xff, 0xf8, 0x00, 0x00, 0x00, 0x00,
    0x00, 0x00, 0x00, 0x00, 0x00, 0x7f, 0xff, 0xf3, 0x00, 0x00, 0x00, 0x00, 0x4f, 0xff, 0xf8, 0x00,
    0x00, 0x00, 0x00, 0x00, 0x00, 0x00, 0x00, 0x00, 0x7f, 0xff, 0xf3, 0x00, 0x00, 0x00, 0x00, 0x4f,
    0xff, 0xf8, 0x00, 0x00, 0x00, 0x00, 0x00, 0x00, 0x00, 0x00, 0x00, 0x7f, 0xff, 0xf3, 0x00, 0x00,
    0x00, 0x00, 0x3f, 0xff, 0xf9, 0x00, 0x00, 0x00, 0x00, 0x00, 0x00, 0x00, 0x00, 0x00, 0x8f, 0xff,
    0xf2, 0x00, 0x00, 0x00, 0x00, 0x2f, 0xff, 0xf9, 0x00, 0x00, 0x00, 0x00, 0x00, 0x00, 0x00, 0x00,
    0x00, 0x9f, 0xff, 0xf1, 0x00, 0x00, 0x00, 0x00, 0x1f, 0xff, 0xfa, 0x00, 0x00, 0x00, 0x00, 0x00,
    0x00, 0x00, 0x00, 0x00, 0xaf, 0xff, 0xf0, 0x00, 0x00, 0x00, 0x00, 0x0f, 0xff, 0xfd, 0x00, 0x00,
    0x00, 0x00, 0x00, 0x00, 0x00, 0x00, 0x00, 0xcf, 0xff, 0xe0, 0x00, 0x00, 0x00, 0x00, 0x0c, 0xff,
    0xff, 0x10, 0x00, 0x00, 0x00, 0x00, 0x00, 0x00, 0x00, 0x01, 0xff, 0xff, 0xb0, 0x00, 0x00, 0x00,
    0x00, 0x08, 0xff, 0xff, 0x60, 0x00, 0x00, 0x00, 0x00, 0x00, 0x00, 0x00, 0x05, 0xff, 0xff, 0x70,
    0x00, 0x00, 0x00, 0x00, 0x04, 0xff, 0xff, 0xc0, 0x00, 0x00, 0x00, 0x00, 0x00, 0x00, 0x00, 0x0c,
    0xff, 0xff, 0x30, 0x00, 0x00, 0x00, 0x00, 0x00, 0xdf, 0xff, 0xf7, 0x00, 0x00, 0x00, 0x00, 0x00,
    0x00, 0x00, 0x6f, 0xff, 0xfc, 0x00, 0x00, 0x00, 0x00, 0x00, 0x00, 0x6f, 0xff, 0xff, 0x50, 0x00,
    0x00, 0x00, 0x00, 0x00, 0x04, 0xef, 0xff, 0xf5, 0x00, 0x00, 0x00, 0x00, 0x00, 0x00, 0x0c, 0xff,
    0xff, 0xf8, 0x10, 0x00, 0x00, 0x00, 0x01, 0x7f, 0xff, 0xff, 0xb0, 0x00, 0x00, 0x00, 0x00, 0x00,
    0x00, 0x02, 0xef, 0xff, 0xff, 0xe9, 0x53, 0x22, 0x35, 0x9e, 0xff, 0xff, 0xfd, 0x10, 0x00, 0x00,
    0x00, 0x00, 0x00, 0x00, 0x00, 0x3d, 0xff, 0xff, 0xff, 0xff, 0xff, 0xff, 0xff, 0xff, 0xff, 0xd2,
    0x00, 0x00, 0x00, 0x00, 0x00, 0x00, 0x00, 0x00, 0x01, 0xbf, 0xff, 0xff, 0xff, 0xff, 0xff, 0xff,
    0xff, 0xfb, 0x10, 0x00, 0x00, 0x00, 0x00, 0x00, 0x00, 0x00, 0x00, 0x00, 0x04, 0xcf, 0xff, 0xff,
    0xff, 0xff, 0xff, 0xfb, 0x40, 0x00, 0x00, 0x00, 0x00, 0x00, 0x00, 0x00, 0x00, 0x00, 0x00, 0x00,
    0x02, 0x6a, 0xcd, 0xfe, 0xdc, 0xa6, 0x20, 0x00, 0x00, 0x00, 0x00, 0x00, 0x00, 0x00, 0x00, 0x00,
    0x00, 0x00, 0x00, 0x00, 0x00, 0x00, 0x06, 0x88, 0x88, 0x71, 0x00, 0x00, 0x00, 0x00, 0x00, 0x00,
    0x00, 0x00, 0x00, 0x00, 0x00, 0x00, 0x08, 0xff, 0xff, 0xd3, 0x00, 0x00, 0x00, 0x00, 0x00, 0x00,
    0x00, 0x00, 0x00, 0x00, 0x00, 0x00, 0x08, 0xff, 0xff, 0xc1, 0x00, 0x00, 0x00, 0x00, 0x00, 0x00,
    0x00, 0x00, 0x00, 0x00, 0x00, 0x00, 0x08, 0xff, 0xff, 0x90, 0x00, 0x00, 0x00, 0x00, 0x00, 0x00,
    0x00, 0x00, 0x00, 0x00, 0x00, 0x00, 0x08, 0xff, 0xff, 0x60, 0x00, 0x00, 0x00, 0x00, 0x00, 0x00,
    0x00, 0x00, 0x00, 0x00, 0x00, 0x00, 0x08, 0xff, 0xfe, 0x40, 0x00, 0x00, 0x00, 0x00, 0x00, 0x00,
    0x00, 0x00, 0x00, 0x00, 0x00, 0x00, 0x08, 0xff, 0xfc, 0x20, 0x00, 0x00, 0x00, 0x00, 0x00, 0x00,
    0x00, 0x00, 0x00, 0x00, 0x00, 0x00, 0x00, 0x00, 0x00, 0x00, 0x00, 0x00, 0x00, 0x00, 0x00, 0x00,
    0x00, 0x00, 0x00, 0x00, 0x00, 0x00, 0x00, 0x00, 0x00, 0x00, 0x00, 0x00, 0x00, 0x00, 0x00, 0x00,
    0x00, 0x00, 0xdf, 0xff, 0xf4, 0x00, 0x00, 0x00, 0x00, 0x00, 0x00, 0x00, 0x00, 0x00, 0x00, 0xcf,
    0xff, 0xd1, 0x04, 0xff, 0xff, 0xc0, 0x00, 0x00, 0x00, 0x00, 0x00, 0x00, 0x00, 0x00, 0x00, 0x6f,
    0xff, 0xf5, 0x00, 0x0a, 0xff, 0xff, 0x70, 0x00, 0x00, 0x00, 0x00, 0x00, 0x00, 0x00, 0x00, 0x1e,
    0xff, 0xfb, 0x00, 0x00, 0x2e, 0xff, 0xfe, 0x10, 0x00, 0x00, 0x00, 0x00, 0x00, 0x00, 0x00, 0x09,
    0xff, 0xff, 0x20, 0x00, 0x00, 0x7f, 0xff, 0xfa, 0x00, 0x00, 0x00, 0x00, 0x00, 0x00, 0x00, 0x03,
    0xff, 0xff, 0x80, 0x00, 0x00, 0x00, 0xdf, 0xff, 0xf4, 0x00, 0x00, 0x00, 0x00, 0x00, 0x00, 0x00,
    0xcf, 0xff, 0xd1, 0x00, 0x00, 0x00, 0x04, 0xff, 0xff, 0xd0, 0x00, 0x00, 0x00, 0x00, 0x00, 0x00,
    0x6f, 0xff, 0xf5, 0x00, 0x00, 0x00, 0x00, 0x0a, 0xff, 0xff, 0x70, 0x00, 0x00, 0x00, 0x00, 0x00,
    0x1e, 0xff, 0xfb, 0x00, 0x00, 0x00, 0x00, 0x00, 0x2e, 0xff, 0xfe, 0x20, 0x00, 0x00, 0x00, 0x00,
    0x0a, 0xff, 0xff, 0x20, 0x00, 0x00, 0x00, 0x00, 0x00, 0x7f, 0xff, 0xfa, 0x00, 0x00, 0x00, 0x00,
    0x04, 0xff, 0xff, 0x80, 0x00, 0x00, 0x00, 0x00, 0x00, 0x00, 0xdf, 0xff, 0xf4, 0x00, 0x00, 0x00,
    0x00, 0xcf, 0xff, 0xd1, 0x00, 0x00, 0x00, 0x00, 0x00, 0x00, 0x04, 0xff, 0xff, 0xd0, 0x00, 0x00,
    0x00, 0x7f, 0xff, 0xf5, 0x00, 0x00, 0x00, 0x00, 0x00, 0x00, 0x00, 0x0a, 0xff, 0xff, 0x70, 0x00,
    0x00, 0x2e, 0xff, 0xfb, 0x00, 0x00, 0x00, 0x00, 0x00, 0x00, 0x00, 0x00, 0x2e, 0xff, 0xfe, 0x20,
    0x00, 0x0a, 0xff, 0xff, 0x20, 0x00, 0x00, 0x00, 0x00, 0x00, 0x00, 0x00, 0x00, 0x7f, 0xff, 0xfa,
    0x00, 0x04, 0xff, 0xff, 0x80, 0x00, 0x00, 0x00, 0x00, 0x00, 0x00, 0x00, 0x00, 0x00, 0xcf, 0xff,
    0xf4, 0x00, 0xdf, 0xff, 0xd1, 0x00, 0x00, 0x00, 0x00, 0x00, 0x00, 0x00, 0x00, 0x00, 0x04, 0xff,
    0xff, 0xd0, 0x7f, 0xff, 0xf5, 0x00, 0x00, 0x00, 0x00, 0x00, 0x00, 0x00, 0x00, 0x00, 0x00, 0x0a,
    0xff, 0xff, 0x9e, 0xff, 0xfb, 0x00, 0x00, 0x00, 0x00, 0x00, 0x00, 0x00, 0x00, 0x00, 0x00, 0x00,
    0x1e, 0xff, 0xff, 0xff, 0xff, 0x20, 0x00, 0x00, 0x00, 0x00, 0x00, 0x00, 0x00, 0x00, 0x00, 0x00,
    0x00, 0x7f, 0xff, 0xff, 0xff, 0x70, 0x00, 0x00, 0x00, 0x00, 0x00, 0x00, 0x00, 0x00, 0x00, 0x00,
    0x00, 0x00, 0xcf, 0xff, 0xff, 0xd0, 0x00, 0x00, 0x00, 0x00, 0x00, 0x00, 0x00, 0x00, 0x00, 0x00,
    0x00, 0x00, 0x04, 0xff, 0xff, 0xf4, 0x00, 0x00, 0x00, 0x00, 0x00, 0x00, 0x00, 0x00, 0x00, 0x00,
    0x00, 0x00, 0x00, 0x0d, 0xff, 0xfe, 0x00, 0x00, 0x00, 0x00, 0x00, 0x00, 0x00, 0x00, 0x00, 0x00,
    0x00, 0x00, 0x00, 0x00, 0xdf, 0xff, 0xe0, 0x00, 0x00, 0x00, 0x00, 0x00, 0x00, 0x00, 0x00, 0x00,
    0x00, 0x00, 0x00, 0x00, 0x0d, 0xff, 0xfe, 0x00, 0x00, 0x00, 0x00, 0x00, 0x00, 0x00, 0x00, 0x00,
    0x00, 0x00, 0x00, 0x00, 0x00, 0xdf, 0xff, 0xe0, 0x00, 0x00, 0x00, 0x00, 0x00, 0x00, 0x00, 0x00,
    0x00, 0x00, 0x00, 0x00, 0x00, 0x0d, 0xff, 0xfe, 0x00, 0x00, 0x00, 0x00, 0x00, 0x00, 0x00, 0x00,
    0x00, 0x00, 0x00, 0x00, 0x00, 0x00, 0xdf, 0xff, 0xe0, 0x00, 0x00, 0x00, 0x00, 0x00, 0x00, 0x00,
    0x00, 0x00, 0x00, 0x00, 0x00, 0x00, 0x0d, 0xff, 0xfe, 0x00, 0x00, 0x00, 0x00, 0x00, 0x00, 0x00,
    0x00, 0x00, 0x00, 0x00, 0x00, 0x00, 0x00, 0xdf, 0xff, 0xe0, 0x00, 0x00, 0x00, 0x00, 0x00, 0x00,
    0x00, 0x00, 0x00, 0x00, 0x00, 0x00, 0x00, 0x0d, 0xff, 0xfe, 0x00, 0x00, 0x00, 0x00, 0x00, 0x00,
    0x00, 0x00, 0x00, 0x00, 0x00, 0x00, 0x00, 0x00, 0xdf, 0xff, 0xe0, 0x00, 0x00, 0x00, 0x00, 0x00,
    0x00, 0x00, 0x00, 0x00, 0x00, 0x00, 0x00, 0x00, 0x0d, 0xff, 0xfe, 0x00, 0x00, 0x00, 0x00, 0x00,
    0x00, 0x00, 0x00, 0x00, 0x00, 0x00, 0x00, 0x00, 0x00, 0xdf, 0xff, 0xe0, 0x00, 0x00, 0x00, 0x00,
    0x00, 0x00, 0x00, 0x00, 0x00, 0x0e, 0xff, 0xfd, 0x00, 0x00, 0x00, 0x00, 0x00, 0x00, 0x00, 0x00,
    0x00, 0x00, 0x00, 0x00, 0x00, 0x00, 0x00, 0xef, 0xff, 0xd0, 0x00, 0x00, 0x00, 0x00, 0x00, 0x00,
    0x00, 0x00, 0x00, 0x00, 0x00, 0x00, 0x00, 0x00, 0x0e, 0xff, 0xfd, 0x00, 0x00, 0x00, 0x00, 0x00,
    0x00, 0x00, 0x00, 0x00, 0x00, 0x00, 0x00, 0x00, 0x00, 0x00, 0xef, 0xff, 0xd0, 0x00, 0x00, 0x00,
    0x00, 0x00, 0x00, 0x00, 0x00, 0x00, 0x00, 0x00, 0x00, 0x00, 0x00, 0x0e, 0xff, 0xff, 0xff, 0xff,
    0xff, 0xff, 0xfe, 0xdb, 0x84, 0x10, 0x00, 0x00, 0x00, 0x00, 0x00, 0x00, 0x00, 0xef, 0xff, 0xff,
    0xff, 0xff, 0xff, 0xff, 0xff, 0xff, 0xfe, 0x82, 0x00, 0x00, 0x00, 0x00, 0x00, 0x00, 0x0e, 0xff,
    0xff, 0xff, 0xff, 0xff, 0xff, 0xff, 0xff, 0xff, 0xff, 0xe6, 0x00, 0x00, 0x00, 0x00, 0x00, 0x00,
    0xef, 0xff, 0xff, 0xff, 0xff, 0xff, 0xff, 0xff, 0xff, 0xff, 0xff, 0xfa, 0x00, 0x00, 0x00, 0x00,
    0x00, 0x0e, 0xff, 0xfd, 0x11, 0x11, 0x11, 0x11, 0x23, 0x47, 0xcf, 0xff, 0xff, 0xf9, 0x00, 0x00,
    0x00, 0x00, 0x00, 0xef, 0xff, 0xd0, 0x00, 0x00, 0x00, 0x00, 0x00, 0x00, 0x3c, 0xff, 0xff, 0xf5,
    0x00, 0x00, 0x00, 0x00, 0x0e, 0xff, 0xfd, 0x00, 0x00, 0x00, 0x00, 0x00, 0x00, 0x00, 0x0a, 0xff,
    0xff, 0xd1, 0x00, 0x00, 0x00, 0x00, 0xef, 0xff, 0xd0, 0x00, 0x00, 0x00, 0x00, 0x00, 0x00, 0x00,
    0x0d, 0xff, 0xff, 0x50, 0x00, 0x00, 0x00, 0x0e, 0xff, 0xfd, 0x00, 0x00, 0x00, 0x00, 0x00, 0x00,
    0x00, 0x00, 0x5f, 0xff, 0xfa, 0x00, 0x00, 0x00, 0x00, 0xef, 0xff, 0xd0, 0x00, 0x00, 0x00, 0x00,
    0x00, 0x00, 0x00, 0x00, 0xef, 0xff, 0xe0, 0x00, 0x00, 0x00, 0x0e, 0xff, 0xfd, 0x00, 0x00, 0x00,
    0x00, 0x00, 0x00, 0x00, 0x00, 0x0c, 0xff, 0xff, 0x00, 0x00, 0x00, 0x00, 0xef, 0xff, 0xd0, 0x00,
    0x00, 0x00, 0x00, 0x00, 0x00, 0x00, 0x00, 0xaf, 0xff, 0xf2, 0x00, 0x00, 0x00, 0x0e, 0xff, 0xfd,
    0x00, 0x00, 0x00, 0x00, 0x00, 0x00, 0x00, 0x00, 0x0a, 0xff, 0xff, 0x20, 0x00, 0x00, 0x00, 0xef,
    0xff, 0xd0, 0x00, 0x00, 0x00, 0x00, 0x00, 0x00, 0x00, 0x00, 0xcf, 0xff, 0xf0, 0x00, 0x00, 0x00,
    0x0e, 0xff, 0xfd, 0x00, 0x00, 0x00, 0x00, 0x00, 0x00, 0x00, 0x00, 0x0e, 0xff, 0xfe, 0x00, 0x00,
    0x00, 0x00, 0xef, 0xff, 0xd0, 0x00, 0x00, 0x00, 0x00, 0x00, 0x00, 0x00, 0x05, 0xff, 0xff, 0xa0,
    0x00, 0x00, 0x00, 0x0e, 0xff, 0xfd, 0x00, 0x00, 0x00, 0x00, 0x00, 0x00, 0x00, 0x00, 0xdf, 0xff,
    0xf6, 0x00, 0x00, 0x00, 0x00, 0xef, 0xff, 0xd0, 0x00, 0x00, 0x00, 0x00, 0x00, 0x00, 0x00, 0xaf,
    0xff, 0xfd, 0x10, 0x00, 0x00, 0x00, 0x0e, 0xff, 0xfd, 0x00, 0x00, 0x00, 0x00, 0x00, 0x00, 0x03,
    0xcf, 0xff, 0xff, 0x60, 0x00, 0x00, 0x00, 0x00, 0xef, 0xff, 0xd1, 0x11, 0x11, 0x11, 0x12, 0x24,
    0x7c, 0xff, 0xff, 0xff, 0xa0, 0x00, 0x00, 0x00, 0x00, 0x0e, 0xff, 0xff, 0xff, 0xff, 0xff, 0xff,
    0xff, 0xff, 0xff, 0xff, 0xff, 0xa0, 0x00, 0x00, 0x00, 0x00, 0x00, 0xef, 0xff, 0xff, 0xff, 0xff,
    0xff, 0xff, 0xff, 0xff, 0xff, 0xfe, 0x60, 0x00, 0x00, 0x00, 0x00, 0x00, 0x0e, 0xff, 0xff, 0xff,
    0xff, 0xff, 0xff, 0xff, 0xff, 0xff, 0xe9, 0x20, 0x00, 0x00, 0x00, 0x00, 0x00, 0x00, 0xef, 0xff,
    0xff, 0xff, 0xff, 0xff, 0xff, 0xed, 0xb8, 0x51, 0x00, 0x00, 0x00, 0x00, 0x00, 0x00, 0x00, 0x0e,
    0xff, 0xfd, 0x00, 0x00, 0x00, 0x00, 0x00, 0x00, 0x00, 0x00, 0x00, 0x00, 0x00, 0x00, 0x00, 0x00,
    0x00, 0xef, 0xff, 0xd0, 0x00, 0x00, 0x00, 0x00, 0x00, 0x00, 0x00, 0x00, 0x00, 0x00, 0x00, 0x00,
    0x00, 0x00, 0x0e, 0xff, 0xfd, 0x00, 0x00, 0x00, 0x00, 0x00, 0x00, 0x00, 0x00, 0x00, 0x00, 0x00,
    0x00, 0x00, 0x00, 0x00, 0xef, 0xff, 0xd0, 0x00, 0x00, 0x00, 0x00, 0x00, 0x00, 0x00, 0x00, 0x00,
    0x00, 0x00, 0x00, 0x00, 0x00, 0x0e, 0xff, 0xfd, 0x00, 0x00, 0x00, 0x00, 0x00, 0x00, 0x00, 0x00,
    0x00, 0x00, 0x00, 0x00, 0x00, 0x00, 0x00, 0xef, 0xff, 0xd0, 0x00, 0x00, 0x00, 0x00, 0x00, 0x00,
    0x00, 0x00, 0x00, 0x00, 0x00, 0x00, 0x00, 0x00, 0x00, 0x00, 0x00, 0x02, 0x7b, 0xde, 0xfe, 0xdb,
    0x72, 0x00, 0x00, 0x00, 0x00, 0x00, 0x00, 0x00, 0x00, 0x00, 0x03, 0xbf, 0xff, 0xff, 0xff, 0xff,
    0xff, 0xa2, 0x00, 0x00, 0x00, 0x00, 0x00, 0x00, 0x00, 0x00, 0x7f, 0xff, 0xff, 0xff, 0xff, 0xff,
    0xff, 0xfe, 0x50, 0x00, 0x00, 0x00, 0x00, 0x00, 0x00, 0x08, 0xff, 0xff, 0xff, 0xff, 0xff, 0xff,
    0xff, 0xff, 0xf5, 0x00, 0x00, 0x00, 0x00, 0x00, 0x00, 0x6f, 0xff, 0xff, 0xe8, 0x42, 0x12, 0x49,
    0xef, 0xff, 0xfe, 0x20, 0x00, 0x00, 0x00, 0x00, 0x01, 0xef, 0xff, 0xf9, 0x10, 0x00, 0x00, 0x00,
    0x1b, 0xff, 0xff, 0xa0, 0x00, 0x00, 0x00, 0x00, 0x08, 0xff, 0xff, 0x90, 0x00, 0x00, 0x00, 0x00,
    0x01, 0xdf, 0xff, 0xf1, 0x00, 0x00, 0x00, 0x00, 0x0e, 0xff, 0xfd, 0x00, 0x00, 0x00, 0x00, 0x00,
    0x00, 0x5f, 0xff, 0xf5, 0x00, 0x00, 0x00, 0x00, 0x3f, 0xff, 0xf7, 0x00, 0x00, 0x00, 0x00, 0x00,
    0x00, 0x1f, 0xff, 0xf7, 0x00, 0x00, 0x00, 0x00, 0x6f, 0xff, 0xf3, 0x00, 0x00, 0x00, 0x00, 0x00,
    0x00, 0x0e, 0xff, 0xf8, 0x00, 0x00, 0x00, 0x00, 0x8f, 0xff, 0xf1, 0x00, 0x00, 0x00, 0x00, 0x00,
    0x00, 0x0f, 0xff, 0xf7, 0x00, 0x00, 0x00, 0x00, 0x9f, 0xff, 0xf0, 0x00, 0x00, 0x00, 0x00, 0x00,
    0x00, 0x3f, 0xff, 0xf5, 0x00, 0x00, 0x00, 0x00, 0x9f, 0xff, 0xf0, 0x00, 0x00, 0x00, 0x00, 0x00,
    0x00, 0x9f, 0xff, 0xf1, 0x00, 0x00, 0x00, 0x00, 0x9f, 0xff, 0xf0, 0x00, 0x00, 0x00, 0x00, 0x00,
    0x05, 0xff, 0xff, 0x90, 0x00, 0x00, 0x00, 0x00, 0x9f, 0xff, 0xf0, 0x00, 0x00, 0x00, 0x00, 0x00,
    0x7f, 0xff, 0xfd, 0x10, 0x00, 0x00, 0x00, 0x00, 0x9f, 0xff, 0xf0, 0x00, 0x00, 0x01, 0x24, 0x8d,
    0xff, 0xff, 0xe2, 0x00, 0x00, 0x00, 0x00, 0x00, 0x9f, 0xff, 0xf0, 0x00, 0x00, 0x0a, 0xff, 0xff,
    0xff, 0xfc, 0x20, 0x00, 0x00, 0x00, 0x00, 0x00, 0x9f, 0xff, 0xf0, 0x00, 0x00, 0x0a, 0xff, 0xff,
    0xff, 0xfd, 0x82, 0x00, 0x00, 0x00, 0x00, 0x00, 0x9f, 0xff, 0xf0, 0x00, 0x00, 0x0a, 0xff, 0xff,
    0xff, 0xff, 0xff, 0x70, 0x00, 0x00, 0x00, 0x00, 0x9f, 0xff, 0xf0, 0x00, 0x00, 0x0a, 0xff, 0xff,
    0xff, 0xff, 0xff, 0xfa, 0x00, 0x00, 0x00, 0x00, 0x9f, 0xff, 0xf0, 0x00, 0x00, 0x00, 0x00, 0x01,
    0x47, 0xdf, 0xff, 0xff, 0x90, 0x00, 0x00, 0x00, 0x9f, 0xff, 0xf0, 0x00, 0x00, 0x00, 0x00, 0x00,
    0x00, 0x07, 0xff, 0xff, 0xf4, 0x00, 0x00, 0x00, 0x9f, 0xff, 0xf0, 0x00, 0x00, 0x00, 0x00, 0x00,
    0x00, 0x00, 0x6f, 0xff, 0xfb, 0x00, 0x00, 0x00, 0x9f, 0xff, 0xf0, 0x00, 0x00, 0x00, 0x00, 0x00,
    0x00, 0x00, 0x0b, 0xff, 0xff, 0x10, 0x00, 0x00, 0x9f, 0xff, 0xf0, 0x00, 0x00, 0x00, 0x00, 0x00,
    0x00, 0x00, 0x06, 0xff, 0xff, 0x40, 0x00, 0x00, 0x9f, 0xff, 0xf0, 0x00, 0x00, 0x00, 0x00, 0x00,
    0x00, 0x00, 0x04, 0xff, 0xff, 0x50, 0x00, 0x00, 0x9f, 0xff, 0xf0, 0x00, 0x00, 0x00, 0x00, 0x00,
    0x00, 0x00, 0x04, 0xff, 0xff, 0x50, 0x00, 0x00, 0x9f, 0xff, 0xf0, 0x00, 0x00, 0x00, 0x00, 0x00,
    0x00, 0x00, 0x06, 0xff, 0xff, 0x40, 0x00, 0x00, 0x9f, 0xff, 0xf0, 0x00, 0x00, 0x00, 0x00, 0x00,
    0x00, 0x00, 0x0b, 0xff, 0xff, 0x20, 0x00, 0x00, 0x9f, 0xff, 0xf0, 0x00, 0x00, 0x00, 0x00, 0x00,
    0x00, 0x00, 0x5f, 0xff, 0xfc, 0x00, 0x00, 0x00, 0x9f, 0xff, 0xf0, 0x00, 0x00, 0x00, 0x00, 0x00,
    0x00, 0x06, 0xff, 0xff, 0xf6, 0x00, 0x00, 0x00, 0x9f, 0xff, 0xf0, 0x00, 0x00, 0x95, 0x32, 0x12,
    0x47, 0xdf, 0xff, 0xff, 0xc0, 0x00, 0x00, 0x00, 0x9f, 0xff, 0xf0, 0x00, 0x03, 0xff, 0xff, 0xff,
    0xff, 0xff, 0xff, 0xfd, 0x20, 0x00, 0x00, 0x00, 0x9f, 0xff, 0xf0, 0x00, 0x05, 0xff, 0xff, 0xff,
    0xff, 0xff, 0xff, 0xc2, 0x00, 0x00, 0x00, 0x00, 0x9f, 0xff, 0xf0, 0x00, 0x08, 0xff, 0xff, 0xff,
    0xff, 0xff, 0xd6, 0x00, 0x00, 0x00, 0x00, 0x00, 0x9f, 0xff, 0xf0, 0x00, 0x06, 0xbc, 0xee, 0xff,
    0xec, 0x94, 0x00, 0x00, 0x00, 0x00, 0x00, 0x00, 0x04, 0x88, 0x88, 0x82, 0x00, 0x00, 0x00, 0x00,
    0x00, 0x00, 0x00, 0x00, 0x00, 0x00, 0x00, 0x09, 0xff, 0xff, 0xd2, 0x00, 0x00, 0x00, 0x00, 0x00,
    0x00, 0x00, 0x00, 0x00, 0x00, 0x00, 0x06, 0xff, 0xff, 0xd2, 0x00, 0x00, 0x00, 0x00, 0x00, 0x00,
    0x00, 0x00, 0x00, 0x00, 0x00, 0x03, 0xdf, 0xff, 0xd2, 0x00, 0x00, 0x00, 0x00, 0x00, 0x00, 0x00,
    0x00, 0x00, 0x00, 0x00, 0x01, 0xcf, 0xff, 0xd2, 0x00, 0x00, 0x00, 0x00, 0x00, 0x00, 0x00, 0x00,
    0x00, 0x00, 0x00, 0x00, 0x9f, 0xff, 0xe2, 0x00, 0x00, 0x00, 0x00, 0x00, 0x00, 0x00, 0x00, 0x00,
    0x00, 0x00, 0x00, 0x6f, 0xff, 0xe2, 0x00, 0x00, 0x00, 0x00, 0x00, 0x00, 0x00, 0x00, 0x00, 0x00,
    0x00, 0x00, 0x00, 0x00, 0x00, 0x00, 0x00, 0x00, 0x00, 0x00, 0x00, 0x00, 0x00, 0x00, 0x00, 0x00,
    0x00, 0x00, 0x00, 0x00, 0x00, 0x00, 0x00, 0x00, 0x00, 0x00, 0x00, 0x00, 0x00, 0x00, 0x00, 0x00,
    0x00, 0x00, 0x00, 0x00, 0x00, 0x00, 0x00, 0x00, 0x00, 0x00, 0x01, 0x48, 0xbd, 0xef, 0xed, 0xb8,
    0x30, 0x00, 0x00, 0x00, 0x00, 0x00, 0x00, 0x00, 0x39, 0xef, 0xff, 0xff, 0xff, 0xff, 0xff, 0xc4,
    0x00, 0x00, 0x00, 0x00, 0x00, 0x01, 0x8f, 0xff, 0xff, 0xff, 0xff, 0xff, 0xff, 0xff, 0xf8, 0x00,
    0x00, 0x00, 0x00, 0x00, 0xaf, 0xff, 0xff, 0xff, 0xff, 0xff, 0xff, 0xff, 0xff, 0xf7, 0x00, 0x00,
    0x00, 0x00, 0x03, 0xff, 0xff, 0xd9, 0x53, 0x22, 0x35, 0xaf, 0xff, 0xff, 0xf2, 0x00, 0x00, 0x00,
    0x00, 0x0a, 0xfc, 0x50, 0x00, 0x00, 0x00, 0x00, 0x3d, 0xff, 0xff, 0xa0, 0x00, 0x00, 0x00, 0x00,
    0x27, 0x00, 0x00, 0x00, 0x00, 0x00, 0x00, 0x2e, 0xff, 0xfe, 0x00, 0x00, 0x00, 0x00, 0x00, 0x00,
    0x00, 0x00, 0x00, 0x00, 0x00, 0x00, 0x8f, 0xff, 0xf3, 0x00, 0x00, 0x00, 0x00, 0x00, 0x00, 0x00,
    0x00, 0x00, 0x00, 0x00, 0x04, 0xff, 0xff, 0x60, 0x00, 0x00, 0x00, 0x00, 0x00, 0x00, 0x00, 0x00,
    0x00, 0x00, 0x00, 0x2f, 0xff, 0xf7, 0x00, 0x00, 0x00, 0x00, 0x00, 0x00, 0x00, 0x00, 0x00, 0x00,
    0x00, 0x01, 0xff, 0xff, 0x80, 0x00, 0x00, 0x00, 0x00, 0x00, 0x59, 0xcd, 0xef, 0xff, 0xff, 0xff,
    0xff, 0xff, 0xf8, 0x00, 0x00, 0x00, 0x00, 0x06, 0xdf, 0xff, 0xff, 0xff, 0xff, 0xff, 0xff, 0xff,
    0xff, 0x80, 0x00, 0x00, 0x00, 0x09, 0xff, 0xff, 0xff, 0xff, 0xff, 0xff, 0xff, 0xff, 0xff, 0xf8,
    0x00, 0x00, 0x00, 0x07, 0xff, 0xff, 0xd7, 0x31, 0x00, 0x00, 0x00, 0x01, 0xff, 0xff, 0x80, 0x00,
    0x00, 0x00, 0xef, 0xff, 0xc1, 0x00, 0x00, 0x00, 0x00, 0x00, 0x1f, 0xff, 0xf8, 0x00, 0x00, 0x00,
    0x5f, 0xff, 0xf3, 0x00, 0x00, 0x00, 0x00, 0x00, 0x01, 0xff, 0xff, 0x80, 0x00, 0x00, 0x07, 0xff,
    0xff, 0x00, 0x00, 0x00, 0x00, 0x00, 0x00, 0x2f, 0xff, 0xf8, 0x00, 0x00, 0x00, 0x9f, 0xff, 0xf0,
    0x00, 0x00, 0x00, 0x00, 0x00, 0x09, 0xff, 0xff, 0x80, 0x00, 0x00, 0x07, 0xff, 0xff, 0x50, 0x00,
    0x00, 0x00, 0x00, 0x05, 0xff, 0xff, 0xf8, 0x00, 0x00, 0x00, 0x4f, 0xff, 0xfe, 0x30, 0x00, 0x00,
    0x00, 0x07, 0xff, 0xff, 0xff, 0x80, 0x00, 0x00, 0x00, 0xef, 0xff, 0xff, 0x94, 0x21, 0x24, 0x8d,
    0xff, 0xff, 0xff, 0xf8, 0x00, 0x00, 0x00, 0x05, 0xff, 0xff, 0xff, 0xff, 0xff, 0xff, 0xff, 0xfa,
    0xdf, 0xff, 0x80, 0x00, 0x00, 0x00, 0x07, 0xff, 0xff, 0xff, 0xff, 0xff, 0xff, 0xfb, 0x1d, 0xff,
    0xf8, 0x00, 0x00, 0x00, 0x00, 0x04, 0xdf, 0xff, 0xff, 0xff, 0xff, 0xf7, 0x00, 0xdf, 0xff, 0x80,
    0x00, 0x00, 0x00, 0x00, 0x00, 0x59, 0xce, 0xff, 0xdb, 0x71, 0x00, 0x0d, 0xff, 0xf8, 0x00, 0x00,
    0x00, 0x00, 0x00, 0x00, 0x00, 0x00, 0x00, 0x00, 0x38, 0x88, 0x88, 0x30, 0x00, 0x00, 0x00, 0x00,
    0x00, 0x00, 0x00, 0x00, 0x00, 0x00, 0x3e, 0xff, 0xff, 0x80, 0x00, 0x00, 0x00, 0x00, 0x00, 0x00,
    0x00, 0x00, 0x00, 0x00, 0x3e, 0xff, 0xfe, 0x50, 0x00, 0x00, 0x00, 0x00, 0x00, 0x00, 0x00, 0x00,
    0x00, 0x00, 0x3e, 0xff, 0xfd, 0x30, 0x00, 0x00, 0x00, 0x00, 0x00, 0x00, 0x00, 0x00, 0x00, 0x00,
    0x3e, 0xff, 0xfb, 0x10, 0x00, 0x00, 0x00, 0x00, 0x00, 0x00, 0x00, 0x00, 0x00, 0x00, 0x3e, 0xff,
    0xf8, 0x00, 0x00, 0x00, 0x00, 0x00, 0x00, 0x00, 0x00, 0x00, 0x00, 0x00, 0x3e, 0xff, 0xe5, 0x00,
    0x00, 0x00, 0x00, 0x00, 0x00, 0x00, 0x00, 0x00, 0x00, 0x00, 0x00, 0x00, 0x00, 0x00, 0x00, 0x00,
    0x00, 0x00, 0x00, 0x00, 0x00, 0x00, 0x00, 0x00, 0x00, 0x00, 0x00, 0x00, 0x00, 0x00, 0x00, 0x00,
    0x00, 0x00, 0x00, 0x00, 0x00, 0x00, 0x00, 0x00, 0x00, 0x00, 0x00, 0x00, 0x00, 0x00, 0x00, 0x00,
    0x00, 0x00, 0x00, 0x00, 0x01, 0x48, 0xbd, 0xef, 0xed, 0xb8, 0x30, 0x00, 0x00, 0x00, 0x00, 0x00,
    0x00, 0x00, 0x39, 0xef, 0xff, 0xff, 0xff, 0xff, 0xff, 0xc4, 0x00, 0x00, 0x00, 0x00, 0x00, 0x01,
    0x8f, 0xff, 0xff, 0xff, 0xff, 0xff, 0xff, 0xff, 0xf8, 0x00, 0x00, 0x00, 0x00, 0x00, 0xaf, 0xff,
    0xff, 0xff, 0xff, 0xff, 0xff, 0xff, 0xff, 0xf7, 0x00, 0x00, 0x00, 0x00, 0x03, 0xff, 0xff, 0xd9,
    0x53, 0x22, 0x35, 0xaf, 0xff, 0xff, 0xf2, 0x00, 0x00, 0x00, 0x00, 0x0a, 0xfc, 0x50, 0x00, 0x00,
    0x00, 0x00, 0x3d, 0xff, 0xff, 0xa0, 0x00, 0x00, 0x00, 0x00, 0x27, 0x00, 0x00, 0x00, 0x00, 0x00,
    0x00, 0x2e, 0xff, 0xfe, 0x00, 0x00, 0x00, 0x00, 0x00, 0x00, 0x00, 0x00, 0x00, 0x00, 0x00, 0x00,
    0x8f, 0xff, 0xf3, 0x00, 0x00, 0x00, 0x00, 0x00, 0x00, 0x00, 0x00, 0x00, 0x00, 0x00, 0x04, 0xff,
    0xff, 0x60, 0x00, 0x00, 0x00, 0x00, 0x00, 0x00, 0x00, 0x00, 0x00, 0x00, 0x00, 0x2f, 0xff, 0xf7,
    0x00, 0x00, 0x00, 0x00, 0x00, 0x00, 0x00, 0x00, 0x00, 0x00, 0x00, 0x01, 0xff, 0xff, 0x80, 0x00,
    0x00, 0x00, 0x00, 0x00, 0x59, 0xcd, 0xef, 0xff, 0xff, 0xff, 0xff, 0xff, 0xf8, 0x00, 0x00, 0x00,
    0x00, 0x06, 0xdf, 0xff, 0xff, 0xff, 0xff, 0xff, 0xff, 0xff, 0xff, 0x80, 0x00, 0x00, 0x00, 0x09,
    0xff, 0xff, 0xff, 0xff, 0xff, 0xff, 0xff, 0xff, 0xff, 0xf8, 0x00, 0x00, 0x00, 0x07, 0xff, 0xff,
    0xd7, 0x31, 0x00, 0x00, 0x00, 0x01, 0xff, 0xff, 0x80, 0x00, 0x00, 0x00, 0xef, 0xff, 0xc1, 0x00,
    0x00, 0x00, 0x00, 0x00, 0x1f, 0xff, 0xf8, 0x00, 0x00, 0x00, 0x5f, 0xff, 0xf3, 0x00, 0x00, 0x00,
    0x00, 0x00, 0x01, 0xff, 0xff, 0x80, 0x00, 0x00, 0x07, 0xff, 0xff, 0x00, 0x00, 0x00, 0x00, 0x00,
    0x00, 0x2f, 0xff, 0xf8, 0x00, 0x00, 0x00, 0x9f, 0xff, 0xf0, 0x00, 0x00, 0x00, 0x00, 0x00, 0x09,
    0xff, 0xff, 0x80, 0x00, 0x00, 0x07, 0xff, 0xff, 0x50, 0x00, 0x00, 0x00, 0x00, 0x05, 0xff, 0xff,
    0xf8, 0x00, 0x00, 0x00, 0x4f, 0xff, 0xfe, 0x30, 0x00, 0x00, 0x00, 0x07, 0xff, 0xff, 0xff, 0x80,
    0x00, 0x00, 0x00, 0xef, 0xff, 0xff, 0x94, 0x21, 0x24, 0x8d, 0xff, 0xff, 0xff, 0xf8, 0x00, 0x00,
    0x00, 0x05, 0xff, 0xff, 0xff, 0xff, 0xff, 0xff, 0xff, 0xfa, 0xdf, 0xff, 0x80, 0x00, 0x00, 0x00,
    0x07, 0xff, 0xff, 0xff, 0xff, 0xff, 0xff, 0xfb, 0x1d, 0xff, 0xf8, 0x00, 0x00, 0x00, 0x00, 0x04,
    0xdf, 0xff, 0xff, 0xff, 0xff, 0xf7, 0x00, 0xdf, 0xff, 0x80, 0x00, 0x00, 0x00, 0x00, 0x00, 0x59,
    0xce, 0xff, 0xdb, 0x71, 0x00, 0x0d, 0xff, 0xf8, 0x00, 0x00, 0x00, 0x00, 0x00, 0x00, 0x00, 0x04,
    0x88, 0x88, 0x30, 0x00, 0x00, 0x00, 0x00, 0x00, 0x00, 0x00, 0x00, 0x00, 0x00, 0x04, 0xff, 0xff,
    0xfe, 0x30, 0x00, 0x00, 0x00, 0x00, 0x00, 0x00, 0x00, 0x00, 0x00, 0x04, 0xef, 0xff, 0xff, 0xfe,
    0x30, 0x00, 0x00, 0x00, 0x00, 0x00, 0x00, 0x00, 0x00, 0x04, 0xef, 0xff, 0x9a, 0xff, 0xfe, 0x30,
    0x00, 0x00, 0x00, 0x00, 0x00, 0x00, 0x00, 0x03, 0xef, 0xff, 0x70, 0x08, 0xff, 0xfe, 0x30, 0x00,
    0x00, 0x00, 0x00, 0x00, 0x00, 0x03, 0xef, 0xfe, 0x50, 0x00, 0x06, 0xff, 0xfe, 0x20, 0x00, 0x00,
    0x00, 0x00, 0x00, 0x03, 0xef, 0xfe, 0x30, 0x00, 0x00, 0x04, 0xef, 0xfe, 0x20, 0x00, 0x00, 0x00,
    0x00, 0x00, 0x00, 0x00, 0x00, 0x00, 0x00, 0x00, 0x00, 0x00, 0x00, 0x00, 0x00, 0x00, 0x00, 0x00,
    0x00, 0x00, 0x00, 0x00, 0x00, 0x00, 0x00, 0x00, 0x00, 0x00, 0x00, 0x00, 0x00, 0x00, 0x00, 0x00,
    0x00, 0x00, 0x00, 0x00, 0x00, 0x00, 0x00, 0x00, 0x00, 0x00, 0x00, 0x00, 0x00, 0x00, 0x01, 0x48,
    0xbd, 0xef, 0xed, 0xb8, 0x30, 0x00, 0x00, 0x00, 0x00, 0x00, 0x00, 0x00, 0x39, 0xef, 0xff, 0xff,
    0xff, 0xff, 0xff, 0xc4, 0x00, 0x00, 0x00, 0x00, 0x00, 0x01, 0x8f, 0xff, 0xff, 0xff, 0xff, 0xff,
    0xff, 0xff, 0xf8, 0x00, 0x00, 0x00, 0x00, 0x00, 0xaf, 0xff, 0xff, 0xff, 0xff, 0xff, 0xff, 0xff,
    0xff, 0xf7, 0x00, 0x00, 0x00, 0x00, 0x03, 0xff, 0xff, 0xd9, 0x53, 0x22, 0x35, 0xaf, 0xff, 0xff,
    0xf2, 0x00, 0x00, 0x00, 0x00, 0x0a, 0xfc, 0x50, 0x00, 0x00, 0x00, 0x00, 0x3d, 0xff, 0xff, 0xa0,
    0x00, 0x00, 0x00, 0x00, 0x27, 0x00, 0x00, 0x00, 0x00, 0x00, 0x00, 0x2e, 0xff, 0xfe, 0x00, 0x00,
    0x00, 0x00, 0x00, 0x00, 0x00, 0x00, 0x00, 0x00, 0x00, 0x00, 0x8f, 0xff, 0xf3, 0x00, 0x00, 0x00,
    0x00, 0x00, 0x00, 0x00, 0x00, 0x00, 0x00, 0x00, 0x04, 0xff, 0xff, 0x60, 0x00, 0x00, 0x00, 0x00,
    0x00, 0x00, 0x00, 0x00, 0x00, 0x00, 0x00, 0x2f, 0xff, 0xf7, 0x00, 0x00, 0x00, 0x00, 0x00, 0x00,
    0x00, 0x00, 0x00, 0x00, 0x00, 0x01, 0xff, 0xff, 0x80, 0x00, 0x00, 0x00, 0x00, 0x00, 0x59, 0xcd,
    0xef, 0xff, 0xff, 0xff, 0xff, 0xff, 0xf8, 0x00, 0x00, 0x00, 0x00, 0x06, 0xdf, 0xff, 0xff, 0xff,
    0xff, 0xff, 0xff, 0xff, 0xff, 0x80, 0x00, 0x00, 0x00, 0x09, 0xff, 0xff, 0xff, 0xff, 0xff, 0xff,
    0xff, 0xff, 0xff, 0xf8, 0x00, 0x00, 0x00, 0x07, 0xff, 0xff, 0xd7, 0x31, 0x00, 0x00, 0x00, 0x01,
    0xff, 0xff, 0x80, 0x00, 0x00, 0x00, 0xef, 0xff, 0xc1, 0x00, 0x00, 0x00, 0x00, 0x00, 0x1f, 0xff,
    0xf8, 0x00, 0x00, 0x00, 0x5f, 0xff, 0xf3, 0x00, 0x00, 0x00, 0x00, 0x00, 0x01, 0xff, 0xff, 0x80,
    0x00, 0x00, 0x07, 0xff, 0xff, 0x00, 0x00, 0x00, 0x00, 0x00, 0x00, 0x2f, 0xff, 0xf8, 0x00, 0x00,
    0x00, 0x9f, 0xff, 0xf0, 0x00, 0x00, 0x00, 0x00, 0x00, 0x09, 0xff, 0xff, 0x80, 0x00, 0x00, 0x07,
    0xff, 0xff, 0x50, 0x00, 0x00, 0x00, 0x00, 0x05, 0xff, 0xff, 0xf8, 0x00, 0x00, 0x00, 0x4f, 0xff,
    0xfe, 0x30, 0x00, 0x00, 0x00, 0x07, 0xff, 0xff, 0xff, 0x80, 0x00, 0x00, 0x00, 0xef, 0xff, 0xff,
    0x94, 0x21, 0x24, 0x8d, 0xff, 0xff, 0xff, 0xf8, 0x00, 0x00, 0x00, 0x05, 0xff, 0xff, 0xff, 0xff,
    0xff, 0xff, 0xff, 0xfa, 0xdf, 0xff, 0x80, 0x00, 0x00, 0x00, 0x07, 0xff, 0xff, 0xff, 0xff, 0xff,
    0xff, 0xfb, 0x1d, 0xff, 0xf8, 0x00, 0x00, 0x00, 0x00, 0x04, 0xdf, 0xff, 0xff, 0xff, 0xff, 0xf7,
    0x00, 0xdf, 0xff, 0x80, 0x00, 0x00, 0x00, 0x00, 0x00, 0x59, 0xce, 0xff, 0xdb, 0x71, 0x00, 0x0d,
    0xff, 0xf8, 0x00, 0x00, 0x00, 0x00, 0x00, 0x00, 0x7d, 0xfd, 0x81, 0x00, 0x00, 0x06, 0x99, 0x00,
    0x00, 0x00, 0x00, 0x00, 0x00, 0x00, 0xaf, 0xff, 0xff, 0xd4, 0x00, 0x00, 0xcf, 0xe0, 0x00, 0x00,
    0x00, 0x00, 0x00, 0x00, 0x5f, 0xff, 0xee, 0xff, 0xf7, 0x00, 0x7f, 0xfa, 0x00, 0x00, 0x00, 0x00,
    0x00, 0x00, 0x0b, 0xff, 0x70, 0x08, 0xff, 0xfe, 0xef, 0xff, 0x40, 0x00, 0x00, 0x00, 0x00, 0x00,
    0x00, 0xff, 0xc0, 0x00, 0x05, 0xef, 0xff, 0xff, 0x90, 0x00, 0x00, 0x00, 0x00, 0x00, 0x00, 0x1c,
    0xc6, 0x00, 0x00, 0x01, 0x9e, 0xfc, 0x60, 0x00, 0x00, 0x00, 0x00, 0x00, 0x00, 0x00, 0x00, 0x00,
    0x00, 0x00, 0x00, 0x00, 0x00, 0x00, 0x00, 0x00, 0x00, 0x00, 0x00, 0x00, 0x00, 0x00, 0x00, 0x00,
    0x00, 0x00, 0x00, 0x00, 0x00, 0x00, 0x00, 0x00, 0x00, 0x00, 0x00, 0x00, 0x00, 0x00, 0x00, 0x00,
    0x00, 0x00, 0x00, 0x00, 0x00, 0x00, 0x00, 0x00, 0x00, 0x00, 0x00, 0x00, 0x00, 0x00, 0x00, 0x00,
    0x00, 0x00, 0x00, 0x00, 0x00, 0x00, 0x00, 0x00, 0x01, 0x48, 0xbd, 0xef, 0xed, 0xb8, 0x30, 0x00,
    0x00, 0x00, 0x00, 0x00, 0x00, 0x00, 0x39, 0xef, 0xff, 0xff, 0xff, 0xff, 0xff, 0xc4, 0x00, 0x00,
    0x00, 0x00, 0x00, 0x01, 0x8f, 0xff, 0xff, 0xff, 0xff, 0xff, 0xff, 0xff, 0xf8, 0x00, 0x00, 0x00,
    0x00, 0x00, 0xaf, 0xff, 0xff, 0xff, 0xff, 0xff, 0xff, 0xff, 0xff, 0xf7, 0x00, 0x00, 0x00, 0x00,
    0x03, 0xff, 0xff, 0xd9, 0x53, 0x22, 0x35, 0xaf, 0xff, 0xff, 0xf2, 0x00, 0x00, 0x00, 0x00, 0x0a,
    0xfc, 0x50, 0x00, 0x00, 0x00, 0x00, 0x3d, 0xff, 0xff, 0xa0, 0x00, 0x00, 0x00, 0x00, 0x27, 0x00,
    0x00, 0x00, 0x00, 0x00, 0x00, 0x2e, 0xff, 0xfe, 0x00, 0x00, 0x00, 0x00, 0x00, 0x00, 0x00, 0x00,
    0x00, 0x00, 0x00, 0x00, 0x8f, 0xff, 0xf3, 0x00, 0x00, 0x00, 0x00, 0x00, 0x00, 0x00, 0x00, 0x00,
    0x00, 0x00, 0x04, 0xff, 0xff, 0x60, 0x00, 0x00, 0x00, 0x00, 0x00, 0x00, 0x00, 0x00, 0x00, 0x00,
    0x00, 0x2f, 0xff, 0xf7, 0x00, 0x00, 0x00, 0x00, 0x00, 0x00, 0x00, 0x00, 0x00, 0x00, 0x00, 0x01,
    0xff, 0xff, 0x80, 0x00, 0x00, 0x00, 0x00, 0x00, 0x59, 0xcd, 0xef, 0xff, 0xff, 0xff, 0xff, 0xff,
    0xf8, 0x00, 0x00, 0x00, 0x00, 0x06, 0xdf, 0xff, 0xff, 0xff, 0xff, 0xff, 0xff, 0xff, 0xff, 0x80,
    0x00, 0x00, 0x00, 0x09, 0xff, 0xff, 0xff, 0xff, 0xff, 0xff, 0xff, 0xff, 0xff, 0xf8, 0x00, 0x00,
    0x00, 0x07, 0xff, 0xff, 0xd7, 0x31, 0x00, 0x00, 0x00, 0x01, 0xff, 0xff, 0x80, 0x00, 0x00, 0x00,
    0xef, 0xff, 0xc1, 0x00, 0x00, 0x00, 0x00, 0x00, 0x1f, 0xff, 0xf8, 0x00, 0x00, 0x00, 0x5f, 0xff,
    0xf3, 0x00, 0x00, 0x00, 0x00, 0x00, 0x01, 0xff, 0xff, 0x80, 0x00, 0x00, 0x07, 0xff, 0xff, 0x00,
    0x00, 0x00, 0x00, 0x00, 0x00, 0x2f, 0xff, 0xf8, 0x00, 0x00, 0x00, 0x9f, 0xff, 0xf0, 0x00, 0x00,
    0x00, 0x00, 0x00, 0x09, 0xff, 0xff, 0x80, 0x00, 0x00, 0x07, 0xff, 0xff, 0x50, 0x00, 0x00, 0x00,
    0x00, 0x05, 0xff, 0xff, 0xf8, 0x00, 0x00, 0x00, 0x4f, 0xff, 0xfe, 0x30, 0x00, 0x00, 0x00, 0x07,
    0xff, 0xff, 0xff, 0x80, 0x00, 0x00, 0x00, 0xef, 0xff, 0xff, 0x94, 0x21, 0x24, 0x8d, 0xff, 0xff,
    0xff, 0xf8, 0x00, 0x00, 0x00, 0x05, 0xff, 0xff, 0xff, 0xff, 0xff, 0xff, 0xff, 0xfa, 0xdf, 0xff,
    0x80, 0x00, 0x00, 0x00, 0x07, 0xff, 0xff, 0xff, 0xff, 0xff, 0xff, 0xfb, 0x1d, 0xff, 0xf8, 0x00,
    0x00, 0x00, 0x00, 0x04, 0xdf, 0xff, 0xff, 0xff, 0xff, 0xf7, 0x00, 0xdf, 0xff, 0x80, 0x00, 0x00,
    0x00, 0x00, 0x00, 0x59, 0xce, 0xff, 0xdb, 0x71, 0x00, 0x0d, 0xff, 0xf8, 0x00, 0x00, 0x00, 0x00,
    0x00, 0x02, 0xbe, 0xb2, 0x00, 0x00, 0x2c, 0xeb, 0x10, 0x00, 0x00, 0x00, 0x00, 0x00, 0x00, 0x00,
    0xbf, 0xff, 0xb0, 0x00, 0x0c, 0xff, 0xf9, 0x00, 0x00, 0x00, 0x00, 0x00, 0x00, 0x00, 0x0e, 0xff,
    0xfe, 0x00, 0x00, 0xff, 0xff, 0xc0, 0x00, 0x00, 0x00, 0x00, 0x00, 0x00, 0x00, 0xbf, 0xff, 0xb0,
    0x00, 0x0c, 0xff, 0xfa, 0x00, 0x00, 0x00, 0x00, 0x00, 0x00, 0x00, 0x02, 0xbe, 0xb2, 0x00, 0x00,
    0x2c, 0xeb, 0x10, 0x00, 0x00, 0x00, 0x00, 0x00, 0x00, 0x00, 0x00, 0x00, 0x00, 0x00, 0x00, 0x00,
    0x00, 0x00, 0x00, 0x00, 0x00, 0x00, 0x00, 0x00, 0x00, 0x00, 0x00, 0x00, 0x00, 0x00, 0x00, 0x00,
    0x00, 0x00, 0x00, 0x00, 0x00, 0x00, 0x00, 0x00, 0x00, 0x00, 0x00, 0x00, 0x00, 0x00, 0x00, 0x00,
    0x00, 0x00, 0x00, 0x00, 0x00, 0x00, 0x00, 0x00, 0x00, 0x00, 0x00, 0x00, 0x00, 0x00, 0x00, 0x00,
    0x00, 0x00, 0x00, 0x00, 0x14, 0x8b, 0xde, 0xfe, 0xdb, 0x83, 0x00, 0x00, 0x00, 0x00, 0x00, 0x00,
    0x00, 0x03, 0x9e, 0xff, 0xff, 0xff, 0xff, 0xff, 0xfc, 0x40, 0x00, 0x00, 0x00, 0x00, 0x00, 0x18,
    0xff, 0xff, 0xff, 0xff, 0xff, 0xff, 0xff, 0xff, 0x80, 0x00, 0x00, 0x00, 0x00, 0x0a, 0xff, 0xff,
    0xff, 0xff, 0xff, 0xff, 0xff, 0xff, 0xff, 0x70, 0x00, 0x00, 0x00, 0x00, 0x3f, 0xff, 0xfd, 0x95,
    0x32, 0x23, 0x5a, 0xff, 0xff, 0xff, 0x20, 0x00, 0x00, 0x00, 0x00, 0xaf, 0xc5, 0x00, 0x00, 0x00,
    0x00, 0x03, 0xdf, 0xff, 0xfa, 0x00, 0x00, 0x00, 0x00, 0x02, 0x70, 0x00, 0x00, 0x00, 0x00, 0x00,
    0x02, 0xef, 0xff, 0xe0, 0x00, 0x00, 0x00, 0x00, 0x00, 0x00, 0x00, 0x00, 0x00, 0x00, 0x00, 0x08,
    0xff, 0xff, 0x30, 0x00, 0x00, 0x00, 0x00, 0x00, 0x00, 0x00, 0x00, 0x00, 0x00, 0x00, 0x4f, 0xff,
    0xf6, 0x00, 0x00, 0x00, 0x00, 0x00, 0x00, 0x00, 0x00, 0x00, 0x00, 0x00, 0x02, 0xff, 0xff, 0x70,
    0x00, 0x00, 0x00, 0x00, 0x00, 0x00, 0x00, 0x00, 0x00, 0x00, 0x00, 0x1f, 0xff, 0xf8, 0x00, 0x00,
    0x00, 0x00, 0x00, 0x05, 0x9c, 0xde, 0xff, 0xff, 0xff, 0xff, 0xff, 0xff, 0x80, 0x00, 0x00, 0x00,
    0x00, 0x6d, 0xff, 0xff, 0xff, 0xff, 0xff, 0xff, 0xff, 0xff, 0xf8, 0x00, 0x00, 0x00, 0x00, 0x9f,
    0xff, 0xff, 0xff, 0xff, 0xff, 0xff, 0xff, 0xff, 0xff, 0x80, 0x00, 0x00, 0x00, 0x7f, 0xff, 0xfd,
    0x73, 0x10, 0x00, 0x00, 0x00, 0x1f, 0xff, 0xf8, 0x00, 0x00, 0x00, 0x0e, 0xff, 0xfc, 0x10, 0x00,
    0x00, 0x00, 0x00, 0x01, 0xff, 0xff, 0x80, 0x00, 0x00, 0x05, 0xff, 0xff, 0x30, 0x00, 0x00, 0x00,
    0x00, 0x00, 0x1f, 0xff, 0xf8, 0x00, 0x00, 0x00, 0x7f, 0xff, 0xf0, 0x00, 0x00, 0x00, 0x00, 0x00,
    0x02, 0xff, 0xff, 0x80, 0x00, 0x00, 0x09, 0xff, 0xff, 0x00, 0x00, 0x00, 0x00, 0x00, 0x00, 0x9f,
    0xff, 0xf8, 0x00, 0x00, 0x00, 0x7f, 0xff, 0xf5, 0x00, 0x00, 0x00, 0x00, 0x00, 0x5f, 0xff, 0xff,
    0x80, 0x00, 0x00, 0x04, 0xff, 0xff, 0xe3, 0x00, 0x00, 0x00, 0x00, 0x7f, 0xff, 0xff, 0xf8, 0x00,
    0x00, 0x00, 0x0e, 0xff, 0xff, 0xf9, 0x42, 0x12, 0x48, 0xdf, 0xff, 0xff, 0xff, 0x80, 0x00, 0x00,
    0x00, 0x5f, 0xff, 0xff, 0xff, 0xff, 0xff, 0xff, 0xff, 0xad, 0xff, 0xf8, 0x00, 0x00, 0x00, 0x00,
    0x7f, 0xff, 0xff, 0xff, 0xff, 0xff, 0xff, 0xb1, 0xdf, 0xff, 0x80, 0x00, 0x00, 0x00, 0x00, 0x4d,
    0xff, 0xff, 0xff, 0xff, 0xff, 0x70, 0x0d, 0xff, 0xf8, 0x00, 0x00, 0x00, 0x00, 0x00, 0x05, 0x9c,
    0xef, 0xfd, 0xb7, 0x10, 0x00, 0xdf, 0xff, 0x80, 0x00, 0x00, 0x00, 0x00, 0x00, 0x00, 0x00, 0x06,
    0xce, 0xeb, 0x40, 0x00, 0x00, 0x00, 0x00, 0x00, 0x00, 0x00, 0x00, 0x00, 0x00, 0x0a, 0xff, 0xff,
    0xff, 0x80, 0x00, 0x00, 0x00, 0x00, 0x00, 0x00, 0x00, 0x00, 0x00, 0x07, 0xff, 0x83, 0x39, 0xff,
    0x50, 0x00, 0x00, 0x00, 0x00, 0x00, 0x00, 0x00, 0x00, 0x01, 0xef, 0x70, 0x00, 0x09, 0xfd, 0x00,
    0x00, 0x00, 0x00, 0x00, 0x00, 0x00, 0x00, 0x00, 0x4f, 0xe0, 0x00, 0x00, 0x2f, 0xf2, 0x00, 0x00,
    0x00, 0x00, 0x00, 0x00, 0x00, 0x00, 0x05, 0xfd, 0x00, 0x00, 0x00, 0xef, 0x30, 0x00, 0x00, 0x00,
    0x00, 0x00, 0x00, 0x00, 0x00, 0x4f, 0xe0, 0x00, 0x00, 0x1f, 0xf2, 0x00, 0x00, 0x00, 0x00, 0x00,
    0x00, 0x00, 0x00, 0x01, 0xef, 0x60, 0x00, 0x08, 0xfd, 0x00, 0x00, 0x00, 0x00, 0x00, 0x00, 0x00,
    0x00, 0x00, 0x08, 0xff, 0x72, 0x28, 0xff, 0x60, 0x00, 0x00, 0x00, 0x00, 0x00, 0x00, 0x00, 0x00,
    0x00, 0x0b, 0xff, 0xff, 0xff, 0x90, 0x00, 0x00, 0x00, 0x00, 0x00, 0x00, 0x00, 0x00, 0x00, 0x00,
    0x06, 0xce, 0xeb, 0x50, 0x00, 0x00, 0x00, 0x00, 0x00, 0x00, 0x00, 0x00, 0x00, 0x00, 0x00, 0x00,
    0x00, 0x00, 0x00, 0x00, 0x00, 0x00, 0x00, 0x00, 0x00, 0x00, 0x00, 0x00, 0x00, 0x00, 0x00, 0x00,
    0x00, 0x00, 0x00, 0x00, 0x00, 0x00, 0x00, 0x00, 0x00, 0x00, 0x00, 0x00, 0x00, 0x00, 0x00, 0x00,
    0x00, 0x00, 0x00, 0x00, 0x00, 0x00, 0x00, 0x00, 0x01, 0x48, 0xbd, 0xef, 0xed, 0xb8, 0x30, 0x00,
    0x00, 0x00, 0x00, 0x00, 0x00, 0x00, 0x39, 0xef, 0xff, 0xff, 0xff, 0xff, 0xff, 0xc4, 0x00, 0x00,
    0x00, 0x00, 0x00, 0x01, 0x8f, 0xff, 0xff, 0xff, 0xff, 0xff, 0xff, 0xff, 0xf8, 0x00, 0x00, 0x00,
    0x00, 0x00, 0xaf, 0xff, 0xff, 0xff, 0xff, 0xff, 0xff, 0xff, 0xff, 0xf7, 0x00, 0x00, 0x00, 0x00,
    0x03, 0xff, 0xff, 0xd9, 0x53, 0x22, 0x35, 0xaf, 0xff, 0xff, 0xf2, 0x00, 0x00, 0x00, 0x00, 0x0a,
    0xfc, 0x50, 0x00, 0x00, 0x00, 0x00, 0x3d, 0xff, 0xff, 0xa0, 0x00, 0x00, 0x00, 0x00, 0x27, 0x00,
    0x00, 0x00, 0x00, 0x00, 0x00, 0x2e, 0xff, 0xfe, 0x00, 0x00, 0x00, 0x00, 0x00, 0x00, 0x00, 0x00,
    0x00, 0x00, 0x00, 0x00, 0x8f, 0xff, 0xf3, 0x00, 0x00, 0x00, 0x00, 0x00, 0x00, 0x00, 0x00, 0x00,
    0x00, 0x00, 0x04, 0xff, 0xff, 0x60, 0x00, 0x00, 0x00, 0x00, 0x00, 0x00, 0x00, 0x00, 0x00, 0x00,
    0x00, 0x2f, 0xff, 0xf7, 0x00, 0x00, 0x00, 0x00, 0x00, 0x00, 0x00, 0x00, 0x00, 0x00, 0x00, 0x01,
    0xff, 0xff, 0x80, 0x00, 0x00, 0x00, 0x00, 0x00, 0x59, 0xcd, 0xef, 0xff, 0xff, 0xff, 0xff, 0xff,
    0xf8, 0x00, 0x00, 0x00, 0x00, 0x06, 0xdf, 0xff, 0xff, 0xff, 0xff, 0xff, 0xff, 0xff, 0xff, 0x80,
    0x00, 0x00, 0x00, 0x09, 0xff, 0xff, 0xff, 0xff, 0xff, 0xff, 0xff, 0xff, 0xff, 0xf8, 0x00, 0x00,
    0x00, 0x07, 0xff, 0xff, 0xd7, 0x31, 0x00, 0x00, 0x00, 0x01, 0xff, 0xff, 0x80, 0x00, 0x00, 0x00,
    0xef, 0xff, 0xc1, 0x00, 0x00, 0x00, 0x00, 0x00, 0x1f, 0xff, 0xf8, 0x00, 0x00, 0x00, 0x5f, 0xff,
    0xf3, 0x00, 0x00, 0x00, 0x00, 0x00, 0x01, 0xff, 0xff, 0x80, 0x00, 0x00, 0x07, 0xff, 0xff, 0x00,
    0x00, 0x00, 0x00, 0x00, 0x00, 0x2f, 0xff, 0xf8, 0x00, 0x00, 0x00, 0x9f, 0xff, 0xf0, 0x00, 0x00,
    0x00, 0x00, 0x00, 0x09, 0xff, 0xff, 0x80, 0x00, 0x00, 0x07, 0xff, 0xff, 0x50, 0x00, 0x00, 0x00,
    0x00, 0x05, 0xff, 0xff, 0xf8, 0x00, 0x00, 0x00, 0x4f, 0xff, 0xfe, 0x30, 0x00, 0x00, 0x00, 0x07,
    0xff, 0xff, 0xff, 0x80, 0x00, 0x00, 0x00, 0xef, 0xff, 0xff, 0x94, 0x21, 0x24, 0x8d, 0xff, 0xff,
    0xff, 0xf8, 0x00, 0x00, 0x00, 0x05, 0xff, 0xff, 0xff, 0xff, 0xff, 0xff, 0xff, 0xfa, 0xdf, 0xff,
    0x80, 0x00, 0x00, 0x00, 0x07, 0xff, 0xff, 0xff, 0xff, 0xff, 0xff, 0xfb, 0x1d, 0xff, 0xf8, 0x00,
    0x00, 0x00, 0x00, 0x04, 0xdf, 0xff, 0xff, 0xff, 0xff, 0xf7, 0x00, 0xdf, 0xff, 0x80, 0x00, 0x00,
    0x00, 0x00, 0x00, 0x59, 0xce, 0xff, 0xdb, 0x71, 0x00, 0x0d, 0xff, 0xf8, 0x00, 0x00, 0x00, 0x00,
    0x00, 0x01, 0x48, 0xbd, 0xef, 0xed, 0xb8, 0x30, 0x00, 0x00, 0x00, 0x00, 0x49, 0xce, 0xfe, 0xdb,
    0x83, 0x00, 0x00, 0x00, 0x00, 0x00, 0x00, 0x00, 0x39, 0xef, 0xff, 0xff, 0xff, 0xff, 0xff, 0xc3,
    0x00, 0x00, 0x04, 0xdf, 0xff, 0xff, 0xff, 0xff, 0xfb, 0x40, 0x00, 0x00, 0x00, 0x00, 0x01, 0x8f,
    0xff, 0xff, 0xff, 0xff, 0xff, 0xff, 0xff, 0xf6, 0x00, 0x1a, 0xff, 0xff, 0xff, 0xff, 0xff, 0xff,
    0xff, 0x90, 0x00, 0x00, 0x00, 0x00, 0xaf, 0xff, 0xff, 0xff, 0xff, 0xff, 0xff, 0xff, 0xff, 0xf5,
    0x1c, 0xff, 0xff, 0xff, 0xff, 0xff, 0xff, 0xff, 0xff, 0xb1, 0x00, 0x00, 0x00, 0x04, 0xff, 0xff,
    0xe9, 0x53, 0x22, 0x35, 0xaf, 0xff, 0xff, 0xec, 0xff, 0xff, 0xfb, 0x63, 0x22, 0x49, 0xef, 0xff,
    0xff, 0xa0, 0x00, 0x00, 0x00, 0x0a, 0xfc, 0x50, 0x00, 0x00, 0x00, 0x00, 0x3d, 0xff, 0xff, 0xff,
    0xff, 0xc3, 0x00, 0x00, 0x00, 0x01, 0x8f, 0xff, 0xff, 0x60, 0x00, 0x00, 0x00, 0x27, 0x00, 0x00,
    0x00, 0x00, 0x00, 0x00, 0x2e, 0xff, 0xff, 0xff, 0xb1, 0x00, 0x00, 0x00, 0x00, 0x00, 0x4f, 0xff,
    0xfe, 0x10, 0x00, 0x00, 0x00, 0x00, 0x00, 0x00, 0x00, 0x00, 0x00, 0x00, 0x8f, 0xff, 0xff, 0xd1,
    0x00, 0x00, 0x00, 0x00, 0x00, 0x00, 0x6f, 0xff, 0xf7, 0x00, 0x00, 0x00, 0x00, 0x00, 0x00, 0x00,
    0x00, 0x00, 0x00, 0x04, 0xff, 0xff, 0xf5, 0x00, 0x00, 0x00, 0x00, 0x00, 0x00, 0x00, 0xcf, 0xff,
    0xd0, 0x00, 0x00, 0x00, 0x00, 0x00, 0x00, 0x00, 0x00, 0x00, 0x00, 0x2f, 0xff, 0xfe, 0x00, 0x00,
    0x00, 0x00, 0x00, 0x00, 0x00, 0x07, 0xff, 0xff, 0x20, 0x00, 0x00, 0x00, 0x00, 0x00, 0x00, 0x00,
    0x00, 0x00, 0x01, 0xff, 0xff, 0xb0, 0x00, 0x00, 0x00, 0x00, 0x00, 0x00, 0x00, 0x3f, 0xff, 0xf5,
    0x00, 0x00, 0x00, 0x00, 0x59, 0xcd, 0xef, 0xff, 0xff, 0xff, 0xff, 0xff, 0xff, 0xff, 0xff, 0xff,
    0xff, 0xff, 0xff, 0xff, 0xff, 0xff, 0xff, 0x60, 0x00, 0x00, 0x06, 0xdf, 0xff, 0xff, 0xff, 0xff,
    0xff, 0xff, 0xff, 0xff, 0xff, 0xff, 0xff, 0xff, 0xff, 0xff, 0xff, 0xff, 0xff, 0xff, 0xf6, 0x00,
    0x00, 0x09, 0xff, 0xff, 0xff, 0xff, 0xff, 0xff, 0xff, 0xff, 0xff, 0xff, 0xff, 0xff, 0xff, 0xff,
    0xff, 0xff, 0xff, 0xff, 0xff, 0xff, 0x50, 0x00, 0x07, 0xff, 0xff, 0xd7, 0x31, 0x00, 0x00, 0x00,
    0x01, 0xff, 0xff, 0xa0, 0x00, 0x00, 0x00, 0x00, 0x00, 0x00, 0x00, 0x00, 0x00, 0x00, 0x00, 0x01,
    0xef, 0xff, 0xc1, 0x00, 0x00, 0x00, 0x00, 0x00, 0x1f, 0xff, 0xfd, 0x00, 0x00, 0x00, 0x00, 0x00,
    0x00, 0x00, 0x00, 0x00, 0x00, 0x00, 0x00, 0x5f, 0xff, 0xf3, 0x00, 0x00, 0x00, 0x00, 0x00, 0x02,
    0xff, 0xff, 0xf3, 0x00, 0x00, 0x00, 0x00, 0x00, 0x00, 0x00, 0x00, 0x00, 0x00, 0x00, 0x07, 0xff,
    0xff, 0x00, 0x00, 0x00, 0x00, 0x00, 0x00, 0x5f, 0xff, 0xff, 0xa0, 0x00, 0x00, 0x00, 0x00, 0x00,
    0x00, 0x00, 0x00, 0x00, 0x00, 0x00, 0x8f, 0xff, 0xf1, 0x00, 0x00, 0x00, 0x00, 0x00, 0x0b, 0xff,
    0xff, 0xff, 0x50, 0x00, 0x00, 0x00, 0x00, 0x00, 0x00, 0x01, 0x00, 0x00, 0x00, 0x07, 0xff, 0xff,
    0x50, 0x00, 0x00, 0x00, 0x00, 0x06, 0xff, 0xff, 0xff, 0xfe, 0x40, 0x00, 0x00, 0x00, 0x00, 0x00,
    0x0a, 0xc0, 0x00, 0x00, 0x00, 0x4f, 0xff, 0xfe, 0x30, 0x00, 0x00, 0x00, 0x07, 0xff, 0xff, 0xef,
    0xff, 0xff, 0x81, 0x00, 0x00, 0x00, 0x00, 0x4c, 0xff, 0x90, 0x00, 0x00, 0x00, 0xdf, 0xff, 0xff,
    0x95, 0x21, 0x24, 0x7d, 0xff, 0xff, 0xe2, 0xdf, 0xff, 0xff, 0xe9, 0x53, 0x12, 0x47, 0xcf, 0xff,
    0xff, 0x70, 0x00, 0x00, 0x04, 0xff, 0xff, 0xff, 0xff, 0xff, 0xff, 0xff, 0xff, 0xf4, 0x02, 0xdf,
    0xff, 0xff, 0xff, 0xff, 0xff, 0xff, 0xff, 0xff, 0xe2, 0x00, 0x00, 0x00, 0x05, 0xff, 0xff, 0xff,
    0xff, 0xff, 0xff, 0xff, 0xe4, 0x00, 0x01, 0xbf, 0xff, 0xff, 0xff, 0xff, 0xff, 0xff, 0xff, 0xc2,
    0x00, 0x00, 0x00, 0x00, 0x03, 0xcf, 0xff, 0xff, 0xff, 0xff, 0xff, 0x92, 0x00, 0x00, 0x00, 0x5c,
    0xff, 0xff, 0xff, 0xff, 0xff, 0xfd, 0x60, 0x00, 0x00, 0x00, 0x00, 0x00, 0x00, 0x38, 0xbd, 0xef,
    0xec, 0xa6, 0x10, 0x00, 0x00, 0x00, 0x00, 0x03, 0x7b, 0xde, 0xff, 0xeb, 0x84, 0x00, 0x00, 0x00,
    0x00, 0x00, 0x00, 0x00, 0x00, 0x00, 0x38, 0xbd, 0xef, 0xed, 0xa6, 0x10, 0x00, 0x00, 0x00, 0x00,
    0x00, 0x00, 0x05, 0xcf, 0xff, 0xff, 0xff, 0xff, 0xff, 0xa2, 0x00, 0x00, 0x00, 0x00, 0x00, 0x1b,
    0xff, 0xff, 0xff, 0xff, 0xff, 0xff, 0xff, 0xe5, 0x00, 0x00, 0x00, 0x00, 0x2d, 0xff, 0xff, 0xff,
    0xff, 0xff, 0xff, 0xff, 0xff, 0xf6, 0x00, 0x00, 0x00, 0x2d, 0xff, 0xff, 0xfd, 0x84, 0x22, 0x35,
    0xaf, 0xff, 0xff, 0xf3, 0x00, 0x00, 0x0b, 0xff, 0xff, 0xf8, 0x00, 0x00, 0x00, 0x00, 0x2c, 0xff,
    0xff, 0x80, 0x00, 0x06, 0xff, 0xff, 0xf4, 0x00, 0x00, 0x00, 0x00, 0x00, 0x0b, 0xfd, 0x50, 0x00,
    0x00, 0xdf, 0xff, 0xf6, 0x00, 0x00, 0x00, 0x00, 0x00, 0x00, 0x17, 0x10, 0x00, 0x00, 0x4f, 0xff,
    0xfb, 0x00, 0x00, 0x00, 0x00, 0x00, 0x00, 0x00, 0x00, 0x00, 0x00, 0x08, 0xff, 0xff, 0x40, 0x00,
    0x00, 0x00, 0x00, 0x00, 0x00, 0x00, 0x00, 0x00, 0x00, 0xcf, 0xff, 0xe0, 0x00, 0x00, 0x00, 0x00,
    0x00, 0x00, 0x00, 0x00, 0x00, 0x00, 0x0e, 0xff, 0xfc, 0x00, 0x00, 0x00, 0x00, 0x00, 0x00, 0x00,
    0x00, 0x00, 0x00, 0x00, 0xef, 0xff, 0xa0, 0x00, 0x00, 0x00, 0x00, 0x00, 0x00, 0x00, 0x00, 0x00,
    0x00, 0x0e, 0xff, 0xfb, 0x00, 0x00, 0x00, 0x00, 0x00, 0x00, 0x00, 0x00, 0x00, 0x00, 0x00, 0xdf,
    0xff, 0xc0, 0x00, 0x00, 0x00, 0x00, 0x00, 0x00, 0x00, 0x00, 0x00, 0x00, 0x0b, 0xff, 0xfe, 0x00,
    0x00, 0x00, 0x00, 0x00, 0x00, 0x00, 0x00, 0x00, 0x00, 0x00, 0x8f, 0xff, 0xf4, 0x00, 0x00, 0x00,
    0x00, 0x00, 0x00, 0x00, 0x00, 0x00, 0x00, 0x04, 0xff, 0xff, 0xb0, 0x00, 0x00, 0x00, 0x00, 0x00,
    0x00, 0x00, 0x00, 0x00, 0x00, 0x0d, 0xff, 0xff, 0x60, 0x00, 0x00, 0x00, 0x00, 0x00, 0x01, 0x71,
    0x00, 0x00, 0x00, 0x5f, 0xff, 0xff, 0x40, 0x00, 0x00, 0x00, 0x00, 0x00, 0xbf, 0xe5, 0x00, 0x00,
    0x00, 0xbf, 0xff, 0xff, 0x80, 0x00, 0x00, 0x00, 0x02, 0xcf, 0xff, 0xf8, 0x00, 0x00, 0x01, 0xdf,
    0xff, 0xff, 0xd8, 0x42, 0x13, 0x5a, 0xff, 0xff, 0xff, 0x30, 0x00, 0x00, 0x02, 0xdf, 0xff, 0xff,
    0xff, 0xff, 0xff, 0xff, 0xff, 0xff, 0x50, 0x00, 0x00, 0x00, 0x01, 0xaf, 0xff, 0xff, 0xff, 0xff,
    0xff, 0xff, 0xfe, 0x40, 0x00, 0x00, 0x00, 0x00, 0x00, 0x5c, 0xff, 0xff, 0xff, 0xff, 0xff, 0xf9,
    0x10, 0x00, 0x00, 0x00, 0x00, 0x00, 0x00, 0x03, 0x8b, 0xde, 0xfe, 0xda, 0x61, 0x00, 0x00, 0x00,
    0x00, 0x00, 0x00, 0x00, 0x00, 0x00, 0x0b, 0xfe, 0x00, 0x00, 0x00, 0x00, 0x00, 0x00, 0x00, 0x00,
    0x00, 0x00, 0x00, 0x00, 0xef, 0xa0, 0x00, 0x00, 0x00, 0x00, 0x00, 0x00, 0x00, 0x00, 0x00, 0x00,
    0x00, 0x3f, 0xf7, 0x00, 0x00, 0x00, 0x00, 0x00, 0x00, 0x00, 0x00, 0x00, 0x00, 0x00, 0x07, 0xff,
    0xfd, 0x70, 0x00, 0x00, 0x00, 0x00, 0x00, 0x00, 0x00, 0x00, 0x00, 0x00, 0xaf, 0xff, 0xff, 0xa0,
    0x00, 0x00, 0x00, 0x00, 0x00, 0x00, 0x00, 0x00, 0x00, 0x00, 0x01, 0x7f, 0xff, 0x40, 0x00, 0x00,
    0x00, 0x00, 0x00, 0x00, 0x00, 0x00, 0x00, 0x00, 0x00, 0xcf, 0xf7, 0x00, 0x00, 0x00, 0x00, 0x00,
    0x00, 0x00, 0x00, 0x05, 0x20, 0x00, 0x4f, 0xff, 0x60, 0x00, 0x00, 0x00, 0x00, 0x00, 0x00, 0x00,
    0x02, 0xff, 0xed, 0xef, 0xff, 0xe2, 0x00, 0x00, 0x00, 0x00, 0x00, 0x00, 0x00, 0x00, 0x8f, 0xff,
    0xff, 0xff, 0xe5, 0x00, 0x00, 0x00, 0x00, 0x00, 0x00, 0x00, 0x00, 0x01, 0x7c, 0xef, 0xec, 0x82,
    0x00, 0x00, 0x00, 0x00, 0x00, 0x00, 0x00, 0x00, 0x68, 0x88, 0x87, 0x10, 0x00, 0x00, 0x00, 0x00,
    0x00, 0x00, 0x00, 0x00, 0x00, 0x00, 0x01, 0xbf, 0xff, 0xfb, 0x10, 0x00, 0x00, 0x00, 0x00, 0x00,
    0x00, 0x00, 0x00, 0x00, 0x00, 0x00, 0x8f, 0xff, 0xfc, 0x10, 0x00, 0x00, 0x00, 0x00, 0x00, 0x00,
    0x00, 0x00, 0x00, 0x00, 0x00, 0x5e, 0xff, 0xfc, 0x10, 0x00, 0x00, 0x00, 0x00, 0x00, 0x00, 0x00,
    0x00, 0x00, 0x00, 0x00, 0x3d, 0xff, 0xfc, 0x10, 0x00, 0x00, 0x00, 0x00, 0x00, 0x00, 0x00, 0x00,
    0x00, 0x00, 0x00, 0x1b, 0xff, 0xfc, 0x10, 0x00, 0x00, 0x00, 0x00, 0x00, 0x00, 0x00, 0x00, 0x00,
    0x00, 0x00, 0x09, 0xff, 0xfc, 0x10, 0x00, 0x00, 0x00, 0x00, 0x00, 0x00, 0x00, 0x00, 0x00, 0x00,
    0x00, 0x00, 0x00, 0x00, 0x00, 0x00, 0x00, 0x00, 0x00, 0x00, 0x00, 0x00, 0x00, 0x00, 0x00, 0x00,
    0x00, 0x00, 0x00, 0x00, 0x00, 0x00, 0x00, 0x00, 0x00, 0x00, 0x00, 0x00, 0x00, 0x00, 0x00, 0x00,
    0x00, 0x00, 0x00, 0x00, 0x00, 0x00, 0x00, 0x00, 0x00, 0x00, 0x00, 0x59, 0xce, 0xfe, 0xdb, 0x83,
    0x00, 0x00, 0x00, 0x00, 0x00, 0x00, 0x00, 0x00, 0x07, 0xef, 0xff, 0xff, 0xff, 0xff, 0xfc, 0x40,
    0x00, 0x00, 0x00, 0x00, 0x00, 0x00, 0x3c, 0xff, 0xff, 0xff, 0xff, 0xff, 0xff, 0xff, 0x90, 0x00,
    0x00, 0x00, 0x00, 0x00, 0x4e, 0xff, 0xff, 0xff, 0xff, 0xff, 0xff, 0xff, 0xff, 0xb0, 0x00, 0x00,
    0x00, 0x00, 0x2e, 0xff, 0xff, 0xfa, 0x63, 0x22, 0x47, 0xdf, 0xff, 0xff, 0x90, 0x00, 0x00, 0x00,
    0x0c, 0xff, 0xff, 0xc2, 0x00, 0x00, 0x00, 0x00, 0x6e, 0xff, 0xff, 0x50, 0x00, 0x00, 0x07, 0xff,
    0xff, 0xb0, 0x00, 0x00, 0x00, 0x00, 0x00, 0x3e, 0xff, 0xfd, 0x00, 0x00, 0x00, 0xef, 0xff, 0xd1,
    0x00, 0x00, 0x00, 0x00, 0x00, 0x00, 0x5f, 0xff, 0xf5, 0x00, 0x00, 0x4f, 0xff, 0xf5, 0x00, 0x00,
    0x00, 0x00, 0x00, 0x00, 0x00, 0xcf, 0xff, 0xb0, 0x00, 0x09, 0xff, 0xfe, 0x00, 0x00, 0x00, 0x00,
    0x00, 0x00, 0x00, 0x06, 0xff, 0xff, 0x00, 0x00, 0xcf, 0xff, 0xb0, 0x00, 0x00, 0x00, 0x00, 0x00,
    0x00, 0x00, 0x2f, 0xff, 0xf2, 0x00, 0x0e, 0xff, 0xff, 0xff, 0xff, 0xff, 0xff, 0xff, 0xff, 0xff,
    0xff, 0xff, 0xff, 0x40, 0x00, 0xef, 0xff, 0xff, 0xff, 0xff, 0xff, 0xff, 0xff, 0xff, 0xff, 0xff,
    0xff, 0xf5, 0x00, 0x0e, 0xff, 0xff, 0xff, 0xff, 0xff, 0xff, 0xff, 0xff, 0xff, 0xff, 0xff, 0xff,
    0x50, 0x00, 0xdf, 0xff, 0xb0, 0x00, 0x00, 0x00, 0x00, 0x00, 0x00, 0x00, 0x00, 0x00, 0x00, 0x00,
    0x0b, 0xff, 0xfe, 0x00, 0x00, 0x00, 0x00, 0x00, 0x00, 0x00, 0x00, 0x00, 0x00, 0x00, 0x00, 0x8f,
    0xff, 0xf4, 0x00, 0x00, 0x00, 0x00, 0x00, 0x00, 0x00, 0x00, 0x00, 0x00, 0x00, 0x04, 0xff, 0xff,
    0xb0, 0x00, 0x00, 0x00, 0x00, 0x00, 0x00, 0x00, 0x00, 0x00, 0x00, 0x00, 0x0d, 0xff, 0xff, 0x60,
    0x00, 0x00, 0x00, 0x00, 0x00, 0x00, 0x01, 0x00, 0x00, 0x00, 0x00, 0x6f, 0xff, 0xff, 0x50, 0x00,
    0x00, 0x00, 0x00, 0x00, 0x09, 0xc0, 0x00, 0x00, 0x00, 0x00, 0xbf, 0xff, 0xff, 0x91, 0x00, 0x00,
    0x00, 0x00, 0x3b, 0xff, 0x90, 0x00, 0x00, 0x00, 0x01, 0xdf, 0xff, 0xff, 0xe9, 0x53, 0x22, 0x36,
    0xbf, 0xff, 0xff, 0x60, 0x00, 0x00, 0x00, 0x02, 0xdf, 0xff, 0xff, 0xff, 0xff, 0xff, 0xff, 0xff,
    0xff, 0xd2, 0x00, 0x00, 0x00, 0x00, 0x01, 0xaf, 0xff, 0xff, 0xff, 0xff, 0xff, 0xff, 0xff, 0xc1,
    0x00, 0x00, 0x00, 0x00, 0x00, 0x00, 0x4c, 0xff, 0xff, 0xff, 0xff, 0xff, 0xfd, 0x50, 0x00, 0x00,
    0x00, 0x00, 0x00, 0x00, 0x00, 0x03, 0x7a, 0xde, 0xff, 0xdb, 0x84, 0x00, 0x00, 0x00, 0x00, 0x00,
    0x00, 0x00, 0x00, 0x00, 0x00, 0x00, 0x00, 0x04, 0x88, 0x88, 0x72, 0x00, 0x00, 0x00, 0x00, 0x00,
    0x00, 0x00, 0x00, 0x00, 0x00, 0x05, 0xff, 0xff, 0xe5, 0x00, 0x00, 0x00, 0x00, 0x00, 0x00, 0x00,
    0x00, 0x00, 0x00, 0x05, 0xff, 0xff, 0xd3, 0x00, 0x00, 0x00, 0x00, 0x00, 0x00, 0x00, 0x00, 0x00,
    0x00, 0x05, 0xff, 0xff, 0xb1, 0x00, 0x00, 0x00, 0x00, 0x00, 0x00, 0x00, 0x00, 0x00, 0x00, 0x05,
    0xff, 0xff, 0x80, 0x00, 0x00, 0x00, 0x00, 0x00, 0x00, 0x00, 0x00, 0x00, 0x00, 0x05, 0xff, 0xff,
    0x50, 0x00, 0x00, 0x00, 0x00, 0x00, 0x00, 0x00, 0x00, 0x00, 0x00, 0x05, 0xff, 0xfd, 0x30, 0x00,
    0x00, 0x00, 0x00, 0x00, 0x00, 0x00, 0x00, 0x00, 0x00, 0x00, 0x00, 0x00, 0x00, 0x00, 0x00, 0x00,
    0x00, 0x00, 0x00, 0x00, 0x00, 0x00, 0x00, 0x00, 0x00, 0x00, 0x00, 0x00, 0x00, 0x00, 0x00, 0x00,
    0x00, 0x00, 0x00, 0x00, 0x00, 0x00, 0x00, 0x00, 0x00, 0x00, 0x00, 0x00, 0x00, 0x00, 0x00, 0x00,
    0x00, 0x00, 0x00, 0x00, 0x00, 0x59, 0xce, 0xfe, 0xdb, 0x83, 0x00, 0x00, 0x00, 0x00, 0x00, 0x00,
    0x00, 0x00, 0x07, 0xef, 0xff, 0xff, 0xff, 0xff, 0xfc, 0x40, 0x00, 0x00, 0x00, 0x00, 0x00, 0x00,
    0x3c, 0xff, 0xff, 0xff, 0xff, 0xff, 0xff, 0xff, 0x90, 0x00, 0x00, 0x00, 0x00, 0x00, 0x4e, 0xff,
    0xff, 0xff, 0xff, 0xff, 0xff, 0xff, 0xff, 0xb0, 0x00, 0x00, 0x00, 0x00, 0x2e, 0xff, 0xff, 0xfa,
    0x63, 0x22, 0x47, 0xdf, 0xff, 0xff, 0x90, 0x00, 0x00, 0x00, 0x0c, 0xff, 0xff, 0xc2, 0x00, 0x00,
    0x00, 0x00, 0x6e, 0xff, 0xff, 0x50, 0x00, 0x00, 0x07, 0xff, 0xff, 0xb0, 0x00, 0x00, 0x00, 0x00,
    0x00, 0x3e, 0xff, 0xfd, 0x00, 0x00, 0x00, 0xef, 0xff, 0xd1, 0x00, 0x00, 0x00, 0x00, 0x00, 0x00,
    0x5f, 0xff, 0xf5, 0x00, 0x00, 0x4f, 0xff, 0xf5, 0x00, 0x00, 0x00, 0x00, 0x00, 0x00, 0x00, 0xcf,
    0xff, 0xb0, 0x00, 0x09, 0xff, 0xfe, 0x00, 0x00, 0x00, 0x00, 0x00, 0x00, 0x00, 0x06, 0xff, 0xff,
    0x00, 0x00, 0xcf, 0xff, 0xb0, 0x00, 0x00, 0x00, 0x00, 0x00, 0x00, 0x00, 0x2f, 0xff, 0xf2, 0x00,
    0x0e, 0xff, 0xff, 0xff, 0xff, 0xff, 0xff, 0xff, 0xff, 0xff, 0xff, 0xff, 0xff, 0x40, 0x00, 0xef,
    0xff, 0xff, 0xff, 0xff, 0xff, 0xff, 0xff, 0xff, 0xff, 0xff, 0xff, 0xf5, 0x00, 0x0e, 0xff, 0xff,
    0xff, 0xff, 0xff, 0xff, 0xff, 0xff, 0xff, 0xff, 0xff, 0xff, 0x50, 0x00, 0xdf, 0xff, 0xb0, 0x00,
    0x00, 0x00, 0x00, 0x00, 0x00, 0x00, 0x00, 0x00, 0x00, 0x00, 0x0b, 0xff, 0xfe, 0x00, 0x00, 0x00,
    0x00, 0x00, 0x00, 0x00, 0x00, 0x00, 0x00, 0x00, 0x00, 0x8f, 0xff, 0xf4, 0x00, 0x00, 0x00, 0x00,
    0x00, 0x00, 0x00, 0x00, 0x00, 0x00, 0x00, 0x04, 0xff, 0xff, 0xb0, 0x00, 0x00, 0x00, 0x00, 0x00,
    0x00, 0x00, 0x00, 0x00, 0x00, 0x00, 0x0d, 0xff, 0xff, 0x60, 0x00, 0x00, 0x00, 0x00, 0x00, 0x00,
    0x01, 0x00, 0x00, 0x00, 0x00, 0x6f, 0xff, 0xff, 0x50, 0x00, 0x00, 0x00, 0x00, 0x00, 0x09, 0xc0,
    0x00, 0x00, 0x00, 0x00, 0xbf, 0xff, 0xff, 0x91, 0x00, 0x00, 0x00, 0x00, 0x3b, 0xff, 0x90, 0x00,
    0x00, 0x00, 0x01, 0xdf, 0xff, 0xff, 0xe9, 0x53, 0x22, 0x36, 0xbf, 0xff, 0xff, 0x60, 0x00, 0x00,
    0x00, 0x02, 0xdf, 0xff, 0xff, 0xff, 0xff, 0xff, 0xff, 0xff, 0xff, 0xd2, 0x00, 0x00, 0x00, 0x00,
    0x01, 0xaf, 0xff, 0xff, 0xff, 0xff, 0xff, 0xff, 0xff, 0xc1, 0x00, 0x00, 0x00, 0x00, 0x00, 0x00,
    0x4c, 0xff, 0xff, 0xff, 0xff, 0xff, 0xfd, 0x50, 0x00, 0x00, 0x00, 0x00, 0x00, 0x00, 0x00, 0x03,
    0x7a, 0xde, 0xff, 0xdb, 0x84, 0x00, 0x00, 0x00, 0x00, 0x00, 0x00, 0x00, 0x00, 0x00, 0x00, 0x58,
    0x88, 0x71, 0x00, 0x00, 0x00, 0x00, 0x00, 0x00, 0x00, 0x00, 0x00, 0x00, 0x00, 0x7f, 0xff, 0xff,
    0xd1, 0x00, 0x00, 0x00, 0x00, 0x00, 0x00, 0x00, 0x00, 0x00, 0x00, 0x6f, 0xff, 0xff, 0xff, 0xc1,
    0x00, 0x00, 0x00, 0x00, 0x00, 0x00, 0x00, 0x00, 0x00, 0x6f, 0xff, 0xf7, 0xcf, 0xff, 0xc1, 0x00,
    0x00, 0x00, 0x00, 0x00, 0x00, 0x00, 0x00, 0x6f, 0xff, 0xe4, 0x01, 0xbf, 0xff, 0xc1, 0x00, 0x00,
    0x00, 0x00, 0x00, 0x00, 0x00, 0x6f, 0xff, 0xd3, 0x00, 0x00, 0x9f, 0xff, 0xc1, 0x00, 0x00, 0x00,
    0x00, 0x00, 0x00, 0x5f, 0xff, 0xc2, 0x00, 0x00, 0x00, 0x7f, 0xff, 0xc1, 0x00, 0x00, 0x00, 0x00,
    0x00, 0x00, 0x00, 0x00, 0x00, 0x00, 0x00, 0x00, 0x00, 0x00, 0x00, 0x00, 0x00, 0x00, 0x00, 0x00,
    0x00, 0x00, 0x00, 0x00, 0x00, 0x00, 0x00, 0x00, 0x00, 0x00, 0x00, 0x00, 0x00, 0x00, 0x00, 0x00,
    0x00, 0x00, 0x00, 0x00, 0x00, 0x00, 0x00, 0x00, 0x00, 0x00, 0x00, 0x00, 0x00, 0x00, 0x00, 0x59,
    0xce, 0xfe, 0xdb, 0x83, 0x00, 0x00, 0x00, 0x00, 0x00, 0x00, 0x00, 0x00, 0x07, 0xef, 0xff, 0xff,
    0xff, 0xff, 0xfc, 0x40, 0x00, 0x00, 0x00, 0x00, 0x00, 0x00, 0x3c, 0xff, 0xff, 0xff, 0xff, 0xff,
    0xff, 0xff, 0x90, 0x00, 0x00, 0x00, 0x00, 0x00, 0x4e, 0xff, 0xff, 0xff, 0xff, 0xff, 0xff, 0xff,
    0xff, 0xb0, 0x00, 0x00, 0x00, 0x00, 0x2e, 0xff, 0xff, 0xfa, 0x63, 0x22, 0x47, 0xdf, 0xff, 0xff,
    0x90, 0x00, 0x00, 0x00, 0x0c, 0xff, 0xff, 0xc2, 0x00, 0x00, 0x00, 0x00, 0x6e, 0xff, 0xff, 0x50,
    0x00, 0x00, 0x07, 0xff, 0xff, 0xb0, 0x00, 0x00, 0x00, 0x00, 0x00, 0x3e, 0xff, 0xfd, 0x00, 0x00,
    0x00, 0xef, 0xff, 0xd1, 0x00, 0x00, 0x00, 0x00, 0x00, 0x00, 0x5f, 0xff, 0xf5, 0x00, 0x00, 0x4f,
    0xff, 0xf5, 0x00, 0x00, 0x00, 0x00, 0x00, 0x00, 0x00, 0xcf, 0xff, 0xb0, 0x00, 0x09, 0xff, 0xfe,
    0x00, 0x00, 0x00, 0x00, 0x00, 0x00, 0x00, 0x06, 0xff, 0xff, 0x00, 0x00, 0xcf, 0xff, 0xb0, 0x00,
    0x00, 0x00, 0x00, 0x00, 0x00, 0x00, 0x2f, 0xff, 0xf2, 0x00, 0x0e, 0xff, 0xff, 0xff, 0xff, 0xff,
    0xff, 0xff, 0xff, 0xff, 0xff, 0xff, 0xff, 0x40, 0x00, 0xef, 0xff, 0xff, 0xff, 0xff, 0xff, 0xff,
    0xff, 0xff, 0xff, 0xff, 0xff, 0xf5, 0x00, 0x0e, 0xff, 0xff, 0xff, 0xff, 0xff, 0xff, 0xff, 0xff,
    0xff, 0xff, 0xff, 0xff, 0x50, 0x00, 0xdf, 0xff, 0xb0, 0x00, 0x00, 0x00, 0x00, 0x00, 0x00, 0x00,
    0x00, 0x00, 0x00, 0x00, 0x0b, 0xff, 0xfe, 0x00, 0x00, 0x00, 0x00, 0x00, 0x00, 0x00, 0x00, 0x00,
    0x00, 0x00, 0x00, 0x8f, 0xff, 0xf4, 0x00, 0x00, 0x00, 0x00, 0x00, 0x00, 0x00, 0x00, 0x00, 0x00,
    0x00, 0x04, 0xff, 0xff, 0xb0, 0x00, 0x00, 0x00, 0x00, 0x00, 0x00, 0x00, 0x00, 0x00, 0x00, 0x00,
    0x0d, 0xff, 0xff, 0x60, 0x00, 0x00, 0x00, 0x00, 0x00, 0x00, 0x01, 0x00, 0x00, 0x00, 0x00, 0x6f,
    0xff, 0xff, 0x50, 0x00, 0x00, 0x00, 0x00, 0x00, 0x09, 0xc0, 0x00, 0x00, 0x00, 0x00, 0xbf, 0xff,
    0xff, 0x91, 0x00, 0x00, 0x00, 0x00, 0x3b, 0xff, 0x90, 0x00, 0x00, 0x00, 0x01, 0xdf, 0xff, 0xff,
    0xe9, 0x53, 0x22, 0x36, 0xbf, 0xff, 0xff, 0x60, 0x00, 0x00, 0x00, 0x02, 0xdf, 0xff, 0xff, 0xff,
    0xff, 0xff, 0xff, 0xff, 0xff, 0xd2, 0x00, 0x00, 0x00, 0x00, 0x01, 0xaf, 0xff, 0xff, 0xff, 0xff,
    0xff, 0xff, 0xff, 0xc1, 0x00, 0x00, 0x00, 0x00, 0x00, 0x00, 0x4c, 0xff, 0xff, 0xff, 0xff, 0xff,
    0xfd, 0x50, 0x00, 0x00, 0x00, 0x00, 0x00, 0x00, 0x00, 0x03, 0x7a, 0xde, 0xff, 0xdb, 0x84, 0x00,
    0x00, 0x00, 0x00, 0x00, 0x00, 0x00, 0x00, 0x3c, 0xe9, 0x00, 0x00, 0x04, 0xde, 0x90, 0x00, 0x00,
    0x00, 0x00, 0x00, 0x00, 0x00, 0x0e, 0xff, 0xf7, 0x00, 0x01, 0xef, 0xff, 0x60, 0x00, 0x00, 0x00,
    0x00, 0x00, 0x00, 0x02, 0xff, 0xff, 0xa0, 0x00, 0x3f, 0xff, 0xf9, 0x00, 0x00, 0x00, 0x00, 0x00,
    0x00, 0x00, 0x0e, 0xff, 0xf7, 0x00, 0x01, 0xef, 0xff, 0x60, 0x00, 0x00, 0x00, 0x00, 0x00, 0x00,
    0x00, 0x3c, 0xe9, 0x00, 0x00, 0x04, 0xde, 0x90, 0x00, 0x00, 0x00, 0x00, 0x00, 0x00, 0x00, 0x00,
    0x00, 0x00, 0x00, 0x00, 0x00, 0x00, 0x00, 0x00, 0x00, 0x00, 0x00, 0x00, 0x00, 0x00, 0x00, 0x00,
    0x00, 0x00, 0x00, 0x00, 0x00, 0x00, 0x00, 0x00, 0x00, 0x00, 0x00, 0x00, 0x00, 0x00, 0x00, 0x00,
    0x00, 0x00, 0x00, 0x00, 0x00, 0x00, 0x00, 0x00, 0x00, 0x00, 0x00, 0x00, 0x00, 0x00, 0x00, 0x00,
    0x00, 0x00, 0x00, 0x00, 0x00, 0x00, 0x00, 0x00, 0x00, 0x00, 0x05, 0x9c, 0xef, 0xed, 0xb8, 0x30,
    0x00, 0x00, 0x00, 0x00, 0x00, 0x00, 0x00, 0x00, 0x7e, 0xff, 0xff, 0xff, 0xff, 0xff, 0xc4, 0x00,
    0x00, 0x00, 0x00, 0x00, 0x00, 0x03, 0xcf, 0xff, 0xff, 0xff, 0xff, 0xff, 0xff, 0xf9, 0x00, 0x00,
    0x00, 0x00, 0x00, 0x04, 0xef, 0xff, 0xff, 0xff, 0xff, 0xff, 0xff, 0xff, 0xfb, 0x00, 0x00, 0x00,
    0x00, 0x02, 0xef, 0xff, 0xff, 0xa6, 0x32, 0x24, 0x7d, 0xff, 0xff, 0xf9, 0x00, 0x00, 0x00, 0x00,
    0xcf, 0xff, 0xfc, 0x20, 0x00, 0x00, 0x00, 0x06, 0xef, 0xff, 0xf5, 0x00, 0x00, 0x00, 0x7f, 0xff,
    0xfb, 0x00, 0x00, 0x00, 0x00, 0x00, 0x03, 0xef, 0xff, 0xd0, 0x00, 0x00, 0x0e, 0xff, 0xfd, 0x10,
    0x00, 0x00, 0x00, 0x00, 0x00, 0x05, 0xff, 0xff, 0x50, 0x00, 0x04, 0xff, 0xff, 0x50, 0x00, 0x00,
    0x00, 0x00, 0x00, 0x00, 0x0c, 0xff, 0xfb, 0x00, 0x00, 0x9f, 0xff, 0xe0, 0x00, 0x00, 0x00, 0x00,
    0x00, 0x00, 0x00, 0x6f, 0xff, 0xf0, 0x00, 0x0c, 0xff, 0xfb, 0x00, 0x00, 0x00, 0x00, 0x00, 0x00,
    0x00, 0x02, 0xff, 0xff, 0x20, 0x00, 0xef, 0xff, 0xff, 0xff, 0xff, 0xff, 0xff, 0xff, 0xff, 0xff,
    0xff, 0xff, 0xf4, 0x00, 0x0e, 0xff, 0xff, 0xff, 0xff, 0xff, 0xff, 0xff, 0xff, 0xff, 0xff, 0xff,
    0xff, 0x50, 0x00, 0xef, 0xff, 0xff, 0xff, 0xff, 0xff, 0xff, 0xff, 0xff, 0xff, 0xff, 0xff, 0xf5,
    0x00, 0x0d, 0xff, 0xfb, 0x00, 0x00, 0x00, 0x00, 0x00, 0x00, 0x00, 0x00, 0x00, 0x00, 0x00, 0x00,
    0xbf, 0xff, 0xe0, 0x00, 0x00, 0x00, 0x00, 0x00, 0x00, 0x00, 0x00, 0x00, 0x00, 0x00, 0x08, 0xff,
    0xff, 0x40, 0x00, 0x00, 0x00, 0x00, 0x00, 0x00, 0x00, 0x00, 0x00, 0x00, 0x00, 0x4f, 0xff, 0xfb,
    0x00, 0x00, 0x00, 0x00, 0x00, 0x00, 0x00, 0x00, 0x00, 0x00, 0x00, 0x00, 0xdf, 0xff, 0xf6, 0x00,
    0x00, 0x00, 0x00, 0x00, 0x00, 0x00, 0x10, 0x00, 0x00, 0x00, 0x06, 0xff, 0xff, 0xf5, 0x00, 0x00,
    0x00, 0x00, 0x00, 0x00, 0x9c, 0x00, 0x00, 0x00, 0x00, 0x0b, 0xff, 0xff, 0xf9, 0x10, 0x00, 0x00,
    0x00, 0x03, 0xbf, 0xf9, 0x00, 0x00, 0x00, 0x00, 0x1d, 0xff, 0xff, 0xfe, 0x95, 0x32, 0x23, 0x6b,
    0xff, 0xff, 0xf6, 0x00, 0x00, 0x00, 0x00, 0x2d, 0xff, 0xff, 0xff, 0xff, 0xff, 0xff, 0xff, 0xff,
    0xfd, 0x20, 0x00, 0x00, 0x00, 0x00, 0x1a, 0xff, 0xff, 0xff, 0xff, 0xff, 0xff, 0xff, 0xfc, 0x10,
    0x00, 0x00, 0x00, 0x00, 0x00, 0x04, 0xcf, 0xff, 0xff, 0xff, 0xff, 0xff, 0xd5, 0x00, 0x00, 0x00,
    0x00, 0x00, 0x00, 0x00, 0x00, 0x37, 0xad, 0xef, 0xfd, 0xb8, 0x40, 0x00, 0x00, 0x00, 0x00, 0x06,
    0x88, 0x88, 0x70, 0x00, 0x00, 0x00, 0x00, 0x02, 0xcf, 0xff, 0xfb, 0x00, 0x00, 0x00, 0x00, 0x00,
    0x09, 0xff, 0xff, 0xb0, 0x00, 0x00, 0x00, 0x00, 0x00, 0x6f, 0xff, 0xfb, 0x00, 0x00, 0x00, 0x00,
    0x00, 0x04, 0xef, 0xff, 0xb0, 0x00, 0x00, 0x00, 0x00, 0x00, 0x2c, 0xff, 0xfb, 0x00, 0x00, 0x00,
    0x00, 0x00, 0x00, 0xaf, 0xff, 0xb0, 0x00, 0x00, 0x00, 0x00, 0x00, 0x00, 0x00, 0x00, 0x00, 0x00,
    0x00, 0x00, 0x00, 0x00, 0x00, 0x00, 0x00, 0x00, 0x00, 0x00, 0x00, 0x00, 0x00, 0x00, 0x00, 0x00,
    0x00, 0x00, 0x09, 0xff, 0xff, 0x00, 0x00, 0x00, 0x00, 0x00, 0x09, 0xff, 0xff, 0x00, 0x00, 0x00,
    0x00, 0x00, 0x09, 0xff, 0xff, 0x00, 0x00, 0x00, 0x00, 0x00, 0x09, 0xff, 0xff, 0x00, 0x00, 0x00,
    0x00, 0x00, 0x09, 0xff, 0xff, 0x00, 0x00, 0x00, 0x00, 0x00, 0x09, 0xff, 0xff, 0x00, 0x00, 0x00,
    0x00, 0x00, 0x09, 0xff, 0xff, 0x00, 0x00, 0x00, 0x00, 0x00, 0x09, 0xff, 0xff, 0x00, 0x00, 0x00,
    0x00, 0x00, 0x09, 0xff, 0xff, 0x00, 0x00, 0x00, 0x00, 0x00, 0x09, 0xff, 0xff, 0x00, 0x00, 0x00,
    0x00, 0x00, 0x09, 0xff, 0xff, 0x00, 0x00, 0x00, 0x00, 0x00, 0x09, 0xff, 0xff, 0x00, 0x00, 0x00,
    0x00, 0x00, 0x09, 0xff, 0xff, 0x00, 0x00, 0x00, 0x00, 0x00, 0x09, 0xff, 0xff, 0x00, 0x00, 0x00,
    0x00, 0x00, 0x09, 0xff, 0xff, 0x00, 0x00, 0x00, 0x00, 0x00, 0x09, 0xff, 0xff, 0x00, 0x00, 0x00,
    0x00, 0x00, 0x09, 0xff, 0xff, 0x00, 0x00, 0x00, 0x00, 0x00, 0x09, 0xff, 0xff, 0x00, 0x00, 0x00,
    0x00, 0x00, 0x09, 0xff, 0xff, 0x00, 0x00, 0x00, 0x00, 0x00, 0x09, 0xff, 0xff, 0x00, 0x00, 0x00,
    0x00, 0x00, 0x09, 0xff, 0xff, 0x00, 0x00, 0x00, 0x00, 0x00, 0x09, 0xff, 0xff, 0x00, 0x00, 0x00,
    0x00, 0x00, 0x09, 0xff, 0xff, 0x00, 0x00, 0x00, 0x00, 0x00, 0x09, 0xff, 0xff, 0x00, 0x00, 0x00,
    0x00, 0x00, 0x09, 0xff, 0xff, 0x00, 0x00, 0x00, 0x00, 0x00, 0x09, 0xff, 0xff, 0x00, 0x00, 0x00,
    0x00, 0x00, 0x00, 0x05, 0x88, 0x88, 0x71, 0x00, 0x00, 0x00, 0x00, 0x6f, 0xff, 0xfe, 0x40, 0x00,
    0x00, 0x00, 0x06, 0xff, 0xff, 0xc2, 0x00, 0x00, 0x00, 0x00, 0x6f, 0xff, 0xfa, 0x10, 0x00, 0x00,
    0x00, 0x06, 0xff, 0xff, 0x70, 0x00, 0x00, 0x00, 0x00, 0x6f, 0xff, 0xe5, 0x00, 0x00, 0x00, 0x00,
    0x07, 0xff, 0xfd, 0x20, 0x00, 0x00, 0x00, 0x00, 0x00, 0x00, 0x00, 0x00, 0x00, 0x00, 0x00, 0x00,
    0x00, 0x00, 0x00, 0x00, 0x00, 0x00, 0x00, 0x00, 0x00, 0x00, 0x00, 0x00, 0x00, 0x00, 0x00, 0x00,
    0x00, 0x9f, 0xff, 0xf0, 0x00, 0x00, 0x00, 0x00, 0x00, 0x9f, 0xff, 0xf0, 0x00, 0x00, 0x00, 0x00,
    0x00, 0x9f, 0xff, 0xf0, 0x00, 0x00, 0x00, 0x00, 0x00, 0x9f, 0xff, 0xf0, 0x00, 0x00, 0x00, 0x00,
    0x00, 0x9f, 0xff, 0xf0, 0x00, 0x00, 0x00, 0x00, 0x00, 0x9f, 0xff, 0xf0, 0x00, 0x00, 0x00, 0x00,
    0x00, 0x9f, 0xff, 0xf0, 0x00, 0x00, 0x00, 0x00, 0x00, 0x9f, 0xff, 0xf0, 0x00, 0x00, 0x00, 0x00,
    0x00, 0x9f, 0xff, 0xf0, 0x00, 0x00, 0x00, 0x00, 0x00, 0x9f, 0xff, 0xf0, 0x00, 0x00, 0x00, 0x00,
    0x00, 0x9f, 0xff, 0xf0, 0x00, 0x00, 0x00, 0x00, 0x00, 0x9f, 0xff, 0xf0, 0x00, 0x00, 0x00, 0x00,
    0x00, 0x9f, 0xff, 0xf0, 0x00, 0x00, 0x00, 0x00, 0x00, 0x9f, 0xff, 0xf0, 0x00, 0x00, 0x00, 0x00,
    0x00, 0x9f, 0xff, 0xf0, 0x00, 0x00, 0x00, 0x00, 0x00, 0x9f, 0xff, 0xf0, 0x00, 0x00, 0x00, 0x00,
    0x00, 0x9f, 0xff, 0xf0, 0x00, 0x00, 0x00, 0x00, 0x00, 0x9f, 0xff, 0xf0, 0x00, 0x00, 0x00, 0x00,
    0x00, 0x9f, 0xff, 0xf0, 0x00, 0x00, 0x00, 0x00, 0x00, 0x9f, 0xff, 0xf0, 0x00, 0x00, 0x00, 0x00,
    0x00, 0x9f, 0xff, 0xf0, 0x00, 0x00, 0x00, 0x00, 0x00, 0x9f, 0xff, 0xf0, 0x00, 0x00, 0x00, 0x00,
    0x00, 0x9f, 0xff, 0xf0, 0x00, 0x00, 0x00, 0x00, 0x00, 0x9f, 0xff, 0xf0, 0x00, 0x00, 0x00, 0x00,
    0x00, 0x9f, 0xff, 0xf0, 0x00, 0x00, 0x00, 0x00, 0x00, 0x9f, 0xff, 0xf0, 0x00, 0x00, 0x00, 0x00,
    0x00, 0x1d, 0xff, 0xff, 0x40, 0x00, 0x00, 0x00, 0x00, 0xbf, 0xff, 0xff, 0xe2, 0x00, 0x00, 0x00,
    0x08, 0xff, 0xff, 0xff, 0xfc, 0x10, 0x00, 0x00, 0x5f, 0xff, 0xd2, 0xaf, 0xff, 0xa0, 0x00, 0x03,
    0xef, 0xfe, 0x20, 0x0b, 0xff, 0xf7, 0x00, 0x1d, 0xff, 0xe3, 0x00, 0x01, 0xcf, 0xff, 0x40, 0x47,
    0x77, 0x30, 0x00, 0x00, 0x17, 0x77, 0x60, 0x00, 0x00, 0x00, 0x00, 0x00, 0x00, 0x00, 0x00, 0x00,
    0x00, 0x00, 0x00, 0x00, 0x00, 0x00, 0x00, 0x00, 0x00, 0x00, 0x00, 0x00, 0x00, 0x00, 0x00, 0x00,
    0x00, 0x09, 0xff, 0xff, 0x00, 0x00, 0x00, 0x00, 0x00, 0x09, 0xff, 0xff, 0x00, 0x00, 0x00, 0x00,
    0x00, 0x09, 0xff, 0xff, 0x00, 0x00, 0x00, 0x00, 0x00, 0x09, 0xff, 0xff, 0x00, 0x00, 0x00, 0x00,
    0x00, 0x09, 0xff, 0xff, 0x00, 0x00, 0x00, 0x00, 0x00, 0x09, 0xff, 0xff, 0x00, 0x00, 0x00, 0x00,
    0x00, 0x09, 0xff, 0xff, 0x00, 0x00, 0x00, 0x00, 0x00, 0x09, 0xff, 0xff, 0x00, 0x00, 0x00, 0x00,
    0x00, 0x09, 0xff, 0xff, 0x00, 0x00, 0x00, 0x00, 0x00, 0x09, 0xff, 0xff, 0x00, 0x00, 0x00, 0x00,
    0x00, 0x09, 0xff, 0xff, 0x00, 0x00, 0x00, 0x00, 0x00, 0x09, 0xff, 0xff, 0x00, 0x00, 0x00, 0x00,
    0x00, 0x09, 0xff, 0xff, 0x00, 0x00, 0x00, 0x00, 0x00, 0x09, 0xff, 0xff, 0x00, 0x00, 0x00, 0x00,
    0x00, 0x09, 0xff, 0xff, 0x00, 0x00, 0x00, 0x00, 0x00, 0x09, 0xff, 0xff, 0x00, 0x00, 0x00, 0x00,
    0x00, 0x09, 0xff, 0xff, 0x00, 0x00, 0x00, 0x00, 0x00, 0x09, 0xff, 0xff, 0x00, 0x00, 0x00, 0x00,
    0x00, 0x09, 0xff, 0xff, 0x00, 0x00, 0x00, 0x00, 0x00, 0x09, 0xff, 0xff, 0x00, 0x00, 0x00, 0x00,
    0x00, 0x09, 0xff, 0xff, 0x00, 0x00, 0x00, 0x00, 0x00, 0x09, 0xff, 0xff, 0x00, 0x00, 0x00, 0x00,
    0x00, 0x09, 0xff, 0xff, 0x00, 0x00, 0x00, 0x00, 0x00, 0x09, 0xff, 0xff, 0x00, 0x00, 0x00, 0x00,
    0x00, 0x09, 0xff, 0xff, 0x00, 0x00, 0x00, 0x00, 0x00, 0x09, 0xff, 0xff, 0x00, 0x00, 0x00, 0x03,
    0xce, 0x90, 0x00, 0x5d, 0xe7, 0x00, 0xdf, 0xff, 0x60, 0x1e, 0xff, 0xf3, 0x1f, 0xff, 0xf8, 0x04,
    0xff, 0xff, 0x60, 0xdf, 0xff, 0x60, 0x1e, 0xff, 0xf3, 0x03, 0xce, 0x90, 0x00, 0x5d, 0xe7, 0x00,
    0x00, 0x00, 0x00, 0x00, 0x00, 0x00, 0x00, 0x00, 0x00, 0x00, 0x00, 0x00, 0x00, 0x00, 0x00, 0x00,
    0x00, 0x00, 0x00, 0x00, 0x00, 0x00, 0x00, 0x00, 0x00, 0x00, 0x00, 0x09, 0xff, 0xff, 0x00, 0x00,
    0x00, 0x00, 0x9f, 0xff, 0xf0, 0x00, 0x00, 0x00, 0x09, 0xff, 0xff, 0x00, 0x00, 0x00, 0x00, 0x9f,
    0xff, 0xf0, 0x00, 0x00, 0x00, 0x09, 0xff, 0xff, 0x00, 0x00, 0x00, 0x00, 0x9f, 0xff, 0xf0, 0x00,
    0x00, 0x00, 0x09, 0xff, 0xff, 0x00, 0x00, 0x00, 0x00, 0x9f, 0xff, 0xf0, 0x00, 0x00, 0x00, 0x09,
    0xff, 0xff, 0x00, 0x00, 0x00, 0x00, 0x9f, 0xff, 0xf0, 0x00, 0x00, 0x00, 0x09, 0xff, 0xff, 0x00,
    0x00, 0x00, 0x00, 0x9f, 0xff, 0xf0, 0x00, 0x00, 0x00, 0x09, 0xff, 0xff, 0x00, 0x00, 0x00, 0x00,
    0x9f, 0xff, 0xf0, 0x00, 0x00, 0x00, 0x09, 0xff, 0xff, 0x00, 0x00, 0x00, 0x00, 0x9f, 0xff, 0xf0,
    0x00, 0x00, 0x00, 0x09, 0xff, 0xff, 0x00, 0x00, 0x00, 0x00, 0x9f, 0xff, 0xf0, 0x00, 0x00, 0x00,
    0x09, 0xff, 0xff, 0x00, 0x00, 0x00, 0x00, 0x9f, 0xff, 0xf0, 0x00, 0x00, 0x00, 0x09, 0xff, 0xff,
    0x00, 0x00, 0x00, 0x00, 0x9f, 0xff, 0xf0, 0x00, 0x00, 0x00, 0x09, 0xff, 0xff, 0x00, 0x00, 0x00,
    0x00, 0x9f, 0xff, 0xf0, 0x00, 0x00, 0x00, 0x09, 0xff, 0xff, 0x00, 0x00, 0x00, 0x00, 0x9f, 0xff,
    0xf0, 0x00, 0x00, 0x00, 0x00, 0x00, 0x00, 0x39, 0x20, 0x00, 0x00, 0x00, 0x00, 0x00, 0x00, 0x00,
    0x00, 0x00, 0x00, 0x00, 0x00, 0x7f, 0xff, 0x81, 0x00, 0x00, 0x00, 0x00, 0x01, 0x00, 0x00, 0x00,
    0x00, 0x00, 0x00, 0x7f, 0xff, 0xff, 0xe5, 0x00, 0x00, 0x00, 0x18, 0xe5, 0x00, 0x00, 0x00, 0x00,
    0x00, 0x00, 0x3b, 0xff, 0xff, 0xf9, 0x00, 0x02, 0x9e, 0xff, 0xc0, 0x00, 0x00, 0x00, 0x00, 0x00,
    0x00, 0x05, 0xef, 0xff, 0xfc, 0x4a, 0xff, 0xff, 0xfa, 0x10, 0x00, 0x00, 0x00, 0x00, 0x00, 0x00,
    0x01, 0xaf, 0xff, 0xff, 0xff, 0xfe, 0x92, 0x00, 0x00, 0x00, 0x00, 0x00, 0x00, 0x00, 0x00, 0x00,
    0xbf, 0xff, 0xff, 0xe8, 0x10, 0x00, 0x00, 0x00, 0x00, 0x00, 0x00, 0x00, 0x00, 0x16, 0xdf, 0xff,
    0xff, 0xff, 0x40, 0x00, 0x00, 0x00, 0x00, 0x00, 0x00, 0x00, 0x01, 0x7e, 0xff, 0xff, 0xcd, 0xff,
    0xfe, 0x30, 0x00, 0x00, 0x00, 0x00, 0x00, 0x00, 0x28, 0xef, 0xff, 0xfb, 0x40, 0x3e, 0xff, 0xfd,
    0x10, 0x00, 0x00, 0x00, 0x00, 0x00, 0x05, 0xff, 0xff, 0xa3, 0x00, 0x00, 0x4f, 0xff, 0xfa, 0x00,
    0x00, 0x00, 0x00, 0x00, 0x00, 0x0d, 0xf9, 0x20, 0x00, 0x00, 0x00, 0x6f, 0xff, 0xf5, 0x00, 0x00,
    0x00, 0x00, 0x00, 0x00, 0x31, 0x00, 0x00, 0x00, 0x00, 0x00, 0xbf, 0xff, 0xe1, 0x00, 0x00, 0x00,
    0x00, 0x00, 0x00, 0x00, 0x00, 0x00, 0x00, 0x00, 0x02, 0xef, 0xff, 0x80, 0x00, 0x00, 0x00, 0x00,
    0x00, 0x00, 0x00, 0x00, 0x00, 0x00, 0x00, 0x07, 0xff, 0xfe, 0x10, 0x00, 0x00, 0x00, 0x00, 0x00,
    0x04, 0x9c, 0xef, 0xed, 0xa5, 0x00, 0x0d, 0xff, 0xf8, 0x00, 0x00, 0x00, 0x00, 0x00, 0x5d, 0xff,
    0xff, 0xff, 0xff, 0xfd, 0x50, 0x7f, 0xff, 0xe0, 0x00, 0x00, 0x00, 0x00, 0x9f, 0xff, 0xff, 0xff,
    0xff, 0xff, 0xff, 0x92, 0xff, 0xff, 0x40, 0x00, 0x00, 0x00, 0x9f, 0xff, 0xff, 0xff, 0xff, 0xff,
    0xff, 0xff, 0x9c, 0xff, 0xf9, 0x00, 0x00, 0x00, 0x5f, 0xff, 0xff, 0xfb, 0x63, 0x22, 0x37, 0xdf,
    0xff, 0xdf, 0xff, 0xd0, 0x00, 0x00, 0x0e, 0xff, 0xff, 0xd3, 0x00, 0x00, 0x00, 0x00, 0x6f, 0xff,
    0xff, 0xff, 0x10, 0x00, 0x05, 0xff, 0xff, 0xd2, 0x00, 0x00, 0x00, 0x00, 0x00, 0x5f, 0xff, 0xff,
    0xf3, 0x00, 0x00, 0xaf, 0xff, 0xf5, 0x00, 0x00, 0x00, 0x00, 0x00, 0x00, 0x9f, 0xff, 0xff, 0x50,
    0x00, 0x0d, 0xff, 0xfd, 0x00, 0x00, 0x00, 0x00, 0x00, 0x00, 0x02, 0xff, 0xff, 0xf5, 0x00, 0x00,
    0xff, 0xff, 0xa0, 0x00, 0x00, 0x00, 0x00, 0x00, 0x00, 0x0d, 0xff, 0xff, 0x60, 0x00, 0x1f, 0xff,
    0xf8, 0x00, 0x00, 0x00, 0x00, 0x00, 0x00, 0x00, 0xbf, 0xff, 0xf5, 0x00, 0x01, 0xff, 0xff, 0x90,
    0x00, 0x00, 0x00, 0x00, 0x00, 0x00, 0x0b, 0xff, 0xff, 0x30, 0x00, 0x0e, 0xff, 0xfa, 0x00, 0x00,
    0x00, 0x00, 0x00, 0x00, 0x00, 0xcf, 0xff, 0xf1, 0x00, 0x00, 0xcf, 0xff, 0xe0, 0x00, 0x00, 0x00,
    0x00, 0x00, 0x00, 0x1f, 0xff, 0xfc, 0x00, 0x00, 0x08, 0xff, 0xff, 0x60, 0x00, 0x00, 0x00, 0x00,
    0x00, 0x08, 0xff, 0xff, 0x70, 0x00, 0x00, 0x3f, 0xff, 0xfe, 0x20, 0x00, 0x00, 0x00, 0x00, 0x04,
    0xff, 0xff, 0xe1, 0x00, 0x00, 0x00, 0xbf, 0xff, 0xfe, 0x40, 0x00, 0x00, 0x00, 0x06, 0xef, 0xff,
    0xf7, 0x00, 0x00, 0x00, 0x02, 0xef, 0xff, 0xff, 0xb6, 0x32, 0x23, 0x7c, 0xff, 0xff, 0xfb, 0x00,
    0x00, 0x00, 0x00, 0x05, 0xff, 0xff, 0xff, 0xff, 0xff, 0xff, 0xff, 0xff, 0xfc, 0x10, 0x00, 0x00,
    0x00, 0x00, 0x05, 0xef, 0xff, 0xff, 0xff, 0xff, 0xff, 0xff, 0xfa, 0x10, 0x00, 0x00, 0x00, 0x00,
    0x00, 0x02, 0xaf, 0xff, 0xff, 0xff, 0xff, 0xff, 0xc4, 0x00, 0x00, 0x00, 0x00, 0x00, 0x00, 0x00,
    0x00, 0x27, 0xad, 0xef, 0xed, 0xb8, 0x30, 0x00, 0x00, 0x00, 0x00, 0x00, 0x00, 0x00, 0x00, 0x00,
    0x00, 0x3a, 0xee, 0xb4, 0x00, 0x00, 0x01, 0x99, 0x50, 0x00, 0x00, 0x00, 0x00, 0x00, 0x00, 0x00,
    0x00, 0x3e, 0xff, 0xff, 0xf9, 0x10, 0x00, 0x5f, 0xf6, 0x00, 0x00, 0x00, 0x00, 0x00, 0x00, 0x00,
    0x00, 0x0d, 0xff, 0xfe, 0xff, 0xfc, 0x30, 0x2d, 0xff, 0x30, 0x00, 0x00, 0x00, 0x00, 0x00, 0x00,
    0x00, 0x04, 0xff, 0xc2, 0x03, 0xdf, 0xff, 0xef, 0xff, 0xc0, 0x00, 0x00, 0x00, 0x00, 0x00, 0x00,
    0x00, 0x00, 0x7f, 0xf4, 0x00, 0x01, 0xaf, 0xff, 0xff, 0xe2, 0x00, 0x00, 0x00, 0x00, 0x00, 0x00,
    0x00, 0x00, 0x06, 0xcb, 0x10, 0x00, 0x00, 0x5c, 0xee, 0xa2, 0x00, 0x00, 0x00, 0x00, 0x00, 0x00,
    0x00, 0x00, 0x00, 0x00, 0x00, 0x00, 0x00, 0x00, 0x00, 0x00, 0x00, 0x00, 0x00, 0x00, 0x00, 0x00,
    0x00, 0x00, 0x00, 0x00, 0x00, 0x00, 0x00, 0x00, 0x00, 0x00, 0x00, 0x00, 0x00, 0x00, 0x00, 0x00,
    0x00, 0x00, 0x00, 0x00, 0x00, 0x00, 0x00, 0x00, 0x00, 0x00, 0x00, 0x00, 0x00, 0x00, 0x00, 0x00,
    0x00, 0x00, 0x00, 0x00, 0x00, 0x00, 0x00, 0x00, 0x00, 0x00, 0x00, 0x00, 0x00, 0x00, 0x00, 0x00,
    0x00, 0x00, 0x00, 0x9f, 0xff, 0xc0, 0x00, 0x04, 0x9c, 0xef, 0xfe, 0xb8, 0x30, 0x00, 0x00, 0x00,
    0x00, 0x00, 0x00, 0x09, 0xff, 0xfc, 0x00, 0x5d, 0xff, 0xff, 0xff, 0xff, 0xff, 0xb2, 0x00, 0x00,
    0x00, 0x00, 0x00, 0x00, 0x9f, 0xff, 0xc0, 0xaf, 0xff, 0xff, 0xff, 0xff, 0xff, 0xff, 0xe4, 0x00,
    0x00, 0x00, 0x00, 0x00, 0x09, 0xff, 0xfc, 0xaf, 0xff, 0xff, 0xff, 0xff, 0xff, 0xff, 0xff, 0xf3,
    0x00, 0x00, 0x00, 0x00, 0x00, 0x9f, 0xff, 0xff, 0xff, 0xfb, 0x73, 0x22, 0x37, 0xcf, 0xff, 0xff,
    0xd1, 0x00, 0x00, 0x00, 0x00, 0x09, 0xff, 0xff, 0xff, 0xe4, 0x00, 0x00, 0x00, 0x00, 0x7f, 0xff,
    0xff, 0x60, 0x00, 0x00, 0x00, 0x00, 0x9f, 0xff, 0xff, 0xe2, 0x00, 0x00, 0x00, 0x00, 0x00, 0x8f,
    0xff, 0xfc, 0x00, 0x00, 0x00, 0x00, 0x09, 0xff, 0xff, 0xf4, 0x00, 0x00, 0x00, 0x00, 0x00, 0x00,
    0xdf, 0xff, 0xf2, 0x00, 0x00, 0x00, 0x00, 0x9f, 0xff, 0xfb, 0x00, 0x00, 0x00, 0x00, 0x00, 0x00,
    0x08, 0xff, 0xff, 0x40, 0x00, 0x00, 0x00, 0x09, 0xff, 0xff, 0x60, 0x00, 0x00, 0x00, 0x00, 0x00,
    0x00, 0x4f, 0xff, 0xf6, 0x00, 0x00, 0x00, 0x00, 0x9f, 0xff, 0xf2, 0x00, 0x00, 0x00, 0x00, 0x00,
    0x00, 0x03, 0xff, 0xff, 0x70, 0x00, 0x00, 0x00, 0x09, 0xff, 0xff, 0x10, 0x00, 0x00, 0x00, 0x00,
    0x00, 0x00, 0x2f, 0xff, 0xf8, 0x00, 0x00, 0x00, 0x00, 0x9f, 0xff, 0xf0, 0x00, 0x00, 0x00, 0x00,
    0x00, 0x00, 0x01, 0xff, 0xff, 0x80, 0x00, 0x00, 0x00, 0x09, 0xff, 0xff, 0x00, 0x00, 0x00, 0x00,
    0x00, 0x00, 0x00, 0x1f, 0xff, 0xf8, 0x00, 0x00, 0x00, 0x00, 0x9f, 0xff, 0xf0, 0x00, 0x00, 0x00,
    0x00, 0x00, 0x00, 0x01, 0xff, 0xff, 0x80, 0x00, 0x00, 0x00, 0x09, 0xff, 0xff, 0x00, 0x00, 0x00,
    0x00, 0x00, 0x00, 0x00, 0x1f, 0xff, 0xf8, 0x00, 0x00, 0x00, 0x00, 0x9f, 0xff, 0xf0, 0x00, 0x00,
    0x00, 0x00, 0x00, 0x00, 0x01, 0xff, 0xff, 0x80, 0x00, 0x00, 0x00, 0x09, 0xff, 0xff, 0x00, 0x00,
    0x00, 0x00, 0x00, 0x00, 0x00, 0x1f, 0xff, 0xf8, 0x00, 0x00, 0x00, 0x00, 0x9f, 0xff, 0xf0, 0x00,
    0x00, 0x00, 0x00, 0x00, 0x00, 0x01, 0xff, 0xff, 0x80, 0x00, 0x00, 0x00, 0x09, 0xff, 0xff, 0x00,
    0x00, 0x00, 0x00, 0x00, 0x00, 0x00, 0x1f, 0xff, 0xf8, 0x00, 0x00, 0x00, 0x00, 0x9f, 0xff, 0xf0,
    0x00, 0x00, 0x00, 0x00, 0x00, 0x00, 0x01, 0xff, 0xff, 0x80, 0x00, 0x00, 0x00, 0x09, 0xff, 0xff,
    0x00, 0x00, 0x00, 0x00, 0x00, 0x00, 0x00, 0x1f, 0xff, 0xf8, 0x00, 0x00, 0x00, 0x00, 0x9f, 0xff,
    0xf0, 0x00, 0x00, 0x00, 0x00, 0x00, 0x00, 0x01, 0xff, 0xff, 0x80, 0x00, 0x00, 0x00, 0x09, 0xff,
    0xff, 0x00, 0x00, 0x00, 0x00, 0x00, 0x00, 0x00, 0x1f, 0xff, 0xf8, 0x00, 0x00, 0x00, 0x00, 0x9f,
    0xff, 0xf0, 0x00, 0x00, 0x00, 0x00, 0x00, 0x00, 0x01, 0xff, 0xff, 0x80, 0x00, 0x00, 0x00, 0x09,
    0xff, 0xff, 0x00, 0x00, 0x00, 0x00, 0x00, 0x00, 0x00, 0x1f, 0xff, 0xf8, 0x00, 0x00, 0x00, 0x00,
    0x00, 0x27, 0x88, 0x88, 0x40, 0x00, 0x00, 0x00, 0x00, 0x00, 0x00, 0x00, 0x00, 0x00, 0x00, 0x00,
    0x06, 0xff, 0xff, 0xf5, 0x00, 0x00, 0x00, 0x00, 0x00, 0x00, 0x00, 0x00, 0x00, 0x00, 0x00, 0x00,
    0x3d, 0xff, 0xff, 0x50, 0x00, 0x00, 0x00, 0x00, 0x00, 0x00, 0x00, 0x00, 0x00, 0x00, 0x00, 0x01,
    0xbf, 0xff, 0xf5, 0x00, 0x00, 0x00, 0x00, 0x00, 0x00, 0x00, 0x00, 0x00, 0x00, 0x00, 0x00, 0x09,
    0xff, 0xff, 0x50, 0x00, 0x00, 0x00, 0x00, 0x00, 0x00, 0x00, 0x00, 0x00, 0x00, 0x00, 0x00, 0x6f,
    0xff, 0xf5, 0x00, 0x00, 0x00, 0x00, 0x00, 0x00, 0x00, 0x00, 0x00, 0x00, 0x00, 0x00, 0x03, 0xef,
    0xff, 0x50, 0x00, 0x00, 0x00, 0x00, 0x00, 0x00, 0x00, 0x00, 0x00, 0x00, 0x00, 0x00, 0x00, 0x00,
    0x00, 0x00, 0x00, 0x00, 0x00, 0x00, 0x00, 0x00, 0x00, 0x00, 0x00, 0x00, 0x00, 0x00, 0x00, 0x00,
    0x00, 0x00, 0x00, 0x00, 0x00, 0x00, 0x00, 0x00, 0x00, 0x00, 0x00, 0x00, 0x00, 0x00, 0x00, 0x00,
    0x00, 0x00, 0x00, 0x00, 0x00, 0x00, 0x00, 0x00, 0x00, 0x38, 0xbd, 0xef, 0xec, 0xa6, 0x10, 0x00,
    0x00, 0x00, 0x00, 0x00, 0x00, 0x00, 0x00, 0x5d, 0xff, 0xff, 0xff, 0xff, 0xff, 0xf9, 0x20, 0x00,
    0x00, 0x00, 0x00, 0x00, 0x00, 0x1b, 0xff, 0xff, 0xff, 0xff, 0xff, 0xff, 0xff, 0xe6, 0x00, 0x00,
    0x00, 0x00, 0x00, 0x02, 0xdf, 0xff, 0xff, 0xff, 0xff, 0xff, 0xff, 0xff, 0xff, 0x80, 0x00, 0x00,
    0x00, 0x00, 0x2d, 0xff, 0xff, 0xfd, 0x74, 0x21, 0x35, 0xaf, 0xff, 0xff, 0xf8, 0x00, 0x00, 0x00,
    0x00, 0xbf, 0xff, 0xff, 0x70, 0x00, 0x00, 0x00, 0x02, 0xcf, 0xff, 0xff, 0x40, 0x00, 0x00, 0x06,
    0xff, 0xff, 0xe4, 0x00, 0x00, 0x00, 0x00, 0x00, 0x0a, 0xff, 0xff, 0xd0, 0x00, 0x00, 0x0d, 0xff,
    0xff, 0x60, 0x00, 0x00, 0x00, 0x00, 0x00, 0x01, 0xdf, 0xff, 0xf6, 0x00, 0x00, 0x4f, 0xff, 0xfb,
    0x00, 0x00, 0x00, 0x00, 0x00, 0x00, 0x00, 0x3f, 0xff, 0xfb, 0x00, 0x00, 0x8f, 0xff, 0xf4, 0x00,
    0x00, 0x00, 0x00, 0x00, 0x00, 0x00, 0x0c, 0xff, 0xff, 0x10, 0x00, 0xcf, 0xff, 0xe0, 0x00, 0x00,
    0x00, 0x00, 0x00, 0x00, 0x00, 0x07, 0xff, 0xff, 0x40, 0x00, 0xef, 0xff, 0xc0, 0x00, 0x00, 0x00,
    0x00, 0x00, 0x00, 0x00, 0x04, 0xff, 0xff, 0x60, 0x00, 0xef, 0xff, 0xa0, 0x00, 0x00, 0x00, 0x00,
    0x00, 0x00, 0x00, 0x03, 0xff, 0xff, 0x70, 0x00, 0xef, 0xff, 0xb0, 0x00, 0x00, 0x00, 0x00, 0x00,
    0x00, 0x00, 0x03, 0xff, 0xff, 0x70, 0x00, 0xdf, 0xff, 0xc0, 0x00, 0x00, 0x00, 0x00, 0x00, 0x00,
    0x00, 0x05, 0xff, 0xff, 0x60, 0x00, 0xbf, 0xff, 0xe0, 0x00, 0x00, 0x00, 0x00, 0x00, 0x00, 0x00,
    0x07, 0xff, 0xff, 0x30, 0x00, 0x8f, 0xff, 0xf4, 0x00, 0x00, 0x00, 0x00, 0x00, 0x00, 0x00, 0x0c,
    0xff, 0xff, 0x10, 0x00, 0x4f, 0xff, 0xfb, 0x00, 0x00, 0x00, 0x00, 0x00, 0x00, 0x00, 0x3f, 0xff,
    0xfb, 0x00, 0x00, 0x0d, 0xff, 0xff, 0x60, 0x00, 0x00, 0x00, 0x00, 0x00, 0x01, 0xdf, 0xff, 0xf5,
    0x00, 0x00, 0x05, 0xff, 0xff, 0xf4, 0x00, 0x00, 0x00, 0x00, 0x00, 0x1a, 0xff, 0xff, 0xd0, 0x00,
    0x00, 0x00, 0xbf, 0xff, 0xff, 0x70, 0x00, 0x00, 0x00, 0x02, 0xcf, 0xff, 0xff, 0x40, 0x00, 0x00,
    0x00, 0x1d, 0xff, 0xff, 0xfd, 0x84, 0x21, 0x35, 0xaf, 0xff, 0xff, 0xf7, 0x00, 0x00, 0x00, 0x00,
    0x02, 0xdf, 0xff, 0xff, 0xff, 0xff, 0xff, 0xff, 0xff, 0xff, 0x80, 0x00, 0x00, 0x00, 0x00, 0x00,
    0x1b, 0xff, 0xff, 0xff, 0xff, 0xff, 0xff, 0xff, 0xe5, 0x00, 0x00, 0x00, 0x00, 0x00, 0x00, 0x00,
    0x5c, 0xff, 0xff, 0xff, 0xff, 0xff, 0xf9, 0x20, 0x00, 0x00, 0x00, 0x00, 0x00, 0x00, 0x00, 0x00,
    0x38, 0xbd, 0xef, 0xec, 0xa6, 0x10, 0x00, 0x00, 0x00, 0x00, 0x00, 0x00, 0x00, 0x00, 0x00, 0x00,
    0x00, 0x00, 0x01, 0x78, 0x88, 0x85, 0x00, 0x00, 0x00, 0x00, 0x00, 0x00, 0x00, 0x00, 0x00, 0x00,
    0x00, 0x1c, 0xff, 0xff, 0xb1, 0x00, 0x00, 0x00, 0x00, 0x00, 0x00, 0x00, 0x00, 0x00, 0x00, 0x01,
    0xcf, 0xff, 0xf8, 0x00, 0x00, 0x00, 0x00, 0x00, 0x00, 0x00, 0x00, 0x00, 0x00, 0x00, 0x1c, 0xff,
    0xfe, 0x50, 0x00, 0x00, 0x00, 0x00, 0x00, 0x00, 0x00, 0x00, 0x00, 0x00, 0x01, 0xcf, 0xff, 0xd3,
    0x00, 0x00, 0x00, 0x00, 0x00, 0x00, 0x00, 0x00, 0x00, 0x00, 0x00, 0x1c, 0xff, 0xfb, 0x10, 0x00,
    0x00, 0x00, 0x00, 0x00, 0x00, 0x00, 0x00, 0x00, 0x00, 0x01, 0xcf, 0xff, 0x80, 0x00, 0x00, 0x00,
    0x00, 0x00, 0x00, 0x00, 0x00, 0x00, 0x00, 0x00, 0x00, 0x00, 0x00, 0x00, 0x00, 0x00, 0x00, 0x00,
    0x00, 0x00, 0x00, 0x00, 0x00, 0x00, 0x00, 0x00, 0x00, 0x00, 0x00, 0x00, 0x00, 0x00, 0x00, 0x00,
    0x00, 0x00, 0x00, 0x00, 0x00, 0x00, 0x00, 0x00, 0x00, 0x00, 0x00, 0x00, 0x00, 0x00, 0x00, 0x00,
    0x00, 0x00, 0x00, 0x00, 0x00, 0x38, 0xbd, 0xef, 0xec, 0xa6, 0x10, 0x00, 0x00, 0x00, 0x00, 0x00,
    0x00, 0x00, 0x00, 0x5d, 0xff, 0xff, 0xff, 0xff, 0xff, 0xf9, 0x20, 0x00, 0x00, 0x00, 0x00, 0x00,
    0x00, 0x1b, 0xff, 0xff, 0xff, 0xff, 0xff, 0xff, 0xff, 0xe6, 0x00, 0x00, 0x00, 0x00, 0x00, 0x02,
    0xdf, 0xff, 0xff, 0xff, 0xff, 0xff, 0xff, 0xff, 0xff, 0x80, 0x00, 0x00, 0x00, 0x00, 0x2d, 0xff,
    0xff, 0xfd, 0x74, 0x21, 0x35, 0xaf, 0xff, 0xff, 0xf8, 0x00, 0x00, 0x00, 0x00, 0xbf, 0xff, 0xff,
    0x70, 0x00, 0x00, 0x00, 0x02, 0xcf, 0xff, 0xff, 0x40, 0x00, 0x00, 0x06, 0xff, 0xff, 0xe4, 0x00,
    0x00, 0x00, 0x00, 0x00, 0x0a, 0xff, 0xff, 0xd0, 0x00, 0x00, 0x0d, 0xff, 0xff, 0x60, 0x00, 0x00,
    0x00, 0x00, 0x00, 0x01, 0xdf, 0xff, 0xf6, 0x00, 0x00, 0x4f, 0xff, 0xfb, 0x00, 0x00, 0x00, 0x00,
    0x00, 0x00, 0x00, 0x3f, 0xff, 0xfb, 0x00, 0x00, 0x8f, 0xff, 0xf4, 0x00, 0x00, 0x00, 0x00, 0x00,
    0x00, 0x00, 0x0c, 0xff, 0xff, 0x10, 0x00, 0xcf, 0xff, 0xe0, 0x00, 0x00, 0x00, 0x00, 0x00, 0x00,
    0x00, 0x07, 0xff, 0xff, 0x40, 0x00, 0xef, 0xff, 0xc0, 0x00, 0x00, 0x00, 0x00, 0x00, 0x00, 0x00,
    0x04, 0xff, 0xff, 0x60, 0x00, 0xef, 0xff, 0xa0, 0x00, 0x00, 0x00, 0x00, 0x00, 0x00, 0x00, 0x03,
    0xff, 0xff, 0x70, 0x00, 0xef, 0xff, 0xb0, 0x00, 0x00, 0x00, 0x00, 0x00, 0x00, 0x00, 0x03, 0xff,
    0xff, 0x70, 0x00, 0xdf, 0xff, 0xc0, 0x00, 0x00, 0x00, 0x00, 0x00, 0x00, 0x00, 0x05, 0xff, 0xff,
    0x60, 0x00, 0xbf, 0xff, 0xe0, 0x00, 0x00, 0x00, 0x00, 0x00, 0x00, 0x00, 0x07, 0xff, 0xff, 0x30,
    0x00, 0x8f, 0xff, 0xf4, 0x00, 0x00, 0x00, 0x00, 0x00, 0x00, 0x00, 0x0c, 0xff, 0xff, 0x10, 0x00,
    0x4f, 0xff, 0xfb, 0x00, 0x00, 0x00, 0x00, 0x00, 0x00, 0x00, 0x3f, 0xff, 0xfb, 0x00, 0x00, 0x0d,
    0xff, 0xff, 0x60, 0x00, 0x00, 0x00, 0x00, 0x00, 0x01, 0xdf, 0xff, 0xf5, 0x00, 0x00, 0x05, 0xff,
    0xff, 0xf4, 0x00, 0x00, 0x00, 0x00, 0x00, 0x1a, 0xff, 0xff, 0xd0, 0x00, 0x00, 0x00, 0xbf, 0xff,
    0xff, 0x70, 0x00, 0x00, 0x00, 0x02, 0xcf, 0xff, 0xff, 0x40, 0x00, 0x00, 0x00, 0x1d, 0xff, 0xff,
    0xfd, 0x84, 0x21, 0x35, 0xaf, 0xff, 0xff, 0xf7, 0x00, 0x00, 0x00, 0x00, 0x02, 0xdf, 0xff, 0xff,
    0xff, 0xff, 0xff, 0xff, 0xff, 0xff, 0x80, 0x00, 0x00, 0x00, 0x00, 0x00, 0x1b, 0xff, 0xff, 0xff,
    0xff, 0xff, 0xff, 0xff, 0xe5, 0x00, 0x00, 0x00, 0x00, 0x00, 0x00, 0x00, 0x5c, 0xff, 0xff, 0xff,
    0xff, 0xff, 0xf9, 0x20, 0x00, 0x00, 0x00, 0x00, 0x00, 0x00, 0x00, 0x00, 0x38, 0xbd, 0xef, 0xec,
    0xa6, 0x10, 0x00, 0x00, 0x00, 0x00, 0x00, 0x00, 0x00, 0x00, 0x00, 0x00, 0x28, 0x88, 0x85, 0x00,
    0x00, 0x00, 0x00, 0x00, 0x00, 0x00, 0x00, 0x00, 0x00, 0x00, 0x02, 0xdf, 0xff, 0xff, 0x60, 0x00,
    0x00, 0x00, 0x00, 0x00, 0x00, 0x00, 0x00, 0x00, 0x00, 0x2d, 0xff, 0xff, 0xff, 0xf6, 0x00, 0x00,
    0x00, 0x00, 0x00, 0x00, 0x00, 0x00, 0x00, 0x01, 0xdf, 0xff, 0xc7, 0xff, 0xff, 0x60, 0x00, 0x00,
    0x00, 0x00, 0x00, 0x00, 0x00, 0x00, 0x1d, 0xff, 0xfa, 0x10, 0x5e, 0xff, 0xf5, 0x00, 0x00, 0x00,
    0x00, 0x00, 0x00, 0x00, 0x01, 0xcf, 0xff, 0x80, 0x00, 0x03, 0xef, 0xff, 0x50, 0x00, 0x00, 0x00,
    0x00, 0x00, 0x00, 0x1c, 0xff, 0xf6, 0x00, 0x00, 0x00, 0x2d, 0xff, 0xf5, 0x00, 0x00, 0x00, 0x00,
    0x00, 0x00, 0x00, 0x00, 0x00, 0x00, 0x00, 0x00, 0x00, 0x00, 0x00, 0x00, 0x00, 0x00, 0x00, 0x00,
    0x00, 0x00, 0x00, 0x00, 0x00, 0x00, 0x00, 0x00, 0x00, 0x00, 0x00, 0x00, 0x00, 0x00, 0x00, 0x00,
    0x00, 0x00, 0x00, 0x00, 0x00, 0x00, 0x00, 0x00, 0x00, 0x00, 0x00, 0x00, 0x00, 0x00, 0x00, 0x00,
    0x00, 0x38, 0xbd, 0xef, 0xec, 0xa6, 0x10, 0x00, 0x00, 0x00, 0x00, 0x00, 0x00, 0x00, 0x00, 0x5d,
    0xff, 0xff, 0xff, 0xff, 0xff, 0xf9, 0x20, 0x00, 0x00, 0x00, 0x00, 0x00, 0x00, 0x1b, 0xff, 0xff,
    0xff, 0xff, 0xff, 0xff, 0xff, 0xe6, 0x00, 0x00, 0x00, 0x00, 0x00, 0x02, 0xdf, 0xff, 0xff, 0xff,
    0xff, 0xff, 0xff, 0xff, 0xff, 0x80, 0x00, 0x00, 0x00, 0x00, 0x2d, 0xff, 0xff, 0xfd, 0x74, 0x21,
    0x35, 0xaf, 0xff, 0xff, 0xf8, 0x00, 0x00, 0x00, 0x00, 0xbf, 0xff, 0xff, 0x70, 0x00, 0x00, 0x00,
    0x02, 0xcf, 0xff, 0xff, 0x40, 0x00, 0x00, 0x06, 0xff, 0xff, 0xe4, 0x00, 0x00, 0x00, 0x00, 0x00,
    0x0a, 0xff, 0xff, 0xd0, 0x00, 0x00, 0x0d, 0xff, 0xff, 0x60, 0x00, 0x00, 0x00, 0x00, 0x00, 0x01,
    0xdf, 0xff, 0xf6, 0x00, 0x00, 0x4f, 0xff, 0xfb, 0x00, 0x00, 0x00, 0x00, 0x00, 0x00, 0x00, 0x3f,
    0xff, 0xfb, 0x00, 0x00, 0x8f, 0xff, 0xf4, 0x00, 0x00, 0x00, 0x00, 0x00, 0x00, 0x00, 0x0c, 0xff,
    0xff, 0x10, 0x00, 0xcf, 0xff, 0xe0, 0x00, 0x00, 0x00, 0x00, 0x00, 0x00, 0x00, 0x07, 0xff, 0xff,
    0x40, 0x00, 0xef, 0xff, 0xc0, 0x00, 0x00, 0x00, 0x00, 0x00, 0x00, 0x00, 0x04, 0xff, 0xff, 0x60,
    0x00, 0xef, 0xff, 0xa0, 0x00, 0x00, 0x00, 0x00, 0x00, 0x00, 0x00, 0x03, 0xff, 0xff, 0x70, 0x00,
    0xef, 0xff, 0xb0, 0x00, 0x00, 0x00, 0x00, 0x00, 0x00, 0x00, 0x03, 0xff, 0xff, 0x70, 0x00, 0xdf,
    0xff, 0xc0, 0x00, 0x00, 0x00, 0x00, 0x00, 0x00, 0x00, 0x05, 0xff, 0xff, 0x60, 0x00, 0xbf, 0xff,
    0xe0, 0x00, 0x00, 0x00, 0x00, 0x00, 0x00, 0x00, 0x07, 0xff, 0xff, 0x30, 0x00, 0x8f, 0xff, 0xf4,
    0x00, 0x00, 0x00, 0x00, 0x00, 0x00, 0x00, 0x0c, 0xff, 0xff, 0x10, 0x00, 0x4f, 0xff, 0xfb, 0x00,
    0x00, 0x00, 0x00, 0x00, 0x00, 0x00, 0x3f, 0xff, 0xfb, 0x00, 0x00, 0x0d, 0xff, 0xff, 0x60, 0x00,
    0x00, 0x00, 0x00, 0x00, 0x01, 0xdf, 0xff, 0xf5, 0x00, 0x00, 0x05, 0xff, 0xff, 0xf4, 0x00, 0x00,
    0x00, 0x00, 0x00, 0x1a, 0xff, 0xff, 0xd0, 0x00, 0x00, 0x00, 0xbf, 0xff, 0xff, 0x70, 0x00, 0x00,
    0x00, 0x02, 0xcf, 0xff, 0xff, 0x40, 0x00, 0x00, 0x00, 0x1d, 0xff, 0xff, 0xfd, 0x84, 0x21, 0x35,
    0xaf, 0xff, 0xff, 0xf7, 0x00, 0x00, 0x00, 0x00, 0x02, 0xdf, 0xff, 0xff, 0xff, 0xff, 0xff, 0xff,
    0xff, 0xff, 0x80, 0x00, 0x00, 0x00, 0x00, 0x00, 0x1b, 0xff, 0xff, 0xff, 0xff, 0xff, 0xff, 0xff,
    0xe5, 0x00, 0x00, 0x00, 0x00, 0x00, 0x00, 0x00, 0x5c, 0xff, 0xff, 0xff, 0xff, 0xff, 0xf9, 0x20,
    0x00, 0x00, 0x00, 0x00, 0x00, 0x00, 0x00, 0x00, 0x38, 0xbd, 0xef, 0xec, 0xa6, 0x10, 0x00, 0x00,
    0x00, 0x00, 0x00, 0x00, 0x00, 0x00, 0x05, 0xce, 0xea, 0x20, 0x00, 0x00, 0x49, 0x92, 0x00, 0x00,
    0x00, 0x00, 0x00, 0x00, 0x00, 0x6f, 0xff, 0xff, 0xf7, 0x00, 0x00, 0x9f, 0xf3, 0x00, 0x00, 0x00,
    0x00, 0x00, 0x00, 0x02, 0xff, 0xff, 0xef, 0xff, 0xa1, 0x04, 0xff, 0xe0, 0x00, 0x00, 0x00, 0x00,
    0x00, 0x00, 0x07, 0xff, 0xa1, 0x05, 0xef, 0xff, 0xef, 0xff, 0x80, 0x00, 0x00, 0x00, 0x00, 0x00,
    0x00, 0x0b, 0xff, 0x10, 0x00, 0x3c, 0xff, 0xff, 0xfc, 0x10, 0x00, 0x00, 0x00, 0x00, 0x00, 0x00,
    0x09, 0xc9, 0x00, 0x00, 0x00, 0x7d, 0xfd, 0x81, 0x00, 0x00, 0x00, 0x00, 0x00, 0x00, 0x00, 0x00,
    0x00, 0x00, 0x00, 0x00, 0x00, 0x00, 0x00, 0x00, 0x00, 0x00, 0x00, 0x00, 0x00, 0x00, 0x00, 0x00,
    0x00, 0x00, 0x00, 0x00, 0x00, 0x00, 0x00, 0x00, 0x00, 0x00, 0x00, 0x00, 0x00, 0x00, 0x00, 0x00,
    0x00, 0x00, 0x00, 0x00, 0x00, 0x00, 0x00, 0x00, 0x00, 0x00, 0x00, 0x00, 0x00, 0x00, 0x00, 0x00,
    0x00, 0x00, 0x00, 0x00, 0x00, 0x00, 0x00, 0x00, 0x00, 0x00, 0x00, 0x00, 0x00, 0x38, 0xbd, 0xef,
    0xec, 0xa6, 0x10, 0x00, 0x00, 0x00, 0x00, 0x00, 0x00, 0x00, 0x00, 0x5d, 0xff, 0xff, 0xff, 0xff,
    0xff, 0xf9, 0x20, 0x00, 0x00, 0x00, 0x00, 0x00, 0x00, 0x1b, 0xff, 0xff, 0xff, 0xff, 0xff, 0xff,
    0xff, 0xe6, 0x00, 0x00, 0x00, 0x00, 0x00, 0x02, 0xdf, 0xff, 0xff, 0xff, 0xff, 0xff, 0xff, 0xff,
    0xff, 0x80, 0x00, 0x00, 0x00, 0x00, 0x2d, 0xff, 0xff, 0xfd, 0x74, 0x21, 0x35, 0xaf, 0xff, 0xff,
    0xf8, 0x00, 0x00, 0x00, 0x00, 0xbf, 0xff, 0xff, 0x70, 0x00, 0x00, 0x00, 0x02, 0xcf, 0xff, 0xff,
    0x40, 0x00, 0x00, 0x06, 0xff, 0xff, 0xe4, 0x00, 0x00, 0x00, 0x00, 0x00, 0x0a, 0xff, 0xff, 0xd0,
    0x00, 0x00, 0x0d, 0xff, 0xff, 0x60, 0x00, 0x00, 0x00, 0x00, 0x00, 0x01, 0xdf, 0xff, 0xf6, 0x00,
    0x00, 0x4f, 0xff, 0xfb, 0x00, 0x00, 0x00, 0x00, 0x00, 0x00, 0x00, 0x3f, 0xff, 0xfb, 0x00, 0x00,
    0x8f, 0xff, 0xf4, 0x00, 0x00, 0x00, 0x00, 0x00, 0x00, 0x00, 0x0c, 0xff, 0xff, 0x10, 0x00, 0xcf,
    0xff, 0xe0, 0x00, 0x00, 0x00, 0x00, 0x00, 0x00, 0x00, 0x07, 0xff, 0xff, 0x40, 0x00, 0xef, 0xff,
    0xc0, 0x00, 0x00, 0x00, 0x00, 0x00, 0x00, 0x00, 0x04, 0xff, 0xff, 0x60, 0x00, 0xef, 0xff, 0xa0,
    0x00, 0x00, 0x00, 0x00, 0x00, 0x00, 0x00, 0x03, 0xff, 0xff, 0x70, 0x00, 0xef, 0xff, 0xb0, 0x00,
    0x00, 0x00, 0x00, 0x00, 0x00, 0x00, 0x03, 0xff, 0xff, 0x70, 0x00, 0xdf, 0xff, 0xc0, 0x00, 0x00,
    0x00, 0x00, 0x00, 0x00, 0x00, 0x05, 0xff, 0xff, 0x60, 0x00, 0xbf, 0xff, 0xe0, 0x00, 0x00, 0x00,
    0x00, 0x00, 0x00, 0x00, 0x07, 0xff, 0xff, 0x30, 0x00, 0x8f, 0xff, 0xf4, 0x00, 0x00, 0x00, 0x00,
    0x00, 0x00, 0x00, 0x0c, 0xff, 0xff, 0x10, 0x00, 0x4f, 0xff, 0xfb, 0x00, 0x00, 0x00, 0x00, 0x00,
    0x00, 0x00, 0x3f, 0xff, 0xfb, 0x00, 0x00, 0x0d, 0xff, 0xff, 0x60, 0x00, 0x00, 0x00, 0x00, 0x00,
    0x01, 0xdf, 0xff, 0xf5, 0x00, 0x00, 0x05, 0xff, 0xff, 0xf4, 0x00, 0x00, 0x00, 0x00, 0x00, 0x1a,
    0xff, 0xff, 0xd0, 0x00, 0x00, 0x00, 0xbf, 0xff, 0xff, 0x70, 0x00, 0x00, 0x00, 0x02, 0xcf, 0xff,
    0xff, 0x40, 0x00, 0x00, 0x00, 0x1d, 0xff, 0xff, 0xfd, 0x84, 0x21, 0x35, 0xaf, 0xff, 0xff, 0xf7,
    0x00, 0x00, 0x00, 0x00, 0x02, 0xdf, 0xff, 0xff, 0xff, 0xff, 0xff, 0xff, 0xff, 0xff, 0x80, 0x00,
    0x00, 0x00, 0x00, 0x00, 0x1b, 0xff, 0xff, 0xff, 0xff, 0xff, 0xff, 0xff, 0xe5, 0x00, 0x00, 0x00,
    0x00, 0x00, 0x00, 0x00, 0x5c, 0xff, 0xff, 0xff, 0xff, 0xff, 0xf9, 0x20, 0x00, 0x00, 0x00, 0x00,
    0x00, 0x00, 0x00, 0x00, 0x38, 0xbd, 0xef, 0xec, 0xa6, 0x10, 0x00, 0x00, 0x00, 0x00, 0x00, 0x00,
    0x00, 0x00, 0x09, 0xed, 0x40, 0x00, 0x01, 0xae, 0xc3, 0x00, 0x00, 0x00, 0x00, 0x00, 0x00, 0x00,
    0x00, 0x7f, 0xff, 0xe0, 0x00, 0x08, 0xff, 0xfd, 0x00, 0x00, 0x00, 0x00, 0x00, 0x00, 0x00, 0x00,
    0xaf, 0xff, 0xf2, 0x00, 0x0b, 0xff, 0xff, 0x10, 0x00, 0x00, 0x00, 0x00, 0x00, 0x00, 0x00, 0x7f,
    0xff, 0xe0, 0x00, 0x08, 0xff, 0xfd, 0x00, 0x00, 0x00, 0x00, 0x00, 0x00, 0x00, 0x00, 0x09, 0xed,
    0x40, 0x00, 0x01, 0xae, 0xc3, 0x00, 0x00, 0x00, 0x00, 0x00, 0x00, 0x00, 0x00, 0x00, 0x00, 0x00,
    0x00, 0x00, 0x00, 0x00, 0x00, 0x00, 0x00, 0x00, 0x00, 0x00, 0x00, 0x00, 0x00, 0x00, 0x00, 0x00,
    0x00, 0x00, 0x00, 0x00, 0x00, 0x00, 0x00, 0x00, 0x00, 0x00, 0x00, 0x00, 0x00, 0x00, 0x00, 0x00,
    0x00, 0x00, 0x00, 0x00, 0x00, 0x00, 0x00, 0x00, 0x00, 0x00, 0x00, 0x00, 0x00, 0x00, 0x00, 0x00,
    0x00, 0x00, 0x00, 0x00, 0x00, 0x00, 0x00, 0x00, 0x00, 0x00, 0x38, 0xbd, 0xef, 0xec, 0xa6, 0x10,
    0x00, 0x00, 0x00, 0x00, 0x00, 0x00, 0x00, 0x00, 0x5d, 0xff, 0xff, 0xff, 0xff, 0xff, 0xf9, 0x20,
    0x00, 0x00, 0x00, 0x00, 0x00, 0x00, 0x1b, 0xff, 0xff, 0xff, 0xff, 0xff, 0xff, 0xff, 0xe6, 0x00,
    0x00, 0x00, 0x00, 0x00, 0x02, 0xdf, 0xff, 0xff, 0xff, 0xff, 0xff, 0xff, 0xff, 0xff, 0x80, 0x00,
    0x00, 0x00, 0x00, 0x2d, 0xff, 0xff, 0xfd, 0x74, 0x21, 0x35, 0xaf, 0xff, 0xff, 0xf8, 0x00, 0x00,
    0x00, 0x00, 0xbf, 0xff, 0xff, 0x70, 0x00, 0x00, 0x00, 0x02, 0xcf, 0xff, 0xff, 0x40, 0x00, 0x00,
    0x06, 0xff, 0xff, 0xe4, 0x00, 0x00, 0x00, 0x00, 0x00, 0x0a, 0xff, 0xff, 0xd0, 0x00, 0x00, 0x0d,
    0xff, 0xff, 0x60, 0x00, 0x00, 0x00, 0x00, 0x00, 0x01, 0xdf, 0xff, 0xf6, 0x00, 0x00, 0x4f, 0xff,
    0xfb, 0x00, 0x00, 0x00, 0x00, 0x00, 0x00, 0x00, 0x3f, 0xff, 0xfb, 0x00, 0x00, 0x8f, 0xff, 0xf4,
    0x00, 0x00, 0x00, 0x00, 0x00, 0x00, 0x00, 0x0c, 0xff, 0xff, 0x10, 0x00, 0xcf, 0xff, 0xe0, 0x00,
    0x00, 0x00, 0x00, 0x00, 0x00, 0x00, 0x07, 0xff, 0xff, 0x40, 0x00, 0xef, 0xff, 0xc0, 0x00, 0x00,
    0x00, 0x00, 0x00, 0x00, 0x00, 0x04, 0xff, 0xff, 0x60, 0x00, 0xef, 0xff, 0xa0, 0x00, 0x00, 0x00,
    0x00, 0x00, 0x00, 0x00, 0x03, 0xff, 0xff, 0x70, 0x00, 0xef, 0xff, 0xb0, 0x00, 0x00, 0x00, 0x00,
    0x00, 0x00, 0x00, 0x03, 0xff, 0xff, 0x70, 0x00, 0xdf, 0xff, 0xc0, 0x00, 0x00, 0x00, 0x00, 0x00,
    0x00, 0x00, 0x05, 0xff, 0xff, 0x60, 0x00, 0xbf, 0xff, 0xe0, 0x00, 0x00, 0x00, 0x00, 0x00, 0x00,
    0x00, 0x07, 0xff, 0xff, 0x30, 0x00, 0x8f, 0xff, 0xf4, 0x00, 0x00, 0x00, 0x00, 0x00, 0x00, 0x00,
    0x0c, 0xff, 0xff, 0x10, 0x00, 0x4f, 0xff, 0xfb, 0x00, 0x00, 0x00, 0x00, 0x00, 0x00, 0x00, 0x3f,
    0xff, 0xfb, 0x00, 0x00, 0x0d, 0xff, 0xff, 0x60, 0x00, 0x00, 0x00, 0x00, 0x00, 0x01, 0xdf, 0xff,
    0xf5, 0x00, 0x00, 0x05, 0xff, 0xff, 0xf4, 0x00, 0x00, 0x00, 0x00, 0x00, 0x1a, 0xff, 0xff, 0xd0,
    0x00, 0x00, 0x00, 0xbf, 0xff, 0xff, 0x70, 0x00, 0x00, 0x00, 0x02, 0xcf, 0xff, 0xff, 0x40, 0x00,
    0x00, 0x00, 0x1d, 0xff, 0xff, 0xfd, 0x84, 0x21, 0x35, 0xaf, 0xff, 0xff, 0xf7, 0x00, 0x00, 0x00,
    0x00, 0x02, 0xdf, 0xff, 0xff, 0xff, 0xff, 0xff, 0xff, 0xff, 0xff, 0x80, 0x00, 0x00, 0x00, 0x00,
    0x00, 0x1b, 0xff, 0xff, 0xff, 0xff, 0xff, 0xff, 0xff, 0xe5, 0x00, 0x00, 0x00, 0x00, 0x00, 0x00,
    0x00, 0x5c, 0xff, 0xff, 0xff, 0xff, 0xff, 0xf9, 0x20, 0x00, 0x00, 0x00, 0x00, 0x00, 0x00, 0x00,
    0x00, 0x38, 0xbd, 0xef, 0xec, 0xa6, 0x10, 0x00, 0x00, 0x00, 0x00, 0x00, 0x00, 0x00, 0x00, 0x00,
    0x00, 0x7e, 0xd7, 0x00, 0x00, 0x00, 0x00, 0x00, 0x00, 0x00, 0x00, 0x00, 0x00, 0x00, 0x06, 0xff,
    0xff, 0x50, 0x00, 0x00, 0x00, 0x00, 0x00, 0x00, 0x00, 0x00, 0x00, 0x00, 0x0a, 0xff, 0xff, 0xa0,
    0x00, 0x00, 0x00, 0x00, 0x00, 0x00, 0x00, 0x00, 0x00, 0x00, 0x0a, 0xff, 0xff, 0xa0, 0x00, 0x00,
    0x00, 0x00, 0x00, 0x00, 0x00, 0x00, 0x00, 0x00, 0x06, 0xff, 0xff, 0x50, 0x00, 0x00, 0x00, 0x00,
    0x00, 0x00, 0x00, 0x00, 0x00, 0x00, 0x00, 0x7e, 0xd7, 0x00, 0x00, 0x00, 0x00, 0x00, 0x00, 0x00,
    0x00, 0x00, 0x00, 0x00, 0x00, 0x00, 0x00, 0x00, 0x00, 0x00, 0x00, 0x00, 0x00, 0x00, 0x00, 0x00,
    0x00, 0x00, 0x00, 0x00, 0x00, 0x00, 0x00, 0x00, 0x00, 0x00, 0x00, 0x00, 0x00, 0x00, 0x00, 0x00,
    0x00, 0x00, 0x00, 0x00, 0x00, 0x00, 0x00, 0x00, 0x00, 0x00, 0x00, 0x00, 0x00, 0x00, 0x00, 0x00,
    0x00, 0x00, 0x00, 0x00, 0x00, 0x00, 0x00, 0x00, 0x00, 0x00, 0x00, 0x00, 0x00, 0x00, 0x00, 0x00,
    0x00, 0x00, 0x00, 0x00, 0x00, 0x00, 0x0c, 0xff, 0xff, 0xff, 0xff, 0xff, 0xff, 0xff, 0xff, 0xff,
    0xff, 0xb0, 0x00, 0x00, 0x0c, 0xff, 0xff, 0xff, 0xff, 0xff, 0xff, 0xff, 0xff, 0xff, 0xff, 0xb0,
    0x00, 0x00, 0x0c, 0xff, 0xff, 0xff, 0xff, 0xff, 0xff, 0xff, 0xff, 0xff, 0xff, 0xb0, 0x00, 0x00,
    0x0c, 0xff, 0xff, 0xff, 0xff, 0xff, 0xff, 0xff, 0xff, 0xff, 0xff, 0xb0, 0x00, 0x00, 0x01, 0x11,
    0x11, 0x11, 0x11, 0x11, 0x11, 0x11, 0x11, 0x11, 0x11, 0x10, 0x00, 0x00, 0x00, 0x00, 0x00, 0x00,
    0x00, 0x00, 0x00, 0x00, 0x00, 0x00, 0x00, 0x00, 0x00, 0x00, 0x00, 0x00, 0x00, 0x00, 0x00, 0x00,
    0x00, 0x00, 0x00, 0x00, 0x00, 0x00, 0x00, 0x00, 0x00, 0x00, 0x00, 0x00, 0x00, 0x00, 0x00, 0x00,
    0x00, 0x00, 0x00, 0x00, 0x00, 0x00, 0x00, 0x00, 0x00, 0x00, 0x00, 0x8e, 0xd7, 0x00, 0x00, 0x00,
    0x00, 0x00, 0x00, 0x00, 0x00, 0x00, 0x00, 0x00, 0x06, 0xff, 0xff, 0x50, 0x00, 0x00, 0x00, 0x00,
    0x00, 0x00, 0x00, 0x00, 0x00, 0x00, 0x0a, 0xff, 0xff, 0xa0, 0x00, 0x00, 0x00, 0x00, 0x00, 0x00,
    0x00, 0x00, 0x00, 0x00, 0x0a, 0xff, 0xff, 0xa0, 0x00, 0x00, 0x00, 0x00, 0x00, 0x00, 0x00, 0x00,
    0x00, 0x00, 0x05, 0xff, 0xff, 0x50, 0x00, 0x00, 0x00, 0x00, 0x00, 0x00, 0x00, 0x00, 0x00, 0x00,
    0x00, 0x7e, 0xd7, 0x00, 0x00, 0x00, 0x00, 0x00, 0x00, 0x00, 0x00, 0x00, 0x00, 0x00, 0x00, 0x00,
    0x00, 0x00, 0x00, 0x00, 0x00, 0x00, 0x00, 0x00, 0x00, 0x00, 0x00, 0x00, 0x00, 0x00, 0x00, 0x00,
    0x00, 0x00, 0x00, 0x00, 0x00, 0x00, 0x00, 0x00, 0x00, 0x00, 0x00, 0x00, 0x00, 0x00, 0x00, 0x00,
    0x00, 0x00, 0x00, 0x00, 0x00, 0x00, 0x00, 0x00, 0x00, 0x00, 0x00, 0x00, 0x00, 0x00, 0x00, 0x00,
    0x00, 0x00, 0x00, 0x00, 0x00, 0x00, 0x00, 0x00, 0x00, 0x00, 0x00, 0x00, 0x00, 0x00, 0x00, 0x00,
    0x00, 0x00, 0x00, 0x00, 0x00, 0x00, 0x00, 0x00, 0x00, 0x03, 0x88, 0x70, 0x00, 0x00, 0x00, 0x00,
    0x00, 0x00, 0x00, 0x00, 0x00, 0x00, 0x00, 0x00, 0x0c, 0xff, 0x90, 0x00, 0x00, 0x00, 0x00, 0x00,
    0x00, 0x00, 0x00, 0x00, 0x00, 0x00, 0x00, 0x5f, 0xff, 0x20, 0x00, 0x00, 0x00, 0x00, 0x00, 0x00,
    0x00, 0x38, 0xbd, 0xef, 0xec, 0xa6, 0xef, 0xf8, 0x00, 0x00, 0x00, 0x00, 0x00, 0x00, 0x00, 0x5d,
    0xff, 0xff, 0xff, 0xff, 0xff, 0xff, 0xf1, 0x00, 0x00, 0x00, 0x00, 0x00, 0x00, 0x1b, 0xff, 0xff,
    0xff, 0xff, 0xff, 0xff, 0xff, 0xf6, 0x00, 0x00, 0x00, 0x00, 0x00, 0x02, 0xdf, 0xff, 0xff, 0xff,
    0xff, 0xff, 0xff, 0xff, 0xff, 0x80, 0x00, 0x00, 0x00, 0x00, 0x2d, 0xff, 0xff, 0xfd, 0x74, 0x21,
    0x36, 0xff, 0xff, 0xff, 0xf8, 0x00, 0x00, 0x00, 0x00, 0xbf, 0xff, 0xff, 0x70, 0x00, 0x00, 0x06,
    0xff, 0xff, 0xff, 0xff, 0x40, 0x00, 0x00, 0x06, 0xff, 0xff, 0xe4, 0x00, 0x00, 0x00, 0x1e, 0xff,
    0x7a, 0xff, 0xff, 0xd0, 0x00, 0x00, 0x0d, 0xff, 0xff, 0x60, 0x00, 0x00, 0x00, 0x7f, 0xfe, 0x11,
    0xdf, 0xff, 0xf6, 0x00, 0x00, 0x4f, 0xff, 0xfb, 0x00, 0x00, 0x00, 0x01, 0xef, 0xf7, 0x00, 0x3f,
    0xff, 0xfb, 0x00, 0x00, 0x8f, 0xff, 0xf4, 0x00, 0x00, 0x00, 0x07, 0xff, 0xd0, 0x00, 0x0c, 0xff,
    0xff, 0x10, 0x00, 0xcf, 0xff, 0xe0, 0x00, 0x00, 0x00, 0x1e, 0xff, 0x60, 0x00, 0x07, 0xff, 0xff,
    0x40, 0x00, 0xef, 0xff, 0xc0, 0x00, 0x00, 0x00, 0x8f, 0xfd, 0x00, 0x00, 0x04, 0xff, 0xff, 0x60,
    0x00, 0xef, 0xff, 0xa0, 0x00, 0x00, 0x01, 0xef, 0xf6, 0x00, 0x00, 0x03, 0xff, 0xff, 0x70, 0x00,
    0xef, 0xff, 0xb0, 0x00, 0x00, 0x08, 0xff, 0xd0, 0x00, 0x00, 0x03, 0xff, 0xff, 0x70, 0x00, 0xdf,
    0xff, 0xc0, 0x00, 0x00, 0x2f, 0xff, 0x50, 0x00, 0x00, 0x05, 0xff, 0xff, 0x60, 0x00, 0xbf, 0xff,
    0xe0, 0x00, 0x00, 0x9f, 0xfc, 0x00, 0x00, 0x00, 0x07, 0xff, 0xff, 0x30, 0x00, 0x8f, 0xff, 0xf4,
    0x00, 0x02, 0xff, 0xf5, 0x00, 0x00, 0x00, 0x0c, 0xff, 0xff, 0x10, 0x00, 0x4f, 0xff, 0xfb, 0x00,
    0x09, 0xff, 0xc0, 0x00, 0x00, 0x00, 0x3f, 0xff, 0xfb, 0x00, 0x00, 0x0d, 0xff, 0xff, 0x60, 0x2f,
    0xff, 0x40, 0x00, 0x00, 0x01, 0xdf, 0xff, 0xf5, 0x00, 0x00, 0x05, 0xff, 0xff, 0xf4, 0xaf, 0xfc,
    0x00, 0x00, 0x00, 0x1a, 0xff, 0xff, 0xd0, 0x00, 0x00, 0x00, 0xbf, 0xff, 0xff, 0xff, 0xf4, 0x00,
    0x00, 0x02, 0xcf, 0xff, 0xff, 0x40, 0x00, 0x00, 0x00, 0x1d, 0xff, 0xff, 0xff, 0xf4, 0x21, 0x35,
    0xaf, 0xff, 0xff, 0xf7, 0x00, 0x00, 0x00, 0x00, 0x02, 0xdf, 0xff, 0xff, 0xff, 0xff, 0xff, 0xff,
    0xff, 0xff, 0x80, 0x00, 0x00, 0x00, 0x00, 0x00, 0x1b, 0xff, 0xff, 0xff, 0xff, 0xff, 0xff, 0xff,
    0xe5, 0x00, 0x00, 0x00, 0x00, 0x00, 0x00, 0x03, 0xff, 0xff, 0xff, 0xff, 0xff, 0xff, 0xf9, 0x20,
    0x00, 0x00, 0x00, 0x00, 0x00, 0x00, 0x0b, 0xff, 0xe8, 0xbd, 0xef, 0xec, 0xa6, 0x10, 0x00, 0x00,
    0x00, 0x00, 0x00, 0x00, 0x00, 0x4f, 0xff, 0x30, 0x00, 0x00, 0x00, 0x00, 0x00, 0x00, 0x00, 0x00,
    0x00, 0x00, 0x00, 0x00, 0xcf, 0xfa, 0x00, 0x00, 0x00, 0x00, 0x00, 0x00, 0x00, 0x00, 0x00, 0x00,
    0x00, 0x00, 0x04, 0xff, 0xf2, 0x00, 0x00, 0x00, 0x00, 0x00, 0x00, 0x00, 0x00, 0x00, 0x00, 0x00,
    0x00, 0x0c, 0xff, 0x90, 0x00, 0x00, 0x00, 0x00, 0x00, 0x00, 0x00, 0x00, 0x00, 0x00, 0x00, 0x00,
    0x00, 0x03, 0x88, 0x88, 0x83, 0x00, 0x00, 0x00, 0x00, 0x00, 0x00, 0x00, 0x00, 0x00, 0x00, 0x00,
    0x00, 0x00, 0x07, 0xff, 0xff, 0xe4, 0x00, 0x00, 0x00, 0x00, 0x00, 0x00, 0x00, 0x00, 0x00, 0x00,
    0x00, 0x00, 0x00, 0x04, 0xef, 0xff, 0xe4, 0x00, 0x00, 0x00, 0x00, 0x00, 0x00, 0x00, 0x00, 0x00,
    0x00, 0x00, 0x00, 0x00, 0x02, 0xcf, 0xff, 0xe4, 0x00, 0x00, 0x00, 0x00, 0x00, 0x00, 0x00, 0x00,
    0x00, 0x00, 0x00, 0x00, 0x00, 0x01, 0xaf, 0xff, 0xe4, 0x00, 0x00, 0x00, 0x00, 0x00, 0x00, 0x00,
    0x00, 0x00, 0x00, 0x00, 0x00, 0x00, 0x00, 0x7f, 0xff, 0xe4, 0x00, 0x00, 0x00, 0x00, 0x00, 0x00,
    0x00, 0x00, 0x00, 0x00, 0x00, 0x00, 0x00, 0x00, 0x4e, 0xff, 0xe4, 0x00, 0x00, 0x00, 0x00, 0x00,
    0x00, 0x00, 0x00, 0x00, 0x00, 0x00, 0x00, 0x00, 0x00, 0x00, 0x00, 0x00, 0x00, 0x00, 0x00, 0x00,
    0x00, 0x00, 0x00, 0x00, 0x00, 0x00, 0x00, 0x00, 0x00, 0x00, 0x00, 0x00, 0x00, 0x00, 0x00, 0x00,
    0x00, 0x00, 0x00, 0x00, 0x00, 0x00, 0x00, 0x00, 0x00, 0x00, 0x00, 0x00, 0x00, 0x00, 0x00, 0x00,
    0x00, 0x00, 0x00, 0x00, 0x00, 0xdf, 0xff, 0xb0, 0x00, 0x00, 0x00, 0x00, 0x00, 0x00, 0x08, 0xff,
    0xff, 0x10, 0x00, 0x00, 0x00, 0x0d, 0xff, 0xfb, 0x00, 0x00, 0x00, 0x00, 0x00, 0x00, 0x00, 0x8f,
    0xff, 0xf1, 0x00, 0x00, 0x00, 0x00, 0xdf, 0xff, 0xb0, 0x00, 0x00, 0x00, 0x00, 0x00, 0x00, 0x08,
    0xff, 0xff, 0x10, 0x00, 0x00, 0x00, 0x0d, 0xff, 0xfb, 0x00, 0x00, 0x00, 0x00, 0x00, 0x00, 0x00,
    0x8f, 0xff, 0xf1, 0x00, 0x00, 0x00, 0x00, 0xdf, 0xff, 0xb0, 0x00, 0x00, 0x00, 0x00, 0x00, 0x00,
    0x08, 0xff, 0xff, 0x10, 0x00, 0x00, 0x00, 0x0d, 0xff, 0xfb, 0x00, 0x00, 0x00, 0x00, 0x00, 0x00,
    0x00, 0x8f, 0xff, 0xf1, 0x00, 0x00, 0x00, 0x00, 0xdf, 0xff, 0xb0, 0x00, 0x00, 0x00, 0x00, 0x00,
    0x00, 0x08, 0xff, 0xff, 0x10, 0x00, 0x00, 0x00, 0x0d, 0xff, 0xfb, 0x00, 0x00, 0x00, 0x00, 0x00,
    0x00, 0x00, 0x8f, 0xff, 0xf1, 0x00, 0x00, 0x00, 0x00, 0xdf, 0xff, 0xb0, 0x00, 0x00, 0x00, 0x00,
    0x00, 0x00, 0x08, 0xff, 0xff, 0x10, 0x00, 0x00, 0x00, 0x0d, 0xff, 0xfb, 0x00, 0x00, 0x00, 0x00,
    0x00, 0x00, 0x00, 0x8f, 0xff, 0xf1, 0x00, 0x00, 0x00, 0x00, 0xdf, 0xff, 0xb0, 0x00, 0x00, 0x00,
    0x00, 0x00, 0x00, 0x08, 0xff, 0xff, 0x10, 0x00, 0x00, 0x00, 0x0d, 0xff, 0xfb, 0x00, 0x00, 0x00,
    0x00, 0x00, 0x00, 0x00, 0x8f, 0xff, 0xf1, 0x00, 0x00, 0x00, 0x00, 0xdf, 0xff, 0xb0, 0x00, 0x00,
    0x00, 0x00, 0x00, 0x00, 0x08, 0xff, 0xff, 0x10, 0x00, 0x00, 0x00, 0x0d, 0xff, 0xfb, 0x00, 0x00,
    0x00, 0x00, 0x00, 0x00, 0x00, 0x8f, 0xff, 0xf1, 0x00, 0x00, 0x00, 0x00, 0xdf, 0xff, 0xb0, 0x00,
    0x00, 0x00, 0x00, 0x00, 0x00, 0x09, 0xff, 0xff, 0x10, 0x00, 0x00, 0x00, 0x0c, 0xff, 0xfc, 0x00,
    0x00, 0x00, 0x00, 0x00, 0x00, 0x00, 0xbf, 0xff, 0xf1, 0x00, 0x00, 0x00, 0x00, 0xbf, 0xff, 0xe0,
    0x00, 0x00, 0x00, 0x00, 0x00, 0x00, 0x0e, 0xff, 0xff, 0x10, 0x00, 0x00, 0x00, 0x0a, 0xff, 0xff,
    0x20, 0x00, 0x00, 0x00, 0x00, 0x00, 0x04, 0xff, 0xff, 0xf1, 0x00, 0x00, 0x00, 0x00, 0x6f, 0xff,
    0xf8, 0x00, 0x00, 0x00, 0x00, 0x00, 0x00, 0xcf, 0xff, 0xff, 0x10, 0x00, 0x00, 0x00, 0x03, 0xff,
    0xff, 0xe3, 0x00, 0x00, 0x00, 0x00, 0x00, 0x8f, 0xff, 0xff, 0xf1, 0x00, 0x00, 0x00, 0x00, 0x0b,
    0xff, 0xff, 0xd3, 0x00, 0x00, 0x00, 0x01, 0x9f, 0xff, 0xff, 0xff, 0x10, 0x00, 0x00, 0x00, 0x00,
    0x4f, 0xff, 0xff, 0xfa, 0x52, 0x12, 0x48, 0xef, 0xff, 0xff, 0xff, 0xf1, 0x00, 0x00, 0x00, 0x00,
    0x00, 0x7f, 0xff, 0xff, 0xff, 0xff, 0xff, 0xff, 0xff, 0xf8, 0xff, 0xff, 0x10, 0x00, 0x00, 0x00,
    0x00, 0x00, 0x7f, 0xff, 0xff, 0xff, 0xff, 0xff, 0xff, 0xe4, 0x4f, 0xff, 0xf1, 0x00, 0x00, 0x00,
    0x00, 0x00, 0x00, 0x4c, 0xff, 0xff, 0xff, 0xff, 0xff, 0xa2, 0x04, 0xff, 0xff, 0x10, 0x00, 0x00,
    0x00, 0x00, 0x00, 0x00, 0x03, 0x8b, 0xde, 0xfe, 0xb8, 0x30, 0x00, 0x4f, 0xff, 0xf1, 0x00, 0x00,
    0x00, 0x00, 0x00, 0x00, 0x00, 0x00, 0x00, 0x00, 0x00, 0x17, 0x88, 0x88, 0x50, 0x00, 0x00, 0x00,
    0x00, 0x00, 0x00, 0x00, 0x00, 0x00, 0x00, 0x00, 0x00, 0x1d, 0xff, 0xff, 0xa1, 0x00, 0x00, 0x00,
    0x00, 0x00, 0x00, 0x00, 0x00, 0x00, 0x00, 0x00, 0x00, 0x1d, 0xff, 0xff, 0x70, 0x00, 0x00, 0x00,
    0x00, 0x00, 0x00, 0x00, 0x00, 0x00, 0x00, 0x00, 0x00, 0x2d, 0xff, 0xfe, 0x40, 0x00, 0x00, 0x00,
    0x00, 0x00, 0x00, 0x00, 0x00, 0x00, 0x00, 0x00, 0x00, 0x2d, 0xff, 0xfc, 0x20, 0x00, 0x00, 0x00,
    0x00, 0x00, 0x00, 0x00, 0x00, 0x00, 0x00, 0x00, 0x00, 0x2d, 0xff, 0xfa, 0x10, 0x00, 0x00, 0x00,
    0x00, 0x00, 0x00, 0x00, 0x00, 0x00, 0x00, 0x00, 0x00, 0x2d, 0xff, 0xf7, 0x00, 0x00, 0x00, 0x00,
    0x00, 0x00, 0x00, 0x00, 0x00, 0x00, 0x00, 0x00, 0x00, 0x00, 0x00, 0x00, 0x00, 0x00, 0x00, 0x00,
    0x00, 0x00, 0x00, 0x00, 0x00, 0x00, 0x00, 0x00, 0x00, 0x00, 0x00, 0x00, 0x00, 0x00, 0x00, 0x00,
    0x00, 0x00, 0x00, 0x00, 0x00, 0x00, 0x00, 0x00, 0x00, 0x00, 0x00, 0x00, 0x00, 0x00, 0x00, 0x00,
    0x00, 0x00, 0x00, 0x00, 0x00, 0x00, 0x00, 0xdf, 0xff, 0xb0, 0x00, 0x00, 0x00, 0x00, 0x00, 0x00,
    0x08, 0xff, 0xff, 0x10, 0x00, 0x00, 0x00, 0x0d, 0xff, 0xfb, 0x00, 0x00, 0x00, 0x00, 0x00, 0x00,
    0x00, 0x8f, 0xff, 0xf1, 0x00, 0x00, 0x00, 0x00, 0xdf, 0xff, 0xb0, 0x00, 0x00, 0x00, 0x00, 0x00,
    0x00, 0x08, 0xff, 0xff, 0x10, 0x00, 0x00, 0x00, 0x0d, 0xff, 0xfb, 0x00, 0x00, 0x00, 0x00, 0x00,
    0x00, 0x00, 0x8f, 0xff, 0xf1, 0x00, 0x00, 0x00, 0x00, 0xdf, 0xff, 0xb0, 0x00, 0x00, 0x00, 0x00,
    0x00, 0x00, 0x08, 0xff, 0xff, 0x10, 0x00, 0x00, 0x00, 0x0d, 0xff, 0xfb, 0x00, 0x00, 0x00, 0x00,
    0x00, 0x00, 0x00, 0x8f, 0xff, 0xf1, 0x00, 0x00, 0x00, 0x00, 0xdf, 0xff, 0xb0, 0x00, 0x00, 0x00,
    0x00, 0x00, 0x00, 0x08, 0xff, 0xff, 0x10, 0x00, 0x00, 0x00, 0x0d, 0xff, 0xfb, 0x00, 0x00, 0x00,
    0x00, 0x00, 0x00, 0x00, 0x8f, 0xff, 0xf1, 0x00, 0x00, 0x00, 0x00, 0xdf, 0xff, 0xb0, 0x00, 0x00,
    0x00, 0x00, 0x00, 0x00, 0x08, 0xff, 0xff, 0x10, 0x00, 0x00, 0x00, 0x0d, 0xff, 0xfb, 0x00, 0x00,
    0x00, 0x00, 0x00, 0x00, 0x00, 0x8f, 0xff, 0xf1, 0x00, 0x00, 0x00, 0x00, 0xdf, 0xff, 0xb0, 0x00,
    0x00, 0x00, 0x00, 0x00, 0x00, 0x08, 0xff, 0xff, 0x10, 0x00, 0x00, 0x00, 0x0d, 0xff, 0xfb, 0x00,
    0x00, 0x00, 0x00, 0x00, 0x00, 0x00, 0x8f, 0xff, 0xf1, 0x00, 0x00, 0x00, 0x00, 0xdf, 0xff, 0xb0,
    0x00, 0x00, 0x00, 0x00, 0x00, 0x00, 0x08, 0xff, 0xff, 0x10, 0x00, 0x00, 0x00, 0x0d, 0xff, 0xfb,
    0x00, 0x00, 0x00, 0x00, 0x00, 0x00, 0x00, 0x8f, 0xff, 0xf1, 0x00, 0x00, 0x00, 0x00, 0xdf, 0xff,
    0xb0, 0x00, 0x00, 0x00, 0x00, 0x00, 0x00, 0x09, 0xff, 0xff, 0x10, 0x00, 0x00, 0x00, 0x0c, 0xff,
    0xfc, 0x00, 0x00, 0x00, 0x00, 0x00, 0x00, 0x00, 0xbf, 0xff, 0xf1, 0x00, 0x00, 0x00, 0x00, 0xbf,
    0xff, 0xe0, 0x00, 0x00, 0x00, 0x00, 0x00, 0x00, 0x0e, 0xff, 0xff, 0x10, 0x00, 0x00, 0x00, 0x0a,
    0xff, 0xff, 0x20, 0x00, 0x00, 0x00, 0x00, 0x00, 0x04, 0xff, 0xff, 0xf1, 0x00, 0x00, 0x00, 0x00,
    0x6f, 0xff, 0xf8, 0x00, 0x00, 0x00, 0x00, 0x00, 0x00, 0xcf, 0xff, 0xff, 0x10, 0x00, 0x00, 0x00,
    0x03, 0xff, 0xff, 0xe3, 0x00, 0x00, 0x00, 0x00, 0x00, 0x8f, 0xff, 0xff, 0xf1, 0x00, 0x00, 0x00,
    0x00, 0x0b, 0xff, 0xff, 0xd3, 0x00, 0x00, 0x00, 0x01, 0x9f, 0xff, 0xff, 0xff, 0x10, 0x00, 0x00,
    0x00, 0x00, 0x4f, 0xff, 0xff, 0xfa, 0x52, 0x12, 0x48, 0xef, 0xff, 0xff, 0xff, 0xf1, 0x00, 0x00,
    0x00, 0x00, 0x00, 0x7f, 0xff, 0xff, 0xff, 0xff, 0xff, 0xff, 0xff, 0xf8, 0xff, 0xff, 0x10, 0x00,
    0x00, 0x00, 0x00, 0x00, 0x7f, 0xff, 0xff, 0xff, 0xff, 0xff, 0xff, 0xe4, 0x4f, 0xff, 0xf1, 0x00,
    0x00, 0x00, 0x00, 0x00, 0x00, 0x4c, 0xff, 0xff, 0xff, 0xff, 0xff, 0xa2, 0x04, 0xff, 0xff, 0x10,
    0x00, 0x00, 0x00, 0x00, 0x00, 0x00, 0x03, 0x8b, 0xde, 0xfe, 0xb8, 0x30, 0x00, 0x4f, 0xff, 0xf1,
    0x00, 0x00, 0x00, 0x00, 0x00, 0x00, 0x00, 0x00, 0x02, 0x88, 0x88, 0x40, 0x00, 0x00, 0x00, 0x00,
    0x00, 0x00, 0x00, 0x00, 0x00, 0x00, 0x00, 0x00, 0x02, 0xef, 0xff, 0xff, 0x50, 0x00, 0x00, 0x00,
    0x00, 0x00, 0x00, 0x00, 0x00, 0x00, 0x00, 0x00, 0x02, 0xdf, 0xff, 0xff, 0xff, 0x50, 0x00, 0x00,
    0x00, 0x00, 0x00, 0x00, 0x00, 0x00, 0x00, 0x00, 0x02, 0xdf, 0xff, 0xb8, 0xff, 0xff, 0x50, 0x00,
    0x00, 0x00, 0x00, 0x00, 0x00, 0x00, 0x00, 0x00, 0x02, 0xdf, 0xff, 0x90, 0x06, 0xff, 0xff, 0x40,
    0x00, 0x00, 0x00, 0x00, 0x00, 0x00, 0x00, 0x00, 0x02, 0xdf, 0xff, 0x70, 0x00, 0x04, 0xef, 0xff,
    0x40, 0x00, 0x00, 0x00, 0x00, 0x00, 0x00, 0x00, 0x02, 0xdf, 0xff, 0x50, 0x00, 0x00, 0x02, 0xdf,
    0xfe, 0x40, 0x00, 0x00, 0x00, 0x00, 0x00, 0x00, 0x00, 0x00, 0x00, 0x00, 0x00, 0x00, 0x00, 0x00,
    0x00, 0x00, 0x00, 0x00, 0x00, 0x00, 0x00, 0x00, 0x00, 0x00, 0x00, 0x00, 0x00, 0x00, 0x00, 0x00,
    0x00, 0x00, 0x00, 0x00, 0x00, 0x00, 0x00, 0x00, 0x00, 0x00, 0x00, 0x00, 0x00, 0x00, 0x00, 0x00,
    0x00, 0x00, 0x00, 0x00, 0x00, 0x00, 0x00, 0x00, 0x00, 0xdf, 0xff, 0xb0, 0x00, 0x00, 0x00, 0x00,
    0x00, 0x00, 0x08, 0xff, 0xff, 0x10, 0x00, 0x00, 0x00, 0x0d, 0xff, 0xfb, 0x00, 0x00, 0x00, 0x00,
    0x00, 0x00, 0x00, 0x8f, 0xff, 0xf1, 0x00, 0x00, 0x00, 0x00, 0xdf, 0xff, 0xb0, 0x00, 0x00, 0x00,
    0x00, 0x00, 0x00, 0x08, 0xff, 0xff, 0x10, 0x00, 0x00, 0x00, 0x0d, 0xff, 0xfb, 0x00, 0x00, 0x00,
    0x00, 0x00, 0x00, 0x00, 0x8f, 0xff, 0xf1, 0x00, 0x00, 0x00, 0x00, 0xdf, 0xff, 0xb0, 0x00, 0x00,
    0x00, 0x00, 0x00, 0x00, 0x08, 0xff, 0xff, 0x10, 0x00, 0x00, 0x00, 0x0d, 0xff, 0xfb, 0x00, 0x00,
    0x00, 0x00, 0x00, 0x00, 0x00, 0x8f, 0xff, 0xf1, 0x00, 0x00, 0x00, 0x00, 0xdf, 0xff, 0xb0, 0x00,
    0x00, 0x00, 0x00, 0x00, 0x00, 0x08, 0xff, 0xff, 0x10, 0x00, 0x00, 0x00, 0x0d, 0xff, 0xfb, 0x00,
    0x00, 0x00, 0x00, 0x00, 0x00, 0x00, 0x8f, 0xff, 0xf1, 0x00, 0x00, 0x00, 0x00, 0xdf, 0xff, 0xb0,
    0x00, 0x00, 0x00, 0x00, 0x00, 0x00, 0x08, 0xff, 0xff, 0x10, 0x00, 0x00, 0x00, 0x0d, 0xff, 0xfb,
    0x00, 0x00, 0x00, 0x00, 0x00, 0x00, 0x00, 0x8f, 0xff, 0xf1, 0x00, 0x00, 0x00, 0x00, 0xdf, 0xff,
    0xb0, 0x00, 0x00, 0x00, 0x00, 0x00, 0x00, 0x08, 0xff, 0xff, 0x10, 0x00, 0x00, 0x00, 0x0d, 0xff,
    0xfb, 0x00, 0x00, 0x00, 0x00, 0x00, 0x00, 0x00, 0x8f, 0xff, 0xf1, 0x00, 0x00, 0x00, 0x00, 0xdf,
    0xff, 0xb0, 0x00, 0x00, 0x00, 0x00, 0x00, 0x00, 0x08, 0xff, 0xff, 0x10, 0x00, 0x00, 0x00, 0x0d,
    0xff, 0xfb, 0x00, 0x00, 0x00, 0x00, 0x00, 0x00, 0x00, 0x8f, 0xff, 0xf1, 0x00, 0x00, 0x00, 0x00,
    0xdf, 0xff, 0xb0, 0x00, 0x00, 0x00, 0x00, 0x00, 0x00, 0x09, 0xff, 0xff, 0x10, 0x00, 0x00, 0x00,
    0x0c, 0xff, 0xfc, 0x00, 0x00, 0x00, 0x00, 0x00, 0x00, 0x00, 0xbf, 0xff, 0xf1, 0x00, 0x00, 0x00,
    0x00, 0xbf, 0xff, 0xe0, 0x00, 0x00, 0x00, 0x00, 0x00, 0x00, 0x0e, 0xff, 0xff, 0x10, 0x00, 0x00,
    0x00, 0x0a, 0xff, 0xff, 0x20, 0x00, 0x00, 0x00, 0x00, 0x00, 0x04, 0xff, 0xff, 0xf1, 0x00, 0x00,
    0x00, 0x00, 0x6f, 0xff, 0xf8, 0x00, 0x00, 0x00, 0x00, 0x00, 0x00, 0xcf, 0xff, 0xff, 0x10, 0x00,
    0x00, 0x00, 0x03, 0xff, 0xff, 0xe3, 0x00, 0x00, 0x00, 0x00, 0x00, 0x8f, 0xff, 0xff, 0xf1, 0x00,
    0x00, 0x00, 0x00, 0x0b, 0xff, 0xff, 0xd3, 0x00, 0x00, 0x00, 0x01, 0x9f, 0xff, 0xff, 0xff, 0x10,
    0x00, 0x00, 0x00, 0x00, 0x4f, 0xff, 0xff, 0xfa, 0x52, 0x12, 0x48, 0xef, 0xff, 0xff, 0xff, 0xf1,
    0x00, 0x00, 0x00, 0x00, 0x00, 0x7f, 0xff, 0xff, 0xff, 0xff, 0xff, 0xff, 0xff, 0xf8, 0xff, 0xff,
    0x10, 0x00, 0x00, 0x00, 0x00, 0x00, 0x7f, 0xff, 0xff, 0xff, 0xff, 0xff, 0xff, 0xe4, 0x4f, 0xff,
    0xf1, 0x00, 0x00, 0x00, 0x00, 0x00, 0x00, 0x4c, 0xff, 0xff, 0xff, 0xff, 0xff, 0xa2, 0x04, 0xff,
    0xff, 0x10, 0x00, 0x00, 0x00, 0x00, 0x00, 0x00, 0x03, 0x8b, 0xde, 0xfe, 0xb8, 0x30, 0x00, 0x4f,
    0xff, 0xf1, 0x00, 0x00, 0x00, 0x00, 0x00, 0x00, 0x01, 0xae, 0xc3, 0x00, 0x00, 0x1a, 0xec, 0x20,
    0x00, 0x00, 0x00, 0x00, 0x00, 0x00, 0x00, 0x00, 0x00, 0x8f, 0xff, 0xd0, 0x00, 0x09, 0xff, 0xfc,
    0x00, 0x00, 0x00, 0x00, 0x00, 0x00, 0x00, 0x00, 0x00, 0x0b, 0xff, 0xff, 0x10, 0x00, 0xcf, 0xff,
    0xf0, 0x00, 0x00, 0x00, 0x00, 0x00, 0x00, 0x00, 0x00, 0x00, 0x8f, 0xff, 0xd0, 0x00, 0x09, 0xff,
    0xfc, 0x00, 0x00, 0x00, 0x00, 0x00, 0x00, 0x00, 0x00, 0x00, 0x01, 0xae, 0xc3, 0x00, 0x00, 0x1a,
    0xec, 0x20, 0x00, 0x00, 0x00, 0x00, 0x00, 0x00, 0x00, 0x00, 0x00, 0x00, 0x00, 0x00, 0x00, 0x00,
    0x00, 0x00, 0x00, 0x00, 0x00, 0x00, 0x00, 0x00, 0x00, 0x00, 0x00, 0x00, 0x00, 0x00, 0x00, 0x00,
    0x00, 0x00, 0x00, 0x00, 0x00, 0x00, 0x00, 0x00, 0x00, 0x00, 0x00, 0x00, 0x00, 0x00, 0x00, 0x00,
    0x00, 0x00, 0x00, 0x00, 0x00, 0x00, 0x00, 0x00, 0x00, 0x00, 0x00, 0x00, 0x00, 0x00, 0x00, 0x00,
    0x00, 0x00, 0x00, 0x00, 0x00, 0x00, 0x00, 0x00, 0x00, 0x00, 0x0d, 0xff, 0xfb, 0x00, 0x00, 0x00,
    0x00, 0x00, 0x00, 0x00, 0x8f, 0xff, 0xf1, 0x00, 0x00, 0x00, 0x00, 0xdf, 0xff, 0xb0, 0x00, 0x00,
    0x00, 0x00, 0x00, 0x00, 0x08, 0xff, 0xff, 0x10, 0x00, 0x00, 0x00, 0x0d, 0xff, 0xfb, 0x00, 0x00,
    0x00, 0x00, 0x00, 0x00, 0x00, 0x8f, 0xff, 0xf1, 0x00, 0x00, 0x00, 0x00, 0xdf, 0xff, 0xb0, 0x00,
    0x00, 0x00, 0x00, 0x00, 0x00, 0x08, 0xff, 0xff, 0x10, 0x00, 0x00, 0x00, 0x0d, 0xff, 0xfb, 0x00,
    0x00, 0x00, 0x00, 0x00, 0x00, 0x00, 0x8f, 0xff, 0xf1, 0x00, 0x00, 0x00, 0x00, 0xdf, 0xff, 0xb0,
    0x00, 0x00, 0x00, 0x00, 0x00, 0x00, 0x08, 0xff, 0xff, 0x10, 0x00, 0x00, 0x00, 0x0d, 0xff, 0xfb,
    0x00, 0x00, 0x00, 0x00, 0x00, 0x00, 0x00, 0x8f, 0xff, 0xf1, 0x00, 0x00, 0x00, 0x00, 0xdf, 0xff,
    0xb0, 0x00, 0x00, 0x00, 0x00, 0x00, 0x00, 0x08, 0xff, 0xff, 0x10, 0x00, 0x00, 0x00, 0x0d, 0xff,
    0xfb, 0x00, 0x00, 0x00, 0x00, 0x00, 0x00, 0x00, 0x8f, 0xff, 0xf1, 0x00, 0x00, 0x00, 0x00, 0xdf,
    0xff, 0xb0, 0x00, 0x00, 0x00, 0x00, 0x00, 0x00, 0x08, 0xff, 0xff, 0x10, 0x00, 0x00, 0x00, 0x0d,
    0xff, 0xfb, 0x00, 0x00, 0x00, 0x00, 0x00, 0x00, 0x00, 0x8f, 0xff, 0xf1, 0x00, 0x00, 0x00, 0x00,
    0xdf, 0xff, 0xb0, 0x00, 0x00, 0x00, 0x00, 0x00, 0x00, 0x08, 0xff, 0xff, 0x10, 0x00, 0x00, 0x00,
    0x0d, 0xff, 0xfb, 0x00, 0x00, 0x00, 0x00, 0x00, 0x00, 0x00, 0x8f, 0xff, 0xf1, 0x00, 0x00, 0x00,
    0x00, 0xdf, 0xff, 0xb0, 0x00, 0x00, 0x00, 0x00, 0x00, 0x00, 0x08, 0xff, 0xff, 0x10, 0x00, 0x00,
    0x00, 0x0d, 0xff, 0xfb, 0x00, 0x00, 0x00, 0x00, 0x00, 0x00, 0x00, 0x9f, 0xff, 0xf1, 0x00, 0x00,
    0x00, 0x00, 0xcf, 0xff, 0xc0, 0x00, 0x00, 0x00, 0x00, 0x00, 0x00, 0x0b, 0xff, 0xff, 0x10, 0x00,
    0x00, 0x00, 0x0b, 0xff, 0xfe, 0x00, 0x00, 0x00, 0x00, 0x00, 0x00, 0x00, 0xef, 0xff, 0xf1, 0x00,
    0x00, 0x00, 0x00, 0xaf, 0xff, 0xf2, 0x00, 0x00, 0x00, 0x00, 0x00, 0x00, 0x4f, 0xff, 0xff, 0x10,
    0x00, 0x00, 0x00, 0x06, 0xff, 0xff, 0x80, 0x00, 0x00, 0x00, 0x00, 0x00, 0x0c, 0xff, 0xff, 0xf1,
    0x00, 0x00, 0x00, 0x00, 0x3f, 0xff, 0xfe, 0x30, 0x00, 0x00, 0x00, 0x00, 0x08, 0xff, 0xff, 0xff,
    0x10, 0x00, 0x00, 0x00, 0x00, 0xbf, 0xff, 0xfd, 0x30, 0x00, 0x00, 0x00, 0x19, 0xff, 0xff, 0xff,
    0xf1, 0x00, 0x00, 0x00, 0x00, 0x04, 0xff, 0xff, 0xff, 0xa5, 0x21, 0x24, 0x8e, 0xff, 0xff, 0xff,
    0xff, 0x10, 0x00, 0x00, 0x00, 0x00, 0x07, 0xff, 0xff, 0xff, 0xff, 0xff, 0xff, 0xff, 0xff, 0x8f,
    0xff, 0xf1, 0x00, 0x00, 0x00, 0x00, 0x00, 0x07, 0xff, 0xff, 0xff, 0xff, 0xff, 0xff, 0xfe, 0x44,
    0xff, 0xff, 0x10, 0x00, 0x00, 0x00, 0x00, 0x00, 0x04, 0xcf, 0xff, 0xff, 0xff, 0xff, 0xfa, 0x20,
    0x4f, 0xff, 0xf1, 0x00, 0x00, 0x00, 0x00, 0x00, 0x00, 0x00, 0x38, 0xbd, 0xef, 0xeb, 0x83, 0x00,
    0x04, 0xff, 0xff, 0x10, 0x00, 0x00, 0x00, 0x00, 0x00, 0x00, 0x00, 0x00, 0x00, 0x00, 0x04, 0x88,
    0x88, 0x72, 0x00, 0x00, 0x00, 0x00, 0x00, 0x00, 0x00, 0x00, 0x00, 0x00, 0x05, 0xff, 0xff, 0xe5,
    0x00, 0x00, 0x00, 0x00, 0x00, 0x00, 0x00, 0x00, 0x00, 0x00, 0x05, 0xff, 0xff, 0xd3, 0x00, 0x00,
    0x00, 0x00, 0x00, 0x00, 0x00, 0x00, 0x00, 0x00, 0x05, 0xff, 0xff, 0xb1, 0x00, 0x00, 0x00, 0x00,
    0x00, 0x00, 0x00, 0x00, 0x00, 0x00, 0x05, 0xff, 0xff, 0x90, 0x00, 0x00, 0x00, 0x00, 0x00, 0x00,
    0x00, 0x00, 0x00, 0x00, 0x05, 0xff, 0xff, 0x60, 0x00, 0x00, 0x00, 0x00, 0x00, 0x00, 0x00, 0x00,
    0x00, 0x00, 0x05, 0xff, 0xfe, 0x30, 0x00, 0x00, 0x00, 0x00, 0x00, 0x00, 0x00, 0x00, 0x00, 0x00,
    0x00, 0x00, 0x00, 0x00, 0x00, 0x00, 0x00, 0x00, 0x00, 0x00, 0x00, 0x00, 0x00, 0x00, 0x00, 0x00,
    0x00, 0x00, 0x00, 0x00, 0x00, 0x00, 0x00, 0x00, 0x00, 0x00, 0x00, 0x00, 0x00, 0x00, 0x00, 0x00,
    0x00, 0x00, 0x00, 0x00, 0x00, 0x00, 0x00, 0x00, 0xdf, 0xff, 0xd0, 0x00, 0x00, 0x00, 0x00, 0x00,
    0x00, 0x00, 0x00, 0xdf, 0xff, 0xa0, 0x06, 0xff, 0xff, 0x50, 0x00, 0x00, 0x00, 0x00, 0x00, 0x00,
    0x00, 0x4f, 0xff, 0xf3, 0x00, 0x1e, 0xff, 0xfc, 0x00, 0x00, 0x00, 0x00, 0x00, 0x00, 0x00, 0x0b,
    0xff, 0xfc, 0x00, 0x00, 0x8f, 0xff, 0xf3, 0x00, 0x00, 0x00, 0x00, 0x00, 0x00, 0x02, 0xff, 0xff,
    0x50, 0x00, 0x02, 0xff, 0xff, 0xa0, 0x00, 0x00, 0x00, 0x00, 0x00, 0x00, 0x9f, 0xff, 0xd0, 0x00,
    0x00, 0x0a, 0xff, 0xff, 0x20, 0x00, 0x00, 0x00, 0x00, 0x00, 0x1e, 0xff, 0xf7, 0x00, 0x00, 0x00,
    0x3f, 0xff, 0xf8, 0x00, 0x00, 0x00, 0x00, 0x00, 0x07, 0xff, 0xfe, 0x10, 0x00, 0x00, 0x00, 0xcf,
    0xff, 0xe0, 0x00, 0x00, 0x00, 0x00, 0x00, 0xdf, 0xff, 0x80, 0x00, 0x00, 0x00, 0x05, 0xff, 0xff,
    0x60, 0x00, 0x00, 0x00, 0x00, 0x5f, 0xff, 0xf2, 0x00, 0x00, 0x00, 0x00, 0x0d, 0xff, 0xfc, 0x00,
    0x00, 0x00, 0x00, 0x0b, 0xff, 0xfa, 0x00, 0x00, 0x00, 0x00, 0x00, 0x7f, 0xff, 0xf4, 0x00, 0x00,
    0x00, 0x03, 0xff, 0xff, 0x40, 0x00, 0x00, 0x00, 0x00, 0x01, 0xef, 0xff, 0xa0, 0x00, 0x00, 0x00,
    0x9f, 0xff, 0xc0, 0x00, 0x00, 0x00, 0x00, 0x00, 0x08, 0xff, 0xff, 0x20, 0x00, 0x00, 0x1f, 0xff,
    0xf5, 0x00, 0x00, 0x00, 0x00, 0x00, 0x00, 0x2f, 0xff, 0xf8, 0x00, 0x00, 0x07, 0xff, 0xfd, 0x00,
    0x00, 0x00, 0x00, 0x00, 0x00, 0x00, 0xaf, 0xff, 0xe1, 0x00, 0x00, 0xef, 0xff, 0x70, 0x00, 0x00,
    0x00, 0x00, 0x00, 0x00, 0x04, 0xff, 0xff, 0x60, 0x00, 0x5f, 0xff, 0xe1, 0x00, 0x00, 0x00, 0x00,
    0x00, 0x00, 0x00, 0x0c, 0xff, 0xfd, 0x00, 0x0c, 0xff, 0xf9, 0x00, 0x00, 0x00, 0x00, 0x00, 0x00,
    0x00, 0x00, 0x5f, 0xff, 0xf4, 0x03, 0xff, 0xff, 0x20, 0x00, 0x00, 0x00, 0x00, 0x00, 0x00, 0x00,
    0x00, 0xdf, 0xff, 0xb0, 0xaf, 0xff, 0xb0, 0x00, 0x00, 0x00, 0x00, 0x00, 0x00, 0x00, 0x00, 0x07,
    0xff, 0xff, 0x4f, 0xff, 0xf4, 0x00, 0x00, 0x00, 0x00, 0x00, 0x00, 0x00, 0x00, 0x00, 0x1e, 0xff,
    0xfe, 0xff, 0xfc, 0x00, 0x00, 0x00, 0x00, 0x00, 0x00, 0x00, 0x00, 0x00, 0x00, 0x9f, 0xff, 0xff,
    0xff, 0x60, 0x00, 0x00, 0x00, 0x00, 0x00, 0x00, 0x00, 0x00, 0x00, 0x02, 0xff, 0xff, 0xff, 0xe0,
    0x00, 0x00, 0x00, 0x00, 0x00, 0x00, 0x00, 0x00, 0x00, 0x00, 0x0a, 0xff, 0xff, 0xf8, 0x00, 0x00,
    0x00, 0x00, 0x00, 0x00, 0x00, 0x00, 0x00, 0x00, 0x00, 0x4f, 0xff, 0xff, 0x10, 0x00, 0x00, 0x00,
    0x00, 0x00, 0x00, 0x00, 0x00, 0x00, 0x00, 0x00, 0xef, 0xff, 0x90, 0x00, 0x00, 0x00, 0x00, 0x00,
    0x00, 0x00, 0x00, 0x00, 0x00, 0x00, 0x6f, 0xff, 0xf3, 0x00, 0x00, 0x00, 0x00, 0x00, 0x00, 0x00,
    0x00, 0x00, 0x00, 0x00, 0x0d, 0xff, 0xfb, 0x00, 0x00, 0x00, 0x00, 0x00, 0x00, 0x00, 0x00, 0x00,
    0x00, 0x00, 0x07, 0xff, 0xff, 0x40, 0x00, 0x00, 0x00, 0x00, 0x00, 0x00, 0x05, 0x60, 0x00, 0x00,
    0x03, 0xef, 0xff, 0xc0, 0x00, 0x00, 0x00, 0x00, 0x00, 0x00, 0x00, 0xdf, 0xc6, 0x22, 0x38, 0xef,
    0xff, 0xf4, 0x00, 0x00, 0x00, 0x00, 0x00, 0x00, 0x00, 0x7f, 0xff, 0xff, 0xff, 0xff, 0xff, 0xf9,
    0x00, 0x00, 0x00, 0x00, 0x00, 0x00, 0x00, 0x0d, 0xff, 0xff, 0xff, 0xff, 0xff, 0xfb, 0x00, 0x00,
    0x00, 0x00, 0x00, 0x00, 0x00, 0x00, 0x2b, 0xff, 0xff, 0xff, 0xff, 0xf8, 0x00, 0x00, 0x00, 0x00,
    0x00, 0x00, 0x00, 0x00, 0x00, 0x03, 0x8c, 0xef, 0xec, 0x82, 0x00, 0x00, 0x00, 0x00, 0x00, 0x00,
    0x00, 0x00, 0x00, 0x00, 0x00, 0x9f, 0xff, 0xf0, 0x00, 0x00, 0x00, 0x00, 0x00, 0x00, 0x00, 0x00,
    0x00, 0x00, 0x00, 0x00, 0x00, 0x09, 0xff, 0xff, 0x00, 0x00, 0x00, 0x00, 0x00, 0x00, 0x00, 0x00,
    0x00, 0x00, 0x00, 0x00, 0x00, 0x00, 0x9f, 0xff, 0xf0, 0x00, 0x00, 0x00, 0x00, 0x00, 0x00, 0x00,
    0x00, 0x00, 0x00, 0x00, 0x00, 0x00, 0x09, 0xff, 0xff, 0x00, 0x00, 0x00, 0x00, 0x00, 0x00, 0x00,
    0x00, 0x00, 0x00, 0x00, 0x00, 0x00, 0x00, 0x9f, 0xff, 0xf0, 0x00, 0x00, 0x00, 0x00, 0x00, 0x00,
    0x00, 0x00, 0x00, 0x00, 0x00, 0x00, 0x00, 0x09, 0xff, 0xff, 0x00, 0x00, 0x00, 0x00, 0x00, 0x00,
    0x00, 0x00, 0x00, 0x00, 0x00, 0x00, 0x00, 0x00, 0x9f, 0xff, 0xf0, 0x00, 0x00, 0x00, 0x00, 0x00,
    0x00, 0x00, 0x00, 0x00, 0x00, 0x00, 0x00, 0x00, 0x09, 0xff, 0xff, 0x00, 0x00, 0x00, 0x00, 0x00,
    0x00, 0x00, 0x00, 0x00, 0x00, 0x00, 0x00, 0x00, 0x00, 0x9f, 0xff, 0xf0, 0x00, 0x00, 0x00, 0x00,
    0x00, 0x00, 0x00, 0x00, 0x00, 0x00, 0x00, 0x00, 0x00, 0x09, 0xff, 0xff, 0x00, 0x00, 0x00, 0x00,
    0x00, 0x00, 0x00, 0x00, 0x00, 0x00, 0x00, 0x00, 0x00, 0x00, 0x9f, 0xff, 0xf0, 0x00, 0x03, 0x8c,
    0xde, 0xee, 0xb8, 0x30, 0x00, 0x00, 0x00, 0x00, 0x00, 0x00, 0x09, 0xff, 0xff, 0x00, 0x4c, 0xff,
    0xff, 0xff, 0xff, 0xff, 0xc5, 0x00, 0x00, 0x00, 0x00, 0x00, 0x00, 0x9f, 0xff, 0xf0, 0x8f, 0xff,
    0xff, 0xff, 0xff, 0xff, 0xff, 0xfb, 0x10, 0x00, 0x00, 0x00, 0x00, 0x09, 0xff, 0xff, 0x9f, 0xff,
    0xff, 0xff, 0xff, 0xff, 0xff, 0xff, 0xfd, 0x20, 0x00, 0x00, 0x00, 0x00, 0x9f, 0xff, 0xff, 0xff,
    0xfe, 0x95, 0x21, 0x25, 0x9e, 0xff, 0xff, 0xfc, 0x10, 0x00, 0x00, 0x00, 0x09, 0xff, 0xff, 0xff,
    0xfa, 0x10, 0x00, 0x00, 0x00, 0x1a, 0xff, 0xff, 0xf9, 0x00, 0x00, 0x00, 0x00, 0x9f, 0xff, 0xff,
    0xf7, 0x00, 0x00, 0x00, 0x00, 0x00, 0x07, 0xff, 0xff, 0xf3, 0x00, 0x00, 0x00, 0x09, 0xff, 0xff,
    0xfa, 0x00, 0x00, 0x00, 0x00, 0x00, 0x00, 0x0a, 0xff, 0xff, 0xa0, 0x00, 0x00, 0x00, 0x9f, 0xff,
    0xfe, 0x10, 0x00, 0x00, 0x00, 0x00, 0x00, 0x00, 0x1e, 0xff, 0xff, 0x10, 0x00, 0x00, 0x09, 0xff,
    0xff, 0x80, 0x00, 0x00, 0x00, 0x00, 0x00, 0x00, 0x00, 0x8f, 0xff, 0xf5, 0x00, 0x00, 0x00, 0x9f,
    0xff, 0xf3, 0x00, 0x00, 0x00, 0x00, 0x00, 0x00, 0x00, 0x03, 0xff, 0xff, 0x80, 0x00, 0x00, 0x09,
    0xff, 0xff, 0x00, 0x00, 0x00, 0x00, 0x00, 0x00, 0x00, 0x00, 0x1f, 0xff, 0xfa, 0x00, 0x00, 0x00,
    0x9f, 0xff, 0xe0, 0x00, 0x00, 0x00, 0x00, 0x00, 0x00, 0x00, 0x00, 0xef, 0xff, 0xa0, 0x00, 0x00,
    0x09, 0xff, 0xfe, 0x00, 0x00, 0x00, 0x00, 0x00, 0x00, 0x00, 0x00, 0x0f, 0xff, 0xfa, 0x00, 0x00,
    0x00, 0x9f, 0xff, 0xf1, 0x00, 0x00, 0x00, 0x00, 0x00, 0x00, 0x00, 0x01, 0xff, 0xff, 0x90, 0x00,
    0x00, 0x09, 0xff, 0xff, 0x30, 0x00, 0x00, 0x00, 0x00, 0x00, 0x00, 0x00, 0x3f, 0xff, 0xf7, 0x00,
    0x00, 0x00, 0x9f, 0xff, 0xf8, 0x00, 0x00, 0x00, 0x00, 0x00, 0x00, 0x00, 0x08, 0xff, 0xff, 0x50,
    0x00, 0x00, 0x09, 0xff, 0xff, 0xe1, 0x00, 0x00, 0x00, 0x00, 0x00, 0x00, 0x01, 0xef, 0xff, 0xf1,
    0x00, 0x00, 0x00, 0x9f, 0xff, 0xff, 0xa0, 0x00, 0x00, 0x00, 0x00, 0x00, 0x00, 0xaf, 0xff, 0xfa,
    0x00, 0x00, 0x00, 0x09, 0xff, 0xff, 0xff, 0x70, 0x00, 0x00, 0x00, 0x00, 0x00, 0x8f, 0xff, 0xff,
    0x30, 0x00, 0x00, 0x00, 0x9f, 0xff, 0xff, 0xff, 0xa1, 0x00, 0x00, 0x00, 0x01, 0xaf, 0xff, 0xff,
    0x90, 0x00, 0x00, 0x00, 0x09, 0xff, 0xff, 0xff, 0xff, 0xe9, 0x52, 0x12, 0x59, 0xef, 0xff, 0xff,
    0xc1, 0x00, 0x00, 0x00, 0x00, 0x9f, 0xff, 0xf6, 0xff, 0xff, 0xff, 0xff, 0xff, 0xff, 0xff, 0xff,
    0xc1, 0x00, 0x00, 0x00, 0x00, 0x09, 0xff, 0xff, 0x06, 0xff, 0xff, 0xff, 0xff, 0xff, 0xff, 0xff,
    0xa1, 0x00, 0x00, 0x00, 0x00, 0x00, 0x9f, 0xff, 0xf0, 0x02, 0xbf, 0xff, 0xff, 0xff, 0xff, 0xfc,
    0x50, 0x00, 0x00, 0x00, 0x00, 0x00, 0x09, 0xff, 0xff, 0x00, 0x00, 0x38, 0xce, 0xff, 0xeb, 0x83,
    0x00, 0x00, 0x00, 0x00, 0x00, 0x00, 0x00, 0x9f, 0xff, 0xf0, 0x00, 0x00, 0x00, 0x00, 0x00, 0x00,
    0x00, 0x00, 0x00, 0x00, 0x00, 0x00, 0x00, 0x09, 0xff, 0xff, 0x00, 0x00, 0x00, 0x00, 0x00, 0x00,
    0x00, 0x00, 0x00, 0x00, 0x00, 0x00, 0x00, 0x00, 0x9f, 0xff, 0xf0, 0x00, 0x00, 0x00, 0x00, 0x00,
    0x00, 0x00, 0x00, 0x00, 0x00, 0x00, 0x00, 0x00, 0x09, 0xff, 0xff, 0x00, 0x00, 0x00, 0x00, 0x00,
    0x00, 0x00, 0x00, 0x00, 0x00, 0x00, 0x00, 0x00, 0x00, 0x9f, 0xff, 0xf0, 0x00, 0x00, 0x00, 0x00,
    0x00, 0x00, 0x00, 0x00, 0x00, 0x00, 0x00, 0x00, 0x00, 0x09, 0xff, 0xff, 0x00, 0x00, 0x00, 0x00,
    0x00, 0x00, 0x00, 0x00, 0x00, 0x00, 0x00, 0x00, 0x00, 0x00, 0x9f, 0xff, 0xf0, 0x00, 0x00, 0x00,
    0x00, 0x00, 0x00, 0x00, 0x00, 0x00, 0x00, 0x00, 0x00, 0x00, 0x09, 0xff, 0xff, 0x00, 0x00, 0x00,
    0x00, 0x00, 0x00, 0x00, 0x00, 0x00, 0x00, 0x00, 0x00, 0x00, 0x00, 0x9f, 0xff, 0xf0, 0x00, 0x00,
    0x00, 0x00, 0x00, 0x00, 0x00, 0x00, 0x00, 0x00, 0x00, 0x00, 0x00, 0x00, 0x00, 0x00, 0x3c, 0xea,
    0x10, 0x00, 0x04, 0xde, 0x90, 0x00, 0x00, 0x00, 0x00, 0x00, 0x00, 0x00, 0x0d, 0xff, 0xf8, 0x00,
    0x00, 0xef, 0xff, 0x70, 0x00, 0x00, 0x00, 0x00, 0x00, 0x00, 0x01, 0xff, 0xff, 0xb0, 0x00, 0x2f,
    0xff, 0xfa, 0x00, 0x00, 0x00, 0x00, 0x00, 0x00, 0x00, 0x0d, 0xff, 0xf8, 0x00, 0x01, 0xef, 0xff,
    0x70, 0x00, 0x00, 0x00, 0x00, 0x00, 0x00, 0x00, 0x3c, 0xea, 0x10, 0x00, 0x04, 0xde, 0x90, 0x00,
    0x00, 0x00, 0x00, 0x00, 0x00, 0x00, 0x00, 0x00, 0x00, 0x00, 0x00, 0x00, 0x00, 0x00, 0x00, 0x00,
    0x00, 0x00, 0x00, 0x00, 0x00, 0x00, 0x00, 0x00, 0x00, 0x00, 0x00, 0x00, 0x00, 0x00, 0x00, 0x00,
    0x00, 0x00, 0x00, 0x00, 0x00, 0x00, 0x00, 0x00, 0x00, 0x00, 0x00, 0x00, 0x00, 0x00, 0x00, 0x00,
    0x00, 0x00, 0x00, 0x00, 0x00, 0x00, 0x00, 0x00, 0x00, 0x00, 0x00, 0x00, 0x00, 0x0d, 0xff, 0xfd,
    0x00, 0x00, 0x00, 0x00, 0x00, 0x00, 0x00, 0x00, 0x0d, 0xff, 0xfa, 0x00, 0x6f, 0xff, 0xf5, 0x00,
    0x00, 0x00, 0x00, 0x00, 0x00, 0x00, 0x04, 0xff, 0xff, 0x30, 0x01, 0xef, 0xff, 0xc0, 0x00, 0x00,
    0x00, 0x00, 0x00, 0x00, 0x00, 0xbf, 0xff, 0xc0, 0x00, 0x08, 0xff, 0xff, 0x30, 0x00, 0x00, 0x00,
    0x00, 0x00, 0x00, 0x2f, 0xff, 0xf5, 0x00, 0x00, 0x2f, 0xff, 0xfa, 0x00, 0x00, 0x00, 0x00, 0x00,
    0x00, 0x09, 0xff, 0xfd, 0x00, 0x00, 0x00, 0xaf, 0xff, 0xf2, 0x00, 0x00, 0x00, 0x00, 0x00, 0x01,
    0xef, 0xff, 0x70, 0x00, 0x00, 0x03, 0xff, 0xff, 0x80, 0x00, 0x00, 0x00, 0x00, 0x00, 0x7f, 0xff,
    0xe1, 0x00, 0x00, 0x00, 0x0c, 0xff, 0xfe, 0x00, 0x00, 0x00, 0x00, 0x00, 0x0d, 0xff, 0xf8, 0x00,
    0x00, 0x00, 0x00, 0x5f, 0xff, 0xf6, 0x00, 0x00, 0x00, 0x00, 0x05, 0xff, 0xff, 0x20, 0x00, 0x00,
    0x00, 0x00, 0xdf, 0xff, 0xc0, 0x00, 0x00, 0x00, 0x00, 0xbf, 0xff, 0xa0, 0x00, 0x00, 0x00, 0x00,
    0x07, 0xff, 0xff, 0x40, 0x00, 0x00, 0x00, 0x3f, 0xff, 0xf4, 0x00, 0x00, 0x00, 0x00, 0x00, 0x1e,
    0xff, 0xfa, 0x00, 0x00, 0x00, 0x09, 0xff, 0xfc, 0x00, 0x00, 0x00, 0x00, 0x00, 0x00, 0x8f, 0xff,
    0xf2, 0x00, 0x00, 0x01, 0xff, 0xff, 0x50, 0x00, 0x00, 0x00, 0x00, 0x00, 0x02, 0xff, 0xff, 0x80,
    0x00, 0x00, 0x7f, 0xff, 0xd0, 0x00, 0x00, 0x00, 0x00, 0x00, 0x00, 0x0a, 0xff, 0xfe, 0x10, 0x00,
    0x0e, 0xff, 0xf7, 0x00, 0x00, 0x00, 0x00, 0x00, 0x00, 0x00, 0x4f, 0xff, 0xf6, 0x00, 0x05, 0xff,
    0xfe, 0x10, 0x00, 0x00, 0x00, 0x00, 0x00, 0x00, 0x00, 0xcf, 0xff, 0xd0, 0x00, 0xcf, 0xff, 0x90,
    0x00, 0x00, 0x00, 0x00, 0x00, 0x00, 0x00, 0x05, 0xff, 0xff, 0x40, 0x3f, 0xff, 0xf2, 0x00, 0x00,
    0x00, 0x00, 0x00, 0x00, 0x00, 0x00, 0x0d, 0xff, 0xfb, 0x0a, 0xff, 0xfb, 0x00, 0x00, 0x00, 0x00,
    0x00, 0x00, 0x00, 0x00, 0x00, 0x7f, 0xff, 0xf4, 0xff, 0xff, 0x40, 0x00, 0x00, 0x00, 0x00, 0x00,
    0x00, 0x00, 0x00, 0x01, 0xef, 0xff, 0xef, 0xff, 0xc0, 0x00, 0x00, 0x00, 0x00, 0x00, 0x00, 0x00,
    0x00, 0x00, 0x09, 0xff, 0xff, 0xff, 0xf6, 0x00, 0x00, 0x00, 0x00, 0x00, 0x00, 0x00, 0x00, 0x00,
    0x00, 0x2f, 0xff, 0xff, 0xfe, 0x00, 0x00, 0x00, 0x00, 0x00, 0x00, 0x00, 0x00, 0x00, 0x00, 0x00,
    0xaf, 0xff, 0xff, 0x80, 0x00, 0x00, 0x00, 0x00, 0x00, 0x00, 0x00, 0x00, 0x00, 0x00, 0x04, 0xff,
    0xff, 0xf1, 0x00, 0x00, 0x00, 0x00, 0x00, 0x00, 0x00, 0x00, 0x00, 0x00, 0x00, 0x0e, 0xff, 0xf9,
    0x00, 0x00, 0x00, 0x00, 0x00, 0x00, 0x00, 0x00, 0x00, 0x00, 0x00, 0x06, 0xff, 0xff, 0x30, 0x00,
    0x00, 0x00, 0x00, 0x00, 0x00, 0x00, 0x00, 0x00, 0x00, 0x00, 0xdf, 0xff, 0xb0, 0x00, 0x00, 0x00,
    0x00, 0x00, 0x00, 0x00, 0x00, 0x00, 0x00, 0x00, 0x7f, 0xff, 0xf4, 0x00, 0x00, 0x00, 0x00, 0x00,
    0x00, 0x00, 0x56, 0x00, 0x00, 0x00, 0x3e, 0xff, 0xfc, 0x00, 0x00, 0x00, 0x00, 0x00, 0x00, 0x00,
    0x0d, 0xfc, 0x62, 0x23, 0x8e, 0xff, 0xff, 0x40, 0x00, 0x00, 0x00, 0x00, 0x00, 0x00, 0x07, 0xff,
    0xff, 0xff, 0xff, 0xff, 0xff, 0x90, 0x00, 0x00, 0x00, 0x00, 0x00, 0x00, 0x00, 0xdf, 0xff, 0xff,
    0xff, 0xff, 0xff, 0xb0, 0x00, 0x00, 0x00, 0x00, 0x00, 0x00, 0x00, 0x02, 0xbf, 0xff, 0xff, 0xff,
    0xff, 0x80, 0x00, 0x00, 0x00, 0x00, 0x00, 0x00, 0x00, 0x00, 0x00, 0x38, 0xce, 0xfe, 0xc8, 0x20,
    0x00, 0x00, 0x00, 0x00, 0x00, 0x00, 0x00, 0x00, 0x00, 0x00, 0x00, 0x00, 0x00, 0x00, 0x00, 0x37,
    0xac, 0xde, 0xff, 0xff, 0xff, 0xff, 0xff, 0xff, 0xff, 0xff, 0xff, 0xff, 0xff, 0xff, 0xff, 0xff,
    0xff, 0xa0, 0x00, 0x00, 0x00, 0x00, 0x00, 0x00, 0x01, 0x8d, 0xff, 0xff, 0xff, 0xff, 0xff, 0xff,
    0xff, 0xff, 0xff, 0xff, 0xff, 0xff, 0xff, 0xff, 0xff, 0xff, 0xff, 0xff, 0xa0, 0x00, 0x00, 0x00,
    0x00, 0x00, 0x01, 0x8f, 0xff, 0xff, 0xff, 0xff, 0xff, 0xff, 0xff, 0xff, 0xff, 0xff, 0xff, 0xff,
    0xff, 0xff, 0xff, 0xff, 0xff, 0xff, 0xff, 0xa0, 0x00, 0x00, 0x00, 0x00, 0x00, 0x4d, 0xff, 0xff,
    0xff, 0xff, 0xff, 0xff, 0xff, 0xff, 0xff, 0xff, 0xff, 0xff, 0xff, 0xff, 0xff, 0xff, 0xff, 0xff,
    0xff, 0xff, 0xa0, 0x00, 0x00, 0x00, 0x00, 0x06, 0xff, 0xff, 0xff, 0xfd, 0x96, 0x32, 0x11, 0x11,
    0x11, 0x2f, 0xff, 0xfb, 0x11, 0x11, 0x11, 0x11, 0x11, 0x11, 0x11, 0x11, 0x11, 0x10, 0x00, 0x00,
    0x00, 0x00, 0x6f, 0xff, 0xff, 0xfb, 0x40, 0x00, 0x00, 0x00, 0x00, 0x00, 0x1f, 0xff, 0xfa, 0x00,
    0x00, 0x00, 0x00, 0x00, 0x00, 0x00, 0x00, 0x00, 0x00, 0x00, 0x00, 0x00, 0x04, 0xff, 0xff, 0xfe,
    0x50, 0x00, 0x00, 0x00, 0x00, 0x00, 0x00, 0x1f, 0xff, 0xfa, 0x00, 0x00, 0x00, 0x00, 0x00, 0x00,
    0x00, 0x00, 0x00, 0x00, 0x00, 0x00, 0x00, 0x1d, 0xff, 0xff, 0xd2, 0x00, 0x00, 0x00, 0x00, 0x00,
    0x00, 0x00, 0x1f, 0xff, 0xfa, 0x00, 0x00, 0x00, 0x00, 0x00, 0x00, 0x00, 0x00, 0x00, 0x00, 0x00,
    0x00, 0x00, 0x9f, 0xff, 0xfe, 0x20, 0x00, 0x00, 0x00, 0x00, 0x00, 0x00, 0x00, 0x1f, 0xff, 0xfa,
    0x00, 0x00, 0x00, 0x00, 0x00, 0x00, 0x00, 0x00, 0x00, 0x00, 0x00, 0x00, 0x02, 0xff, 0xff, 0xf4,
    0x00, 0x00, 0x00, 0x00, 0x00, 0x00, 0x00, 0x00, 0x1f, 0xff, 0xfa, 0x00, 0x00, 0x00, 0x00, 0x00,
    0x00, 0x00, 0x00, 0x00, 0x00, 0x00, 0x00, 0x08, 0xff, 0xff, 0xa0, 0x00, 0x00, 0x00, 0x00, 0x00,
    0x00, 0x00, 0x00, 0x1f, 0xff, 0xfa, 0x00, 0x00, 0x00, 0x00, 0x00, 0x00, 0x00, 0x00, 0x00, 0x00,
    0x00, 0x00, 0x0d, 0xff, 0xff, 0x30, 0x00, 0x00, 0x00, 0x00, 0x00, 0x00, 0x00, 0x00, 0x1f, 0xff,
    0xfa, 0x00, 0x00, 0x00, 0x00, 0x00, 0x00, 0x00, 0x00, 0x00, 0x00, 0x00, 0x00, 0x2f, 0xff, 0xfc,
    0x00, 0x00, 0x00, 0x00, 0x00, 0x00, 0x00, 0x00, 0x00, 0x1f, 0xff, 0xfa, 0x00, 0x00, 0x00, 0x00,
    0x00, 0x00, 0x00, 0x00, 0x00, 0x00, 0x00, 0x00, 0x5f, 0xff, 0xf8, 0x00, 0x00, 0x00, 0x00, 0x00,
    0x00, 0x00, 0x00, 0x00, 0x1f, 0xff, 0xfa, 0x00, 0x00, 0x00, 0x00, 0x00, 0x00, 0x00, 0x00, 0x00,
    0x00, 0x00, 0x00, 0x8f, 0xff, 0xf5, 0x00, 0x00, 0x00, 0x00, 0x00, 0x00, 0x00, 0x00, 0x00, 0x1f,
    0xff, 0xfb, 0x11, 0x11, 0x11, 0x11, 0x11, 0x11, 0x11, 0x11, 0x10, 0x00, 0x00, 0x00, 0x9f, 0xff,
    0xf3, 0x00, 0x00, 0x00, 0x00, 0x00, 0x00, 0x00, 0x00, 0x00, 0x1f, 0xff, 0xff, 0xff, 0xff, 0xff,
    0xff, 0xff, 0xff, 0xff, 0xff, 0x90, 0x00, 0x00, 0x00, 0xaf, 0xff, 0xf2, 0x00, 0x00, 0x00, 0x00,
    0x00, 0x00, 0x00, 0x00, 0x00, 0x1f, 0xff, 0xff, 0xff, 0xff, 0xff, 0xff, 0xff, 0xff, 0xff, 0xff,
    0x90, 0x00, 0x00, 0x00, 0xaf, 0xff, 0xf2, 0x00, 0x00, 0x00, 0x00, 0x00, 0x00, 0x00, 0x00, 0x00,
    0x1f, 0xff, 0xff, 0xff, 0xff, 0xff, 0xff, 0xff, 0xff, 0xff, 0xff, 0x90, 0x00, 0x00, 0x00, 0x9f,
    0xff, 0xf3, 0x00, 0x00, 0x00, 0x00, 0x00, 0x00, 0x00, 0x00, 0x00, 0x1f, 0xff, 0xff, 0xff, 0xff,
    0xff, 0xff, 0xff, 0xff, 0xff, 0xff, 0x90, 0x00, 0x00, 0x00, 0x8f, 0xff, 0xf5, 0x00, 0x00, 0x00,
    0x00, 0x00, 0x00, 0x00, 0x00, 0x00, 0x1f, 0xff, 0xfa, 0x00, 0x00, 0x00, 0x00, 0x00, 0x00, 0x00,
    0x00, 0x00, 0x00, 0x00, 0x00, 0x6f, 0xff, 0xf8, 0x00, 0x00, 0x00, 0x00, 0x00, 0x00, 0x00, 0x00,
    0x00, 0x1f, 0xff, 0xfa, 0x00, 0x00, 0x00, 0x00, 0x00, 0x00, 0x00, 0x00, 0x00, 0x00, 0x00, 0x00,
    0x3f, 0xff, 0xfc, 0x00, 0x00, 0x00, 0x00, 0x00, 0x00, 0x00, 0x00, 0x00, 0x1f, 0xff, 0xfa, 0x00,
    0x00, 0x00, 0x00, 0x00, 0x00, 0x00, 0x00, 0x00, 0x00, 0x00, 0x00, 0x0d, 0xff, 0xff, 0x20, 0x00,
    0x00, 0x00, 0x00, 0x00, 0x00, 0x00, 0x00, 0x1f, 0xff, 0xfa, 0x00, 0x00, 0x00, 0x00, 0x00, 0x00,
    0x00, 0x00, 0x00, 0x00, 0x00, 0x00, 0x08, 0xff, 0xff, 0xa0, 0x00, 0x00, 0x00, 0x00, 0x00, 0x00,
    0x00, 0x00, 0x1f, 0xff, 0xfa, 0x00, 0x00, 0x00, 0x00, 0x00, 0x00, 0x00, 0x00, 0x00, 0x00, 0x00,
    0x00, 0x02, 0xff, 0xff, 0xf4, 0x00, 0x00, 0x00, 0x00, 0x00, 0x00, 0x00, 0x00, 0x1f, 0xff, 0xfa,
    0x00, 0x00, 0x00, 0x00, 0x00, 0x00, 0x00, 0x00, 0x00, 0x00, 0x00, 0x00, 0x00, 0x9f, 0xff, 0xfe,
    0x20, 0x00, 0x00, 0x00, 0x00, 0x00, 0x00, 0x00, 0x1f, 0xff, 0xfa, 0x00, 0x00, 0x00, 0x00, 0x00,
    0x00, 0x00, 0x00, 0x00, 0x00, 0x00, 0x00, 0x00, 0x1e, 0xff, 0xff, 0xd2, 0x00, 0x00, 0x00, 0x00,
    0x00, 0x00, 0x00, 0x1f, 0xff, 0xfa, 0x00, 0x00, 0x00, 0x00, 0x00, 0x00, 0x00, 0x00, 0x00, 0x00,
    0x00, 0x00, 0x00, 0x05, 0xff, 0xff, 0xfe, 0x50, 0x00, 0x00, 0x00, 0x00, 0x00, 0x00, 0x1f, 0xff,
    0xfa, 0x00, 0x00, 0x00, 0x00, 0x00, 0x00, 0x00, 0x00, 0x00, 0x00, 0x00, 0x00, 0x00, 0x00, 0x6f,
    0xff, 0xff, 0xfb, 0x40, 0x00, 0x00, 0x00, 0x00, 0x00, 0x1f, 0xff, 0xfa, 0x00, 0x00, 0x00, 0x00,
    0x00, 0x00, 0x00, 0x00, 0x00, 0x00, 0x00, 0x00, 0x00, 0x00, 0x07, 0xff, 0xff, 0xff, 0xfd, 0x96,
    0x32, 0x11, 0x11, 0x11, 0x2f, 0xff, 0xfb, 0x11, 0x11, 0x11, 0x11, 0x11, 0x11, 0x11, 0x11, 0x11,
    0x10, 0x00, 0x00, 0x00, 0x00, 0x00, 0x4e, 0xff, 0xff, 0xff, 0xff, 0xff, 0xff, 0xff, 0xff, 0xff,
    0xff, 0xff, 0xff, 0xff, 0xff, 0xff, 0xff, 0xff, 0xff, 0xff, 0xff, 0xf5, 0x00, 0x00, 0x00, 0x00,
    0x00, 0x01, 0x9f, 0xff, 0xff, 0xff, 0xff, 0xff, 0xff, 0xff, 0xff, 0xff, 0xff, 0xff, 0xff, 0xff,
    0xff, 0xff, 0xff, 0xff, 0xff, 0xff, 0xf5, 0x00, 0x00, 0x00, 0x00, 0x00, 0x00, 0x02, 0x8e, 0xff,
    0xff, 0xff, 0xff, 0xff, 0xff, 0xff, 0xff, 0xff, 0xff, 0xff, 0xff, 0xff, 0xff, 0xff, 0xff, 0xff,
    0xff, 0xf5, 0x00, 0x00, 0x00, 0x00, 0x00, 0x00, 0x00, 0x00, 0x37, 0xac, 0xee, 0xff, 0xff, 0xff,
    0xff, 0xff, 0xff, 0xff, 0xff, 0xff, 0xff, 0xff, 0xff, 0xff, 0xff, 0xff, 0xf5, 0x00, 0x00, 0x00,
    0x00, 0x00, 0x00, 0x38, 0xbd, 0xef, 0xec, 0xa5, 0x10, 0x00, 0x00, 0x00, 0x00, 0x01, 0x5a, 0xce,
    0xfe, 0xda, 0x72, 0x00, 0x00, 0x00, 0x00, 0x00, 0x00, 0x00, 0x00, 0x05, 0xdf, 0xff, 0xff, 0xff,
    0xff, 0xfe, 0x81, 0x00, 0x00, 0x00, 0x18, 0xef, 0xff, 0xff, 0xff, 0xff, 0xfa, 0x20, 0x00, 0x00,
    0x00, 0x00, 0x00, 0x00, 0x1b, 0xff, 0xff, 0xff, 0xff, 0xff, 0xff, 0xff, 0xd4, 0x00, 0x00, 0x3d,
    0xff, 0xff, 0xff, 0xff, 0xff, 0xff, 0xfe, 0x60, 0x00, 0x00, 0x00, 0x00, 0x00, 0x2d, 0xff, 0xff,
    0xff, 0xff, 0xff, 0xff, 0xff, 0xff, 0xf5, 0x00, 0x4e, 0xff, 0xff, 0xff, 0xff, 0xff, 0xff, 0xff,
    0xff, 0x80, 0x00, 0x00, 0x00, 0x00, 0x2d, 0xff, 0xff, 0xfd, 0x74, 0x21, 0x35, 0xaf, 0xff, 0xff,
    0xf3, 0x2e, 0xff, 0xff, 0xe9, 0x52, 0x12, 0x48, 0xef, 0xff, 0xff, 0x60, 0x00, 0x00, 0x00, 0x0b,
    0xff, 0xff, 0xf7, 0x00, 0x00, 0x00, 0x00, 0x2c, 0xff, 0xff, 0xdc, 0xff, 0xff, 0xa1, 0x00, 0x00,
    0x00, 0x00, 0x8f, 0xff, 0xff, 0x20, 0x00, 0x00, 0x06, 0xff, 0xff, 0xe4, 0x00, 0x00, 0x00, 0x00,
    0x00, 0x0a, 0xff, 0xff, 0xff, 0xff, 0x90, 0x00, 0x00, 0x00, 0x00, 0x00, 0x6f, 0xff, 0xfb, 0x00,
    0x00, 0x00, 0xdf, 0xff, 0xf6, 0x00, 0x00, 0x00, 0x00, 0x00, 0x00, 0x1d, 0xff, 0xff, 0xff, 0xb0,
    0x00, 0x00, 0x00, 0x00, 0x00, 0x00, 0x8f, 0xff, 0xf2, 0x00, 0x00, 0x4f, 0xff, 0xfb, 0x00, 0x00,
    0x00, 0x00, 0x00, 0x00, 0x00, 0x3f, 0xff, 0xff, 0xf3, 0x00, 0x00, 0x00, 0x00, 0x00, 0x00, 0x01,
    0xef, 0xff, 0x80, 0x00, 0x08, 0xff, 0xff, 0x40, 0x00, 0x00, 0x00, 0x00, 0x00, 0x00, 0x00, 0xcf,
    0xff, 0xfc, 0x00, 0x00, 0x00, 0x00, 0x00, 0x00, 0x00, 0x09, 0xff, 0xfc, 0x00, 0x00, 0xcf, 0xff,
    0xe0, 0x00, 0x00, 0x00, 0x00, 0x00, 0x00, 0x00, 0x07, 0xff, 0xff, 0x80, 0x00, 0x00, 0x00, 0x00,
    0x00, 0x00, 0x00, 0x5f, 0xff, 0xe0, 0x00, 0x0e, 0xff, 0xfc, 0x00, 0x00, 0x00, 0x00, 0x00, 0x00,
    0x00, 0x00, 0x4f, 0xff, 0xff, 0xff, 0xff, 0xff, 0xff, 0xff, 0xff, 0xff, 0xff, 0xff, 0xff, 0x10,
    0x00, 0xef, 0xff, 0xa0, 0x00, 0x00, 0x00, 0x00, 0x00, 0x00, 0x00, 0x03, 0xff, 0xff, 0xff, 0xff,
    0xff, 0xff, 0xff, 0xff, 0xff, 0xff, 0xff, 0xff, 0xf2, 0x00, 0x0e, 0xff, 0xfb, 0x00, 0x00, 0x00,
    0x00, 0x00, 0x00, 0x00, 0x00, 0x3f, 0xff, 0xff, 0xff, 0xff, 0xff, 0xff, 0xff, 0xff, 0xff, 0xff,
    0xff, 0xff, 0x20, 0x00, 0xdf, 0xff, 0xc0, 0x00, 0x00, 0x00, 0x00, 0x00, 0x00, 0x00, 0x05, 0xff,
    0xff, 0x80, 0x00, 0x00, 0x00, 0x00, 0x00, 0x00, 0x00, 0x00, 0x00, 0x00, 0x00, 0x0b, 0xff, 0xfe,
    0x00, 0x00, 0x00, 0x00, 0x00, 0x00, 0x00, 0x00, 0x7f, 0xff, 0xfb, 0x00, 0x00, 0x00, 0x00, 0x00,
    0x00, 0x00, 0x00, 0x00, 0x00, 0x00, 0x00, 0x8f, 0xff, 0xf4, 0x00, 0x00, 0x00, 0x00, 0x00, 0x00,
    0x00, 0x0c, 0xff, 0xff, 0xf1, 0x00, 0x00, 0x00, 0x00, 0x00, 0x00, 0x00, 0x00, 0x00, 0x00, 0x00,
    0x04, 0xff, 0xff, 0xb0, 0x00, 0x00, 0x00, 0x00, 0x00, 0x00, 0x03, 0xff, 0xff, 0xff, 0x80, 0x00,
    0x00, 0x00, 0x00, 0x00, 0x00, 0x00, 0x00, 0x00, 0x00, 0x00, 0x0d, 0xff, 0xff, 0x60, 0x00, 0x00,
    0x00, 0x00, 0x00, 0x01, 0xdf, 0xff, 0xff, 0xff, 0x30, 0x00, 0x00, 0x00, 0x00, 0x00, 0x00, 0x10,
    0x00, 0x00, 0x00, 0x00, 0x5f, 0xff, 0xff, 0x40, 0x00, 0x00, 0x00, 0x00, 0x01, 0xaf, 0xff, 0xff,
    0xff, 0xfe, 0x30, 0x00, 0x00, 0x00, 0x00, 0x00, 0x1b, 0x90, 0x00, 0x00, 0x00, 0x00, 0xbf, 0xff,
    0xff, 0x70, 0x00, 0x00, 0x00, 0x02, 0xcf, 0xff, 0xfd, 0xaf, 0xff, 0xff, 0x60, 0x00, 0x00, 0x00,
    0x00, 0x4d, 0xff, 0x60, 0x00, 0x00, 0x00, 0x01, 0xdf, 0xff, 0xff, 0xd8, 0x42, 0x13, 0x5a, 0xff,
    0xff, 0xfe, 0x31, 0xdf, 0xff, 0xff, 0xd8, 0x42, 0x12, 0x47, 0xcf, 0xff, 0xff, 0x30, 0x00, 0x00,
    0x00, 0x02, 0xdf, 0xff, 0xff, 0xff, 0xff, 0xff, 0xff, 0xff, 0xfe, 0x40, 0x02, 0xdf, 0xff, 0xff,
    0xff, 0xff, 0xff, 0xff, 0xff, 0xff, 0xb1, 0x00, 0x00, 0x00, 0x00, 0x01, 0xbf, 0xff, 0xff, 0xff,
    0xff, 0xff, 0xff, 0xfd, 0x30, 0x00, 0x01, 0xbf, 0xff, 0xff, 0xff, 0xff, 0xff, 0xff, 0xff, 0xa0,
    0x00, 0x00, 0x00, 0x00, 0x00, 0x00, 0x5c, 0xff, 0xff, 0xff, 0xff, 0xff, 0xe8, 0x10, 0x00, 0x00,
    0x00, 0x5c, 0xff, 0xff, 0xff, 0xff, 0xff, 0xfc, 0x30, 0x00, 0x00, 0x00, 0x00, 0x00, 0x00, 0x00,
    0x03, 0x8b, 0xde, 0xfe, 0xc9, 0x51, 0x00, 0x00, 0x00, 0x00, 0x00, 0x03, 0x8b, 0xde, 0xfe, 0xdb,
    0x73, 0x00, 0x00, 0x00, 0x00, 0x00, 0x00, 0x00, 0x00, 0x00, 0x00, 0x00, 0x00, 0x00, 0x37, 0xac,
    0xef, 0xfe, 0xdb, 0x85, 0x10, 0x00, 0x00, 0x00, 0x00, 0x00, 0x00, 0x00, 0x00, 0x00, 0x00, 0x01,
    0x8d, 0xff, 0xff, 0xff, 0xff, 0xff, 0xff, 0xea, 0x30, 0x00, 0x00, 0x00, 0x00, 0x00, 0x00, 0x00,
    0x00, 0x01, 0x8f, 0xff, 0xff, 0xff, 0xff, 0xff, 0xff, 0xff, 0xff, 0xfa, 0x20, 0x00, 0x00, 0x00,
    0x00, 0x00, 0x00, 0x00, 0x4d, 0xff, 0xff, 0xff, 0xff, 0xff, 0xff, 0xff, 0xff, 0xff, 0xff, 0xe4,
    0x00, 0x00, 0x00, 0x00, 0x00, 0x00, 0x06, 0xff, 0xff, 0xff, 0xfd, 0x85, 0x32, 0x13, 0x47, 0xbf,
    0xff, 0xff, 0xff, 0x50, 0x00, 0x00, 0x00, 0x00, 0x00, 0x6f, 0xff, 0xff, 0xfb, 0x40, 0x00, 0x00,
    0x00, 0x00, 0x01, 0x8f, 0xff, 0xff, 0x70, 0x00, 0x00, 0x00, 0x00, 0x04, 0xff, 0xff, 0xfe, 0x50,
    0x00, 0x00, 0x00, 0x00, 0x00, 0x00, 0x02, 0xcf, 0xf6, 0x00, 0x00, 0x00, 0x00, 0x00, 0x1e, 0xff,
    0xff, 0xd2, 0x00, 0x00, 0x00, 0x00, 0x00, 0x00, 0x00, 0x00, 0x09, 0x50, 0x00, 0x00, 0x00, 0x00,
    0x00, 0x9f, 0xff, 0xfe, 0x20, 0x00, 0x00, 0x00, 0x00, 0x00, 0x00, 0x00, 0x00, 0x00, 0x00, 0x00,
    0x00, 0x00, 0x00, 0x02, 0xff, 0xff, 0xf5, 0x00, 0x00, 0x00, 0x00, 0x00, 0x00, 0x00, 0x00, 0x00,
    0x00, 0x00, 0x00, 0x00, 0x00, 0x00, 0x08, 0xff, 0xff, 0xa0, 0x00, 0x00, 0x00, 0x00, 0x00, 0x00,
    0x00, 0x00, 0x00, 0x00, 0x00, 0x00, 0x00, 0x00, 0x00, 0x0d, 0xff, 0xff, 0x30, 0x00, 0x00, 0x00,
    0x00, 0x00, 0x00, 0x00, 0x00, 0x00, 0x00, 0x00, 0x00, 0x08, 0xff, 0xff, 0xff, 0xff, 0xff, 0xff,
    0xff, 0xff, 0xff, 0xff, 0xff, 0xff, 0xf3, 0x00, 0x00, 0x00, 0x00, 0x00, 0x08, 0xff, 0xff, 0xff,
    0xff, 0xff, 0xff, 0xff, 0xff, 0xff, 0xff, 0xff, 0xff, 0xf3, 0x00, 0x00, 0x00, 0x00, 0x00, 0x07,
    0xdd, 0xdd, 0xef, 0xff, 0xfd, 0xdd, 0xdd, 0xdd, 0xdd, 0xdd, 0xdd, 0xdd, 0xd3, 0x00, 0x00, 0x00,
    0x00, 0x00, 0x00, 0x00, 0x00, 0x9f, 0xff, 0xf4, 0x00, 0x00, 0x00, 0x00, 0x00, 0x00, 0x00, 0x00,
    0x00, 0x00, 0x00, 0x00, 0x00, 0x00, 0x00, 0x00, 0xaf, 0xff, 0xf3, 0x00, 0x00, 0x00, 0x00, 0x00,
    0x00, 0x00, 0x00, 0x00, 0x00, 0x00, 0x00, 0x00, 0x00, 0x00, 0x00, 0x9f, 0xff, 0xf4, 0x00, 0x00,
    0x00, 0x00, 0x00, 0x00, 0x00, 0x00, 0x00, 0x00, 0x00, 0x00, 0x00, 0x07, 0xdd, 0xdd, 0xef, 0xff,
    0xfd, 0xdd, 0xdd, 0xdd, 0xdd, 0xdd, 0xdd, 0xdd, 0xd3, 0x00, 0x00, 0x00, 0x00, 0x00, 0x08, 0xff,
    0xff, 0xff, 0xff, 0xff, 0xff, 0xff, 0xff, 0xff, 0xff, 0xff, 0xff, 0xf3, 0x00, 0x00, 0x00, 0x00,
    0x00, 0x08, 0xff, 0xff, 0xff, 0xff, 0xff, 0xff, 0xff, 0xff, 0xff, 0xff, 0xff, 0xff, 0xf3, 0x00,
    0x00, 0x00, 0x00, 0x00, 0x00, 0x00, 0x00, 0x0d, 0xff, 0xff, 0x20, 0x00, 0x00, 0x00, 0x00, 0x00,
    0x00, 0x00, 0x00, 0x00, 0x00, 0x00, 0x00, 0x00, 0x00, 0x00, 0x09, 0xff, 0xff, 0x90, 0x00, 0x00,
    0x00, 0x00, 0x00, 0x00, 0x00, 0x00, 0x00, 0x00, 0x00, 0x00, 0x00, 0x00, 0x00, 0x03, 0xff, 0xff,
    0xf2, 0x00, 0x00, 0x00, 0x00, 0x00, 0x00, 0x00, 0x00, 0x00, 0x00, 0x00, 0x00, 0x00, 0x00, 0x00,
    0x00, 0xcf, 0xff, 0xfb, 0x00, 0x00, 0x00, 0x00, 0x00, 0x00, 0x00, 0x00, 0x00, 0x00, 0x00, 0x00,
    0x00, 0x00, 0x00, 0x00, 0x3f, 0xff, 0xff, 0x80, 0x00, 0x00, 0x00, 0x00, 0x00, 0x00, 0x00, 0x00,
    0x02, 0x00, 0x00, 0x00, 0x00, 0x00, 0x00, 0x09, 0xff, 0xff, 0xf7, 0x00, 0x00, 0x00, 0x00, 0x00,
    0x00, 0x00, 0x00, 0x2d, 0xa0, 0x00, 0x00, 0x00, 0x00, 0x00, 0x01, 0xcf, 0xff, 0xff, 0xa1, 0x00,
    0x00, 0x00, 0x00, 0x00, 0x00, 0x04, 0xef, 0xf9, 0x00, 0x00, 0x00, 0x00, 0x00, 0x00, 0x2d, 0xff,
    0xff, 0xfe, 0x61, 0x00, 0x00, 0x00, 0x00, 0x02, 0xaf, 0xff, 0xff, 0x80, 0x00, 0x00, 0x00, 0x00,
    0x00, 0x02, 0xdf, 0xff, 0xff, 0xfe, 0x96, 0x32, 0x12, 0x47, 0xbf, 0xff, 0xff, 0xff, 0x40, 0x00,
    0x00, 0x00, 0x00, 0x00, 0x00, 0x1a, 0xff, 0xff, 0xff, 0xff, 0xff, 0xff, 0xff, 0xff, 0xff, 0xff,
    0xe4, 0x00, 0x00, 0x00, 0x00, 0x00, 0x00, 0x00, 0x00, 0x5d, 0xff, 0xff, 0xff, 0xff, 0xff, 0xff,
    0xff, 0xff, 0xf9, 0x10, 0x00, 0x00, 0x00, 0x00, 0x00, 0x00, 0x00, 0x00, 0x00, 0x6c, 0xff, 0xff,
    0xff, 0xff, 0xff, 0xff, 0xe9, 0x30, 0x00, 0x00, 0x00, 0x00, 0x00, 0x00, 0x00, 0x00, 0x00, 0x00,
    0x00, 0x37, 0xac, 0xef, 0xfe, 0xdb, 0x85, 0x10, 0x00, 0x00, 0x00,
};
static const lv_font_fmt_txt_glyph_dsc_t font_latin1_48_glyphs[] = {
    {.bitmap_index = 0, .adv_w = 0, .box_w = 0, .box_h = 0, .ofs_x = 0, .ofs_y = 0},
    {.bitmap_index = 0, .adv_w = 206, .box_w = 13, .box_h = 33, .ofs_x = 0, .ofs_y = -7}, /* U+00A1 */
    {.bitmap_index = 215, .adv_w = 438, .box_w = 27, .box_h = 37, .ofs_x = 0, .ofs_y = -5}, /* U+00A2 */
    {.bitmap_index = 715, .adv_w = 496, .box_w = 31, .box_h = 34, .ofs_x = 0, .ofs_y = 0}, /* U+00A3 */
    {.bitmap_index = 1242, .adv_w = 538, .box_w = 34, .box_h = 32, .ofs_x = 0, .ofs_y = 0}, /* U+00A4 */
    {.bitmap_index = 1786, .adv_w = 543, .box_w = 36, .box_h = 34, .ofs_x = -1, .ofs_y = 0}, /* U+00A5 */
    {.bitmap_index = 2398, .adv_w = 230, .box_w = 14, .box_h = 45, .ofs_x = 0, .ofs_y = -9}, /* U+00A6 */
    {.bitmap_index = 2713, .adv_w = 384, .box_w = 24, .box_h = 40, .ofs_x = 0, .ofs_y = -6}, /* U+00A7 */
    {.bitmap_index = 3193, .adv_w = 461, .box_w = 29, .box_h = 35, .ofs_x = 0, .ofs_y = 0}, /* U+00A8 */
    {.bitmap_index = 3701, .adv_w = 616, .box_w = 39, .box_h = 35, .ofs_x = 0, .ofs_y = 0}, /* U+00A9 */
    {.bitmap_index = 4384, .adv_w = 310, .box_w = 19, .box_h = 35, .ofs_x = 0, .ofs_y = 0}, /* U+00AA */
    {.bitmap_index = 4717, .adv_w = 387, .box_w = 24, .box_h = 23, .ofs_x = 0, .ofs_y = 0}, /* U+00AB */
    {.bitmap_index = 4993, .adv_w = 447, .box_w = 28, .box_h = 20, .ofs_x = 0, .ofs_y = 0}, /* U+00AC */
    {.bitmap_index = 5273, .adv_w = 616, .box_w = 39, .box_h = 35, .ofs_x = 0, .ofs_y = 0}, /* U+00AE */
    {.bitmap_index = 5956, .adv_w = 461, .box_w = 29, .box_h = 34, .ofs_x = 0, .ofs_y = 0}, /* U+00AF */
    {.bitmap_index = 6449, .adv_w = 447, .box_w = 28, .box_h = 30, .ofs_x = 0, .ofs_y = 0}, /* U+00B1 */
    {.bitmap_index = 6869, .adv_w = 330, .box_w = 21, .box_h = 36, .ofs_x = 0, .ofs_y = 0}, /* U+00B2 */
    {.bitmap_index = 7247, .adv_w = 330, .box_w = 21, .box_h = 36, .ofs_x = 0, .ofs_y = 0}, /* U+00B3 */
    {.bitmap_index = 7625, .adv_w = 461, .box_w = 29, .box_h = 36, .ofs_x = 0, .ofs_y = 0}, /* U+00B4 */
    {.bitmap_index = 8147, .adv_w = 524, .box_w = 33, .box_h = 36, .ofs_x = 0, .ofs_y = -10}, /* U+00B5 */
    {.bitmap_index = 8741, .adv_w = 498, .box_w = 31, .box_h = 42, .ofs_x = 0, .ofs_y = -6}, /* U+00B6 */
    {.bitmap_index = 9392, .adv_w = 205, .box_w = 13, .box_h = 17, .ofs_x = 0, .ofs_y = 0}, /* U+00B7 */
    {.bitmap_index = 9503, .adv_w = 461, .box_w = 29, .box_h = 11, .ofs_x = 0, .ofs_y = -11}, /* U+00B8 */
    {.bitmap_index = 9663, .adv_w = 330, .box_w = 21, .box_h = 36, .ofs_x = 0, .ofs_y = 0}, /* U+00B9 */
    {.bitmap_index = 10041, .adv_w = 321, .box_w = 20, .box_h = 35, .ofs_x = 0, .ofs_y = 0}, /* U+00BA */
    {.bitmap_index = 10391, .adv_w = 387, .box_w = 24, .box_h = 23, .ofs_x = 0, .ofs_y = 0}, /* U+00BB */
    {.bitmap_index = 10667, .adv_w = 794, .box_w = 50, .box_h = 34, .ofs_x = 0, .ofs_y = 0}, /* U+00BC */
    {.bitmap_index = 11517, .adv_w = 794, .box_w = 50, .box_h = 34, .ofs_x = 0, .ofs_y = 0}, /* U+00BD */
    {.bitmap_index = 12367, .adv_w = 794, .box_w = 50, .box_h = 34, .ofs_x = 0, .ofs_y = 0}, /* U+00BE */
    {.bitmap_index = 13217, .adv_w = 440, .box_w = 28, .box_h = 34, .ofs_x = 0, .ofs_y = -8}, /* U+00BF */
    {.bitmap_index = 13693, .adv_w = 562, .box_w = 37, .box_h = 43, .ofs_x = -1, .ofs_y = 0}, /* U+00C0 */
    {.bitmap_index = 14489, .adv_w = 562, .box_w = 37, .box_h = 43, .ofs_x = -1, .ofs_y = 0}, /* U+00C1 */
    {.bitmap_index = 15285, .adv_w = 562, .box_w = 37, .box_h = 43, .ofs_x = -1, .ofs_y = 0}, /* U+00C2 */
    {.bitmap_index = 16081, .adv_w = 562, .box_w = 37, .box_h = 44, .ofs_x = -1, .ofs_y = 0}, /* U+00C3 */
    {.bitmap_index = 16895, .adv_w = 562, .box_w = 37, .box_h = 42, .ofs_x = -1, .ofs_y = 0}, /* U+00C4 */
    {.bitmap_index = 17672, .adv_w = 562, .box_w = 37, .box_h = 47, .ofs_x = -1, .ofs_y = 0}, /* U+00C5 */
    {.bitmap_index = 18542, .adv_w = 804, .box_w = 51, .box_h = 34, .ofs_x = -1, .ofs_y = 0}, /* U+00C6 */
    {.bitmap_index = 19409, .adv_w = 548, .box_w = 34, .box_h = 45, .ofs_x = 0, .ofs_y = -11}, /* U+00C7 */
    {.bitmap_index = 20174, .adv_w = 514, .box_w = 32, .box_h = 43, .ofs_x = 0, .ofs_y = 0}, /* U+00C8 */
    {.bitmap_index = 20862, .adv_w = 514, .box_w = 32, .box_h = 43, .ofs_x = 0, .ofs_y = 0}, /* U+00C9 */
    {.bitmap_index = 21550, .adv_w = 514, .box_w = 32, .box_h = 43, .ofs_x = 0, .ofs_y = 0}, /* U+00CA */
    {.bitmap_index = 22238, .adv_w = 514, .box_w = 32, .box_h = 42, .ofs_x = 0, .ofs_y = 0}, /* U+00CB */
    {.bitmap_index = 22910, .adv_w = 238, .box_w = 17, .box_h = 43, .ofs_x = -2, .ofs_y = 0}, /* U+00CC */
    {.bitmap_index = 23276, .adv_w = 238, .box_w = 17, .box_h = 43, .ofs_x = 0, .ofs_y = 0}, /* U+00CD */
    {.bitmap_index = 23642, .adv_w = 238, .box_w = 19, .box_h = 43, .ofs_x = -2, .ofs_y = 0}, /* U+00CE */
    {.bitmap_index = 24051, .adv_w = 238, .box_w = 15, .box_h = 42, .ofs_x = 0, .ofs_y = 0}, /* U+00CF */
    {.bitmap_index = 24366, .adv_w = 640, .box_w = 40, .box_h = 34, .ofs_x = 0, .ofs_y = 0}, /* U+00D0 */
    {.bitmap_index = 25046, .adv_w = 624, .box_w = 39, .box_h = 44, .ofs_x = 0, .ofs_y = 0}, /* U+00D1 */
    {.bitmap_index = 25904, .adv_w = 645, .box_w = 40, .box_h = 43, .ofs_x = 0, .ofs_y = 0}, /* U+00D2 */
    {.bitmap_index = 26764, .adv_w = 645, .box_w = 40, .box_h = 43, .ofs_x = 0, .ofs_y = 0}, /* U+00D3 */
    {.bitmap_index = 27624, .adv_w = 645, .box_w = 40, .box_h = 43, .ofs_x = 0, .ofs_y = 0}, /* U+00D4 */
    {.bitmap_index = 28484, .adv_w = 645, .box_w = 40, .box_h = 44, .ofs_x = 0, .ofs_y = 0}, /* U+00D5 */
    {.bitmap_index = 29364, .adv_w = 645, .box_w = 40, .box_h = 42, .ofs_x = 0, .ofs_y = 0}, /* U+00D6 */
    {.bitmap_index = 30204, .adv_w = 447, .box_w = 28, .box_h = 26, .ofs_x = 0, .ofs_y = 0}, /* U+00D7 */
    {.bitmap_index = 30568, .adv_w = 645, .box_w = 40, .box_h = 41, .ofs_x = 0, .ofs_y = -3}, /* U+00D8 */
    {.bitmap_index = 31388, .adv_w = 608, .box_w = 38, .box_h = 43, .ofs_x = 0, .ofs_y = 0}, /* U+00D9 */
    {.bitmap_index = 32205, .adv_w = 608, .box_w = 38, .box_h = 43, .ofs_x = 0, .ofs_y = 0}, /* U+00DA */
    {.bitmap_index = 33022, .adv_w = 608, .box_w = 38, .box_h = 43, .ofs_x = 0, .ofs_y = 0}, /* U+00DB */
    {.bitmap_index = 33839, .adv_w = 608, .box_w = 38, .box_h = 42, .ofs_x = 0, .ofs_y = 0}, /* U+00DC */
    {.bitmap_index = 34637, .adv_w = 497, .box_w = 33, .box_h = 43, .ofs_x = -1, .ofs_y = 0}, /* U+00DD */
    {.bitmap_index = 35347, .adv_w = 554, .box_w = 35, .box_h = 34, .ofs_x = 0, .ofs_y = 0}, /* U+00DE */
    {.bitmap_index = 35942, .adv_w = 519, .box_w = 32, .box_h = 36, .ofs_x = 0, .ofs_y = 0}, /* U+00DF */
    {.bitmap_index = 36518, .adv_w = 459, .box_w = 29, .box_h = 36, .ofs_x = 0, .ofs_y = 0}, /* U+00E0 */
    {.bitmap_index = 37040, .adv_w = 459, .box_w = 29, .box_h = 36, .ofs_x = 0, .ofs_y = 0}, /* U+00E1 */
    {.bitmap_index = 37562, .adv_w = 459, .box_w = 29, .box_h = 36, .ofs_x = 0, .ofs_y = 0}, /* U+00E2 */
    {.bitmap_index = 38084, .adv_w = 459, .box_w = 29, .box_h = 36, .ofs_x = 0, .ofs_y = 0}, /* U+00E3 */
    {.bitmap_index = 38606, .adv_w = 459, .box_w = 29, .box_h = 35, .ofs_x = 0, .ofs_y = 0}, /* U+00E4 */
    {.bitmap_index = 39114, .adv_w = 459, .box_w = 29, .box_h = 40, .ofs_x = 0, .ofs_y = 0}, /* U+00E5 */
    {.bitmap_index = 39694, .adv_w = 760, .box_w = 47, .box_h = 26, .ofs_x = 0, .ofs_y = 0}, /* U+00E6 */
    {.bitmap_index = 40305, .adv_w = 438, .box_w = 27, .box_h = 37, .ofs_x = 0, .ofs_y = -11}, /* U+00E7 */
    {.bitmap_index = 40805, .adv_w = 470, .box_w = 29, .box_h = 36, .ofs_x = 0, .ofs_y = 0}, /* U+00E8 */
    {.bitmap_index = 41327, .adv_w = 470, .box_w = 29, .box_h = 36, .ofs_x = 0, .ofs_y = 0}, /* U+00E9 */
    {.bitmap_index = 41849, .adv_w = 470, .box_w = 29, .box_h = 36, .ofs_x = 0, .ofs_y = 0}, /* U+00EA */
    {.bitmap_index = 42371, .adv_w = 470, .box_w = 29, .box_h = 35, .ofs_x = 0, .ofs_y = 0}, /* U+00EB */
    {.bitmap_index = 42879, .adv_w = 214, .box_w = 16, .box_h = 36, .ofs_x = -3, .ofs_y = 0}, /* U+00EC */
    {.bitmap_index = 43167, .adv_w = 214, .box_w = 16, .box_h = 36, .ofs_x = 0, .ofs_y = 0}, /* U+00ED */
    {.bitmap_index = 43455, .adv_w = 214, .box_w = 16, .box_h = 36, .ofs_x = -1, .ofs_y = 0}, /* U+00EE */
    {.bitmap_index = 43743, .adv_w = 214, .box_w = 13, .box_h = 35, .ofs_x = 0, .ofs_y = 0}, /* U+00EF */
    {.bitmap_index = 43971, .adv_w = 459, .box_w = 29, .box_h = 37, .ofs_x = 0, .ofs_y = 0}, /* U+00F0 */
    {.bitmap_index = 44508, .adv_w = 523, .box_w = 33, .box_h = 36, .ofs_x = 0, .ofs_y = 0}, /* U+00F1 */
    {.bitmap_index = 45102, .adv_w = 488, .box_w = 30, .box_h = 36, .ofs_x = 0, .ofs_y = 0}, /* U+00F2 */
    {.bitmap_index = 45642, .adv_w = 488, .box_w = 30, .box_h = 36, .ofs_x = 0, .ofs_y = 0}, /* U+00F3 */
    {.bitmap_index = 46182, .adv_w = 488, .box_w = 30, .box_h = 36, .ofs_x = 0, .ofs_y = 0}, /* U+00F4 */
    {.bitmap_index = 46722, .adv_w = 488, .box_w = 30, .box_h = 36, .ofs_x = 0, .ofs_y = 0}, /* U+00F5 */
    {.bitmap_index = 47262, .adv_w = 488, .box_w = 30, .box_h = 35, .ofs_x = 0, .ofs_y = 0}, /* U+00F6 */
    {.bitmap_index = 47787, .adv_w = 447, .box_w = 28, .box_h = 30, .ofs_x = 0, .ofs_y = 0}, /* U+00F7 */
    {.bitmap_index = 48207, .adv_w = 488, .box_w = 30, .box_h = 33, .ofs_x = 0, .ofs_y = -4}, /* U+00F8 */
    {.bitmap_index = 48702, .adv_w = 520, .box_w = 33, .box_h = 36, .ofs_x = 0, .ofs_y = 0}, /* U+00F9 */
    {.bitmap_index = 49296, .adv_w = 520, .box_w = 33, .box_h = 36, .ofs_x = 0, .ofs_y = 0}, /* U+00FA */
    {.bitmap_index = 49890, .adv_w = 520, .box_w = 33, .box_h = 36, .ofs_x = 0, .ofs_y = 0}, /* U+00FB */
    {.bitmap_index = 50484, .adv_w = 520, .box_w = 33, .box_h = 35, .ofs_x = 0, .ofs_y = 0}, /* U+00FC */
    {.bitmap_index = 51062, .adv_w = 429, .box_w = 29, .box_h = 45, .ofs_x = -2, .ofs_y = -9}, /* U+00FD */
    {.bitmap_index = 51715, .adv_w = 524, .box_w = 33, .box_h = 45, .ofs_x = 0, .ofs_y = -9}, /* U+00FE */
    {.bitmap_index = 52458, .adv_w = 429, .box_w = 29, .box_h = 44, .ofs_x = -2, .ofs_y = -9}, /* U+00FF */
    {.bitmap_index = 53096, .adv_w = 865, .box_w = 54, .box_h = 34, .ofs_x = 0, .ofs_y = 0}, /* U+0152 */
    {.bitmap_index = 54014, .adv_w = 820, .box_w = 51, .box_h = 26, .ofs_x = 0, .ofs_y = 0}, /* U+0153 */
    {.bitmap_index = 54677, .adv_w = 612, .box_w = 38, .box_h = 34, .ofs_x = 0, .ofs_y = 0}, /* U+20AC */
};
static const uint16_t font_latin1_48_list[] = {0, 1, 2, 3, 4, 5, 6, 7, 8, 9, 10, 11, 13, 14, 16, 17, 18, 19, 20, 21, 22, 23, 24, 25, 26, 27, 28, 29, 30, 31, 32, 33, 34, 35, 36, 37, 38, 39, 40, 41, 42, 43, 44, 45, 46, 47, 48, 49, 50, 51, 52, 53, 54, 55, 56, 57, 58, 59, 60, 61, 62, 63, 64, 65, 66, 67, 68, 69, 70, 71, 72, 73, 74, 75, 76, 77, 78, 79, 80, 81, 82, 83, 84, 85, 86, 87, 88, 89, 90, 91, 92, 93, 94, 177, 178, 8203};
static const lv_font_fmt_txt_cmap_t font_latin1_48_cmaps[] = {
    {.range_start = 161, .range_length = 8204, .glyph_id_start = 1,
     .unicode_list = font_latin1_48_list, .glyph_id_ofs_list = NULL, .list_length = 96, .type = LV_FONT_FMT_TXT_CMAP_SPARSE_TINY}
};
static lv_font_fmt_txt_glyph_cache_t font_latin1_48_cache;
static const lv_font_fmt_txt_dsc_t font_latin1_48_dsc = {
    .glyph_bitmap = font_latin1_48_bitmap, .glyph_dsc = font_latin1_48_glyphs, .cmaps = font_latin1_48_cmaps, .kern_dsc = NULL,
    .kern_scale = 0, .cmap_num = 1, .bpp = 4, .kern_classes = 0, .bitmap_format = 0, .cache = &font_latin1_48_cache
};
const lv_font_t font_latin1_48 = {
    .get_glyph_dsc = lv_font_get_glyph_dsc_fmt_txt,
    .get_glyph_bitmap = lv_font_get_bitmap_fmt_txt,
    .line_height = 56,
    .base_line = 9,
    .subpx = LV_FONT_SUBPX_NONE,
    .underline_position = -3,
    .underline_thickness = 3,
    .dsc = &font_latin1_48_dsc,
    .fallback = &lv_font_montserrat_48,
};
#endif
